time,open,high,low,close,WMA 14,动态止损价,最大固定止损线,Volume,Histogram,MACD,Signal line,RSI,RSI-based MA,Regular Bullish,Regular Bullish Label,Regular Bearish,Regular Bearish Label
2025-09-11T22:00:00+08:00,23978.75,24048.75,23946.75,24032.5,23926.583333333332,23414.135714285716,19710.649999999998,517900,1.1586743746260737,77.0060688554695,75.84739448084342,69.92537538958464,63.09264009375738,,,,
2025-09-12T02:00:00+08:00,24032.75,24044.25,24003.75,24006.5,23939.961904761905,23414.135714285716,19710.649999999998,176526,2.0978663622426836,78.46972743364677,76.37186107140408,66.06029156527383,63.573350926988844,,,,
2025-09-12T06:00:00+08:00,24028,24029.5,24001,24004.75,23951.283333333333,23414.135714285716,19710.649999999998,40857,1.7686114926749497,78.58262543724777,76.81401394457282,65.7932623413615,63.91178752841573,,,,
2025-09-12T10:00:00+08:00,24004.5,24039.5,23992,24035,23965.064285714285,23414.135714285716,19710.649999999998,28217,2.699713010074902,80.18865520716645,77.48894219709155,68.21598113561353,64.18547577809137,,,,
2025-09-12T14:00:00+08:00,24035,24036.25,23968.75,24010.75,23974.22142857143,23414.135714285716,19710.649999999998,56940,0.8877557434429093,78.59863687639518,77.71088113295227,64.23717559759729,64.11186618261267,,,,
2025-09-12T18:00:00+08:00,24010.75,24063.5,24002,24046,23987.04761904762,23414.135714285716,19710.649999999998,210329,1.246615789129578,79.26915086936424,78.02253508023466,67.26489906828304,64.17627093811599,,,,
2025-09-12T22:00:00+08:00,24044.75,24129,24018,24124,24009.061904761904,23414.135714285716,19710.649999999998,453016,5.672653872532194,85.1133524208999,79.4406985483677,72.8196382520262,64.73573574169812,,,,
2025-09-13T02:00:00+08:00,24124,24159,24087.5,24114.5,24027.759523809524,23414.135714285716,19710.649999999998,239576,6.81892541594695,87.96435531830139,81.14542990235444,71.21405341844698,65.06195507449421,,,,
2025-09-15T06:00:00+08:00,24112.25,24129.75,24091.5,24114.75,24044.740476190476,23414.135714285716,19710.649999999998,29606,6.456093895181382,89.21554727133116,82.75945337614978,71.23226280883674,65.72977408732105,,,,
2025-09-15T10:00:00+08:00,24114,24144.75,24108.25,24140,24063.02380952381,23414.135714285716,19710.649999999998,16495,6.747132889357147,91.19336948784621,84.44623659848907,73.10669205248851,66.90708095015773,,,,
2025-09-15T14:00:00+08:00,24140,24159.25,24075.5,24095.5,24072.69761904762,23414.135714285716,19710.649999999998,39872,2.9660883777906264,88.15384707072735,85.18775869293673,64.96807628427645,67.18281228179683,,,,
2025-09-15T18:00:00+08:00,24095.75,24262.25,24091.25,24260.75,24102.614285714284,23414.135714285716,19710.649999999998,117601,10.209944085727358,97.95018880009593,87.74024471436857,75.85647660389981,68.44867947947405,,,,
2025-09-15T22:00:00+08:00,24260.5,24294.25,24221,24287.25,24132.490476190476,23414.135714285716,19710.649999999998,207673,15.106287394795828,106.62310395786335,91.51681656306752,77.10156139875957,69.57213977465155,,,,
2025-09-16T02:00:00+08:00,24286.75,24315.75,24245.25,24295.75,24160.004761904762,23414.135714285716,19710.649999999998,94166,17.091432770661797,112.88110752639477,95.78967475573297,77.50744241017938,70.37879916618768,,,,
2025-09-16T06:00:00+08:00,24536,24562.75,24525,24556.25,24219.238095238095,23414.135714285716,19710.649999999998,25235,33.19092752989849,137.27833416810608,104.0874066382076,85.87693567510318,71.518196329439,,,,
2025-09-16T10:00:00+08:00,24556.5,24602,24553.75,24594.5,24278.583333333332,23414.135714285716,19710.649999999998,21965,43.03393630265923,157.87982701653164,114.84589071387241,86.67137018595508,72.99041623091622,,,,
2025-09-16T14:00:00+08:00,24594.75,24646.75,24582,24626.5,24336.595238095237,23414.135714285716,19710.649999999998,42522,47.9425706381426,174.77410401155066,126.83153337340806,87.32221813344171,74.52819878749338,,,,
2025-09-16T18:00:00+08:00,24626.5,24632.25,24523.5,24538,24376.885714285716,23414.135714285716,19710.649999999998,173798,41.70181664175908,178.95880417560693,137.25698753384785,76.10941334884194,75.09201537415255,,,,
2025-09-16T22:00:00+08:00,24538,24561,24499,24534.25,24411.885714285716,23414.135714285716,19710.649999999998,351272,34.11349280836643,179.8988535443059,145.78536073593946,75.66032245612523,75.90795443547599,,,,
2025-09-17T02:00:00+08:00,24534.25,24561.25,24516.75,24531,24441.466666666667,23414.135714285716,19710.649999999998,144956,26.032488063705273,178.32597081557105,152.29348275186578,75.2405744610752,76.47764553496113,,,,
2025-09-17T06:00:00+08:00,24531,24551.5,24525.25,24530.75,24466.39523809524,23414.135714285716,19710.649999999998,29504,18.1984197759476,175.0415074718003,156.8430876958527,75.20556256623426,76.6480687002617,,,,
2025-09-17T10:00:00+08:00,24530.75,24533.5,24499.75,24518.25,24485.783333333333,23414.135714285716,19710.649999999998,21162,10.106557018652609,169.47628396916843,159.36972695051583,73.34396224199415,76.80020504480079,,,,
2025-09-17T14:00:00+08:00,24518.25,24553,24456,24511.75,24500.459523809524,23414.135714285716,19710.649999999998,61382,2.6371735941805525,162.66619394324152,160.02902034906097,72.32832920562632,76.87849550171434,,,,
2025-09-17T18:00:00+08:00,24511.75,24540.75,24462,24477.75,24506.821428571428,23414.135714285716,19710.649999999998,199381,-5.811490829279251,152.7646568124619,158.57614764174116,67.0316182213479,76.44456165663287,,,,
2025-09-17T22:00:00+08:00,24477.5,24480.75,24374.75,24454.75,24506.9,23414.135714285716,19710.649999999998,362088,-13.71581679610398,141.43137664661117,155.14719344271515,63.59479724635992,76.34647029678169,,,,
2025-09-18T02:00:00+08:00,24459.25,24550.75,24241.75,24501.25,24509.757142857143,23414.135714285716,19710.649999999998,644588,-16.39801537920843,134.6496742187046,151.04768959791303,67.29331273970894,75.73481573505376,,,,
2025-09-18T06:00:00+08:00,24504,24597.25,24492.5,24593.25,24522.590476190475,23414.135714285716,19710.649999999998,58903,-12.725402308038127,135.14093671286537,147.8663390209035,73.17528020144424,75.45436707810266,,,,
2025-09-18T10:00:00+08:00,24593,24653.75,24587,24614.75,24535.376190476192,23414.135714285716,19710.649999999998,47797,-9.732382384224536,135.70086104062284,145.43324342484738,74.35123780331881,75.22892389189835,,,,
2025-09-18T14:00:00+08:00,24614.75,24733.5,24586,24717,24558.757142857143,23414.135714285716,19710.649999999998,90149,-2.146758908013851,142.74979478983005,144.8965536978439,79.10388375708722,74.7451344691829,,,,
2025-09-18T18:00:00+08:00,24717.5,24766,24598.75,24697.25,24577.97380952381,23414.135714285716,19710.649999999998,323109,0.13890649608734407,145.07018681795307,144.93128032186573,76.13136230653598,73.9922767635101,,,,
2025-09-18T22:00:00+08:00,24697,24815.75,24694,24734.75,24601.211904761905,23414.135714285716,19710.649999999998,529087,2.636087158038322,148.22638926941363,145.5903021113753,77.85503542739112,73.31604942736364,,,,
2025-09-19T02:00:00+08:00,24734.75,24766.25,24684.75,24713.75,24620.619047619046,23414.135714285716,19710.649999999998,205193,1.3955936399915174,147.3347941613647,145.93920052137318,74.56544754130289,73.20576615539656,,,,
2025-09-19T06:00:00+08:00,24715,24749.25,24694.75,24716.25,24638.685714285715,23414.135714285716,19710.649999999998,55840,-0.6260386637550823,145.1566521916793,145.7826908554344,74.70425459734504,73.13747559405513,,,,
2025-09-19T10:00:00+08:00,24716.5,24736.75,24682,24707,24653.785714285714,23414.135714285716,19710.649999999998,45630,-3.7797270003619303,141.05803210498198,144.8377591053439,73.09412729852238,72.98415793958706,,,,
2025-09-19T14:00:00+08:00,24705.75,24730,24655,24707,24667.209523809524,23414.135714285716,19710.649999999998,66141,-6.878716420257717,136.23936358002175,143.11808000027946,73.09412729852238,72.83334113475051,,,,
2025-09-19T18:00:00+08:00,24707.25,24816,24700.5,24790.5,24690.088095238094,23414.135714285716,19710.649999999998,249367,-4.436514557708193,137.57243680314423,142.00895136085242,78.152761641205,73.1768268061227,,,,
2025-09-19T22:00:00+08:00,24790.75,24834.5,24708,24816.5,24713.840476190475,23414.135714285716,19710.649999999998,499933,-2.3086295626429205,139.12316440754876,141.43179397019168,79.46427204706325,73.68653700908249,,,,
2025-09-20T02:00:00+08:00,24816.5,24888,24804.5,24861.25,24740.657142857144,23414.135714285716,19710.649999999998,204033,0.7125434919512941,142.32247333513078,141.6099298431795,81.54449282901209,74.72317090962994,,,,
2025-09-22T06:00:00+08:00,24851.5,24876,24826.75,24844.5,24761.588095238094,23414.135714285716,19710.649999999998,59418,0.20882695708172605,141.87096353953166,141.66213658244993,78.30555771313202,75.77393951439936,,,,
2025-09-22T10:00:00+08:00,24844.5,24864.75,24840,24840.75,24778.307142857142,23414.135714285716,19710.649999999998,26877,-1.64866276014331,139.6013081322708,141.2499708924141,77.55322063292083,76.50679007820021,,,,
2025-09-22T14:00:00+08:00,24841,24847,24748.5,24784.75,24784.32619047619,23414.135714285716,19710.649999999998,81635,-7.58801389934294,131.76495351823542,139.35296741757836,67.0574938106171,76.06980533599828,,,,
2025-09-22T18:00:00+08:00,24784.25,24880.5,24766.25,24872.25,24800.188095238096,23414.135714285716,19710.649999999998,211068,-6.599316721599791,131.1038215155786,137.7031382371784,73.23240389677018,75.98988862838767,,,,
2025-09-22T22:00:00+08:00,24872.5,25001,24854.75,24989,24829.164285714287,23414.135714285716,19710.649999999998,477402,0.561625627181229,138.40517027115493,137.8435446439737,78.97021484576233,75.98034084900732,,,,
2025-09-23T02:00:00+08:00,24988.5,25027.25,24980.25,24996.5,24856.55,23414.135714285716,19710.649999999998,194374,4.242463411599431,143.14662390847298,138.90416049687354,79.281450361602,76.2053471386549,,,,
2025-09-23T06:00:00+08:00,24999.75,25008.75,24974.5,24995,24880.885714285716,23414.135714285716,19710.649999999998,42835,4.965055070313838,145.11047933476584,140.145424264452,79.0262716951479,76.2890068720661,,,,
2025-09-23T10:00:00+08:00,24995,25015,24977.5,24997,24903.009523809524,23414.135714285716,19710.649999999998,28822,4.007641377939024,145.1549759868758,141.14733460893677,79.12400604694344,76.61461819389756,,,,
2025-09-23T14:00:00+08:00,24997,25026.25,24980,25013,24924.569047619047,23414.135714285716,19710.649999999998,52330,2.931735154506299,144.81200355206965,141.88026839756336,79.93980888756926,76.988586357485,,,,
2025-09-23T18:00:00+08:00,25013.75,25016.5,24932.5,24940.25,24933.60238095238,23414.135714285716,19710.649999999998,210000,-3.8325387909926008,137.08959490882262,140.92213369981522,66.96033110960889,76.5504580582769,,,,
2025-09-23T22:00:00+08:00,24940.5,24975,24779.25,24835,24926.380952380954,23414.135714285716,19710.649999999998,642849,-15.872915947957466,121.08098876486838,136.95390471282585,53.301558149522656,75.13670311906264,,,,
2025-09-24T02:00:00+08:00,24835.25,24856.25,24784,24834.25,24917.840476190475,23414.135714285716,19710.649999999998,281762,-23.883952461263362,107.09896413624665,130.98291659751,53.21717152767471,73.35558953952476,,,,
2025-09-24T06:00:00+08:00,24839.75,24863,24810.75,24822.75,24907.35,23414.135714285716,19710.649999999998,43334,-29.581128075943184,94.00650650258103,123.58763457852422,51.84420775822709,71.3827278046079,,,,
2025-09-24T10:00:00+08:00,24823.25,24861.25,24817.5,24861,24901.9,23414.135714285716,19710.649999999998,23510,-30.287014996981185,85.72886583229774,116.01588082927893,55.96627328678906,69.55571212302053,,,,
2025-09-24T14:00:00+08:00,24861.25,24910.75,24846.25,24905.5,24902.385714285716,23414.135714285716,19710.649999999998,63855,-27.359564470874403,81.81642524068593,109.17598971156033,60.281255446244636,68.26826196110001,,,,
2025-09-24T18:00:00+08:00,24906,24913.25,24785,24820.5,24890.957142857143,23414.135714285716,19710.649999999998,234685,-30.510299698992114,71.03811508782019,101.5484147868123,50.059459765190695,66.30442189911928,,,,
2025-09-24T22:00:00+08:00,24821.25,24841,24628,24709.75,24864.954761904763,23414.135714285716,19710.649999999998,687673,-38.879322955524856,52.94926109240623,91.82858404793109,40.33725763127867,64.39583360059511,,,,
2025-09-25T02:00:00+08:00,24709.5,24754.75,24682,24747.75,24844.733333333334,23414.135714285716,19710.649999999998,209607,-40.498858690589216,41.20501068469457,81.70386937528379,44.38053658430862,62.33498593541929,,,,
2025-09-25T06:00:00+08:00,24747,24792.5,24739.25,24783.5,24830.464285714286,23414.135714285716,19710.649999999998,37958,-37.854332319676146,34.38595397568861,72.24028629536475,47.9974346737494,60.12264449456122,,,,
2025-09-25T10:00:00+08:00,24784,24791,24737.75,24753,24814.085714285713,23414.135714285716,19710.649999999998,28957,-36.817447418999485,26.2184770216154,63.035924440614885,45.25826025564229,57.69241662984981,,,,
2025-09-25T14:00:00+08:00,24752.75,24762.25,24688.5,24706.25,24793.792857142857,23414.135714285716,19710.649999999998,78071,-37.79567889350395,15.791325823734951,53.5870047172389,41.31562729252771,54.998799172519796,,,,
2025-09-25T18:00:00+08:00,24706.25,24714.5,24422,24452.75,24742.45,23414.135714285716,19710.649999999998,429257,-53.09382375916141,-12.780274981712864,40.313548777448545,27.26535888142267,51.29461008926832,,,,
2025-09-25T22:00:00+08:00,24452.5,24697,24444.5,24517.25,24704.890476190478,23414.135714285716,19710.649999999998,835799,-56.15043022458531,-29.874489003283088,26.27594122130222,33.5388387281336,47.98025507788005,,,,
2025-09-26T02:00:00+08:00,24517.5,24648.75,24453.5,24635.25,24687.785714285714,23414.135714285716,19710.649999999998,386957,-47.83182201424243,-33.51383629650081,14.317985717741612,43.299225958386074,46.29017613850699,,,,
2025-09-26T06:00:00+08:00,24640,24665.75,24593.25,24597.75,24668.585714285713,23414.135714285716,19710.649999999998,62861,-42.6341531337818,-38.97470569948564,3.65944743429616,41.20149439739877,45.42588587049814,,,,
2025-09-26T10:00:00+08:00,24597.75,24623.25,24575.25,24615.75,24654.045238095237,23414.135714285716,19710.649999999998,47111,-36.02604675323213,-41.373111007244006,-5.347064254011874,42.65623572310615,44.67153331302897,,,,
2025-09-26T14:00:00+08:00,24615.75,24671.5,24568.25,24616.25,24641.652380952382,23414.135714285716,19710.649999999998,95546,-29.91501179712398,-42.74082900041685,-12.82581720329287,42.699195920116196,44.01831818173533,,,,
2025-09-26T18:00:00+08:00,24616.5,24747.25,24584,24706.5,24643.259523809524,,,351410,-18.6400644396854,-36.12589775289962,-17.48583331321422,50.065454121917206,43.596831098530195,,,,
2025-09-26T22:00:00+08:00,24706.25,24733.25,24520,24692,24644.404761904763,,,804303,-11.361944009689633,-31.68826332532626,-20.326319315636628,48.96224735391628,42.78833052050675,,,,
2025-09-27T02:00:00+08:00,24692,24746.5,24671.5,24727.5,24652.316666666666,,,201131,-3.7537090063048666,-25.018455573517713,-21.264746567212846,51.799013874708244,42.91258438547228,,,,
2025-09-29T06:00:00+08:00,24727.25,24807,24723.75,24793.25,24669.880952380954,,,69803,5.601638958012558,-14.26269786969715,-19.864336827709707,56.66556362356012,44.07889195634954,,,,
2025-09-29T10:00:00+08:00,24792.75,24837.75,24786,24825.75,24690.983333333334,,,35684,13.426916089553448,-3.080691715767898,-16.507607805321346,58.90300407709838,45.11621106297737,,,,
2025-09-29T14:00:00+08:00,24826,24899,24812.5,24871.5,24717.442857142858,,,76026,20.697941895446768,9.364819563987112,-11.333122331459654,61.92216897944919,46.110834941955936,,,,
2025-09-29T18:00:00+08:00,24872,24955,24845.75,24941.25,24752.364285714284,,,254513,28.72486365579224,24.57295723828065,-4.151906417511592,66.06813860187778,47.59725482382987,,,,
2025-09-29T22:00:00+08:00,24941.75,24975,24800,24845.25,24772.692857142858,,,613226,26.16153430122052,28.55001145901406,2.388477157793538,56.784847681735066,48.702199137344685,,,,
2025-09-30T02:00:00+08:00,24845,24869.25,24780.5,24811.5,24787.19761904762,,,226340,21.007836819589016,28.64827318227981,7.640436362690792,53.88123594269216,50.603333213149654,,,,
2025-09-30T06:00:00+08:00,24812,24842,24805.5,24819.75,24799.385714285716,,,46341,17.133172888532066,29.056902473355876,11.92372958482381,54.50163425562742,52.10067575082779,,,,
2025-09-30T10:00:00+08:00,24820,24856.75,24815.25,24836,24810.859523809522,,,35711,14.734790037669535,30.34221713191073,15.607427094241194,55.77984134558979,52.992148278485196,,,,
2025-09-30T14:00:00+08:00,24836.5,24856,24754.25,24795,24814.954761904763,,,101492,9.70029393913837,27.732794518164155,18.032500579025786,51.77620441057136,53.747484707997515,,,,
2025-09-30T18:00:00+08:00,24794.5,24845,24722.5,24788.25,24816.27142857143,,,283263,5.441095785263819,24.833870310605562,19.392774525341743,51.11725299309547,54.35184308442533,,,,
2025-09-30T22:00:00+08:00,24788,24864,24731.25,24769,24813.378571428573,,,690195,1.0809914126647016,20.74401379117262,19.663022378507918,49.17035993895954,54.81406908577129,,,,
2025-10-01T02:00:00+08:00,24768.5,24913.75,24762,24838.5,24818.29761904762,,,307253,2.5475587187151874,22.8474707769019,20.299912058186713,55.80065762799981,55.223726479062904,,,,
2025-10-01T06:00:00+08:00,24844.5,24877,24783.5,24804,24817.359523809522,,,76444,0.9464476313103489,21.48297159732465,20.5365239660143,52.1190671437849,55.449213606910654,,,,
2025-10-01T10:00:00+08:00,24804,24805.5,24758,24761,24809.621428571427,,,45056,-3.0380992414438666,16.73889991420947,19.776999155653336,47.828444325172136,55.165601496229506,,,,
2025-10-01T14:00:00+08:00,24762,24769.75,24633.75,24746,24799.564285714285,,,141703,-6.513841928798485,11.63469674465523,18.148538673453714,46.37558206643494,54.430602813577714,,,,
2025-10-01T18:00:00+08:00,24746,24841.5,24721,24782.75,24794.85714285714,,,328560,-6.171061368921642,10.434711962301662,16.605773331223304,50.402327105162705,53.82341160129659,,,,
2025-10-01T22:00:00+08:00,24777.75,24990,24755,24983.25,24817.292857142857,,,516994,7.011334009145049,25.369940842654614,18.358606833509565,65.72207600512368,54.094833531701916,,,,
2025-10-02T02:00:00+08:00,24983,25037,24977.5,25009,24842.097619047618,,,234409,16.38219126139324,38.83634591025111,22.454154648857873,67.14393745896483,54.17167630720814,,,,
2025-10-02T06:00:00+08:00,25009.5,25076.75,25001,25073.25,24874.82380952381,,,56620,25.292456165689686,54.06972485596998,28.777268690280295,70.4773051831992,55.149708985884146,,,,
2025-10-02T10:00:00+08:00,25073.25,25076.5,25043.25,25069,24904.811904761904,,,36201,29.017783304401817,65.04949782078256,36.031714516380745,69.96508880836376,56.2985556191464,,,,
2025-10-02T14:00:00+08:00,25068.75,25116.25,25053.75,25095.75,24935.914285714287,,,76717,31.210214276659883,75.0444823622056,43.834268085545716,71.39268281758117,57.50505908785738,,,,
2025-10-02T18:00:00+08:00,25095,25180,25014.25,25063.5,24960.088095238094,,,300801,28.490548217779768,79.44745335777043,50.95690513999066,67.19226821139418,58.32023243541484,,,,
2025-10-02T22:00:00+08:00,25063.5,25107.5,24993.75,25085.75,24985.061904761904,,,633703,26.247771247384406,83.76661919922117,57.51884795183676,68.58345589703497,59.52075039873366,,,,
2025-10-03T02:00:00+08:00,25085.75,25126.75,25076.25,25105.5,25009.9,,,175259,24.202101053978346,87.77147426930969,63.569373215331346,69.8225867611466,60.85684566788018,,,,
2025-10-03T06:00:00+08:00,25105,25161.75,25073,25160.75,25039.083333333332,,,49859,24.597576563292364,94.31634391944681,69.71876735615444,73.06474094753597,62.56358716849278,,,,
2025-10-03T10:00:00+08:00,25161,25192.25,25146,25171,25065.902380952382,,,31603,23.57452570216728,99.18692448386355,75.61239878169627,73.63794733581628,63.83767929047967,,,,
2025-10-03T14:00:00+08:00,25171,25194,25155.75,25192.5,25092.42142857143,,,46786,22.380217615361545,103.5876708008982,81.20745318553665,74.86206353395801,65.4621790326349,,,,
2025-10-03T18:00:00+08:00,25192.5,25197,25100,25106.75,25103.807142857142,,,254766,14.245722933270216,99.01460685212442,84.7688839188542,62.27941235119079,66.49439103449336,,,,
2025-10-03T22:00:00+08:00,25106.75,25156,24923,24973.75,25094.166666666668,,,713155,-0.8601760996987053,83.69366379423082,84.55383989392952,48.48943482272891,66.6453805170858,,,,
2025-10-04T02:00:00+08:00,24973.25,25044.75,24926,24981.5,25083.390476190478,,,291956,-10.559443434966482,71.35453560022142,81.91397903518791,49.20439818121263,66.55981416537507,,,,
2025-10-06T06:00:00+08:00,24994,25087.25,24994,25076.5,25083.388095238097,,,68716,-10.769328869349991,68.45231794850042,79.22164681785041,57.15651457600068,65.94798834900915,,,,
2025-10-06T10:00:00+08:00,25076,25109.25,25068,25088,25084.030952380952,,,36911,-10.324680476715784,66.31579622195568,76.64047669867146,58.02430980838859,65.29658637396798,,,,
2025-10-06T14:00:00+08:00,25088.75,25139.75,25045,25134.25,25090.088095238094,,,75182,-7.251896312286306,67.57560630831358,74.82750262059989,61.45008128851506,64.65178466720484,,,,
2025-10-06T18:00:00+08:00,25134.5,25241.5,25117,25155.5,25098.39761904762,,,304949,-4.271841041817012,69.48770131832862,73.75954236014563,62.965064749127905,64.151782948688,,,,
2025-10-06T22:00:00+08:00,25155.75,25232,25110.25,25227.5,25115.483333333334,,,440783,1.7423569613743553,75.93748856186357,74.19513160048922,67.66242621287716,63.88533604835199,,,,
2025-10-07T02:00:00+08:00,25227.75,25253,25174.25,25184,25125.514285714286,,,199161,1.9681112961083755,76.65527072062469,74.68715942451631,62.44245972656712,63.546064013721484,,,,
2025-10-07T06:00:00+08:00,25184,25196.75,25122.75,25147.5,25129.530952380952,,,62731,-1.0038152120567645,73.43239040944536,74.43620562150213,58.323780374577154,62.81323004783163,,,,
2025-10-07T10:00:00+08:00,25147.5,25186.75,25139.25,25171.75,25136.192857142858,,,32623,-1.9449818498999605,72.00497830912718,73.94996015902714,60.22526456570622,62.127707033871616,,,,
2025-10-07T14:00:00+08:00,25171.5,25192.25,25128,25189.25,25144.557142857142,,,72893,-1.990306256727692,71.46207733811752,73.45238359484522,61.604381022715486,61.309109896384435,,,,
2025-10-07T18:00:00+08:00,25189.5,25274.75,25170,25241.75,25159.65,,,246939,0.7663964159761747,74.41037911481544,73.64398269883927,65.5173312781919,60.7290658922684,,,,
2025-10-07T22:00:00+08:00,25242,25257.25,24985.25,25015.75,25143.935714285715,,,871819,-12.640121677174719,57.84383060237087,70.48395227954559,44.31078996743797,58.546832066088406,,,,
2025-10-08T02:00:00+08:00,25016,25071.5,24991,25055,25135.138095238097,,,205276,-18.518196859304652,47.33620620541478,65.85440306471943,47.528569821742636,57.493200456842104,,,,
2025-10-08T06:00:00+08:00,25055,25084.75,25027.25,25073,25129.233333333334,,,61331,-20.683370100516527,40.000190439073776,60.6835605395903,49.00275945559956,57.52986650204715,,,,
2025-10-08T10:00:00+08:00,25073.5,25094.5,25057.5,25058.25,25120.416666666668,,,33612,-22.45075328268895,32.62011893622912,55.07087221891807,47.80219261248314,57.429708961423614,,,,
2025-10-08T14:00:00+08:00,25058.75,25111.25,25026.25,25088,25114.835714285713,,,75929,-20.985104367526006,28.839491759510565,49.82459612703657,50.47211770924241,56.952252042369444,,,,
2025-10-08T18:00:00+08:00,25088.5,25183.5,25042.75,25174,25120.611904761903,,,254754,-13.932312418546474,32.40920560385348,46.34151802239995,57.3515160442828,56.90419534493332,,,,
2025-10-08T22:00:00+08:00,25174,25284.25,25172.75,25273.25,25138.80238095238,,,490191,-2.869987861264825,42.75403319581892,45.624021057083745,63.69947648349969,57.064866430289364,,,,
2025-10-09T02:00:00+08:00,25273.5,25364.75,25264.75,25354.5,25166.50238095238,,,231311,8.98335205858119,56.85321113031023,47.86985907172904,67.9586283721087,57.42154954621657,,,,
2025-10-09T06:00:00+08:00,25354.5,25393,25320.75,25331.75,25189.27380952381,,,65616,14.053601504332242,65.43686095214434,51.3832594478121,65.60732240814096,57.27475641730683,,,,
2025-10-09T10:00:00+08:00,25331.25,25364.25,25307.25,25355.5,25214.219047619048,,,49013,17.542040764027902,73.31081040284698,55.76876963881908,66.91114081680345,57.59394792375229,,,,
2025-10-09T14:00:00+08:00,25355.5,25368,25294.25,25320.75,25232.89761904762,,,79814,16.082847100863923,75.87232851489898,59.78948141403506,63.0933306510887,57.93463008636025,,,,
2025-10-09T18:00:00+08:00,25321,25341.5,25250,25279,25244.359523809522,,,275571,11.11568660776787,73.6840896737449,62.56840306597702,58.703289743514276,57.82591759906084,,,,
2025-10-09T22:00:00+08:00,25279.5,25289,25160.75,25215.75,25246.366666666665,,,695845,2.8127725568416153,66.08436876202904,63.27159620518743,52.64894187065811,57.186243373913875,,,,
2025-10-10T02:00:00+08:00,25215.25,25300,25183,25287.5,25257.688095238096,,,233371,1.463299012379565,65.10071997066188,63.63742095828232,58.00836069225163,56.649888332060996,,,,
2025-10-10T06:00:00+08:00,25284.75,25352.75,25284.5,25351.75,25277.140476190478,,,53782,4.060881266865522,68.71352254186422,64.6526412749987,62.18902825757464,57.926905352785056,,,,
2025-10-10T10:00:00+08:00,25351.25,25356.25,25296.25,25333.25,25290.92619047619,,,46466,3.706064824122862,69.28522230515227,65.57915748102941,60.30316554565357,58.83937647592155,,,,
2025-10-10T14:00:00+08:00,25333.5,25354.25,25251.25,25256.5,25291.82857142857,,,96200,-2.206483649117075,62.821052919633075,65.02753656875015,53.025732831158344,59.1267317170329,,,,
2025-10-10T18:00:00+08:00,25256,25388,25253.75,25357.5,25304.45,,,250859,0.05605343923245698,65.09760336779073,65.04154992855827,59.962220549380895,59.99530514109701,,,,
2025-10-10T22:00:00+08:00,25357.25,25371.25,24603.5,24679.25,25223.788095238095,,,1426513,-42.40607244001809,12.033959378535656,54.44003181855375,28.803422634176698,58.44754120716375,,,,
2025-10-11T02:00:00+08:00,24679.75,24718.75,24157.75,24188.25,25081.55238095238,,20560.0125,540945,-98.628306235908,-68.84535097633125,29.78295525957675,20.422495747976242,55.80975404314186,,,,
2025-10-13T06:00:00+08:00,24482,24855.75,24482,24853,25037.338095238094,,20560.0125,227987,-86.54578788031141,-78.39927959081251,8.146508289498893,44.34156824890861,54.42704631209964,,,,
2025-10-13T10:00:00+08:00,24852.5,24855.25,24763.25,24836.75,24994.959523809524,,20560.0125,102596,-75.54713343956507,-86.28740850995746,-10.740275070392379,43.98896899893939,52.71492778544469,,,,
2025-10-13T14:00:00+08:00,24837,24945,24785.25,24846.25,24958.77857142857,,20560.0125,159133,-63.9888995008826,-90.72639944649563,-26.73749994561303,44.271590879269176,51.19094696195385,,,,
2025-10-13T18:00:00+08:00,24846,24893.25,24724.5,24888.25,24932.821428571428,,20560.0125,464778,-50.46591597623068,-89.81989491590139,-39.353978939670704,45.59556877642843,49.66840610192706,,,,
2025-10-13T22:00:00+08:00,24887.25,24958.5,24743.5,24926.75,24916.44761904762,,20560.0125,781054,-36.52870240930078,-85.01485695129668,-48.4861545419959,46.85809727370134,48.508746574970814,,,,
2025-10-14T02:00:00+08:00,24926.25,24965,24882.5,24905,24900.92619047619,,20560.0125,237047,-26.82422718539557,-82.01643852374036,-55.19221133834479,46.19738646014245,47.61546776901569,,,,
2025-10-14T06:00:00+08:00,24905,25044.5,24897.5,25005.75,24902.4,,20560.0125,109772,-12.402673322852579,-70.69555299191052,-58.29287966905794,49.77598167132711,47.41025632620632,,,,
2025-10-14T10:00:00+08:00,25005.25,25021.25,24651.25,24706.25,24865.940476190477,,20560.0125,202095,-21.295299380283986,-84.91200389441292,-63.616704514128934,40.944307021674184,46.19139534973651,,,,
2025-10-14T14:00:00+08:00,24706,24749.5,24586,24639.25,24826.083333333332,,20560.0125,240862,-29.44849245604803,-100.42732008418898,-70.97882762814095,39.24499157591659,44.55253558676093,,,,
2025-10-14T18:00:00+08:00,24638.75,24665.5,24423.25,24575.75,24784.545238095237,,20560.0125,552141,-36.42033851606439,-116.50425077322143,-80.08391225715704,37.63024272947695,42.93304109989117,,,,
2025-10-14T22:00:00+08:00,24575.25,24947.25,24554.5,24900,24793.454761904763,,20560.0125,862452,-17.45795499836015,-101.90635600510723,-84.44840100674708,49.259899254822976,42.66405298729579,,,,
2025-10-15T02:00:00+08:00,24900.25,24928.25,24686,24755.75,24786.52619047619,,20560.0125,376636,-13.093323576461358,-100.81505547732377,-87.72173190086241,45.17211766739881,41.60761706715421,,,,
2025-10-15T06:00:00+08:00,24752.5,24818.5,24740.5,24801,24791.361904761903,,20560.0125,100930,-5.9837919277232885,-95.20147181051652,-89.21767988279323,46.68611739759689,42.8849524073985,,,,
2025-10-15T10:00:00+08:00,24801.5,24919.25,24788.5,24885.25,24806.27142857143,,20560.0125,92072,4.9760237697628895,-82.99765017058962,-87.97367394035251,49.51754017197101,44.96316986625527,,,,
2025-10-15T14:00:00+08:00,24885.5,24991,24868.25,24971.75,24826.07619047619,24826.07619047619,20560.0125,123302,17.9068396463816,-65.5901243823755,-83.4969640287571,52.351836996643215,45.53533191966489,,,,
2025-10-15T18:00:00+08:00,24972,25025.25,24897,25014.25,24850.416666666668,24850.416666666668,20560.0125,376778,28.5463949975331,-47.81397028184074,-76.36036527937384,53.74382633905842,46.2321074439591,,,,
2025-10-15T22:00:00+08:00,25013.75,25117.75,24663.5,24903.5,24858.3,24850.416666666668,20560.0125,1089462,27.346969579278294,-42.17665330527598,-69.52362288455427,49.62272123579647,46.61433104085391,,,,
2025-10-16T02:00:00+08:00,24903.75,24964.5,24846.25,24942,24870.77142857143,,,341157,28.2524332857058,-34.208081277422025,-62.46051456312782,51.046283067852144,47.0036677759556,,,,
2025-10-16T06:00:00+08:00,24939,24992.25,24874.5,24937.25,24882.097619047618,,,107808,27.605227842853658,-27.953979759560752,-55.55920760241441,50.85287322687839,47.289008915468244,,,,
2025-10-16T10:00:00+08:00,24937.75,24977.75,24895.5,24953,24895.42380952381,,,80072,27.264111246249655,-21.47906854460234,-48.743179790852,51.51734471413936,47.66900593361088,,,,
2025-10-16T14:00:00+08:00,24953.25,25057.5,24953.25,25041.25,24920.059523809523,,,136718,31.697367306497405,-9.121470657730242,-40.81883796422765,55.218202961208064,48.057736025745236,,,,
2025-10-16T18:00:00+08:00,25042,25125.5,25020.75,25061.75,24947.090476190475,,,373257,34.4948176093463,2.29968404745523,-32.19513356189107,56.06801828056126,49.13800111566575,,,,
2025-10-16T22:00:00+08:00,25062,25179.75,24731.5,24865,24944.50238095238,,,1328107,22.17732145553788,-4.473481742468721,-26.6508031980066,46.774473659073,49.67582126446263,,,,
2025-10-17T02:00:00+08:00,24865.25,24871.75,24643.25,24793.75,24930.264285714286,,,549768,8.990343397455625,-15.412873951187066,-24.40321734864269,43.89980706400558,50.12364728835753,,,,
2025-10-17T06:00:00+08:00,24793.75,24858.5,24720.5,24757.75,24909.15,,,154091,-1.8212440548947413,-26.67977241726112,-24.85852836236638,42.46140875165396,49.63804082384546,,,,
2025-10-17T10:00:00+08:00,24758.5,24772.5,24616,24661,24876.490476190476,,,131194,-14.449993508305255,-42.92102024774795,-28.471026739442692,38.73995443057634,49.17860059264386,,,,
2025-10-17T14:00:00+08:00,24660.75,24691,24410.25,24495.5,24822.666666666668,,,317514,-31.91021491466479,-68.35879538277368,-36.44858046810889,33.294583532110394,48.22206245939482,,,,
2025-10-17T18:00:00+08:00,24496.75,24890,24482.5,24822.5,24815.35238095238,,,600198,-19.980486417431585,-61.42418848989837,-41.443702072466785,48.80529504446579,48.171187807430165,,,,
2025-10-17T22:00:00+08:00,24822.75,24980,24674.5,24935.5,24823.70238095238,,,1092170,-3.8665232661372713,-46.276856155138375,-42.410332889001104,52.93123300861215,48.21257323685652,,,,
2025-10-18T02:00:00+08:00,24935.5,25054.25,24935,25033,24845.39761904762,,,280451,13.04495532824049,-26.10413872870049,-39.14909405694098,56.25009715473493,48.39159258083341,,,,
2025-10-20T06:00:00+08:00,25067,25100,24956,25047,24868.780952380952,,,135941,24.21126647839767,-8.885010958943894,-33.09627743734156,56.72803916936732,48.89911529037419,,,,
2025-10-20T10:00:00+08:00,25046.25,25127.75,25026,25112.5,24899.530952380952,,,77307,34.42268880783342,9.93208357245021,-24.490605235383207,59.013335483392765,49.4681904629128,,,,
2025-10-20T14:00:00+08:00,25112.25,25152.75,25061.5,25087,24925.257142857143,,,110178,37.61444201343083,22.52744728140533,-15.086994732025499,57.71872209991306,49.95860823955814,,,,
2025-10-20T18:00:00+08:00,25087.25,25239.5,25037.25,25222,24967.557142857142,,,285347,46.39608974940587,42.90811745473184,-3.48797229467403,62.473304734850664,50.741176812466094,,,,
2025-10-20T22:00:00+08:00,25222.25,25355,25210.25,25336.75,25022.595238095237,,,512029,56.82297283164999,67.54074374488846,10.717770913238468,66.01683100530309,51.5125073870443,,,,
2025-10-21T02:00:00+08:00,25336,25353,25289.25,25326.25,25073.41904761905,,,206489,59.61178967230292,85.23250800361711,25.620718331314198,65.40037689435205,52.179104430886504,,,,
2025-10-21T06:00:00+08:00,25326.25,25358.25,25308,25344.5,25124.157142857144,,,58931,59.16591068744188,99.57810669061655,40.41219600317467,66.00232278890473,53.55252222587448,,,,
2025-10-21T10:00:00+08:00,25344.25,25368,25275.75,25296.75,25163.961904761905,,,59113,52.369143848329735,105.87362581358684,53.504481965257106,62.879863757974114,54.908240561157946,,,,
2025-10-21T14:00:00+08:00,25296.75,25298,25252.75,25281.5,25196.942857142858,,,90400,43.90277549019994,108.38295132800704,64.4801758378071,61.86025336836577,56.293872319494504,,,,
2025-10-21T18:00:00+08:00,25281.75,25315.75,25213.75,25234.75,25218.70238095238,,,282677,32.723434548637314,105.38446902360374,72.66103447496643,58.67825340109473,57.718036531674386,,,,
2025-10-21T22:00:00+08:00,25235,25347.5,25203,25313.25,25245.464285714286,,,693542,28.348273542486723,108.09637640307483,79.7481028605881,62.23650954454456,59.785316961133965,,,,
2025-10-22T02:00:00+08:00,25313.5,25334,25228.75,25265,25258.004761904762,,,194750,20.31369353197725,105.14021977555967,84.82652624358242,58.83915267107555,60.50202107732037,,,,
2025-10-22T06:00:00+08:00,25277,25285,25216,25266.25,25266.49761904762,,,70840,13.51932188730214,101.7256786027101,88.20635671540796,58.90255599265371,60.92854414760906,,,,
2025-10-22T10:00:00+08:00,25266.5,25333,25243.75,25307.25,25277.307142857142,,,58807,10.364399875784358,101.1618565601384,90.79745668435405,61.04941766881801,61.271352755757846,,,,
2025-10-22T14:00:00+08:00,25308.5,25338.5,25231,25272.25,25280.838095238094,,,88151,4.7822355976102955,96.77525118136691,91.99301558375662,58.217282799518834,61.377727300768676,,,,
2025-10-22T18:00:00+08:00,25272,25305,25172.75,25258,25280.32380952381,,,296917,-0.7153339923091551,91.09884809337018,91.81418208567933,57.041946569058396,61.23691380688764,,,,
2025-10-22T22:00:00+08:00,25257.75,25281,24805.25,24873.5,25227.157142857144,,,1186481,-29.4985492259201,54.94099555327921,84.43954477919931,35.77946115790225,59.669823739601156,,,,
2025-10-23T02:00:00+08:00,24873.75,25077,24827.5,25040,25198.22380952381,,,385849,-36.137126402363265,39.26813677624523,75.4052631786085,45.3947163142994,58.44992456670464,,,,
2025-10-23T06:00:00+08:00,25014.75,25105.25,24951,25098.75,25178.85714285714,,,106078,-35.34185772767924,31.22794101900945,66.56979874668869,48.37027729308746,57.18945644440352,,,,
2025-10-23T10:00:00+08:00,25099,25113.5,25053.25,25091,25160.72380952381,,,57143,-34.0922111902709,23.95453475885006,58.04674594912096,47.99391787913483,55.94613794331658,,,,
2025-10-23T14:00:00+08:00,25091,25128.25,25025,25058.75,25140.530952380952,,,95529,-34.10910766578594,15.410361366888537,49.51946903267448,46.35652951835481,54.54286699542016,,,,
2025-10-23T18:00:00+08:00,25060,25179.75,24933.25,25160.5,25136.626190476192,,,340105,-26.289654516119583,16.657400887525,42.94705540364458,51.993651448920716,53.76528040191634,,,,
2025-10-23T22:00:00+08:00,25160.5,25283.5,25083.75,25279.25,25149.85238095238,,,746989,-12.823618166459575,26.917532695570117,39.74115086202969,57.65857200634182,53.46516030462892,,,,
2025-10-24T02:00:00+08:00,25279.5,25295,25230.75,25277.25,25162.833333333332,,,201003,-4.201080022785646,34.48980083354763,38.69088085633328,57.53383268005358,53.38341596741169,,,,
2025-10-24T06:00:00+08:00,25285,25321,25275.5,25318.25,25180.876190476192,,,46791,3.6873742372916,43.30009865294778,39.61272441565618,59.493604603407015,53.18749418590187,,,,
2025-10-24T10:00:00+08:00,25317.75,25347.75,25303,25346.5,25202.638095238097,,,38118,9.880113647892557,51.96286647552188,42.08275282762932,60.85160405123852,53.33124071305637,,,,
2025-10-24T14:00:00+08:00,25347,25394,25323.5,25377.25,25227.72380952381,,,77373,14.822403591375199,60.61075731684832,45.78835372547312,62.35043013822678,53.577517437740156,,,,
2025-10-24T18:00:00+08:00,25377,25550.5,25326.5,25475.25,25264.819047619047,,,334934,22.979807664204984,74.51311330572935,51.533305641524365,66.77320865971953,53.98635965137597,,,,
2025-10-24T22:00:00+08:00,25492.5,25569,25432.5,25549,25310.14761904762,,,539232,31.124804407647332,90.43931115108353,59.3145067434362,69.6957657111759,54.80625128792291,,,,
2025-10-25T02:00:00+08:00,25549,25567,25497.5,25510.25,25347.67380952381,,,188610,31.584623384506216,98.79528597406897,67.21066258956276,66.35059959875566,55.471155075758425,,,,
2025-10-27T06:00:00+08:00,25698.5,25788,25698.5,25718.25,25410.530952380952,,,97468,42.87843815472904,120.80871028297406,77.93027212824502,73.73305787301993,58.18212626969541,,,,
2025-10-27T10:00:00+08:00,25718,25787.5,25712.25,25782.25,25473.876190476192,,,44730,51.083278942738744,141.78437080666845,90.7010918639297,75.53474207187006,60.33498525237902,,,,
2025-10-27T14:00:00+08:00,25783,25839.5,25768.5,25839.5,25537.785714285714,,,78110,56.37470101353985,161.1694681308545,104.79476711731466,77.06958900024532,62.38493608860459,,,,
2025-10-27T18:00:00+08:00,25839.5,25859.75,25796.25,25848.25,25595.807142857142,,,212415,56.339017543888275,175.218539047175,118.87952150328672,77.30696076445327,64.47872486612734,,,,
2025-10-27T22:00:00+08:00,25848.75,25929.5,25822,25927,25657.116666666665,,,371908,57.305106561145806,190.510904704719,133.2057981435732,79.40060442508104,66.8390159308935,,,,
2025-10-28T02:00:00+08:00,25926.75,26026,25919.5,26004,25720.42380952381,,,175921,58.60615234181063,206.4634885708365,147.85733622902586,81.24616736989738,68.9284813538204,,,,
2025-10-28T06:00:00+08:00,26002.5,26018.5,25961.25,25969.5,25771.097619047618,,,55579,52.799694771221,213.8569546930521,161.0572599218311,77.83753330684414,70.36983573242772,,,,
2025-10-28T10:00:00+08:00,25970,25989,25944.5,25961,25814.064285714285,,,36161,44.3816939704536,216.5343773848981,172.1526834144445,76.96960244463398,71.7581050013263,,,,
2025-10-28T14:00:00+08:00,25961.5,25985,25942.25,25975.25,25852.41904761905,,,58713,36.11881097286948,217.30119713053136,181.18238615766188,77.42987442949133,73.0392671317609,,,,
2025-10-28T18:00:00+08:00,25975.5,26094,25967.5,26064.5,25896.416666666668,,,243311,33.09030949972612,222.54527303231953,189.4549635325934,80.14156454358242,74.4171214526426,,,,
2025-10-28T22:00:00+08:00,26064.75,26160,26006,26153.5,25945.442857142858,,,499919,33.41000208607548,231.21746614018775,197.80746405411227,82.43704693656706,75.85187979538121,,,,
2025-10-29T02:00:00+08:00,26153.5,26232,26147.5,26172.5,25989.609523809522,,,253475,31.268134409838524,236.89263206641044,205.62449765657192,82.89745387697835,77.00361159661396,,,,
2025-10-29T06:00:00+08:00,26180.25,26223,26164.75,26215.5,26032.869047619046,,,62833,29.156046220622613,242.06955543235017,212.91350921172756,83.93706886953316,78.02084753649663,,,,
2025-10-29T10:00:00+08:00,26215.75,26264.5,26213.75,26260.75,26075.814285714285,,,55896,27.250479606478677,246.9766087198259,219.7261291133472,84.98487154812257,79.3518669614514,,,,
2025-10-29T14:00:00+08:00,26260.5,26310,26226.25,26237.5,26108.511904761905,,,93997,21.140630338576784,246.1519170365682,225.0112866979914,81.98713573767228,79.94144395178374,,,,
2025-10-29T18:00:00+08:00,26237.5,26319.25,26230.25,26319,26147.130952380954,,,245049,19.35262306050808,249.20206552362652,229.84944246311844,84.12807587733128,80.55525350931667,,,,
2025-10-29T22:00:00+08:00,26318.75,26326.5,26203.5,26245.75,26170.871428571427,,,498342,10.447300891361806,242.9085685773207,232.4612676859589,75.34738815740245,80.43223916339933,,,,
2025-10-30T02:00:00+08:00,26246.25,26378.5,26047.5,26223.75,26187.809523809523,,,689084,0.794659095896975,233.45459155583012,232.65993245993315,72.85591614881172,80.11430740513921,,,,
2025-10-30T06:00:00+08:00,26160.5,26318,26151.5,26298.5,26211.138095238097,,,120432,-2.6478329446685507,229.35014127909744,231.997974223766,75.81957868641005,79.858519852377,,,,
2025-10-30T10:00:00+08:00,26298.5,26399.5,26139.25,26281.25,26228.628571428573,,,219914,-7.882652432584621,222.14465868303523,230.02731111561985,73.79131109062084,79.32603011814297,,,,
2025-10-30T14:00:00+08:00,26280.25,26291.25,26188.5,26206,26233.44523809524,,,118149,-17.649908495694092,207.96492549600225,225.61483399169634,65.45808530613513,78.44178383237804,,,,
2025-10-30T18:00:00+08:00,26206.5,26287,25941.5,26125.25,26225.242857142857,,,432739,-30.056761733120993,188.0438818252951,218.1006435584161,57.81493264856402,77.07359313265876,,,,
2025-10-30T22:00:00+08:00,26124.75,26179.5,25967,26068,26207.842857142856,,,776827,-41.899455054295856,165.72632474054626,207.62577979484212,53.02619321220124,75.33047304570947,,,,
2025-10-31T02:00:00+08:00,26067.5,26149,25853,26149,26200.359523809522,,,443025,-43.849440960283516,152.8139785944877,196.66341955477122,58.35078254272368,73.7739886170767,,,,
2025-10-31T06:00:00+08:00,26156,26209,26127.25,26207.25,26199.838095238094,,,91540,-40.84855813471145,145.60272188638191,186.45128002109337,61.7520299432229,72.2964874032664,,,,
2025-10-31T10:00:00+08:00,26207,26214,26160,26165.25,26193.204761904763,,,58450,-41.20649660981957,134.94315925881892,176.1496558686385,58.024793836223196,70.51986882892673,,,,
2025-10-31T14:00:00+08:00,26164.5,26219.5,26144.25,26181.5,26188.807142857142,,,82778,-39.83961862031205,126.35013259324842,166.18975121356047,59.06758108530441,68.74347684433897,,,,
2025-10-31T18:00:00+08:00,26182.25,26273,26080.25,26102.75,26174.233333333334,,,309180,-43.43518860201465,111.89576546104217,155.33095406305682,52.21039952244005,66.40244312821879,,,,
2025-10-31T22:00:00+08:00,26102.5,26183,25887.75,25948,26140.530952380952,,,894399,-54.70378398292718,86.95122408439784,141.655008067325,41.80625485248817,63.532380207848504,,,,
2025-11-01T02:00:00+08:00,25948,26118.25,25944.25,25983.75,26114.35238095238,,,334245,-57.909018696116206,69.26873469717975,127.17775339329596,44.5890358081009,60.70816306004633,,,,
2025-11-03T07:00:00+08:00,26026,26123,26012.5,26083,26104.6,,,90117,-51.707863436148585,62.542924098110234,114.25078753425882,51.59877836580145,59.01183378921768,,,,
2025-11-03T11:00:00+08:00,26082.5,26088,26031.5,26048,26091.730952380953,,,63520,-48.38570866603902,53.76865170171004,102.15436036774906,49.20417070650249,57.3224234004813,,,,
2025-11-03T15:00:00+08:00,26048.25,26163.25,26016.75,26138.75,26092.635714285716,,,94766,-38.906856427571526,53.52078983328465,92.42764626085618,55.09836266751977,55.84233654198914,,,,
2025-11-03T19:00:00+08:00,26138.5,26265.75,26119.5,26133.5,26094.361904761903,,,303770,-32.10382171903788,52.297869112058834,84.40169083109672,54.69780289362352,54.4785145279179,,,,
2025-11-03T23:00:00+08:00,26139.5,26166,26012.75,26129.5,26096.961904761905,,,629726,-27.1816207365641,50.424664910391584,77.60628564695568,54.369275615526355,53.686456692874415,,,,
2025-11-04T03:00:00+08:00,26129,26178,26066,26109.5,26097.623809523808,,,243245,-24.655450013979475,46.78697312948134,71.44242314346081,52.64457490605599,53.31714542555242,,,,
2025-11-04T07:00:00+08:00,26105.5,26105.5,25941,25941.5,26076.035714285714,,,107457,-33.1523101701986,30.002035430712567,63.154345600911164,40.78797454416683,52.442986949264245,,,,
2025-11-04T11:00:00+08:00,25941.5,25976.25,25744.25,25775.5,26033.519047619047,,,154706,-47.90957693133816,3.2673744367384643,51.17695136807662,32.82022786833457,50.61937590109359,,,,
2025-11-04T15:00:00+08:00,25775.25,25803.5,25644.75,25758,25992.22619047619,,,203033,-56.2310262655018,-19.111831463800627,37.11919480170117,32.09909597886151,48.50130918935349,,,,
2025-11-04T19:00:00+08:00,25757.25,25881,25663,25874.75,25970.77857142857,,,400237,-51.38672254355398,-27.114208377741306,24.272514165812673,41.460286852405396,47.3181301190808,,,,
2025-11-04T23:00:00+08:00,25874.75,25893.75,25603,25668.75,25924.630952380954,,,789518,-59.02435653700428,-49.507931505442684,9.5164250315616,32.765305455512674,45.43939614552424,,,,
2025-11-05T03:00:00+08:00,25667.5,25688.5,25517,25575.5,25870.933333333334,,,364577,-66.75507983723114,-73.92742476497733,-7.172344927746188,29.690458914145154,43.830828959217456,,,,
2025-11-05T07:00:00+08:00,25545,25574.5,25282.75,25414,25800.72380952381,,21601.899999999998,262194,-78.34229964713366,-105.10021948666326,-26.757919839529603,25.21899922089726,42.646024985532385,,,,
2025-11-05T11:00:00+08:00,25415.25,25553.25,25415.25,25528.75,25750.9,,21601.899999999998,161942,-73.93108796959501,-119.17177980152337,-45.24069183192836,33.036038212523266,41.82081087156256,,,,
2025-11-05T15:00:00+08:00,25528.25,25552,25411.75,25413.5,25690.042857142857,,21601.899999999998,127239,-74.23317115603136,-138.03215577696756,-63.798984620936196,29.64116839794592,40.25241015957288,,,,
2025-11-05T19:00:00+08:00,25413,25690.75,25403.75,25686.75,25671.995238095238,,21601.899999999998,370966,-52.51126574565602,-129.43806680300622,-76.9268010573502,44.41519962687939,39.91034079674266,,,,
2025-11-05T23:00:00+08:00,25686.25,25872.75,25618.5,25864.75,25681.121428571427,25681.121428571427,21601.899999999998,586519,-24.08279781578193,-107.03029832707762,-82.94750051129569,51.63261057277312,39.66278707568932,,,,
2025-11-06T03:00:00+08:00,25864,25878.5,25694.25,25728.75,25674.72380952381,25681.121428571427,21601.899999999998,256783,-12.92491056216727,-99.10363871400477,-86.1787281518375,46.59031293110273,39.08368064979498,,,,
2025-11-06T07:00:00+08:00,25732,25776.25,25616.75,25714.5,25670.280952380952,25681.121428571427,21601.899999999998,153925,-5.37754452163918,-92.90065880388647,-87.52311428224729,46.07598098319349,38.49130246177119,,,,
2025-11-06T11:00:00+08:00,25714.5,25743,25672.25,25681.75,25665.42380952381,25681.121428571427,21601.899999999998,78813,-1.6571988982275059,-89.59461290503168,-87.93741400680418,44.83504192207118,37.93347867720086,,,,
2025-11-06T15:00:00+08:00,25681.5,25777.25,25628.25,25752,25674.007142857143,25681.121428571427,21601.899999999998,118184,6.046414269007272,-80.37939617054508,-86.42581043955235,48.10558639292183,38.45616523782621,,,,
2025-11-06T19:00:00+08:00,25752,25823.75,25509.5,25513.5,25652.595238095237,25681.121428571427,21601.899999999998,391821,-3.874658472733998,-91.26913353046984,-87.39447505773585,39.44447601689947,38.92932581986656,,,,
2025-11-06T23:00:00+08:00,25513.25,25544,25197.25,25330.5,25609.27857142857,25681.121428571427,21601.899999999998,1119807,-20.771752396097753,-113.35916555285803,-92.58741315676028,34.27851290919797,39.084998457747744,,,,
2025-11-07T03:00:00+08:00,25330.75,25438.75,25226.25,25310.5,25567.366666666665,25681.121428571427,21601.899999999998,410627,-30.70588543583979,-130.96976995156,-100.26388451572022,33.75149474118017,38.534370449803085,,,,
2025-11-07T07:00:00+08:00,25311,25350,25200.75,25268.5,25525.22857142857,25681.121428571427,21601.899999999998,182925,-37.089009499299266,-146.6251463898443,-109.53613689054504,32.60315320304278,38.522788146055234,,,,
2025-11-07T11:00:00+08:00,25268.25,25341.75,25162,25325.25,25494.469047619048,25681.121428571427,21601.899999999998,119492,-34.52528836289862,-152.6927473441683,-118.16745898126969,35.82178172744325,38.96073977557653,,,,
2025-11-07T15:00:00+08:00,25325.25,25354.75,25186,25218.75,25451.89285714286,25681.121428571427,21601.899999999998,144681,-36.82779598504891,-164.20220396258082,-127.37440797753192,32.63142249804348,39.49019858108697,,,,
2025-11-07T19:00:00+08:00,25219,25220.25,24917.5,25025,25385.342857142856,25681.121428571427,21271.25,564240,-47.54381343582031,-186.8041747723073,-139.260361336487,27.729992352620187,39.1111953053796,,,,
2025-11-07T23:00:00+08:00,25006.5,25045,24709,24922.75,25309.957142857143,25681.121428571427,21271.25,1073914,-57.02382630098819,-210.54014421272223,-153.51631791173403,25.522869640482952,38.81703110841796,,,,
2025-11-08T03:00:00+08:00,24922.75,25228.5,24900.5,25227.25,25279.845238095237,25681.121428571427,21271.25,485055,-39.144373905207175,-202.446785293243,-163.30241138803584,40.82431806031449,38.56053956794904,,,,
2025-11-10T07:00:00+08:00,25319.75,25449,25268.75,25431.75,25281.376190476192,25681.121428571427,21271.25,175994,-11.346357599310238,-177.48535838717362,-166.13900078786338,48.566296865908676,38.34151716031587,,,,
2025-11-10T11:00:00+08:00,25432,25502.75,25431.25,25470.5,25292.19761904762,25681.121428571427,21271.25,89899,10.659287328454809,-152.81489162729486,-163.47417895574966,49.92065737329585,38.5793989061868,,,,
2025-11-10T15:00:00+08:00,25470,25569.5,25456,25530,25313.411904761906,,21271.25,107434,29.180735675814105,-126.99825936098205,-156.17899503679615,52.03625650029108,39.005132871693775,,,,
2025-11-10T19:00:00+08:00,25529.75,25657.75,25504.75,25638.25,25350.816666666666,,21271.25,309032,47.59203449091842,-96.68895192314812,-144.28098641406655,55.74665348441612,39.78453369757556,,,,
2025-11-10T23:00:00+08:00,25637.25,25683,25452.25,25647.25,25389.835714285713,,21271.25,795635,58.526767998655316,-71.12252641574742,-129.64929441440273,56.05498653071194,40.35234799313199,,,,
2025-11-11T03:00:00+08:00,25647.25,25760,25642.5,25721,25439.685714285715,,21271.25,282803,68.20091780678327,-44.39814715592365,-112.59906496270692,58.63160828126434,41.72285744058662,,,,
2025-11-11T07:00:00+08:00,25721,25768.75,25702.25,25735.25,25489.459523809524,,21271.25,101575,72.62522857038526,-21.81752924972534,-94.4427578201106,59.13663757162352,43.49843777361702,,,,
2025-11-11T11:00:00+08:00,25735.25,25745.75,25652,25684.5,25528.611904761903,,21271.25,95238,69.21343651147062,-7.925962180772331,-77.13939869224295,56.45877006383952,45.12038601094984,,,,
2025-11-11T15:00:00+08:00,25684.5,25690.5,25596.25,25621,25555.735714285714,,21271.25,108195,60.09755215546603,-2.017458497910411,-62.115010653376444,53.17219691870077,46.589603419211116,,,,
2025-11-11T19:00:00+08:00,25621.25,25646,25560.5,25627,25580.30238095238,,21271.25,309306,52.18267613298777,3.1133345128582732,-49.0693416201295,53.45150507533969,47.848869372632294,,,,
2025-11-11T23:00:00+08:00,25627,25695.75,25478.5,25690.75,25610.495238095238,,21271.25,752115,49.002014957468205,12.18317707670576,-36.818837880762445,56.46153263376183,49.55102009661217,,,,
2025-11-12T03:00:00+08:00,25690.75,25691.25,25619.25,25659.25,25631.992857142857,,21271.25,218477,42.76508546284005,16.637518947787612,-26.127566515052433,54.55977010612807,51.467432793291316,,,,
2025-11-12T07:00:00+08:00,25676.5,25761,25629.25,25724.75,25656.183333333334,,21271.25,96293,41.032339455759946,25.1628578046475,-15.869481651112444,57.78520041000582,53.77188499111438,,,,
2025-11-12T11:00:00+08:00,25725.75,25774.75,25694.25,25771.25,25678.935714285715,,21271.25,56239,40.90750519291033,35.264899840025464,-5.642605352884862,59.98493787369537,55.14050069207015,,,,
2025-11-12T15:00:00+08:00,25771.5,25830.5,25763.75,25796.75,25699.907142857144,,21271.25,86725,40.363615460009896,44.81191397212751,4.4482985121176135,61.194626981940786,56.042524271786725,,,,
2025-11-12T19:00:00+08:00,25797,25812.25,25561.5,25593.75,25690.335714285713,,21271.25,329727,24.91124844878214,35.587359073095286,10.676110624313148,48.46947428282963,55.93886833675343,,,,
2025-11-12T23:00:00+08:00,25594.25,25659.75,25488.75,25613,25682.157142857144,,21271.25,874247,15.051273326489028,29.490202282424434,14.438928955935406,49.5546354214341,55.76160968826365,,,,
2025-11-13T03:00:00+08:00,25613,25654.5,25544,25625.5,25674.85476190476,,,304367,8.748303159050877,25.374307904749003,16.626004745698125,50.296095891520245,55.372284145913945,,,,
2025-11-13T07:00:00+08:00,25626.25,25720.5,25502,25659,25672.140476190478,,,200676,6.3254386856904254,24.532803102811158,18.207364417120733,52.3439912370766,55.107213053511416,,,,
2025-11-13T11:00:00+08:00,25659.5,25721.25,25633,25711.5,25676.314285714285,,,72939,7.659678508795885,27.78196255311559,20.122284044319706,55.47998786819512,54.88209730972075,,,,
2025-11-13T15:00:00+08:00,25712.25,25721.75,25530.75,25597.25,25665.345238095237,,,135177,0.6198020631527541,20.897036623260647,20.277234560107892,47.98383638410889,54.08546865346971,,,,
2025-11-13T19:00:00+08:00,25597,25627,25280.75,25381.25,25626.890476190478,,,461834,-17.794626217745822,-1.9660482120743836,15.828578005671437,37.52640428744209,52.733156812298475,,,,
2025-11-13T23:00:00+08:00,25382,25497,25012.5,25070.5,25549.890476190478,,,1247491,-48.379254562503185,-44.64549019745755,3.733764365045639,27.962224178888547,50.93244447374045,,,,
2025-11-14T03:00:00+08:00,25070.5,25167,25002,25088,25480.466666666667,,,479624,-63.93021751938166,-76.17900753418144,-12.248790014799779,29.072777004513497,49.191106754395726,,,,
2025-11-14T07:00:00+08:00,25100,25155.75,25087.5,25134.25,25422.342857142856,,,121845,-67.26269535445104,-96.32715920786359,-29.06446385341254,32.09111436358401,47.450362592240175,,,,
2025-11-14T11:00:00+08:00,25134,25144.75,24974.25,25069.5,25360.885714285716,,,160702,-69.69262482699536,-116.18024488715673,-46.487620060161376,30.132679330518044,45.70557039398231,,,,
2025-11-14T15:00:00+08:00,25068.25,25074.25,24900,24943.75,25288.27857142857,,21202.1875,216893,-75.16350745648359,-140.44200438076587,-65.27849692428228,26.682739158783036,43.48396601889497,,,,
2025-11-14T19:00:00+08:00,24943.75,24970.5,24626,24953.25,25224.376190476192,,21202.1875,676253,-73.45095603520443,-157.0921919682878,-83.64123593308338,27.368078276730415,41.154190333397466,,,,
2025-11-14T23:00:00+08:00,24953,25293.5,24862.5,25172.75,25197.530952380952,,21202.1875,1156163,-53.756623104391494,-150.83701481357275,-97.08039170918126,41.21789185409289,39.72728068140833,,,,
2025-11-15T03:00:00+08:00,25171.75,25251.25,25070.75,25147.5,25173.261904761905,,21202.1875,375826,-39.320918365447454,-146.23153966599057,-106.91062130054311,40.25462287682513,39.14050558097944,,,,
2025-11-17T07:00:00+08:00,25144,25259.25,25021.5,25251.25,25167.07619047619,,21202.1875,202756,-20.615864437661614,-132.68045184762013,-112.06458740995852,45.9198221803676,38.880876063760404,,,,
2025-11-17T11:00:00+08:00,25251,25286.25,25228.25,25238.25,25162.60238095238,,21202.1875,82739,-7.619139510374708,-121.58851179792691,-113.9693722875522,45.332249006192164,38.52631557195126,,,,
2025-11-17T15:00:00+08:00,25237.75,25362,25169.75,25198.5,25156.516666666666,,21202.1875,149113,-0.5713513556318759,-114.68356148209205,-114.11221012646017,43.476584247982316,37.89292935844452,,,,
2025-11-17T19:00:00+08:00,25199.25,25254.75,24955.25,25199.75,25154.983333333334,,21202.1875,496976,4.996128220982186,-107.86704985023243,-112.86317807121462,43.555847639449304,37.04120505639124,,,,
2025-11-17T23:00:00+08:00,25199.75,25216,24886.75,24895.75,25117.790476190476,,21202.1875,1131459,-10.147806487231179,-125.5479361802536,-115.40012969302242,31.745185369964318,35.881301412523776,,,,
2025-11-18T03:00:00+08:00,24895.5,24926,24732,24905.75,25088.611904761903,,21202.1875,539242,-17.417508998410923,-137.17201594103608,-119.75450694262516,32.402949977584214,35.515340390391074,,,,
2025-11-18T07:00:00+08:00,24904.75,24959.75,24830.25,24840,25055.19523809524,,21202.1875,176684,-24.16519550744991,-149.96100132693755,-125.79580581948764,30.30797676674473,35.68289414666652,,,,
2025-11-18T11:00:00+08:00,24840,24841.5,24607.5,24660,24999.97380952381,,20961,226344,-37.4680583451391,-172.6308787509115,-135.1628204057724,25.402931028596598,35.42076229124388,,,,
2025-11-18T15:00:00+08:00,24660.25,24859.75,24603.75,24826,24970.961904761905,,20961,206760,-32.01591169398017,-175.18271002324764,-143.16679832926746,35.84818920953447,35.68912478024035,,,,
2025-11-18T19:00:00+08:00,24825.5,24835.5,24522,24523.25,24904.519047619047,,20844.7625,577120,-44.93585815244646,-199.33662101982554,-154.4007628673791,28.03733163665352,35.539457087821454,,,,
2025-11-18T23:00:00+08:00,24522.5,24804.5,24380,24709.25,24868.07857142857,,20844.7625,1396826,-37.40049060168374,-201.15137611948376,-163.75088551780001,37.2071188756091,36.29119849616617,,,,
2025-11-19T03:00:00+08:00,24710,24810.25,24524,24531.75,24810.204761904763,,20844.7625,499720,-40.55162244813275,-214.44041357796596,-173.8887911298332,32.84945132372492,36.68272514238006,,,,
2025-11-19T07:00:00+08:00,24547,24649,24497.75,24647.25,24771.745238095238,,20844.7625,188160,-31.444656697585174,-213.19461200181468,-181.7499553042295,38.003707052724955,36.45314051371093,,,,
2025-11-19T11:00:00+08:00,24646.75,24656.75,24446.5,24553.25,24725.757142857143,,20844.7625,158803,-28.430086881832807,-217.28756390652052,-188.8574770246877,35.579076892810306,36.119172943424154,,,,
2025-11-19T15:00:00+08:00,24553.25,24710,24532,24700.25,24705.02857142857,,20844.7625,140303,-13.94728664089132,-206.29158532580186,-192.34429868491054,41.90253658396852,35.83222397225279,,,,
2025-11-19T19:00:00+08:00,24700,24901.5,24572.75,24894.25,24715.414285714287,,20844.7625,445035,9.995584820623577,-179.84981765913108,-189.84540247975465,49.0962124380398,36.10107850309905,,,,
2025-11-19T23:00:00+08:00,24894,24988,24508,24689.75,24701.809523809523,,20844.7625,1359362,13.158599774382964,-173.39715276177594,-186.5557525361589,42.97682235860056,36.06538122528607,,,,
2025-11-20T03:00:00+08:00,24688.25,24976.25,24570,24959.75,24729.05,,20844.7625,582318,33.382883142171124,-144.827148608445,-178.2100317506161,51.6557147748816,36.643943163531226,,,,
2025-11-20T07:00:00+08:00,24968.75,25174.75,24950.5,25168.5,24786.409523809525,,20844.7625,162072,59.2557304148159,-104.14036873209625,-163.39609914691215,57.15565173567521,38.45897647536772,,,,
2025-11-20T11:00:00+08:00,25167.75,25209,25132.5,25176,24842.17142857143,,20844.7625,98386,74.33433006615527,-70.47818656421805,-144.81251663037332,57.34584592375124,40.24061190009394,,,,
2025-11-20T15:00:00+08:00,25176,25207,25022,25113,24886.959523809524,,20844.7625,141472,77.18829104420499,-48.32715282511708,-125.51544386932207,55.10425339554391,42.01177451643673,,,,
2025-11-20T19:00:00+08:00,25113.5,25293.5,25047.5,25273.75,24950.58095238095,,20844.7625,511913,86.3337505323503,-17.598255703884206,-103.9320062362345,59.5098349663459,44.44798194056168,,,,
2025-11-20T23:00:00+08:00,25275.25,25310,24236.25,24278.75,24875.690476190477,,20844.7625,1769701,24.989142263270026,-72.69557840714697,-97.684720670417,35.792997454201185,44.44403967232359,,,,
2025-11-21T03:00:00+08:00,24278.75,24402,24069.75,24075.5,24778.911904761906,,20844.7625,548639,-26.85080910623796,-131.24823205321445,-104.39742294697649,32.87348820036651,44.789479426874514,,,,
2025-11-21T07:00:00+08:00,24096.75,24235,24018,24173,24699.39761904762,,20844.7625,214818,-50.76152893616988,-167.84933411718885,-117.08780518101896,35.621479787570465,44.67621949201462,,,,
2025-11-21T11:00:00+08:00,24172.75,24237.75,24097.5,24175.25,24625.290476190476,,20844.7625,136298,-61.8762447583363,-194.43311112893934,-132.55686637060305,35.687759622965274,44.87895579910322,,,,
2025-11-21T15:00:00+08:00,24174.75,24217.25,23904,24092.25,24543.511904761905,,20844.7625,235259,-69.6874487610072,-219.66617732186205,-149.97872856085485,34.26800469691925,44.612119916545666,,,,
2025-11-21T19:00:00+08:00,24092,24298.25,23952.5,24180.25,24478.75238095238,,20844.7625,600388,-63.94694702878451,-229.91241234683548,-165.96546531805097,37.159527882674176,44.72500927296452,,,,
2025-11-21T23:00:00+08:00,24175.5,24558,23927.25,24477.25,24457.14523809524,,20844.7625,1300017,-36.52978550332517,-211.62769719720745,-175.09791169388228,45.91863515015107,45.01187345626327,,,,
2025-11-22T03:00:00+08:00,24477.5,24596.5,24285,24349.25,24420.595238095237,,20844.7625,461917,-24.00261483015578,-205.10118023157702,-181.09856540142124,43.09450697606056,44.58318020897904,,,,
2025-11-24T07:00:00+08:00,24449.75,24536.25,24404,24515.25,24411.369047619046,,20844.7625,153036,-2.6477969661740133,-184.40831160913876,-181.76051464296475,47.64964694821514,44.91695339395151,,,,
2025-11-24T11:00:00+08:00,24515.5,24523,24431.5,24476.25,24398.60476190476,,20844.7625,103308,10.043978079723928,-169.20554204330983,-179.24952012303376,46.69171978871949,44.56238232351136,,,,
2025-11-24T15:00:00+08:00,24475.75,24563.25,24361.25,24402,24380.545238095237,,20844.7625,187451,14.368136990905413,-161.289348884402,-175.6574858753074,44.820313430634016,43.68128673029412,,,,
2025-11-24T19:00:00+08:00,24401.5,24722.25,24378,24683.75,24407.35238095238,,,464725,35.9072970895613,-130.77336451335577,-166.68066160291707,52.67261183952522,43.34748429570654,,,,
2025-11-24T23:00:00+08:00,24683.25,24954.25,24664,24926,24471.14761904762,,,717874,64.50473034422026,-86.04974867264173,-150.554479016862,58.24582773260167,43.571882462639245,,,,
2025-11-25T03:00:00+08:00,24926,24993.25,24893.25,24962.5,24541.590476190475,,,287205,82.74952410645898,-47.11757388378828,-129.86709799024726,59.038666818214665,43.53822759491559,,,,
2025-11-25T07:00:00+08:00,24973.25,24986.75,24918.75,24946.75,24612.89761904762,,,96341,90.02598592327418,-17.33461558615454,-107.36060150942872,58.515628744592185,45.161272687086374,,,,
2025-11-25T11:00:00+08:00,24947.25,24959,24894,24901.75,24671.842857142856,,,69018,87.97441151740965,2.6074128873333393,-85.36699863007631,56.94324166908717,46.88054079199499,,,,
2025-11-25T15:00:00+08:00,24902,24936,24821.75,24886.5,24720.885714285716,,,124464,81.88181566101467,16.98527094619203,-64.89654471482264,56.38311973147087,48.36351507370217,,,,
2025-11-25T19:00:00+08:00,24887,24975.5,24602,24815.5,24753.666666666668,,,533291,69.83130981063923,22.392592548476387,-47.43871726216283,53.700284223620095,49.65012397374893,,,,
2025-11-25T23:00:00+08:00,24817.5,25061.25,24654,25023.75,24808.116666666665,,,998508,72.34013176972664,42.98644744999547,-29.35368431973117,59.81802957222508,51.4751257505565,,,,
2025-11-26T03:00:00+08:00,25024.25,25135.75,24938,25064.5,24859.128571428573,,,285648,72.988605263345,61.88207225945007,-11.10653300389492,60.9203180183952,53.172325045965145,,,,
2025-11-26T07:00:00+08:00,25070,25184,25061.75,25181.75,24917.35238095238,,,84477,77.15274981423599,85.33440426390007,8.18165444966408,64.0185667687828,54.46517730443886,,,,
2025-11-26T11:00:00+08:00,25181.75,25221.5,25160.5,25210.75,24972.733333333334,,,60383,77.49440198054734,105.04965692534824,27.555254944800915,64.77213960686906,56.013579635210895,,,,
2025-11-26T15:00:00+08:00,25211,25236,25137.5,25196.5,25018.009523809524,,,99399,72.48554062534187,118.16218072647825,45.676640101136385,64.0530352509088,57.18525022826045,,,,
2025-11-26T19:00:00+08:00,25196.75,25281.5,25118.75,25167.25,25052.89761904762,,,401980,63.26317967384604,124.75561469344393,61.49243501959789,62.499295191899016,58.31436275705899,,,,
2025-11-26T23:00:00+08:00,25167.5,25375.5,25134.75,25317,25101.17142857143,,,780634,63.16250244481199,140.44556307561288,77.28306063080089,66.97363484247771,59.89674285790496,,,,
2025-11-27T03:00:00+08:00,25316.5,25360.25,25293.5,25314.5,25140.39761904762,,,239553,58.924198087573174,150.93830824026736,92.01411015269419,66.82841951879087,60.90787197785251,,,,
2025-11-27T07:00:00+08:00,25316.75,25339.5,25303.25,25316,25173.816666666666,,,47097,52.43565861209866,157.55868341781752,105.12302480571886,66.87543042600521,61.52427217023848,,,,
2025-11-27T11:00:00+08:00,25317,25337,25298.75,25302.5,25201.72142857143,,,29943,43.80007889002971,159.873123418256,116.07304452822629,65.95767100682815,62.01848675513944,,,,
2025-11-27T15:00:00+08:00,25304,25328.75,25292.75,25317.25,25228.35476190476,,,46844,35.97448705834525,161.04115335115785,125.0666662928126,66.5055466172916,62.58919517461796,,,,
2025-11-27T19:00:00+08:00,25317.5,25325.25,25287,25296.25,25248.659523809525,,,59424,26.703335784893596,158.4458360239296,131.742500239036,64.88368409072154,63.156369633306134,,,,
2025-11-27T23:00:00+08:00,25296.25,25307.75,25285.75,25299.75,25265.67380952381,,,36748,18.514815387840997,154.88601947383722,136.37120408599623,65.038701699921,63.77462548819543,,,,
2025-11-28T07:00:00+08:00,25303.5,25366,25303,25345,25284.785714285714,,,35428,14.056311275124017,153.94159317990125,139.88528190477723,67.08782357561378,64.73087829905212,,,,
2025-11-28T19:00:00+08:00,25363.25,25421.5,25329.5,25370,25302.188095238096,,,73980,10.845086390922177,153.44163989342997,142.5965535025078,68.2107979611566,65.33036175540438,,,,
2025-11-28T23:00:00+08:00,25370,25500.25,25348.5,25484.75,25331.592857142856,,,248802,14.286886860079676,160.45516207760738,146.1682752175277,72.84946213518575,66.18244347803227,,,,
2025-12-01T07:00:00+08:00,25484,25542.25,25265.75,25282.75,25330.061904761904,,,220950,1.4714421429654863,148.00757789623458,146.5361357532691,56.903821422606434,65.67424738187681,,,,
2025-12-01T11:00:00+08:00,25282,25284.75,25193.5,25268.5,25325.66904761905,,,122832,-8.88350944565451,135.43174894620097,144.31525839185548,55.96116287242752,65.04489190084527,,,,
2025-12-01T15:00:00+08:00,25268,25343,25237.75,25312.75,25326.626190476192,,,115036,-13.399867287679115,127.56542428225657,140.9652915699357,58.30120387171937,64.63404680233175,,,,
2025-12-01T19:00:00+08:00,25313.25,25379.75,25209,25360.5,25332.842857142856,,,354048,-13.766049909261653,123.7577291833586,137.52377909262026,60.75596873772624,64.50952348417654,,,,
2025-12-01T23:00:00+08:00,25364.25,25495.75,25266.25,25486.25,25353.985714285714,,,685326,-6.502633816712432,129.39548682172972,135.89812063844215,66.43300898339851,64.47090735138518,,,,
2025-12-02T03:00:00+08:00,25486.75,25488.25,25356.75,25400.25,25362.05,,,325191,-8.336462829402251,125.47754210168932,133.81400493109157,59.9615765452794,63.980418567562936,,,,
2025-12-02T07:00:00+08:00,25422.75,25445.75,25378.75,25424.5,25372.530952380952,,,91323,-8.721238563051287,122.91245672727746,131.63369529032875,61.12643386670888,63.56977595618463,,,,
2025-12-02T11:00:00+08:00,25423.75,25426.75,25334.5,25369.25,25374.611904761903,,,78749,-13.23123200114594,115.09465528889632,128.32588729004226,57.004385052138,62.930255530849614,,,,
2025-12-02T15:00:00+08:00,25369.5,25499.75,25324,25489.75,25392.123809523808,,,100038,-8.84429959911931,117.27051279114312,126.11481239026243,62.94904247692342,62.676219520823324,,,,
2025-12-02T19:00:00+08:00,25489.25,25613,25457.75,25597.25,25422.32619047619,,,333906,0.07961163000268812,126.2143269277658,126.13471529776311,67.34329498338946,62.851906013156736,,,,
2025-12-02T23:00:00+08:00,25597.25,25670,25413.75,25577,25446.961904761905,,,981309,3.226519115646198,130.16786419232085,126.94134507667465,65.7410557157733,62.902074157146195,,,,
2025-12-03T03:00:00+08:00,25577.5,25646.75,25563.5,25606.75,25472.92380952381,,,244459,5.771075784789389,134.15518980766137,128.38411402287198,66.99941637812404,62.895759357325495,,,,
2025-12-03T07:00:00+08:00,25613.5,25674,25575.25,25654.75,25502.792857142857,,,86925,8.956219681934783,139.57938862529045,130.62316894335567,69.00337346195181,62.95237189309658,,,,
2025-12-03T11:00:00+08:00,25654.75,25678.5,25637.75,25657.5,25530.316666666666,,,47922,9.467738413004241,142.45784195961096,132.99010354660672,69.1205703509878,62.68602247993958,,,,
2025-12-03T15:00:00+08:00,25657.5,25676.75,25605.5,25624,25551.72857142857,,,83839,5.941696825215814,140.41722457812648,134.47552775291066,65.81368937257771,63.32244161922324,,,,
2025-12-03T19:00:00+08:00,25624.75,25678.25,25420.75,25495.25,25552.72380952381,,,440253,-6.022343230928129,126.94759871425049,132.96994194517862,54.81793744124929,63.24078265985337,,,,
2025-12-03T23:00:00+08:00,25500,25654.25,25488.75,25629.25,25569.42619047619,,,721372,-5.866165199951183,125.63723544523964,131.50340064519082,62.022131519691605,63.5065632061371,,,,
2025-12-04T03:00:00+08:00,25628.75,25685.75,25625.75,25645.75,25585.314285714285,,,190938,-5.606661711546792,124.49507350575732,130.1017352173041,62.81849982401304,63.65388685515758,,,,
2025-12-04T07:00:00+08:00,25649.75,25666,25618.75,25648.5,25598.85238095238,,,66326,-6.160713591188085,122.40084322831899,128.56155681950708,62.9597194180889,63.40579474334976,,,,
2025-12-04T11:00:00+08:00,25649.25,25663.75,25614,25654.75,25611.678571428572,,,49476,-6.958238563454458,119.863758615189,126.82199717864346,63.30526684914109,63.64462976505416,,,,
2025-12-04T15:00:00+08:00,25655,25693.5,25602.75,25644.75,25620.74761904762,,,89341,-8.887737980270714,115.71232470330506,124.60006268357577,62.290965491774685,63.72781059541601,,,,
2025-12-04T19:00:00+08:00,25644,25732.5,25540,25554.5,25615.685714285715,,,370689,-16.526700069873215,103.94168759623426,120.46838766610747,53.80357695847936,63.49918144586896,,,,
2025-12-04T23:00:00+08:00,25555.25,25654.25,25505.25,25604.25,25615.492857142857,,,705204,-18.371655109641168,97.50381877905602,115.87547388869719,57.30213896944218,63.09583119533459,,,,
2025-12-05T03:00:00+08:00,25603.75,25638,25487,25632.25,25617.942857142858,,,333307,-17.834484657148153,93.582368067262,111.41685272441015,59.19929228752668,62.51411671705868,,,,
2025-12-05T07:00:00+08:00,25631,25713.25,25608.5,25689,25627.626190476192,,,74445,-13.956997225462004,93.97060619258264,107.92760341804464,62.849039245168754,62.30754411201549,,,,
2025-12-05T11:00:00+08:00,25689,25731,25683.25,25712.5,25639.376190476192,,,50507,-10.279254624376222,95.07853513757436,105.35778976195058,64.29198921533778,62.11415645753076,,,,
2025-12-05T15:00:00+08:00,25712.5,25755.5,25705,25716.5,25650.652380952382,,,65429,-8.140517501614426,95.18214288493255,103.32266038654697,64.54767503079563,61.795892283876746,,,,
2025-12-05T19:00:00+08:00,25716.25,25803.25,25579,25791,25671.27380952381,,,350419,-2.560816146057249,100.1216402039754,102.68245635003265,69.05044924219366,61.79088363324859,,,,
2025-12-05T23:00:00+08:00,25791,25867.75,25651,25727,25682.090476190475,,,772988,-3.9497920577665155,97.74521627782451,101.69500833559103,61.705760134942096,61.497460116274624,,,,
2025-12-06T03:00:00+08:00,25727.25,25743.75,25677.75,25735,25692.992857142857,,,220141,-5.029913292487308,95.40761671998189,100.4375300124692,62.253261138249556,62.02855466606035,,,,
2025-12-08T07:00:00+08:00,25748.5,25783.75,25700,25782.75,25707.97857142857,,,77613,-3.3116123326492755,96.2980145966576,99.60962692930687,65.46799626118127,62.27468786188104,,,,
2025-12-08T11:00:00+08:00,25782.25,25811.5,25777,25790,25722.469047619048,,,41626,-2.506458281619615,96.47655407728234,98.98301235890196,65.94834556708508,62.498248272100476,,,,
2025-12-08T15:00:00+08:00,25789.75,25821,25762,25793.5,25736.05238095238,,,65527,-2.5494580421336366,95.7961898062349,98.34564784836854,66.19598639921196,62.729410199323546,,,,
2025-12-08T19:00:00+08:00,25793.5,25860.75,25722,25744.5,25741.72142857143,,,277664,-6.466426681599813,90.26261449636877,96.72904117796858,59.578539204119075,62.46321536753626,,,,
2025-12-08T23:00:00+08:00,25744,25778.5,25563.75,25592.25,25726.235714285714,,,679794,-19.180625489322097,72.75325931631596,91.93388480563806,44.49975752780775,61.19241479868149,,,,
2025-12-09T03:00:00+08:00,25592.5,25708.25,25567.25,25706.5,25726.483333333334,,,249261,-19.69113449238239,67.31996669016007,87.01110118254246,54.02517385545697,61.2082431484656,,,,
2025-12-09T07:00:00+08:00,25713,25729.5,25675.25,25692.5,25723.416666666668,,,75620,-20.66558073112064,61.179125268641656,81.8447059997623,52.81347630886895,60.88762438699608,,,,
2025-12-09T11:00:00+08:00,25691.75,25702,25646.75,25683.5,25718.309523809523,,,46637,-21.51354240140266,54.95277799800897,76.46632039941163,51.995636976996444,60.373077579101064,,,,
2025-12-09T15:00:00+08:00,25683.25,25712.5,25601,25667.75,25710.614285714284,,,82779,-22.61950995853566,48.19193295124205,70.81144290977771,50.50262330234145,59.49119072604197,,,,
2025-12-09T19:00:00+08:00,25668,25681.5,25560,25630.25,25698.121428571427,,,276174,-25.16569370965661,39.35432577270694,64.52001948236355,46.997442846819126,58.2558659854335,,,,
2025-12-09T23:00:00+08:00,25630.75,25738.5,25615.25,25721.75,25698.611904761903,,,538659,-20.191265571004465,39.28093751860797,59.472203089612435,55.26251094480914,57.59263997929161,,,,
2025-12-10T03:00:00+08:00,25722,25724.25,25674.75,25676.5,25693.019047619047,,,181338,-19.444876889742318,35.16610697743454,54.610983867176856,50.974201697049374,56.301479440352736,,,,
2025-12-10T07:00:00+08:00,25681,25693.75,25640,25673.5,25688.116666666665,,,55605,-18.64705325363066,31.302167300138535,49.949220553769194,50.68971200282719,55.51461885948738,,,,
2025-12-10T11:00:00+08:00,25673.5,25713.75,25663.25,25704,25687.790476190476,,,44263,-15.67842227346351,30.351192711939802,46.02961498540331,53.56404844053249,54.893960809650444,,,,
2025-12-10T15:00:00+08:00,25703,25746.25,25615.75,25650.75,25680.659523809525,,,87587,-16.81378689592774,25.01238136549364,41.82616826142138,48.211517387793556,53.661355175837045,,,,
2025-12-10T19:00:00+08:00,25650.5,25718,25567,25630.75,25672.119047619046,,,303516,-18.301679421551157,18.949068984482437,37.250748406033594,46.31521148327145,52.258988455564634,,,,
2025-12-10T23:00:00+08:00,25630.75,25682,25528.25,25614,25662.861904761903,,,553767,-19.683411185594913,12.646484424039954,32.32989560963487,44.7085600850373,50.724172290266445,,,,
2025-12-11T03:00:00+08:00,25616.75,25869.75,25579,25800.25,25680.14761904762,,,657477,-7.9263225480607,22.421992424558994,30.348314972619693,61.08408637501081,50.83171137390157,,,,
2025-12-11T07:00:00+08:00,25777.75,25792.5,25523.25,25549.75,25663.50238095238,,,130606,-16.404700818061123,9.842438950043288,26.24713976810441,42.58073102732215,50.694638052438314,,,,
2025-12-11T11:00:00+08:00,25548.75,25550.75,25382,25509.25,25641.861904761903,,,152173,-23.68272808759405,-3.3562703413881536,20.326457746205897,40.42116216699454,49.72292293183385,,,,
2025-12-11T15:00:00+08:00,25509.25,25623.5,25474,25597.5,25633.866666666665,,,113537,-21.55637044449899,-6.619005309417844,14.937365135081148,46.83117972790801,49.29561603319378,,,,
2025-12-11T19:00:00+08:00,25597.5,25700.75,25400.5,25414.25,25602.342857142856,,,419818,-30.924358110518035,-23.718082503066398,7.206275607451637,37.65422251697768,48.27122928604958,,,,
2025-12-11T23:00:00+08:00,25414.5,25686.75,25390.25,25637.75,25603.183333333334,,,886696,-20.97737571517619,-19.015444036518602,1.9619316786575887,50.54775045468734,48.274452654074295,,,,
2025-12-12T03:00:00+08:00,25637.5,25862.5,25635,25835,25630.609523809522,,,246741,-1.0729835249673527,0.6207022724483977,1.6936857974157504,58.7592002880872,49.11457818559344,,,,
2025-12-12T07:00:00+08:00,25719.5,25733.75,25641.25,25694.25,25637.319047619047,,,92984,2.461174264645026,4.770153628222033,2.308979363577007,52.033509962934254,48.88393525831667,,,,
2025-12-12T11:00:00+08:00,25694.25,25704.5,25653.5,25679.75,25642.35714285714,,,49575,3.600890427842571,6.81009239838022,3.2092019705376496,51.372662503482324,48.912396744490444,,,,
2025-12-12T15:00:00+08:00,25679.25,25682.75,25562.25,25583.75,25634.564285714285,,,95189,-2.0292755957342146,0.6726074758698815,2.701883071604096,47.056211158842785,48.652860969920134,,,,
2025-12-12T19:00:00+08:00,25584,25632.5,25501.5,25558,25624.192857142858,,,348158,-7.119714000448467,-6.197759428956488,0.9219545714919792,45.92704503562154,48.10736072671221,,,,
2025-12-12T23:00:00+08:00,25558.5,25559.25,25117.75,25278.5,25577.94523809524,,,1260395,-27.782517322549154,-33.80619208169446,-6.023674759145309,35.76479704655905,47.21830927376688,,,,
2025-12-13T03:00:00+08:00,25279,25286,25145.5,25203,25525.17619047619,,,345060,-44.04047359861356,-61.07426675741226,-17.0337931587987,33.575534153567844,46.3083323216452,,,,
2025-12-15T07:00:00+08:00,25214.5,25284,25131.25,25261.75,25484.314285714285,,,72731,-48.01738963397332,-77.05553020126536,-29.038140567292032,36.85663338266169,45.74748041433266,,,,
2025-12-15T11:00:00+08:00,25261,25282.75,25233,25273,25448.307142857142,,,37968,-47.01020874707642,-87.80090150113756,-40.79069275406114,37.501535575153525,44.063012500057134,,,,
2025-12-15T15:00:00+08:00,25273,25342.5,25230.25,25336,25425.72142857143,,,44764,-39.52218067620091,-90.19341859931228,-50.67123792311137,41.172045921469234,43.962392135353355,,,,
2025-12-15T19:00:00+08:00,25336.75,25410,25213.75,25225.75,25390.47142857143,,,182214,-39.3309491622748,-99.83492437595487,-60.50397521368007,37.02122067508504,43.719539171645536,,,,
2025-12-15T23:00:00+08:00,25225.75,25266.75,25034.5,25153,25348.22142857143,,,448109,-41.24042745761972,-112.05450953570471,-70.814082078085,34.516271933679405,42.83990290062921,,,,
2025-12-16T03:00:00+08:00,25152,25183.5,25077.5,25102.5,25303.47142857143,,,118285,-42.85255366019956,-124.37977415333444,-81.52722049313488,32.833916556837224,42.49559533204774,,,,
2025-12-16T07:00:00+08:00,25356,25373.5,25112.5,25149.75,25267.990476190476,,,116970,-37.85794873610459,-128.84965641326562,-90.99170767716103,36.0170658393897,41.45768928809791,,,,
2025-12-16T11:00:00+08:00,25149.75,25175.5,25103.25,25133,25234.92380952381,,,62245,-32.98224274005531,-132.21951110223017,-99.23726836217486,35.36883557505938,39.78694895145306,,,,
2025-12-16T15:00:00+08:00,25133.25,25274.5,25073.75,25246,25223.609523809522,,,81894,-20.08113777052013,-124.33869057532502,-104.25755280480489,42.92834531402815,39.13658004795976,,,,
2025-12-16T19:00:00+08:00,25246.25,25399,25203.25,25394.5,25236.364285714284,,,374393,-0.5148694022869336,-104.90113955766356,-104.38627015537662,51.12400365220448,39.11881870143992,,,,
2025-12-16T23:00:00+08:00,25394.25,25408.5,25170,25316.25,25241.402380952382,,,795349,7.7338163598523835,-94.71899970556115,-102.45281606541353,47.225595742692654,39.13091760028634,,,,
2025-12-17T03:00:00+08:00,25315.75,25444,25224.75,25321.5,25249.688095238096,,,274299,13.767598861445691,-85.24331748860641,-99.0109163500521,47.51850435659927,39.24459326607046,,,,
2025-12-17T07:00:00+08:00,25333,25375,25265.25,25363.25,25265.792857142857,,,101136,20.39478764668395,-73.51743179169716,-93.91221943838111,49.92939430619,40.256350213186956,,,,
2025-12-17T11:00:00+08:00,25362.75,25417,25291.5,25393.5,25285.123809523808,,,62296,26.266116826902234,-61.07957340475332,-87.34569023165555,51.68376641970347,41.54979537505379,,,,
2025-12-17T15:00:00+08:00,25394,25491.75,25381.5,25483,25314.57380952381,,,81561,35.077233860448075,-43.49914790609546,-78.57638176654353,56.59270715483413,42.95951493020896,,,,
2025-12-17T19:00:00+08:00,25482.5,25508,25245.25,25332.75,25321.883333333335,,,367127,29.888826641077088,-41.21534846519717,-71.10417510627425,47.71450299747958,43.68901260323225,,,,
2025-12-17T23:00:00+08:00,25332.5,25346.5,24932.5,24958.5,25278.72380952381,,,923425,1.8344943387472767,-68.81105718284016,-70.64555152158744,33.453683306702004,43.137700987891726,,,,
2025-12-18T03:00:00+08:00,24958,24995.75,24887.75,24951.75,25238.259523809524,,,276435,-15.632292092808441,-90.18591663759798,-74.55362454478954,33.258104360942156,42.86890696545296,,,,
2025-12-18T07:00:00+08:00,24980,25012,24901.25,24969,25202.704761904763,,,106520,-23.980118992783318,-104.5287732857687,-80.54865429298538,34.328462779520635,42.85549202587019,,,,
2025-12-18T11:00:00+08:00,24969.25,24995,24902.5,24983,25170.769047619047,,,64159,-26.327503707284166,-113.45803392709058,-87.13053021980642,35.247879054380874,43.027917918551886,,,,
2025-12-18T15:00:00+08:00,24983.5,25100,24982.25,25079,25152.77142857143,,,86041,-19.49781958270664,-111.50280469818972,-92.00498511548308,41.38641813260282,43.41144308235282,,,,
2025-12-18T19:00:00+08:00,25079.5,25329.5,25064.75,25277.5,25161.914285714287,,,412356,-0.6883998103443787,-92.86548487841355,-92.17708506806918,51.71226539572993,44.57883092668642,,,,
2025-12-18T23:00:00+08:00,25277.5,25417,25174.75,25338.5,25177.814285714285,,,859190,15.870305541928658,-72.33920314065836,-88.20950868258701,54.40505262244421,45.39859573443044,,,,
2025-12-19T03:00:00+08:00,25338.5,25342.5,25192.75,25219,25176.9,,,356942,18.595012047092638,-64.96574362372121,-83.56075567081385,48.61166800618256,45.21914318828601,,,,
2025-12-19T07:00:00+08:00,25237.5,25286.75,25209,25251.25,25181.957142857143,,,88267,22.147951157109603,-55.87581672442684,-78.02376788153644,50.1737425998732,45.42972510665605,,,,
2025-12-19T11:00:00+08:00,25252.25,25322,25236.25,25298.75,25193.966666666667,,,67368,26.956499191679853,-44.328143891936634,-71.28464308361649,52.49401017315101,45.7851183792669,,,,
2025-12-19T15:00:00+08:00,25299,25393.5,25298.5,25361.25,25214.52619047619,,,85461,33.195792184116975,-29.789902853470267,-62.98569503758724,55.470488360210815,46.18091081169695,,,,
2025-12-19T19:00:00+08:00,25360.5,25573.25,25273.75,25557.75,25261.30476190476,,,377852,48.48068137576649,-2.384843317879131,-50.86552469364562,63.34701550719269,47.01400003223189,,,,
2025-12-19T23:00:00+08:00,25558.25,25601,25459.75,25551.75,25305.719047619048,,,569640,55.60034167168678,18.634902395962854,-36.965439275723924,62.975959988666574,47.46994666321992,,,,
2025-12-20T03:00:00+08:00,25551.5,25599.5,25549.75,25598.25,25355.678571428572,,,176401,60.452673250109434,38.60040228691287,-21.852270963196567,64.7229685453661,48.68483705949753,,,,
2025-12-22T07:00:00+08:00,25635,25698.25,25631.5,25696,25416.14285714286,,,78974,66.76239127441839,61.60071812982642,-5.161673144591969,68.16753000436256,51.164397537901856,,,,
2025-12-22T11:00:00+08:00,25696,25700,25662.25,25690.25,25468.816666666666,,,41690,66.89751184411142,78.4602166605473,11.562704816435886,67.7430606317979,53.627608700105846,,,,
2025-12-22T15:00:00+08:00,25690,25725.75,25681.25,25707.25,25516.72380952381,,,52744,64.45480999792284,92.13121731383944,27.6764073159166,68.37813691285197,56.059728281058085,,,,
2025-12-22T19:00:00+08:00,25707.5,25795,25671,25747.75,25563,,,281195,61.87723901919158,105.02295608990607,43.1457170707145,69.91739970352702,58.53612261313996,,,,
2025-12-22T23:00:00+08:00,25747.25,25754.5,25629.5,25689.5,25594.22619047619,,,456458,52.907230164777104,109.27975477668588,56.37252461190877,64.95632007668475,60.219687037717236,,,,
2025-12-23T03:00:00+08:00,25689.75,25712.25,25676.25,25700.5,25621.10476190476,,,137999,44.69957471816274,112.2469930096122,67.54741829144946,65.46119471715033,61.20175341781869,,,,
2025-12-23T07:00:00+08:00,25701.25,25738.5,25695.5,25723,25646.954761904763,,,47857,38.03203024066319,115.08745609227844,77.05542585161525,66.53696027290091,62.06831824999417,,,,
2025-12-23T11:00:00+08:00,25723.25,25731.25,25653.75,25667.75,25661.77619047619,,,43262,27.630815128974533,111.59394476283342,83.96312963385888,61.41296506542598,62.9826966113687,,,,
2025-12-23T15:00:00+08:00,25668.25,25728.75,25658,25706.5,25677.490476190476,,,44957,21.370540662383803,110.67630546183864,89.30576479945483,63.560060699301914,63.93886218989933,,,,
2025-12-23T19:00:00+08:00,25706.25,25751.25,25608.5,25692.25,25686.969047619048,,,267672,14.602857533620266,107.55933671648017,92.95647918285991,62.17222483017419,64.63016323682956,,,,
2025-12-23T23:00:00+08:00,25691,25780.5,25627.25,25773.75,25703.566666666666,,,372818,13.94917206259258,110.39294426110064,96.44377219850806,66.70775620968394,65.43282522607764,,,,
2025-12-24T03:00:00+08:00,25774,25822.25,25771.5,25811.5,25721.269047619047,,,125313,14.338073371383274,114.36636391273714,100.02829054135387,68.6095475291252,65.80872037050138,,,,
2025-12-24T07:00:00+08:00,25812,25825.75,25782.75,25793.75,25734.188095238096,,,35433,11.785501314883987,114.76016718495885,102.97466587007486,66.65641501802826,66.07161001545579,,,,
2025-12-24T11:00:00+08:00,25793.5,25803.25,25777.5,25792.75,25744.66904761905,,,24863,8.565165111443122,113.68112225937875,105.11595714793563,66.53999701790407,66.20139776349421,,,,
2025-12-24T15:00:00+08:00,25792.75,25807,25783,25792.75,25753.29761904762,,,23441,5.1393985425507935,111.54020532612412,106.40080678357333,66.53999701790407,66.0851454073186,,,,
2025-12-24T19:00:00+08:00,25793,25831.75,25781.75,25809.75,25763.27142857143,,,126626,2.8376431008230583,109.94786065960216,107.1102175587791,67.68195292305803,66.08078057098005,,,,
2025-12-24T23:00:00+08:00,25809.5,25892.25,25804,25861.75,25779.040476190476,,,215241,3.5882085526080516,111.59547824953916,108.0072696969311,70.98618935123687,66.26707003086469,,,,
2025-12-26T07:00:00+08:00,25870,25916.5,25862,25896.5,25797.97142857143,,,35547,5.1035307719676695,114.38668316189069,109.28315238992302,72.99875398902341,66.487166765543,,,,
2025-12-26T11:00:00+08:00,25896.75,25903,25867.5,25871.75,25812.185714285715,,,23808,3.209969046629766,113.29561369821022,110.08564465158045,69.26563493809284,66.79497496992929,,,,
2025-12-26T15:00:00+08:00,25871.5,25892.25,25842.5,25883.5,25826.230952380953,,,32131,1.6010771009972586,112.08699102782703,110.48591392682977,70.05864565766183,67.12336432282297,,,,
2025-12-26T19:00:00+08:00,25884,25935,25864.5,25880.75,25838.166666666668,,,158150,-0.6740538712646469,109.64334658774897,110.31740045901361,69.60013620863579,67.34216260394689,,,,
2025-12-26T23:00:00+08:00,25881,25911,25834.25,25891.75,25850.066666666666,,,310546,-2.368475250567215,107.3568063958046,109.72528164637181,70.4442048252367,67.98725115821908,,,,
2025-12-27T03:00:00+08:00,25891.75,25898.5,25852.25,25857,25855.2,,,95821,-6.524354624083443,101.5698383662675,108.09419299035095,64.29222043248001,68.03954828201752,,,,
2025-12-29T07:00:00+08:00,25869,25893.5,25824.25,25845.5,25857.366666666665,,,64165,-10.50653911029066,94.96101910248763,105.46755821277829,62.32714695717636,68.05061414823196,,,,
2025-12-29T11:00:00+08:00,25845.75,25867.75,25810.25,25815.5,25854.07380952381,,,56618,-15.327782567893081,86.30783000291194,101.63561257080502,57.339599945146155,67.3814601293364,,,,
2025-12-29T15:00:00+08:00,25815.75,25822.75,25731.5,25746.5,25841.183333333334,,,71577,-22.87614815663889,73.0404273750064,95.9165755316453,47.7518563488386,65.89162504503021,,,,
2025-12-29T19:00:00+08:00,25747.25,25818.75,25656,25723,25825.77857142857,,,286999,-28.7822801940805,59.93872528904467,88.72100548312517,44.95877518320479,64.34179362825711,,,,
2025-12-29T23:00:00+08:00,25722.75,25773.25,25647.75,25694,25807.180952380953,,,473703,-33.63487936847551,46.67740627253079,80.3122856410063,41.67700268427025,62.56586546156898,,,,
2025-12-30T03:00:00+08:00,25694.25,25774.5,25683.5,25744.5,25796.257142857143,,,157547,-32.422598320153995,39.7840377408138,72.2066360609678,48.77962461881501,61.29726743306262,,,,
2025-12-30T07:00:00+08:00,25747.5,25747.75,25696.5,25710.25,25781.22619047619,,,42019,-32.80716696879239,31.19767734997731,64.0048443187697,44.74774312968429,59.65910959067878,,,,
2025-12-30T11:00:00+08:00,25710.5,25755,25709,25726,25769.242857142857,,,41321,-30.906792986727623,25.37135308536017,56.27814607208779,46.9475438629324,57.94206348437132,,,,
2025-12-30T15:00:00+08:00,25725.75,25754,25684,25727.5,25758.75238095238,,,51103,-28.51284085117277,20.637095008121833,49.1499358592946,47.16609110236197,56.096873278181214,,,,
2025-12-30T19:00:00+08:00,25728.25,25774.75,25673.5,25756.75,25753.77142857143,,,223093,-24.099091715181565,19.026071215317643,43.12516293049921,51.42299402278639,54.822398927087896,,,,
2025-12-30T23:00:00+08:00,25756,25794,25678.25,25733.25,25746.75238095238,,,396721,-21.96220403398503,15.672407888017915,37.63461192200295,48.03115971490142,53.24900707403358,,,,
2025-12-31T03:00:00+08:00,25732.25,25743.25,25668.25,25676.5,25733.597619047618,,,145635,-23.4363092022537,8.339225419185823,31.775534621439522,40.92057155881821,51.20046674190375,,,,
2025-12-31T07:00:00+08:00,25678.25,25690.5,25588,25626,25715.654761904763,,,67916,-26.644163215034943,-1.529669397354155,25.11449381768079,35.77870146905707,48.724359359319486,,,,
2025-12-31T11:00:00+08:00,25625.25,25634.75,25577,25596,25696.242857142857,,,41788,-29.401546861391758,-11.637439759058907,17.76410710233285,33.08454386471462,46.495239604479096,,,,
2025-12-31T15:00:00+08:00,25595.25,25609.75,25552.25,25584.75,25677.816666666666,,,46667,-30.46844453283207,-20.321448563707236,10.146995969124834,32.09583830725016,44.33586041519866,,,,
2025-12-31T19:00:00+08:00,25585,25718.25,25581.75,25605.75,25664.67380952381,,,223716,-28.292286400110576,-25.218362031013385,3.073924369097191,35.99110744877193,42.81096809402907,,,,
2025-12-31T23:00:00+08:00,25606,25629.75,25542.5,25614.75,25654.72857142857,,,353848,-24.89884964518305,-28.04963768738162,-3.1507880421985712,37.66296396714034,42.09033292390776,,,,
2026-01-01T03:00:00+08:00,25614.25,25634.75,25426.5,25434.5,25622.004761904762,,21619.325,276829,-32.94107915717548,-44.32713698866792,-11.38605783149244,23.97901684927308,40.59177875719835,,,,
2026-01-02T07:00:00+08:00,25460,25608,25449.25,25603.5,25614.561904761904,,21619.325,70380,-25.365977308419005,-43.0935294670162,-17.72755215859719,44.57569354131447,40.798828104130074,,,,
2026-01-02T11:00:00+08:00,25603.25,25650,25595,25637.25,25612.480952380953,,21619.325,53522,-16.972858914946016,-38.94362580227971,-21.970766887333696,47.664802123406325,40.719197925886604,,,,
2026-01-02T15:00:00+08:00,25637,25738.75,25623.75,25731,25623.92142857143,25623.92142857143,21619.325,81574,-4.63926032623035,-27.769842295121634,-23.130581968891285,55.226808204705826,41.467702574102425,,,,
2026-01-02T19:00:00+08:00,25730.75,25803.5,25638,25733.25,25635.464285714286,25635.464285714286,21619.325,290804,3.6888648641425625,-18.519500888713083,-22.208365752855645,55.3955494107025,42.07113154180029,,,,
2026-01-02T23:00:00+08:00,25733.75,25780,25265.25,25295,25588.504761904762,25635.464285714286,21619.325,927946,-19.05022573759264,-46.021147924846446,-26.970922187253805,30.761413022518013,40.899368821811436,,,,
2026-01-03T03:00:00+08:00,25294.5,25457,25287,25393.75,25558.83095238095,25635.464285714286,21619.325,258752,-25.756119833919172,-59.16607197965277,-33.4099521457336,37.58418495242438,39.91088245964273,,,,
2026-01-05T07:00:00+08:00,25430,25488,25406,25474.25,25543.347619047618,25635.464285714286,21619.325,116624,-23.167151883438194,-62.36889200003134,-39.20174011659314,42.613083611198775,39.523877023663964,,,,
2026-01-05T11:00:00+08:00,25474,25508.25,25456,25506.25,25534.597619047618,25635.464285714286,21619.325,48638,-17.930416521235713,-61.614760768137785,-43.68434424690207,44.5504808698947,39.783156260169434,,,,
2026-01-05T15:00:00+08:00,25506.25,25558.75,25455.25,25553.75,25533.80238095238,25635.464285714286,21619.325,85625,-10.278589326746854,-56.532580905335635,-46.25399157858878,47.42469917071812,40.615013238859504,,,,
2026-01-05T19:00:00+08:00,25554.25,25673.25,25520,25594.75,25539.161904761906,25635.464285714286,21619.325,360831,-1.905538616059097,-48.63591484866265,-46.730376232603554,49.871429439790695,41.814076494222086,,,,
2026-01-05T23:00:00+08:00,25594.75,25708,25557,25612.75,25546.933333333334,,,556418,5.017168708243723,-40.4589153472989,-45.47608405554262,50.964362008537954,43.16182818717122,,,,
2026-01-06T03:00:00+08:00,25613,25618.75,25548.5,25578.5,25549.871428571427,,,198513,7.322021061784376,-36.32355772831215,-43.64557879009653,48.7577385392048,44.073730407916415,,,,
2026-01-06T07:00:00+08:00,25581,25625.25,25552.25,25624,25559.135714285716,,,63227,11.684437535776446,-29.04003187037597,-40.724469406152416,51.78325101093901,45.08232233961632,,,,
2026-01-06T11:00:00+08:00,25623.75,25674.5,25616.5,25669,25574.311904761904,,,43182,17.049270230133374,-19.4128816184857,-36.46215184861907,54.67085644886657,47.274596596730134,,,,
2026-01-06T15:00:00+08:00,25669.25,25669.75,25527,25592.25,25577.02142857143,,,93396,14.95250529121465,-17.771520234600757,-32.72402552581541,49.189741639838026,47.60417146091039,,,,
2026-01-06T19:00:00+08:00,25593.25,25761.5,25589.5,25753,25601.27142857143,,,318834,23.411486766321957,-3.45966706791296,-26.871153834234917,58.65969528917087,48.389520972750724,,,,
2026-01-06T23:00:00+08:00,25753.25,25806,25639,25805,25631.35238095238,,,672957,31.04964135404948,11.940897858326935,-19.108743495722546,61.21090974465571,48.81695679703285,,,,
2026-01-07T03:00:00+08:00,25805,25837.75,25794,25831.25,25664.22857142857,,,177442,36.058839609241076,25.9648060158288,-10.094033593412275,62.48583039661683,49.32340543888388,,,,
2026-01-07T07:00:00+08:00,25834.5,25844.75,25801.75,25806.75,25692.904761904763,,,55281,35.836736688531786,34.70188726725246,-1.134849421279327,60.46241797875035,51.44490579290048,,,,
2026-01-07T11:00:00+08:00,25807,25822,25768,25768.75,25711.640476190478,,,46081,31.404180906546742,38.1203767119041,6.7161958053573585,57.32170644696159,52.854728756795986,,,,
2026-01-07T15:00:00+08:00,25768,25788.25,25727,25739.25,25722.871428571427,,,63718,25.035830401432168,38.01098380714757,12.9751534057154,54.90629213869532,53.732815080188594,,,,
2026-01-07T19:00:00+08:00,25739.75,25880,25731.75,25857,25747.27857142857,,,274587,27.128089998556643,46.885265903911204,19.75717590535456,61.8975168895403,54.97188908159185,,,,
2026-01-07T23:00:00+08:00,25855,25998,25809,25955.5,25781.47857142857,,,652129,33.12329596008556,61.1612958554615,28.03799989537595,66.62016300952139,56.342993641506375,,,,
2026-01-08T03:00:00+08:00,25956,25956.5,25814.25,25836.5,25795.985714285714,,,292827,27.29467791508641,62.15634728923396,34.86166937414755,57.26556801841217,56.871146397122196,,,,
2026-01-08T07:00:00+08:00,25839.25,25850.25,25773.75,25785.75,25801.42380952381,,,64771,18.65400730103014,58.17917850043523,39.52517119940509,53.75394955442705,57.07040265039999,,,,
2026-01-08T11:00:00+08:00,25786,25795.5,25671,25705,25794.44761904762,,,77612,6.746708676330336,47.95855704481801,41.21184836848767,48.58275437837558,57.057903781769326,,,,
2026-01-08T15:00:00+08:00,25705.5,25804.5,25680.25,25772.5,25795.266666666666,,,98489,2.8617427166219755,44.789026764265145,41.92728404764317,52.72961547140416,57.12550124323112,,,,
2026-01-08T19:00:00+08:00,25772.5,25818.75,25597.5,25603.5,25772.138095238097,,,389255,-10.890724195271368,28.313878803553962,39.20460299882533,43.2109513822399,56.306936595614935,,,,
2026-01-08T23:00:00+08:00,25603.25,25713.5,25569.5,25631.5,25753.366666666665,,,731999,-17.510120562849835,17.316952295263036,34.82707285811287,45.00528118345769,56.00804656301633,,,,
2026-01-09T03:00:00+08:00,25631,25741.75,25597,25711.5,25744.888095238097,,,278873,-15.953219182953056,14.885548879421549,30.838768062374605,49.93572614472364,55.38490590984153,,,,
2026-01-09T07:00:00+08:00,25720.5,25727,25627,25684.25,25733.17142857143,,,73531,-16.161271950064126,10.637178124794445,26.79845007485857,48.325788130055116,54.4645400802272,,,,
2026-01-09T11:00:00+08:00,25683.75,25702,25657.75,25691,25723.504761904762,,,43395,-15.258021936168092,7.725922654648457,22.98394459081655,48.77209157317211,53.48498730712401,,,,
2026-01-09T15:00:00+08:00,25691,25737.75,25652,25727.75,25720.07380952381,,,68382,-11.756272694027643,8.288603723281994,20.044876417309638,51.27174263436267,52.8285104968106,,,,
2026-01-09T19:00:00+08:00,25727.75,25824.75,25648.25,25734,25718.22857142857,,,415587,-8.729045781476362,9.133569190464186,17.86261497194055,51.7089132635439,52.42759669799505,,,,
2026-01-09T23:00:00+08:00,25738.25,25968.25,25615.75,25961.25,25747.014285714286,,,819487,7.965666455645767,27.81969804149776,19.854031585851992,64.38349921570216,53.10454006063839,,,,
2026-01-10T03:00:00+08:00,25962.25,25986,25923.5,25931.5,25769.719047619048,,,182994,15.932434342565653,39.76957451405906,23.837140171493406,62.05738047314483,53.11595888803872,,,,
2026-01-12T07:00:00+08:00,25946.5,25955.75,25723.5,25747.75,25767.214285714286,,,170871,8.14683119347654,34.02067916333908,25.873847969862542,49.907948791058416,51.92222930100564,,,,
2026-01-12T11:00:00+08:00,25747.75,25753.5,25677.25,25717.5,25762.654761904763,,,78932,0.6735243551197954,26.715753413762286,26.04222905864249,48.21278625246615,51.2756020320095,,,,
2026-01-12T15:00:00+08:00,25717.5,25750,25632.75,25708,25757.961904761905,,,103875,-4.889596686360495,19.930233200691873,24.819829887052368,47.65820385191365,50.84019162468712,,,,
2026-01-12T19:00:00+08:00,25707.75,25924.75,25705.5,25901,25779.742857142857,,,304891,3.9703990237959346,29.782828666797286,25.81242964300135,58.29116402286944,51.533649456436684,,,,
2026-01-12T23:00:00+08:00,25901.25,25997.25,25863.5,25978.5,25809.990476190476,,,499722,14.026079762652888,43.34502934631746,29.318949583664573,61.69950406830196,52.17435578478652,,,,
2026-01-13T03:00:00+08:00,25978.75,26020.5,25932.75,25942.25,25833.442857142858,,,208737,17.012829780452364,50.58498680923003,33.57215702877767,59.22977234445962,53.31855728208792,,,,
2026-01-13T07:00:00+08:00,25948,25954,25846,25878.25,25845.135714285716,,,89352,13.602624747585786,50.5754379632599,36.972813215674115,54.99027359519438,54.03177102578341,,,,
2026-01-13T11:00:00+08:00,25878.25,25932.75,25861.25,25915.75,25859.47857142857,,,53879,12.808190545658107,52.98305139774675,40.17486085208864,56.959482483426314,54.53346790711931,,,,
2026-01-13T15:00:00+08:00,25916,25937.25,25867.25,25878.5,25866.909523809525,,,63172,8.8953535508115,51.29405279060302,42.39869923979152,54.381272134652676,54.96600247887627,,,,
2026-01-13T19:00:00+08:00,25878.5,26046.25,25870.75,25947,25881.623809523808,,,399735,9.961523118422903,54.850603137820144,44.88908001939724,58.178805520375484,55.637910617962234,,,,
2026-01-13T23:00:00+08:00,25946.25,26026,25806,25840,25879.633333333335,,,910768,2.8698428433049585,48.47638357352844,45.60654073022348,50.95119747208674,55.61501453494253,,,,
2026-01-14T03:00:00+08:00,25840.25,25926.75,25803.25,25898.25,25884.340476190475,,,303079,1.576065922566002,47.576623133430985,46.00055721086498,54.32130814693782,55.80161416947066,,,,
2026-01-14T07:00:00+08:00,25900,25924.75,25873,25893.75,25886.883333333335,,,58502,-0.024026153252030724,45.97052451929994,45.99455067255197,54.00856805307751,55.06054765785461,,,,
2026-01-14T11:00:00+08:00,25893.5,25926,25835.5,25859.75,25885.535714285714,,,59062,-3.6147974854825122,41.47605381569883,45.090851301181345,51.561780771210586,54.31086196485931,,,,
2026-01-14T15:00:00+08:00,25860.75,25878.75,25711.5,25737,25868.504761904762,,,88698,-13.920632652210386,27.690060485918366,41.61069313812875,43.754688800762985,53.87134339412392,,,,
2026-01-14T19:00:00+08:00,25737.5,25807.75,25578.25,25585.25,25831.342857142856,,,456524,-29.714075142013883,4.468099210611399,34.18217435262528,36.33504793088502,53.02293351401098,,,,
2026-01-14T23:00:00+08:00,25585.75,25695,25421.25,25515,25786.07380952381,,,1048836,-42.850261247633945,-19.380652206917148,23.469609040716797,33.46885554922814,52.00940863524773,,,,
2026-01-15T03:00:00+08:00,25515,25658.5,25462.25,25610.5,25755.376190476192,,,431594,-42.956867758202755,-30.226475657036644,12.730392101166109,40.436779114212314,50.73409542748651,,,,
2026-01-15T07:00:00+08:00,25597.25,25643.5,25562.5,25609,25727.245238095238,,,95501,-40.98360371346635,-38.49911254066683,2.4844911727995207,40.364343403674916,49.21015538001314,,,,
2026-01-15T11:00:00+08:00,25609.25,25722.75,25570,25700.75,25714.866666666665,,,93622,-31.765751786355324,-37.222698560144636,-5.456946773789311,46.73155866819281,48.31742583170837,,,,
2026-01-15T15:00:00+08:00,25700.25,25833.25,25673.5,25817.25,25720.321428571428,,,105137,-16.838459801999797,-26.505021526289056,-9.66656172428926,53.59465296150881,48.21773864358797,,,,
2026-01-15T19:00:00+08:00,25818,25954.25,25811,25864,25732.590476190475,,,408893,-3.528018507318876,-14.076584858437855,-10.548566351118978,56.07226357159861,48.154365864171716,,,,
2026-01-15T23:00:00+08:00,25863.75,25939.75,25803.5,25885.5,25748.219047619048,,,707232,6.467901827975561,-2.463689066149527,-8.931590894125089,57.2182230267743,48.357005213608964,,,,
2026-01-16T03:00:00+08:00,25885,25885,25680.75,25705.75,25739.814285714285,,,403383,1.0042954775248472,-7.676221547219029,-8.680517024743876,46.22088275162624,47.50286787298403,,,,
2026-01-16T07:00:00+08:00,25720,25797.75,25704.25,25787,25744.540476190476,,,62859,2.7914898381898965,-5.191154727006506,-7.982644565196402,50.87658188154713,47.49753818794547,,,,
2026-01-16T11:00:00+08:00,25787.5,25827.25,25784,25823.5,25754.638095238097,,,39653,6.167455105803919,-0.27332568294150406,-6.440780788745423,52.87585787092794,47.39429173965906,,,,
2026-01-16T15:00:00+08:00,25823.75,25864.5,25795.25,25854.25,25769.54761904762,,,70511,9.981249075751016,6.035780555943347,-3.945468519807669,54.57496310294072,47.434748528934996,,,,
2026-01-16T19:00:00+08:00,25854.75,25891.25,25726.25,25728.75,25768.1,,,341374,3.8752809551200302,0.8986326740923687,-2.9766482810276615,47.02577947242417,47.11074843616454,,,,
2026-01-16T23:00:00+08:00,25729,25765.5,25590.25,25716.5,25766.266666666666,,,749912,-0.9095990494785973,-4.113647092875908,-3.204048043397311,46.34316862245768,47.29563985199987,,,,
2026-01-17T03:00:00+08:00,25716.25,25748.25,25670.75,25681.75,25759.995238095238,,,267139,-6.049439575866356,-10.765847513230256,-4.7164079373639,44.3509043572951,47.868201025314875,,,,
2026-01-19T07:00:00+08:00,25556,25559,25375,25416.25,25717.404761904763,,,186554,-25.85446157646465,-37.034484907944716,-11.180023331480065,32.65152213164366,47.80982006691598,,,,
2026-01-19T11:00:00+08:00,25416.5,25419.25,25356,25384.75,25671.55476190476,,,82090,-38.820862352716134,-59.706101272375236,-20.885238919659102,31.573523787986133,47.17673040075697,,,,
2026-01-19T15:00:00+08:00,25385,25410.5,25257.5,25269.25,25612.454761904763,,,161558,-52.09343083973141,-86.00202746932337,-33.908596629591955,27.890302007730583,46.2857274439038,,,,
2026-01-19T19:00:00+08:00,25269.25,25348.75,25236.25,25316.25,25562.85714285714,,,193201,-54.37302750775821,-101.87488101428971,-47.5018535065315,31.44068900769703,45.19352246815411,,,,
2026-01-19T23:00:00+08:00,25316,25418,25287.75,25397.75,25527.788095238095,,,200079,-47.317305654773705,-106.64848557499863,-59.331179920224926,37.28215013375743,44.02834369474329,,,,
2026-01-20T07:00:00+08:00,25396.25,25438.75,25324.25,25423.75,25500.180952380953,,,126693,-38.214294237537814,-107.09904771714719,-68.88475347960937,39.08832538097751,42.815205252556076,,,,
2026-01-20T11:00:00+08:00,25424.25,25431.5,25259.75,25311,25461.733333333334,,,99694,-37.07287903270496,-115.22585227049058,-78.15297323778562,34.40150859771994,41.185439936195046,,,,
2026-01-20T15:00:00+08:00,25310.75,25320.5,25095.25,25175.25,25410.657142857144,,,218987,-42.364782640605824,-131.1089515385429,-88.74416889793707,29.720877740212657,40.0068681496655,,,,
2026-01-20T19:00:00+08:00,25175,25369,25173,25323,25384.333333333332,,,513100,-33.22268991319356,-130.27253128942903,-97.04984137623546,39.49532190947082,39.19392100880291,,,,
2026-01-20T23:00:00+08:00,25322.75,25430,25170.75,25199.25,25345.928571428572,,,1009086,-32.76366601907121,-138.00442390007447,-105.24075788100326,35.04221091879549,37.92008908365059,,,,
2026-01-21T03:00:00+08:00,25199.25,25225.25,25099,25143.25,25306.00238095238,,,393342,-33.372762495772776,-146.95671100071922,-113.58394850494645,33.19457516838868,36.39291851689687,,,,
2026-01-21T07:00:00+08:00,25147,25218.75,25103.5,25180,25277.74761904762,,,100963,-28.624254688755144,-149.3642668658904,-120.74001217713524,35.62455667162415,35.57854545969687,,,,
2026-01-21T11:00:00+08:00,25179.75,25234.5,25178.5,25196.25,25256.885714285716,,,71516,-22.00965057825958,-148.25207539995972,-126.24242482170014,36.73460539495218,34.892219514875045,,,,
2026-01-21T15:00:00+08:00,25196.25,25246.75,25121.75,25153,25235.211904761905,,,103594,-18.31914848601386,-149.14136042921746,-130.8222119432036,34.983138681832386,34.223093395199136,,,,
2026-01-21T19:00:00+08:00,25153,25339.75,25026,25325,25241.507142857143,,,568784,-2.8763739257435077,-134.41767935038297,-131.54130542463946,46.12684833488477,35.185616695430646,,,,
2026-01-21T23:00:00+08:00,25324.5,25496.5,25142.75,25282.75,25243.038095238095,,,1257268,5.456582942783513,-124.72057674616008,-130.1771596889436,44.10130269424615,36.08045804587779,,,,
2026-01-22T03:00:00+08:00,25282.5,25653.25,25232.75,25509,25275.707142857143,,,599730,26.019022532336137,-97.65338152352342,-123.67240405585956,55.51345093906114,38.0535401124014,,,,
2026-01-22T07:00:00+08:00,25529,25602.75,25523,25568.25,25313.992857142857,,,80776,42.45189543286493,-70.60753476477839,-113.05943019764332,57.96513072548478,39.94814309224338,,,,
2026-01-22T11:00:00+08:00,25569.25,25595.25,25483.25,25539.75,25346.07857142857,,,72735,49.73824112740539,-50.88662878838659,-100.62486991579198,56.33596292894154,41.30912972047082,,,,
2026-01-22T15:00:00+08:00,25539.75,25715.75,25498.25,25688.5,25396.64523809524,,,122859,62.10807588462826,-22.98977506000665,-85.09785094463491,62.35954147430855,42.97135944142303,,,,
2026-01-22T19:00:00+08:00,25688.75,25739.75,25554.25,25580.25,25430.257142857143,,,423759,60.47299945538322,-9.506601625405892,-69.97960108078911,56.204113111099545,44.52868833523586,,,,
2026-01-22T23:00:00+08:00,25580,25721.25,25534.75,25673.5,25473.738095238095,,,718230,62.86705848400129,8.604222024212504,-54.26283645978879,59.92180205929334,46.68589721517019,,,,
2026-01-23T03:00:00+08:00,25673.5,25715,25584.25,25630,25506.67380952381,,,318965,58.79064875996064,19.225474490162014,-39.565174269798625,57.440460139637125,47.96769280303921,,,,
2026-01-23T07:00:00+08:00,25609.75,25689.75,25577.25,25668.75,25541.85238095238,,,78794,55.98737377760073,30.41904295220229,-25.56833082539844,59.086860907764944,49.68516780225132,,,,
2026-01-23T11:00:00+08:00,25669,25731.75,25668.25,25705.75,25577.492857142857,,,54469,53.88973983177065,41.793843964314874,-12.095895867455775,60.67162006889636,51.647813866573294,,,,
2026-01-23T15:00:00+08:00,25705.75,25725,25540,25573.75,25590.17619047619,,,117311,41.43633865168034,39.699527447144646,-1.736811204535691,52.72348329688985,52.86916576837799,,,,
2026-01-23T19:00:00+08:00,25574.5,25674,25556.75,25667.25,25611.57619047619,,,377203,37.4414124552267,45.06495436449768,7.623541909270983,57.06932313269042,54.32164560678786,,,,
2026-01-23T23:00:00+08:00,25673.25,25845.5,25662.5,25725.5,25636.257142857143,,,788021,36.62260594096362,53.401799335475516,16.779193394511893,59.593678214655405,56.0795412877038,,,,
2026-01-24T03:00:00+08:00,25725.25,25775,25672,25679,25649.285714285714,,,298360,31.069082290495807,55.61554625763165,24.546463967135843,56.690723305302434,56.83410378559078,,,,
2026-01-26T07:00:00+08:00,25590.25,25669.25,25399.5,25610,25649.742857142857,,,199399,21.332344393223714,51.21189445866548,29.87955006544177,52.54715940104965,57.437379264648165,,,,
2026-01-26T11:00:00+08:00,25609.75,25703.5,25600,25669,25654.95,,,87802,17.60410497884996,51.88468128900422,34.28057631015426,55.575965835914204,57.44184461442338,,,,
2026-01-26T15:00:00+08:00,25668.75,25742.25,25582.25,25651.5,25656.3,,,98298,12.915141882083049,50.42450366275807,37.50936178067502,54.45137953384838,57.19086238644936,,,,
2026-01-26T19:00:00+08:00,25651.5,25853.5,25641.75,25838,25681.72380952381,,,315146,20.859186185168163,63.58334451213523,42.724158326967064,63.1260790327526,57.67587067957872,,,,
2026-01-26T23:00:00+08:00,25837.5,25932.75,25803,25899,25712.440476190477,,,597108,28.248255741366954,78.03447800367576,49.786222262308804,65.47238857323333,57.898216900930485,,,,
2026-01-27T03:00:00+08:00,25898.75,25914.25,25833.75,25861.75,25736.185714285715,,,222087,28.567661682911506,85.49579936594819,56.92813768303668,62.809950941179345,58.3700624602219,,,,
2026-01-27T07:00:00+08:00,25857.25,25975,25839.75,25970.75,25771.783333333333,,,75699,33.707417499405054,99.062409557293,65.35499205788794,67.08293388670609,58.881571876465664,,,,
2026-01-27T11:00:00+08:00,25970.5,26028.25,25962,26001.5,25808.65,,,60381,36.528482522352775,111.0155952108289,74.48711268847613,68.20712811495294,59.65061958898822,,,,
2026-01-27T15:00:00+08:00,26002.5,26020.75,25967,26005.75,25842.545238095237,,,73367,35.97392829453112,119.45452305664003,83.48059476210891,68.3700021160397,60.31370110386498,,,,
2026-01-27T19:00:00+08:00,26006,26061,25917.25,26052.75,25879.49761904762,,,347748,35.97888523475923,128.45420130555794,92.47531607079871,70.21108834845145,60.99509169526177,,,,
2026-01-27T23:00:00+08:00,26052.5,26107,26022,26090.25,25918.14523809524,,,520141,35.64600212109801,137.0328187221712,101.3868166010732,71.64752952209982,62.34680928277678,,,,
2026-01-28T03:00:00+08:00,26090,26119,26061,26109.5,25954.440476190477,,,197295,33.872900875633945,143.72794269561564,109.8550418199817,72.39301671686255,63.441358824503354,,,,
2026-01-28T07:00:00+08:00,26112,26228.5,26109.5,26213.75,26000.42380952381,,,81623,36.6373459356425,155.65172423953481,119.01437830389231,76.10488307669493,64.62073060036332,,,,
2026-01-28T11:00:00+08:00,26214.25,26349,26190.25,26302.5,26053.590476190475,,,84916,41.028242623429605,170.29968158317934,129.27143895974973,78.75742034154801,66.19692324580943,,,,
2026-01-28T15:00:00+08:00,26301.75,26332,26252,26316.75,26102.719047619048,,,89209,41.36046200340479,180.97201646400572,139.61155446060093,79.16258470978637,68.09802505357634,,,,
2026-01-28T19:00:00+08:00,26317.25,26326.75,26213.5,26253.5,26136.683333333334,,,326331,34.091227782484935,182.2255891887071,148.13436140622215,72.46968116353193,69.30471900554903,,,,
2026-01-28T23:00:00+08:00,26253,26265.5,26100.75,26168,26153.680952380953,,,583637,20.94097115485232,174.31057534978754,153.36960419493522,64.43595514003877,70.01790297741977,,,,
2026-01-29T03:00:00+08:00,26168,26287.75,25996.25,26268.5,26179.159523809525,,,493732,16.616318560113683,174.14000239507732,157.52368383496363,68.86221484370895,70.42762696391665,,,,
2026-01-29T07:00:00+08:00,26278,26294.5,26085.75,26162.25,26186.371428571427,,,161489,4.817915082565122,163.54607768817004,158.72816260560492,60.218383690778964,70.0523409008842,,,,
2026-01-29T11:00:00+08:00,26161.5,26268.5,26161.5,26246.75,26202.342857142856,,,59304,1.1158395186952248,160.12296200397395,159.00712248527873,64.1252658364414,70.14629196483149,,,,
2026-01-29T15:00:00+08:00,26246.25,26280.75,26186.75,26191.5,26207.280952380952,,,92328,-6.238607384863002,151.20886325419997,157.44747063906297,59.92731958624074,69.63517665765539,,,,
2026-01-29T19:00:00+08:00,26192,26222,25858.25,25864,26166.45,,,461632,-32.85689755280188,116.37634869806061,149.2332462508625,42.103710489935644,67.77064682729701,,,,
2026-01-29T23:00:00+08:00,25864.25,25890.25,25536,25837,26123.32857142857,,,1318846,-50.90192122795159,85.60584471592301,136.5077659438746,41.00680859326558,65.81613300424172,,,,
2026-01-30T03:00:00+08:00,25836.25,26040.25,25820.25,25982.5,26101.214285714286,,,355277,-51.50287481472972,72.12917242546246,123.63204724019218,48.841986763409864,64.28976860531019,,,,
2026-01-30T07:00:00+08:00,25994.5,26019,25736.25,25843.75,26061.269047619047,,,188921,-59.16150570837128,49.680165104728076,108.84167081309936,42.912832782773386,62.23729026678687,,,,
2026-01-30T11:00:00+08:00,25844.25,25896.5,25736.75,25751.25,26011.338095238094,,,107083,-67.75586593107613,24.146838399254193,91.90270433033032,39.43154074798727,59.882899126152914,,,,
2026-01-30T15:00:00+08:00,25751,25804.75,25649,25764.25,25966.55238095238,,,147003,-69.59899974794385,4.903954645400518,74.50295439334437,40.175624170043534,57.31652348996353,,,,
2026-01-30T19:00:00+08:00,25765.5,25939.25,25763,25827,25934.414285714287,,,428933,-63.78041655252393,-5.22256629731055,58.55785025521338,43.81049708512967,54.820314685933646,,,,
2026-01-30T23:00:00+08:00,25826.75,25934.25,25568.75,25741.25,25895.371428571427,,,1225818,-62.79619191792803,-19.93738964219665,42.85880227573138,40.171835311648536,52.035261157495235,,,,
2026-01-31T03:00:00+08:00,25741.75,25781.25,25571,25638.75,25848.14285714286,,,538884,-65.81946489907214,-39.415528848108806,26.403936050963342,36.24624619467959,49.447872945434355,,,,
2026-02-02T07:00:00+08:00,25530,25646,25356.75,25366.75,25770.50238095238,,,298262,-81.86315292491935,-75.92500510518585,5.938147819733505,28.253600423242915,46.86341903709178,,,,
2026-02-02T11:00:00+08:00,25366.75,25388,25180.25,25233.25,25682.692857142858,,21448.2625,223482,-96.20141909269856,-114.31362604613969,-18.112206953441135,25.27004280133997,43.74969246263686,,,,
2026-02-02T15:00:00+08:00,25233.75,25472,25231.75,25406.5,25627.842857142856,,21448.2625,156322,-88.92379340425116,-129.26694870875508,-40.343155304503924,34.989162490137886,41.94760523401965,,,,
2026-02-02T19:00:00+08:00,25407.75,25799.25,25400,25752.75,25626.35714285714,,21448.2625,378368,-57.23611948097308,-111.88830465572028,-54.652185174747196,49.350952670534134,40.89229715074055,,,,
2026-02-02T23:00:00+08:00,25753.25,25949,25714,25941.75,25654.77619047619,25654.77619047619,21448.2625,646026,-21.814695395132247,-81.9205544186625,-60.10585902353026,55.239142436916154,40.557427354360236,,,,
2026-02-03T03:00:00+08:00,25941.75,25945.5,25821.5,25873,25676.407142857144,25654.77619047619,21448.2625,304081,-2.3091613694032063,-62.99231073528426,-60.68314936588106,52.803182855874574,41.321675380498725,,,,
2026-02-03T07:00:00+08:00,25873.25,25990.75,25866,25928.25,25705.319047619047,25705.319047619047,21448.2625,115281,14.116742142928722,-43.03722168722015,-57.153963830148875,54.55993399764755,42.28975576652601,,,,
2026-02-03T11:00:00+08:00,25927.5,26008.5,25913,25992,25741.861904761903,25741.861904761903,21448.2625,64816,28.26159513876891,-21.826969906687737,-50.08856504545665,56.59363641246482,42.843445027172784,,,,
2026-02-03T15:00:00+08:00,25992,26027.75,25944.5,25956,25773.514285714286,25741.861904761903,21448.2625,89574,33.805007436992376,-7.832305749216175,-41.63731318620855,55.075136042977405,43.71218097433022,,,,
2026-02-03T19:00:00+08:00,25955.75,26003.5,25623,25631.25,25760.79761904762,25741.861904761903,21448.2625,444607,15.162209633472429,-22.684551144368015,-37.846760777840444,43.57045428848907,44.00781765579463,,,,
2026-02-03T23:00:00+08:00,25632,25647.25,25246,25246.25,25697.890476190478,25741.861904761903,21448.2625,1265358,-21.5423218182141,-64.77466305060807,-43.23234123239397,34.303154352694065,43.58835552598396,,,,
2026-02-04T03:00:00+08:00,25246,25478,25218,25421.5,25663.283333333333,25741.861904761903,21448.2625,632463,-31.84054035374649,-83.03301667457708,-51.19247632083059,40.579192026025446,43.35754802176223,,,,
2026-02-04T07:00:00+08:00,25390.25,25473.5,25361.5,25413.5,25631.47142857143,25741.861904761903,21448.2625,117020,-36.66995975853585,-97.02992601900041,-60.35996626046456,40.3870582289218,43.372921087281746,,,,
2026-02-04T11:00:00+08:00,25412.75,25489.75,25402.75,25470.5,25610.380952380954,25741.861904761903,21448.2625,61275,-33.586749266978714,-102.34340284418795,-68.75665357720924,42.5030717716219,43.81983719992048,,,,
2026-02-04T15:00:00+08:00,25470.75,25514.5,25355,25449.5,25588.092857142856,25741.861904761903,21448.2625,133257,-30.60690942053344,-107.01529035287604,-76.4083809323426,41.90523968853206,44.79495429029827,,,,
2026-02-04T19:00:00+08:00,25450.25,25491,25186,25199.5,25531.683333333334,25741.861904761903,21448.2625,449954,-42.392554097060426,-129.39907355366813,-87.0065194566077,35.432728989754054,45.52086044661356,,,,
2026-02-04T23:00:00+08:00,25196.75,25305.75,24784,24923.75,25438.82857142857,25741.861904761903,21448.2625,1461394,-64.36177908620233,-167.45874331436062,-103.09696422815828,29.879540275062908,45.15588743125107,,,,
2026-02-05T03:00:00+08:00,24923.75,25181.25,24863.25,25118.25,25376.504761904762,25741.861904761903,21448.2625,417929,-61.40526192636,-179.85354163610828,-118.44827970974828,37.425707472510254,44.30408420282079,,,,
2026-02-05T07:00:00+08:00,25067.25,25169.25,24958.5,24961.25,25299.290476190476,25741.861904761903,21448.2625,170061,-65.27271181330704,-200.03916947638209,-134.76645766307504,34.186049284914205,42.800291834820655,,,,
2026-02-05T11:00:00+08:00,24961.75,25076.75,24915.5,25072,25246.180952380953,25741.861904761903,21448.2625,139571,-55.97860472852406,-204.7397135737301,-148.76110884520605,38.29634178080836,41.76408890088736,,,,
2026-02-05T15:00:00+08:00,25072.25,25124,24978,25033.75,25195.6,25741.861904761903,21448.2625,146807,-48.30354651211002,-209.1405419853436,-160.83699547323357,37.41592657119848,40.53951694185527,,,,
2026-02-05T19:00:00+08:00,25033.25,25065.25,24651.75,24769.75,25118.338095238094,25741.861904761903,21448.2625,610090,-56.34236004786786,-231.26494553306838,-174.92258548520053,31.894979086156496,38.775327132833254,,,,
2026-02-05T23:00:00+08:00,24770,24887.75,24537,24700.5,25043.483333333334,25741.861904761903,21448.2625,1068186,-61.25201041662416,-251.4875985059807,-190.23558808935655,30.602800058152724,37.0273031339172,,,,
2026-02-06T03:00:00+08:00,24700.5,24839,24407,24425.75,24943.95238095238,25741.861904761903,20761.8875,508818,-76.9179141419088,-286.38298076674255,-209.46506662483375,26.03717079945035,35.77492574184301,,,,
2026-02-06T07:00:00+08:00,24410,24578.25,24240.5,24534.25,24870.369047619046,25741.861904761903,20761.8875,252342,-73.87096538450913,-301.8037733554702,-227.93280797096105,30.50381191908572,35.50354413944242,,,,
2026-02-06T11:00:00+08:00,24533.75,24614.25,24426.25,24547.25,24805.3,25741.861904761903,20761.8875,125917,-65.18110932977737,-309.4091946331828,-244.2280853034054,31.048084001014615,34.8227507090845,,,,
2026-02-06T15:00:00+08:00,24548,24798.5,24490.5,24795.25,24781.623809523808,25741.861904761903,20761.8875,169929,-38.264212985960285,-292.05835153585576,-253.79413854989548,40.711342169871564,34.84591384772377,,,,
2026-02-06T19:00:00+08:00,24793.5,24984,24700.5,24855,24771.80238095238,25741.861904761903,20761.8875,463530,-13.260452422025821,-270.36970407742774,-257.1092516554019,42.81761347151133,34.868381112001586,,,,
2026-02-06T23:00:00+08:00,24854.75,25123.75,24742,25084.25,24798.409523809525,25741.861904761903,20761.8875,860311,20.080770523639643,-232.00828850085236,-252.089059024492,50.21978960619326,35.46227753469167,,,,
2026-02-07T03:00:00+08:00,25084.25,25221.5,25055.75,25107.75,24831.628571428573,25741.861904761903,20761.8875,267840,43.723698897682596,-197.43443540238877,-241.15813430007137,50.93011808952384,36.569233898960945,,,,
2026-02-09T07:00:00+08:00,25150.25,25347,25148,25228.25,24881.788095238095,,20761.8875,159856,66.13918098409971,-158.48415806994672,-224.62333905404643,54.55733896567866,38.3319338054335,,,,
2026-02-09T11:00:00+08:00,25228.25,25242.25,25156.75,25167,24920.880952380954,,20761.8875,87746,74.86066193531656,-131.04751163490073,-205.9081735702173,52.40914414984783,39.40217928238618,,,,
2026-02-09T15:00:00+08:00,25167.25,25214.75,24967.75,25044,24943.109523809522,,20761.8875,149303,70.43045049680859,-117.87011044920655,-188.30056094601514,48.24734176723583,40.40655731683773,,,,
2026-02-09T19:00:00+08:00,25045.25,25188.5,24955.5,25113.5,24973.816666666666,,20761.8875,403938,70.11362710482427,-100.65852706498481,-170.77215416980908,50.66236317400467,41.28984455920888,,,,
2026-02-09T23:00:00+08:00,25112.5,25416.75,25103.25,25369.75,25038.295238095237,,,625022,84.1497496358154,-65.58496712503984,-149.73471676085524,58.45938689146591,42.79294886779941,,,,
2026-02-10T03:00:00+08:00,25370,25429,25334,25361.5,25098.47380952381,,,246885,89.37465749095591,-38.01639489716035,-127.39105238811626,58.13670133015956,44.66735759951392,,,,
2026-02-10T07:00:00+08:00,25361.25,25396.25,25287,25306,25145.616666666665,,,111600,85.58388084690917,-20.41120132947981,-105.99508217638898,55.87332189783034,46.4723948737766,,,,
2026-02-10T11:00:00+08:00,25307.75,25358,25278.5,25313.25,25187.959523809524,,,69227,80.15046202551481,-5.807004644495464,-85.95746667001028,56.11678826100993,48.62093897817372,,,,
2026-02-10T15:00:00+08:00,25314,25405.75,25306.75,25355.5,25227.483333333334,,,100592,76.02323482143422,9.071576856782485,-66.95165796465173,57.603891092628096,50.556658919141036,,,,
2026-02-10T19:00:00+08:00,25355.5,25421.75,25251.25,25391.75,25264.019047619047,,,454227,72.3748809749233,23.5169432540024,-48.8579377209209,58.90728966368331,52.54660218076022,,,,
2026-02-10T23:00:00+08:00,25392,25447,25271,25312.75,25281.97857142857,,,877958,61.69798566020921,28.264544354340615,-33.4334413058686,54.89500522470737,53.55972097039135,,,,
2026-02-11T03:00:00+08:00,25312.5,25323,25197.5,25257.75,25287.67619047619,,,314355,48.56643895592201,27.274607389033918,-21.291831566888092,52.194934215158,54.22952959493754,,,,
2026-02-11T07:00:00+08:00,25254,25330,25254,25322,25298.10476190476,,,64796,42.08430536413037,31.313550138274877,-10.770755225855497,55.01469354265011,54.572022733255885,,,,
2026-02-11T11:00:00+08:00,25321.5,25345.25,25266.75,25269.25,25299.235714285714,,,61191,32.54711393344131,29.913137190946145,-2.633976742495168,52.25413671464876,54.66659549219338,,,,
2026-02-11T15:00:00+08:00,25269.25,25290.25,25147,25207.5,25290.595238095237,,,112998,20.946486339279353,23.549131181604025,2.602644842324671,49.1073483426808,54.27731044769354,,,,
2026-02-11T19:00:00+08:00,25207.25,25465.5,25205.5,25305,25295.152380952382,,,469795,18.775882684425444,26.072498197856476,7.296615513431032,53.890293807655944,54.38310685182268,,,,
2026-02-11T23:00:00+08:00,25305.5,25342.75,25058,25301.5,25297.928571428572,,,1180403,16.141243894953973,27.4731703821235,11.331926487169525,53.692684472475385,54.772059902196936,,,,
2026-02-12T03:00:00+08:00,25301.5,25360.75,25257.75,25277.75,25295.085714285713,,,307994,12.024772139654862,26.362891661738104,14.338119522083241,52.27374251582016,54.887158426612324,,,,
2026-02-12T07:00:00+08:00,25281.75,25314.75,25205.5,25293,25292.711904761905,,,107138,9.656790441632193,26.40910757412348,16.75231713249129,53.141175030771,54.50728615084841,,,,
2026-02-12T11:00:00+08:00,25293.25,25344.5,25282,25320.25,25294.70238095238,,,60886,9.252664138172062,28.318147305206367,19.065483167034305,54.744547608980426,54.26498945647847,,,,
2026-02-12T15:00:00+08:00,25320.75,25374,25313.25,25349.5,25300.985714285714,,,76018,10.20717595287583,31.82445310812909,21.617277155253262,56.48796115458942,54.30889226053268,,,,
2026-02-12T19:00:00+08:00,25350,25420,25186.25,25206.25,25287.754761904762,,,411784,0.9314075050282895,22.781536536538624,21.850129031510335,46.84611115126302,53.646701038407905,,,,
2026-02-12T23:00:00+08:00,25208.25,25260.25,24801,24905.5,25235.442857142858,,,1363914,-24.32365622579787,-8.554441250737,15.769214975060867,33.679594529377084,51.937822712461404,,,,
2026-02-13T03:00:00+08:00,24906.5,24944,24721.5,24822,25176.283333333333,,,442353,-44.350494499722004,-39.66890314959164,4.681591350130365,31.03747124845121,49.947121397087685,,,,
2026-02-13T07:00:00+08:00,24838.75,24864.5,24708.5,24802.5,25119.95,,,180753,-55.86512815724118,-65.14981884642111,-9.28469068917993,30.429315105701747,48.19957210287299,,,,
2026-02-13T11:00:00+08:00,24803.5,24820.5,24642.75,24713.75,25056.64285714286,,,110091,-65.73290603859576,-91.45082323742463,-25.71791719882887,27.731430604488935,46.45217898782521,,,,
2026-02-13T15:00:00+08:00,24713.25,24808.75,24674.5,24729.25,25000.583333333332,,,137565,-67.24837135982473,-109.77838139860978,-42.53001003878505,28.931918171982005,44.58912360420605,,,,
2026-02-13T19:00:00+08:00,24729.75,24849.75,24578.75,24699,24946.135714285716,,,623099,-66.21571126160694,-125.29964911579373,-59.083937854186786,27.943652692151474,42.85266045974196,,,,
2026-02-13T23:00:00+08:00,24697.75,24995.5,24691.75,24939.75,24929.219047619048,,,1031158,-46.194563369996516,-116.82714206668243,-70.63257869668591,44.42536983451002,42.51823342344404,,,,
2026-02-14T03:00:00+08:00,24940,24968.75,24731.5,24772.75,24892.585714285713,,,441950,-41.23770652101845,-122.17971184795897,-80.94200532694052,37.87042387164034,41.37395699944293,,,,
2026-02-16T07:00:00+08:00,24789.25,24872.5,24754.25,24831.25,24868.821428571428,,,97791,-31.497829815013375,-120.31429259570723,-88.81646278069385,41.18663410085662,40.48066768718445,,,,
2026-02-16T11:00:00+08:00,24831.25,24840.5,24794,24823.75,24848.535714285714,,,49370,-23.410805242887562,-118.07996933430331,-94.66916409141575,40.88144859888282,39.6669324074032,,,,
2026-02-16T15:00:00+08:00,24823.75,24922.25,24821.5,24878.25,24839.840476190475,,,77654,-12.773638441095116,-110.63621214278464,-97.86257370168953,44.16138936253427,39.0255191453863,,,,
2026-02-16T19:00:00+08:00,24878.25,24881,24692.25,24768.5,24820.461904761905,,,167659,-11.548647331250379,-112.2983828657525,-100.74973553450212,39.36367447532972,37.92688535012553,,,,
2026-02-16T23:00:00+08:00,24768.25,24797.5,24670.5,24746,24803.338095238094,,,255949,-10.692828787742513,-114.11577151918027,-103.42294273143776,38.42993040800043,36.63702601108346,,,,
2026-02-17T07:00:00+08:00,24746,24842,24617.5,24662,24780.761904761905,,,175157,-14.013679084016502,-120.94004158645839,-106.92636250244189,35.044332732870245,35.79404183834112,,,,
2026-02-17T11:00:00+08:00,24662.5,24665,24558,24629.25,24759.00238095238,,,128771,-16.475704753609506,-127.52099344445378,-111.04528869084427,33.77863943157833,35.801116474212634,,,,
2026-02-17T15:00:00+08:00,24629.25,24727,24584,24606.5,24736.840476190475,,,130247,-17.59464422948801,-133.0385939777043,-115.44394974821628,32.87875909495642,35.93263703467729,,,,
2026-02-17T19:00:00+08:00,24605.5,24815.5,24475.75,24484.75,24700.49761904762,,,520201,-24.090953607481765,-145.5576417575685,-121.46668815008672,28.45336127643658,35.79149747544407,,,,
2026-02-17T23:00:00+08:00,24484.25,24872.75,24449.25,24845.25,24715.24761904762,,,1101988,-2.7861704584810525,-124.94940122318803,-122.16323076470698,50.1337988735372,37.391666637518945,,,,
2026-02-18T03:00:00+08:00,24845.5,24889.5,24735.75,24770.25,24718.745238095238,,,353620,7.040724606085931,-113.36232500709957,-120.4030496131855,46.9077706909362,38.67565610315853,,,,
2026-02-18T07:00:00+08:00,24786,24786,24702,24758,24720.219047619048,,,99497,13.14687087450298,-103.96946102005677,-117.11633189455975,46.37603653468221,39.99225494905358,,,,
2026-02-18T11:00:00+08:00,24758.75,24848.25,24736.25,24824,24729.930952380953,,,62475,21.564597418730884,-90.16058512114614,-111.72518253987703,49.72563512747337,40.37084532712239,,,,
2026-02-18T15:00:00+08:00,24823.5,24942,24802,24922,24753.811904761904,,,96845,32.98292172457944,-70.49653038415272,-103.47945210873216,54.345102732200814,41.54760810287671,,,,
2026-02-18T19:00:00+08:00,24921.75,24962.25,24752,24940.5,24778.738095238095,,,456267,40.53471612430056,-52.811056953356456,-93.34577307765701,55.192965852126136,42.54806037082453,,,,
2026-02-18T23:00:00+08:00,24941,25128.5,24937,25027.25,24814.190476190477,,,706953,49.530335682991264,-31.43285347391793,-80.9631891569092,59.080342986212635,43.847981398490944,,,,
2026-02-19T03:00:00+08:00,25027.75,25036.75,24856,24937,24835.67142857143,,,406740,47.5507354882527,-21.52476979659332,-69.07550528484602,53.78451331273467,44.53534739493383,,,,
2026-02-19T07:00:00+08:00,24940.25,24994.75,24916.25,24979.75,24862.292857142857,,,100850,47.17522563379515,-10.106473242602078,-57.28169887639723,55.83044664471629,45.71154540703287,,,,
2026-02-19T11:00:00+08:00,24979.75,25022.25,24940.5,25018.75,24892.10238095238,,,64296,47.47797525420187,2.0657701913551136,-45.41220506284676,57.694333466076266,47.08757419689543,,,,
2026-02-19T15:00:00+08:00,25019.5,25054.25,24825.25,24854.5,24897.414285714287,,,150242,35.11082205765426,-1.5236774907789368,-36.6344995484332,48.32519825590165,48.03620744854054,,,,
2026-02-19T19:00:00+08:00,24855,24920,24762.5,24881.75,24904.52619047619,,,430656,27.591783793990125,-2.1447698059455433,-29.736553599935668,49.80061408951545,49.180634209821754,,,,
2026-02-19T23:00:00+08:00,24880.25,24961.75,24748,24840.75,24903.766666666666,,,1006977,19.08716764499953,-5.877594043686258,-24.964761688685787,47.571225022667306,50.2300960618011,,,,
2026-02-20T03:00:00+08:00,24841.25,24872,24751.5,24836.25,24900.17619047619,,,343643,12.696477616391228,-9.094164668196754,-21.79064228458798,47.31760058283786,51.577541726544055,,,,
2026-02-20T07:00:00+08:00,24844,24936,24825.25,24896.75,24901.30476190476,,,101647,12.084976365321104,-6.684421827936603,-18.769398193257707,51.13833172533768,51.649294073101224,,,,
2026-02-20T11:00:00+08:00,24896.5,24960,24885.25,24943.25,24908.14285714286,,,51408,14.206823185438912,-1.0108692114590667,-15.217692396897979,53.93923564510088,52.15154156982727,,,,
2026-02-20T15:00:00+08:00,24943,24985.25,24896.25,24902.5,24907.9,,,85235,12.330177514452775,0.19502949616799015,-12.135148018284784,51.1368548081259,52.491600017930395,,,,
2026-02-20T19:00:00+08:00,24902.25,24958,24677,24900,24905.94761904762,,,476994,10.458653753130786,0.9381691731286992,-9.520484580002087,50.95966046671477,52.57974468501907,,,,
2026-02-20T23:00:00+08:00,24899.25,25139.75,24858.25,25098.25,24929.704761904763,,,1237911,21.47600729759608,17.324524541993014,-4.151482755603066,62.269774522900846,53.14579267006907,,,,
2026-02-21T03:00:00+08:00,25098.5,25120,25013.75,25078.5,24949.15,,,241274,26.033112683136366,28.38990809831739,2.3567954151810264,60.74718738826389,53.5425227797932,,,,
2026-02-23T07:00:00+08:00,25036,25059.25,24810.75,24839,24935.347619047618,,,192532,12.218902330204799,17.630423327937024,5.411520997732226,45.899991293991334,52.60106908749167,,,,
2026-02-23T11:00:00+08:00,24838.5,24869.25,24807,24868.25,24927.238095238095,,,75784,4.737218718486428,11.333044395840261,6.595825677353833,47.60610460746289,52.15975417997226,,,,
2026-02-23T15:00:00+08:00,24867.75,25004.25,24863.25,24970.75,24933.45,,,106496,6.280689199494336,14.446687176721753,8.165997977227416,53.24304350362586,51.97493966989437,,,,
2026-02-23T19:00:00+08:00,24970.5,25040,24857.5,24913.25,24932.08095238095,,,403358,3.17489897449207,12.134621695342503,8.959722720850433,49.95402962751907,51.42206082428314,,,,
2026-02-23T23:00:00+08:00,24912.75,24952.75,24667.75,24727.25,24906.916666666668,,,909680,-10.889953171770227,-4.652718743862351,6.237234427907875,41.01349866160232,50.899796567547476,,,,
2026-02-24T03:00:00+08:00,24727.5,24796.75,24678.5,24787,24890.930952380953,,,299480,-15.37841893811237,-12.985789244732587,2.392629693379783,44.494787672912985,50.520808966361585,,,,
2026-02-24T07:00:00+08:00,24787,24879.5,24769.25,24869.25,24886.814285714285,,,110325,-12.158350491256858,-12.80530842069129,-0.6469579294344321,49.01363864689866,50.62383851094955,,,,
2026-02-24T11:00:00+08:00,24869.5,24890.25,24822.75,24838,24878.259523809524,,,56740,-11.49111695074022,-15.010854117859708,-3.5197371671194873,47.41370910475375,50.63070340537211,,,,
2026-02-24T15:00:00+08:00,24837.5,24869,24761,24841.75,24870.188095238096,,,110946,-10.199119544064718,-16.268636597200384,-6.069517053135667,47.63746494723728,50.380641492650646,,,,
2026-02-24T19:00:00+08:00,24842.25,24964.25,24694,24876.75,24867.307142857142,,,467237,-6.565713037943796,-14.276658350565413,-7.710945312621616,49.81181120377155,50.08582546112713,,,,
2026-02-24T23:00:00+08:00,24877.25,25080.75,24819.5,25029.5,24885.42619047619,,,784726,5.874268660764436,-0.36810948666607146,-6.242378147430507,58.096243193590915,50.582924631517486,,,,
2026-02-25T03:00:00+08:00,25029.75,25071.75,24988.25,25017,24900.66904761905,,,256201,12.622659089336702,9.53594571424037,-3.086713375096332,57.252571330394375,51.03241826463746,,,,
2026-02-25T07:00:00+08:00,25020.5,25118,24992.25,25107.25,24926.83095238095,,,102602,21.97840396068213,24.38629157575633,2.4078876150742006,61.6401795378878,50.987447194279376,,,,
2026-02-25T11:00:00+08:00,25106.75,25110,24995,25041.25,24944.10714285714,,,83936,22.456341278206743,30.47831421283263,8.021972934625886,56.97481033782233,50.71799169067641,,,,
2026-02-25T15:00:00+08:00,25042.25,25094.25,25017.5,25073.5,24966.038095238095,,,71935,23.56368947463232,37.47658477791629,13.912895303283968,58.643369517966406,51.62823299238892,,,,
2026-02-25T19:00:00+08:00,25073.75,25352,25068.25,25343.25,25021.70238095238,,,361729,40.11047993591432,64.05099522317687,23.94051528726255,69.4529417812896,53.188721361948055,,,,
2026-02-25T23:00:00+08:00,25343,25361,25264.75,25350.5,25073.809523809523,,,552587,48.623446949424206,84.71982397404281,36.096377024618604,69.68525949803875,54.36316536154897,,,,
2026-02-26T03:00:00+08:00,25350.75,25495,25349.5,25460.75,25137,,,244955,58.11710197114545,108.74275448855042,50.625652517404966,73.08146187343833,56.01512480768606,,,,
2026-02-26T07:00:00+08:00,25398.75,25418.5,25264.75,25307.5,25174.542857142857,,,145781,50.779345106340706,114.09983390033085,63.320488793990144,62.46903001103668,57.54766276121709,,,,
2026-02-26T11:00:00+08:00,25306.25,25344.5,25281.5,25327.5,25209.22619047619,,,48022,44.21731654692843,118.59213447765069,74.37481793072226,63.22923107609978,58.88583729001615,,,,
2026-02-26T15:00:00+08:00,25327.25,25402,25326,25356.5,25242.628571428573,,,79425,38.959070607004065,123.07365618947733,84.11458558247327,64.37079791452214,59.98277723770354,,,,
2026-02-26T19:00:00+08:00,25358,25415.5,25182.5,25193,25249.590476190475,,,432972,22.419960408098376,112.13953609259624,89.71957568449787,54.05021198077028,60.456813157419,,,,
2026-02-26T23:00:00+08:00,25193,25211,24862,25001.75,25227.67142857143,,,1172277,-2.1448092712688123,87.03856409541186,89.18337336668067,44.87015671222331,60.25914828348943,,,,
2026-02-27T03:00:00+08:00,25002,25099,24988.25,25028.75,25207.82857142857,,,324579,-16.519087429797096,68.5345140794343,85.0536015092314,46.275464474262535,60.006552088524494,,,,
2026-02-27T07:00:00+08:00,25026,25036.75,24954,25032,25186.97142857143,,,130004,-25.230658686200528,53.51527815148074,78.74593683768127,46.45469593072251,59.175012998319616,,,,
2026-02-27T11:00:00+08:00,25031.75,25060.5,24991.75,25031.75,25166.057142857142,,,60319,-30.102136049341794,41.11826677600402,71.22040282534581,46.441694389739546,58.40280750255855,,,,
2026-02-27T15:00:00+08:00,25033.75,25098.75,24966,25000.75,25140.869047619046,,,117028,-34.20513036736113,28.463989866144402,62.66912023350553,44.74757144783074,57.19619263898305,,,,
2026-02-27T19:00:00+08:00,25001,25012.5,24780,24880.5,25100.661904761906,,,539697,-43.22913474329072,8.632701804392127,51.86183654768285,38.7637980113582,55.89540604423561,,,,
2026-02-27T23:00:00+08:00,24880.5,25036.75,24866.25,24902.75,25064.95238095238,,,927559,-45.671934630418846,-5.228081740340713,40.443852890078134,40.373258209773454,54.5903980936504,,,,
2026-02-28T03:00:00+08:00,24902.5,25022.75,24873.5,24952.5,25037.50238095238,,,358900,-42.00262610396813,-12.059429739882034,29.9431963640861,43.965605444132436,52.769874069567756,,,,
2026-03-02T07:00:00+08:00,24684.75,24901.25,24631,24821,24996.240476190476,,,259427,-46.16593673711229,-27.76422455730426,18.401712179808026,37.45823195968993,50.467943531114265,,,,
2026-03-02T11:00:00+08:00,24820.5,24835.25,24534.5,24590.5,24929.288095238095,,,153468,-61.23306090322015,-58.139613949217164,3.093446954002987,29.19522320486392,47.33321219764467,,,,
2026-03-02T15:00:00+08:00,24590.25,24685,24477,24657.75,24879.590476190475,,,251202,-63.20336867010521,-75.91076388362853,-12.707395213523318,33.84031486010373,45.288303972578035,,,,
2026-03-02T19:00:00+08:00,24657.75,24899,24594.5,24863,24863.44761904762,,,468862,-47.910667987774666,-72.59573019824165,-24.685062210466988,45.70084807975597,44.03627661569634,,,,
2026-03-02T23:00:00+08:00,24859.25,25076.5,24803,24971.75,24866.22857142857,,,844148,-28.64872314401263,-60.49596614048278,-31.847242996470147,50.799070226161724,43.06686749509917,,,,
2026-03-03T03:00:00+08:00,24972,25100,24947,24997.5,24876.10714285714,,,383959,-13.140245796246234,-48.272550241777935,-35.1323044455317,51.964076808133576,42.91785783991082,,,,
2026-03-03T07:00:00+08:00,25002.75,25011.25,24808.25,24861.25,24869.680952380953,,,163277,-11.105861427622905,-49.01463123006033,-37.908769802437426,45.715686458206214,42.97825282176675,,,,
2026-03-03T11:00:00+08:00,24861,24884.75,24737.25,24753.25,24850.192857142858,,,146363,-15.795261784509314,-57.65284703307407,-41.85758524856475,41.40996792395778,42.63071735388784,,,,
2026-03-03T15:00:00+08:00,24753.5,24768,24392.75,24452.5,24793.22857142857,,,354404,-36.71802813460955,-87.75512041682668,-51.03709228221714,32.197549552546946,41.61234975544672,,,,
2026-03-03T19:00:00+08:00,24450.75,24661,24369.5,24489.75,24746.75,,,673028,-45.064689627608104,-107.36795431672726,-62.30326468911916,34.17616387913934,40.736240433260996,,,,
2026-03-03T23:00:00+08:00,24489.5,24835,24350.75,24800,24746.8,,,1133515,-27.56641268260981,-96.76128054238143,-69.19486785977162,47.97147117931994,40.96651898551022,,,,
2026-03-04T03:00:00+08:00,24799.75,24850.25,24693,24711.5,24736.961904761905,,,383428,-20.170781633008502,-94.40834490103225,-74.23756326802375,45.03441180210438,41.41441997056352,,,,
2026-03-04T07:00:00+08:00,24711.5,24804.25,24588.75,24636.5,24718.733333333334,,,233845,-18.58747275717282,-97.47190421448977,-78.88443145731695,42.62190209351372,41.57503739083068,,,,
2026-03-04T11:00:00+08:00,24636.25,24644.75,24498.5,24571.5,24694.373809523808,,,188288,-20.04967323558023,-103.94652300179223,-83.896849766212,40.56723873099098,41.33229691132057,,,,
2026-03-04T15:00:00+08:00,24570.25,24866,24535.75,24842.25,24709.742857142857,,,198290,-1.8716111229395835,-86.23636366988649,-84.3647525469469,51.24682489877811,42.317196406969735,,,,
2026-03-04T19:00:00+08:00,24842.5,24970.5,24720,24921,24735.409523809525,,,460573,15.414937360230425,-65.09608084665888,-80.5110182068893,53.87661076312555,44.08015266113129,,,,
2026-03-04T23:00:00+08:00,24922.5,25215,24890.25,25192.5,24794.128571428573,,,857216,43.50223387627341,-26.133225861547544,-69.63545973782095,61.65566090395648,46.06696309283505,,,,
2026-03-05T03:00:00+08:00,25192.5,25217,25093.75,25137.75,24840.454761904763,,,268754,55.96718430751762,0.32352064657607116,-55.64366366094155,59.44989558116431,47.04903791436421,,,,
2026-03-05T07:00:00+08:00,25154.5,25243,25044,25091,24877.930952380953,,,189270,58.36989834550048,17.31870927093405,-41.05118907456643,57.53261140871323,47.53000514168932,,,,
2026-03-05T11:00:00+08:00,25091.5,25106.5,24980.75,25091.75,24914.371428571427,,,143045,57.2381455359172,30.496492845330067,-26.74165269058713,57.55656739744495,47.929468755211566,,,,
2026-03-05T15:00:00+08:00,25092,25206.5,24973,25107,24951.94761904762,,,262397,54.74528454628883,41.6899529922739,-13.055331554014924,58.08109174048098,48.81271198965976,,,,
2026-03-05T19:00:00+08:00,25107.25,25188,24962.25,25185.75,24997.683333333334,,,455577,55.45763328590134,56.26671005336175,0.8090767674604127,60.809475782550784,50.1983911224164,,,,
2026-03-05T23:00:00+08:00,25185.25,25208.25,24774,24814.25,24989.766666666666,,,1101720,29.28130059245003,37.41070250802295,8.12940191557292,45.55154959619018,51.15224826839091,,,,
2026-03-06T03:00:00+08:00,24814.25,25056,24792.75,25010.5,25004.571428571428,,,378832,23.7896105366374,37.86641508636967,14.07680454973227,52.43008578488701,52.45609983308718,,,,
2026-03-06T07:00:00+08:00,25015.75,25116.25,25000.75,25069.5,25022.283333333333,,,124485,22.73734153175848,42.49848146443037,19.761139932671888,54.32261520805555,52.90975297799687,,,,
2026-03-06T11:00:00+08:00,25070,25141.5,25069.75,25106.75,25042.39523809524,,,83669,23.0829201270787,48.61479009152026,25.53186996444156,55.540858887386065,53.66021348408842,,,,
2026-03-06T15:00:00+08:00,25106.5,25140.25,24882,24948,25037.57619047619,,,219935,11.725653963960717,40.18893741939246,28.463283455431743,49.41373532822323,54.14534442942482,,,,
2026-03-06T19:00:00+08:00,24947.5,24963,24611.75,24691,24995.52380952381,,,687443,-12.668172520026161,12.628067805399041,25.296240325425202,41.356348976362455,54.20170944695135,,,,
2026-03-06T23:00:00+08:00,24691.5,24921,24664.25,24800.5,24966.933333333334,,,1128425,-20.536250642961498,-0.3740729782766721,20.162177664684826,45.48786332774072,53.790355049020114,,,,
2026-03-07T03:00:00+08:00,24801,24854,24605,24660.75,24920.10714285714,,,433955,-33.4935986308312,-21.704820623854175,11.788778006977026,41.42461807793329,52.90092700007781,,,,
2026-03-09T06:00:00+08:00,24500,24500,24005,24008.25,24788.759523809524,,,355044,-81.60772521814013,-90.22087851569813,-8.613153297558007,28.47086895894995,50.53058471829163,,,,
2026-03-09T10:00:00+08:00,24010.5,24258.5,23999,24257.75,24701.957142857143,,,204322,-91.48568423421659,-122.97025859032874,-31.484574356112155,36.72460252137752,48.907349499735425,,,,
2026-03-09T14:00:00+08:00,24258,24495,24210.25,24420,24645.16904761905,,,278964,-82.23971202819712,-134.28421439135855,-52.044502363161435,41.51238208268737,47.76304740501929,,,,
2026-03-09T18:00:00+08:00,24420.25,24526,24313.25,24371.25,24588.27142857143,,,434412,-74.77000549200201,-145.50700922816395,-70.73700373616194,40.50773009569402,46.54527331203708,,,,
2026-03-09T22:00:00+08:00,24371.25,24750,24323.5,24610.75,24570.16904761905,,,879401,-50.23934466302133,-133.5361845649386,-83.29683990191727,47.3382357571602,45.777926456085595,,,,
2026-03-10T02:00:00+08:00,24611.75,25055,24608.75,24958.25,24603.126190476192,,,494366,-9.294332663416625,-94.91475573118805,-85.62042306777143,55.43677641931087,45.39416221585418,,,,
2026-03-10T06:00:00+08:00,24978,24998.25,24832.5,24987.75,24642.183333333334,,,175024,19.519638033836344,-61.220875525476,-80.74051355931235,56.062528342097885,46.14494641199044,,,,
2026-03-10T10:00:00+08:00,24987,24999.25,24854.25,24957,24675.488095238095,,,110363,35.33012765481669,-36.57785399079148,-71.90798164560817,55.181418366715,46.341470167835304,,,,
2026-03-10T14:00:00+08:00,24957,25146.75,24939.5,25090.75,24727.135714285716,,,167538,52.57895645547933,-6.1842860762590135,-58.76324253173834,58.29181625080569,46.62498452803174,,,,
2026-03-10T18:00:00+08:00,25091.25,25108,24892.5,24964.25,24761.714285714286,,,450276,53.09671119470113,7.607646461638069,-45.48906473306306,54.396739628359086,46.543261723815526,,,,
2026-03-10T22:00:00+08:00,24964.5,25217.75,24892.5,25169.25,24824.983333333334,,,887497,64.135148698384,34.67987113991694,-29.45527755846706,59.214707462757715,47.24333116199655,,,,
2026-03-11T02:00:00+08:00,25169.5,25180.75,24940.75,25008.75,24864.745238095238,,,548527,57.71756010278769,42.691672570017545,-15.025887532770138,54.31368173244527,48.168854930288184,,,,
2026-03-11T06:00:00+08:00,25015,25098,24951.5,25091,24912.44761904762,,,107323,56.05548102353583,55.04346374664965,-1.01201727688618,56.33413536990551,48.94358864758567,,,,
2026-03-11T10:00:00+08:00,25091,25123.5,25025.25,25030.25,24949.283333333333,,,65321,48.2075044053538,59.24736322980607,11.03985882445227,54.39580813384236,49.87010222300774,,,,
2026-03-11T14:00:00+08:00,25029.5,25053.5,24899.5,24902.25,24965.533333333333,,,155494,32.49211840735606,51.65500683364735,19.16288842629129,50.4090811581292,51.437117380091976,,,,
2026-03-11T18:00:00+08:00,24902,25115.5,24895.25,25101.5,24999.835714285713,,,391792,33.47969350359824,61.01250530578909,27.53281180219085,55.89799391131864,52.80664533651635,,,,
2026-03-11T22:00:00+08:00,25101.5,25180,24873.75,24952.25,25006.20238095238,,,949959,22.567827870949166,55.74259664087731,33.17476876992814,51.261594382651964,53.503017643656676,,,,
2026-03-12T02:00:00+08:00,24951.5,25006.75,24890.25,24947.5,25006.866666666665,,,261942,13.939857124304325,50.59959017530855,36.659733051004224,51.11439848173179,54.260636814087945,,,,
2026-03-12T06:00:00+08:00,24940,24949.75,24732.5,24789.25,24980.942857142858,,,187643,-2.6321032207453996,33.369604025072476,36.001707245817876,46.28409867925652,54.18534130852339,,,,
2026-03-12T10:00:00+08:00,24790,24795.75,24696.25,24771.25,24950.91904761905,,,116048,-14.35804635418188,18.054149303090526,32.412195657272406,45.747663686948236,53.49326182764035,,,,
2026-03-12T14:00:00+08:00,24770.75,24921.5,24746.25,24917,24942.109523809522,,,130735,-11.949039124954858,17.475896751078835,29.424935876033693,50.786120175981985,53.11637553006064,,,,
2026-03-12T18:00:00+08:00,24917,24929,24630.5,24657.5,24899.373809523808,,,440486,-26.641676972461738,-3.8771603395434795,22.76451663291826,43.025107528438156,52.24806761304086,,,,
2026-03-12T22:00:00+08:00,24658.75,24750,24561,24624.25,24855.057142857142,,,1009145,-36.7836140761194,-23.215000962230988,13.568613113888409,42.12528055041831,51.093315063013186,,,,
2026-03-13T02:00:00+08:00,24625.5,24671.5,24517,24567.25,24807.583333333332,,,300362,-44.97343523215548,-42.64818092630594,2.3252543058495387,40.53969637079456,50.10352625890143,,,,
2026-03-13T06:00:00+08:00,24565,24661.25,24491.5,24630.25,24772.290476190476,,,158809,-43.749760758750035,-52.36194664258801,-8.612185883837972,43.12107739822698,48.953981254292096,,,,
2026-03-13T10:00:00+08:00,24629.75,24651,24553.25,24585.75,24736.19761904762,,,96506,-43.45072093841141,-62.92558705685224,-19.474866118440826,41.72524924617191,48.054807505272564,,,,
2026-03-13T14:00:00+08:00,24585,24596,24397.5,24530.25,24696.733333333334,,,203243,-44.349861686788394,-74.91219322692632,-30.562331540137926,39.96511827235179,46.88559199830445,,,,
2026-03-13T18:00:00+08:00,24532,24805,24525,24727.75,24688.942857142858,,,463556,-29.70591310752291,-67.69472292454157,-37.988809817018655,48.41301957545289,46.45824995841949,,,,
2026-03-13T22:00:00+08:00,24728,24765.5,24353,24374.25,24636.9,,,1093754,-41.18334421854301,-89.46799009019742,-48.284645871654405,37.97809663498312,45.57032249248048,,,,
2026-03-14T02:00:00+08:00,24374.25,24472.75,24333.75,24335.25,24584.685714285715,,,317335,-48.26696371715919,-108.6183505181034,-60.351386800944205,37.01780857194769,44.22173782538255,,,,
2026-03-16T06:00:00+08:00,24287.75,24526.25,24270,24516.5,24563.935714285715,,,151983,-38.05944155059612,-107.92568873918935,-69.86624718859323,44.174363189234924,43.715507025852766,,,,
2026-03-16T10:00:00+08:00,24515.5,24562,24474.5,24560,24553.135714285716,,,52109,-26.253399977438292,-102.6829971603911,-76.4295971829528,45.78719075493695,43.33499218822457,,,,
2026-03-16T14:00:00+08:00,24559.75,24585.25,24478,24491.75,24536.92619047619,,,68915,-21.136116739076954,-102.849743106799,-81.71362636772204,43.629749728268095,43.14539583458254,,,,
2026-03-16T18:00:00+08:00,24491.25,24744.25,24487.5,24736.75,24556.216666666667,,,196793,-0.4404174091193056,-82.26414812912117,-81.82373072000186,52.41095131991861,43.62134495122327,,,,
2026-03-16T22:00:00+08:00,24736,24765.75,24602.25,24681.5,24568.469047619048,,,369173,9.774378805190167,-69.60575721351415,-79.38013601870432,50.47654216127555,43.5992322358871,,,,
2026-03-17T02:00:00+08:00,24682.75,24816.25,24636.5,24659.5,24580.030952380952,,,141665,14.984131034229264,-60.649972225917736,-75.634103260147,49.68003957649042,44.07458452503369,,,,
2026-03-17T06:00:00+08:00,24876,24882.5,24804.75,24835.25,24615.007142857143,,,81978,29.369505990897807,-38.922220771524735,-68.29172676242254,55.76336304255899,45.048733274472305,,,,
2026-03-17T10:00:00+08:00,24835.75,24853,24752.75,24755.5,24637.340476190475,,,59981,32.37952623555395,-27.8173189679801,-60.19684520353405,52.61466272130506,45.911230870937345,,,,
2026-03-17T14:00:00+08:00,24755,24850.5,24729,24844,24669.680952380953,,,102627,38.76542673624181,-11.740061783231795,-50.5054885194736,55.646536058343116,46.805906489517064,,,,
2026-03-17T18:00:00+08:00,24843.25,25114.5,24793.5,25093,24733.185714285715,,,276327,57.08688491706016,20.8531176268516,-36.23376729020856,62.92714559845447,48.32032765753725,,,,
2026-03-17T22:00:00+08:00,25092.75,25098,24946,25034.25,24784.02619047619,,,622836,62.158879710892506,41.46483234840707,-20.694047362485435,60.376189514443574,49.77826131768666,,,,
2026-03-18T02:00:00+08:00,25034.25,25058.25,24981.5,25027,24829.1,,,190493,61.805422216653824,56.562730408331845,-5.242691808321979,60.048482540898824,50.60936581521852,,,,
2026-03-18T06:00:00+08:00,25026,25099,24990,25096.5,24880.590476190475,,,78414,62.82706380145974,73.29113794350269,10.464074142042955,62.19439281674813,52.33910125677316,,,,
2026-03-18T10:00:00+08:00,25096.25,25171.5,25094.25,25168.25,24934.769047619047,,,60937,64.65742886543856,91.28586022384115,26.628431358402594,64.35090750364856,54.29146546618038,,,,
2026-03-18T14:00:00+08:00,25168.75,25210.75,25153.5,25169.25,24981.14761904762,,,73820,62.236268303058225,104.42376673722538,42.18749843416715,64.38179870812417,55.73485371752961,,,,
2026-03-18T18:00:00+08:00,25169.25,25197.75,24863,24970.5,24994.809523809523,,,426259,44.38782768913037,97.67228304558012,53.28445535644975,54.19887808429529,56.33568852676949,,,,
2026-03-18T22:00:00+08:00,24969.25,24985,24795.5,24880.75,24992.595238095237,,,606449,24.660468083189578,84.11004046043672,59.449572377247144,50.28118309404595,56.81079091003933,,,,
2026-03-19T02:00:00+08:00,24880.75,24916.75,24564,24606.25,24950.07619047619,,,395276,-7.056940343151027,50.628396948308364,57.68533729145939,40.51087243079212,55.96078527510172,,,,
2026-03-19T06:00:00+08:00,24615,24670.5,24560.5,24639.5,24913.233333333334,,,133769,-24.970829889629464,26.47179992942256,51.44262981905202,42.000123149439844,55.35532677425631,,,,
2026-03-19T10:00:00+08:00,24639.75,24725.25,24576.25,24598,24871.257142857143,,,123674,-38.0073223274551,3.9334769097331446,41.940799237188244,40.615699024867816,54.70787387771184,,,,
2026-03-19T14:00:00+08:00,24597.75,24650.25,24500.25,24628,24833.866666666665,,,233614,-42.653772934450004,-11.376416930874257,31.277356003575743,42.12025018158691,53.73336581621383,,,,
2026-03-19T18:00:00+08:00,24627.75,24628.5,24324.25,24502,24781.65,,,519200,-51.656272224355064,-33.29298427686808,18.363287947486977,37.73931186343774,52.6708407549376,,,,
2026-03-19T22:00:00+08:00,24502.25,24577.75,24377.25,24453.5,24725.380952380954,,,871045,-57.85352851006087,-53.953622690089105,3.8999058199717602,36.16001228252986,51.27894619952236,,,,
2026-03-20T02:00:00+08:00,24453.25,24691.5,24417.25,24617,24694.630952380954,,,436931,-48.30643778896064,-56.483141416229046,-8.176703627268402,44.67453307380504,49.9751881620474,,,,
2026-03-20T06:00:00+08:00,24629.25,24660.75,24582.25,24617.5,24668.480952380953,,,114317,-39.68374871327265,-57.781389518859214,-18.097640805586565,44.69913902264078,48.85539884120435,,,,
2026-03-20T10:00:00+08:00,24618,24642,24559,24593,24643.033333333333,,,58973,-33.59746659488603,-60.094474049194105,-26.497007454308076,43.66114514521053,47.684874741512324,,,,
2026-03-20T14:00:00+08:00,24592,24616.5,24408,24431.5,24600.185714285715,,,162984,-38.08645270530318,-74.10507333593705,-36.01862063063387,37.413467695633976,45.914808661432744,,,,
2026-03-20T18:00:00+08:00,24431.75,24527.25,24279.5,24285.5,24544.204761904763,,,467364,-47.892511475945895,-95.88425997556624,-47.99174849962034,32.78658441800253,43.66021415531517,,,,
2026-03-20T22:00:00+08:00,24285.75,24359,24164.5,24211.75,24486.79761904762,,,805421,-55.79717564456371,-117.73821805532498,-61.94104241076127,30.69477206574213,41.25399796657359,,,,
2026-03-21T02:00:00+08:00,24212.25,24222.25,23970.75,24217,24439.209523809524,,,419619,-56.92693846371375,-133.09971549040347,-76.17277702668972,31.036461792929373,39.599539660047455,,,,
2026-03-23T06:00:00+08:00,23914,24095.75,23888,24044,24375.730952380953,,20437.399999999998,264842,-64.996850902449,-157.41884065475097,-92.42198975230197,26.363937574278708,37.89116498006408,,,,
2026-03-23T10:00:00+08:00,24044.75,24068.5,23933.75,23973.5,24310.821428571428,,20437.399999999998,137512,-70.3042250127311,-180.30227101821583,-109.99804600548474,24.710126486801997,36.76254026977907,,,,
2026-03-23T14:00:00+08:00,23973.5,23976.5,23772.75,23883,24239.871428571427,,20437.399999999998,224400,-74.71798802358546,-203.39553103496655,-128.6775430113811,22.714721454275903,35.385011577267356,,,,
2026-03-23T18:00:00+08:00,23883.25,24763.5,23815.75,24600,24271.72619047619,24271.72619047619,20437.399999999998,597587,-26.637215217654102,-161.97406203344872,-135.33684681579462,54.482792362658515,36.375518244252405,,,,
2026-03-23T22:00:00+08:00,24600.25,24690,24305,24467.75,24285.928571428572,24271.72619047619,20437.399999999998,867976,-2.3107973056310698,-138.22534344783344,-135.91454614220237,50.32075210724204,36.9612683817992,,,,
2026-03-24T02:00:00+08:00,24468.25,24537,24357.75,24400.25,24292.657142857144,24271.72619047619,20437.399999999998,269186,9.98908063945214,-123.4281953428872,-133.41727598233933,48.26769907444642,37.71329603972839,,,,
2026-03-24T06:00:00+08:00,24408.25,24490,24225.5,24264,24282.188095238096,24271.72619047619,20437.399999999998,173389,9.695944876760592,-121.2973448863886,-130.9932897631492,44.28875516563321,38.29392053137864,,,,
2026-03-24T10:00:00+08:00,24263,24307.25,24193.5,24262,24273.257142857143,24271.72619047619,20437.399999999998,122031,10.070541098179376,-118.40511339042496,-128.47565448860433,44.23036847990998,38.262194488957554,,,,
2026-03-24T14:00:00+08:00,24262.25,24507,24259.25,24420.5,24288.840476190475,24271.72619047619,20437.399999999998,198664,21.063804080712956,-102.14589938771314,-123.2097034684261,49.936353898307964,38.63628126579092,,,,
2026-03-24T18:00:00+08:00,24421,24434.25,24134.75,24216,24279.033333333333,24271.72619047619,20437.399999999998,411331,14.922536024220932,-104.55653343814993,-119.47906946237086,43.65036804869639,38.635511473182774,,,,
2026-03-24T22:00:00+08:00,24215.75,24384.75,24160.25,24242.5,24276.35,24271.72619047619,20437.399999999998,926044,13.071480146743966,-103.1397192789409,-116.21119942568487,44.63557727063689,39.151376442825836,,,,
2026-03-25T02:00:00+08:00,24242.25,24547.75,24189.25,24403.5,24296.933333333334,24271.72619047619,20437.399999999998,391018,22.560164791805533,-88.01099343592796,-110.57115822773349,50.38493714240179,40.40840163742579,,,,
2026-03-25T06:00:00+08:00,24422.5,24494,24379.75,24396.5,24315.459523809524,24271.72619047619,20437.399999999998,141885,27.886179880335774,-75.71343337731378,-103.59961325764955,50.13798300810887,41.79720241902341,,,,
2026-03-25T10:00:00+08:00,24396.75,24429.5,24320.25,24381.5,24330.22619047619,24271.72619047619,20437.399999999998,94335,29.74981626809337,-66.41234292253284,-96.16215919062621,49.57002465023683,43.121028337402514,,,,
2026-03-25T14:00:00+08:00,24381.5,24534.75,24324.5,24455,24353.22619047619,,,165399,34.925663263487706,-52.50508011126658,-87.43074337475429,52.44934996307745,44.984272079459565,,,,
2026-03-25T18:00:00+08:00,24454.5,24540,24360,24368.5,24360.77857142857,,,435792,31.615784385245803,-47.91101289319704,-79.52679727844284,48.86725378667157,46.70978117230739,,,,
2026-03-25T22:00:00+08:00,24368.5,24519.25,24287.25,24426,24372.235714285714,,,884500,32.278411067268934,-39.17878344435667,-71.4571945116256,51.28017504367405,48.75017071440726,,,,
2026-03-26T02:00:00+08:00,24426,24453.75,24312,24368.25,24370.821428571428,,,260073,27.967636505572386,-36.49764887966012,-64.4652853852325,48.7591737220037,48.34134081150334,,,,
2026-03-26T06:00:00+08:00,24368.25,24410,24283.75,24360.75,24370.614285714284,,,129654,23.908702026814993,-34.57940785171377,-58.48810987852876,48.421914860301186,48.20570957957899,,,,
2026-03-26T10:00:00+08:00,24360.75,24421.25,24243,24255.25,24357.359523809522,,,155228,13.91176826325733,-41.0983995494571,-55.01016781271443,43.775500762236454,47.884838271564,,,,
2026-03-26T14:00:00+08:00,24255.25,24298,24108.5,24155,24332.119047619046,,,185362,1.0204023742965092,-53.73466484484379,-54.7550672191403,39.81505761160666,47.56528844627639,,,,
2026-03-26T18:00:00+08:00,24155.5,24233.25,24066,24215.75,24316.016666666666,,,420853,-2.737032623302909,-58.17635799826894,-55.43932537496603,43.2114945973246,47.49251174037743,,,,
2026-03-26T22:00:00+08:00,24216.25,24241.25,23851.5,23861.5,24253.121428571427,,,853774,-27.050617973739136,-89.25259784213995,-62.20197986840081,31.796665221072615,46.19681969200348,,,,
2026-03-27T02:00:00+08:00,23861.5,24024.5,23762,23821.25,24190.183333333334,,,412244,-42.873441537272186,-115.79378178999104,-72.92034025271886,30.78856396454883,45.27811940027866,,,,
2026-03-27T06:00:00+08:00,23830,23909.75,23805.25,23872,24137.77142857143,,,133589,-46.6398368959121,-131.22013637260898,-84.58029947669688,33.68071608923377,44.495629315892714,,,,
2026-03-27T10:00:00+08:00,23871.75,23975.75,23839.25,23927,24096.22142857143,,,85686,-42.27452926540242,-137.4234610584499,-95.14893179304748,36.80288043867414,43.5254824084836,,,,
2026-03-27T14:00:00+08:00,23926.5,23955,23709.75,23739.25,24034.17619047619,,,148240,-48.43665006616121,-155.694744375749,-107.25809430958779,31.313177018929764,42.18085340925652,,,,
2026-03-27T18:00:00+08:00,23739.25,23767.5,23472,23479.25,23943.72380952381,,19957.3625,434584,-65.37455979026083,-188.97629404741383,-123.601734257153,25.554568158829042,40.465463659870245,,,,
2026-03-27T22:00:00+08:00,23483.5,23611,23345.75,23360.5,23846.030952380952,,19957.3625,783127,-79.01536517356081,-222.370940724104,-143.3555755505432,23.40954379487124,38.391191790712654,,,,
2026-03-28T02:00:00+08:00,23360.25,23396.75,23231,23255,23744.69523809524,,19957.3625,342054,-88.84885982703776,-254.41665033434037,-165.56779050730262,21.648392228856352,36.446987393725855,,,,
2026-03-30T06:00:00+08:00,23191.5,23263,23093.75,23201.75,23646.864285714284,,19957.3625,256145,-92.24354037781882,-280.87221597957614,-188.62867560175732,20.78728493960054,34.26892381486346,,,,
2026-03-30T10:00:00+08:00,23201.25,23364.25,23193,23345.5,23579.859523809522,,19957.3625,125535,-78.64222076612404,-286.9314515594124,-208.28923079328834,29.093351004980207,32.864222192218925,,,,
2026-03-30T14:00:00+08:00,23345.5,23451.5,23336.75,23403.25,23530.295238095237,,19957.3625,137112,-60.410218728494215,-283.8020042039061,-223.3917854754119,32.20870298276195,31.70613562953755,,,,
2026-03-30T18:00:00+08:00,23404,23580,23293,23302.5,23476.416666666668,,19957.3625,368263,-50.20895893816697,-286.1529841481206,-235.94402520995362,29.723289455718756,30.70240625050057,,,,
2026-03-30T22:00:00+08:00,23302.5,23437.75,23169,23210.75,23419.378571428573,,19729.1375,806185,-44.887184354105784,-292.05300565258585,-247.16582129848007,27.606913337806418,29.830395945229128,,,,
2026-03-31T02:00:00+08:00,23210.5,23213,23024.25,23106,23357.366666666665,,19729.1375,343075,-43.63007544024748,-301.70341559878943,-258.07334015854195,25.358119963758412,28.555154899974404,,,,
2026-03-31T06:00:00+08:00,23112,23397.5,22960.5,23339.5,23337.057142857142,,19729.1375,270523,-23.300753395640754,-287.1992819030929,-263.89852850745217,37.6990474875265,28.97675363329254,,,,
2026-03-31T10:00:00+08:00,23340,23405.75,23234,23309.75,23317.75238095238,,19729.1375,135200,-8.829927174793625,-274.93593747594423,-266.1060103011506,36.85217694636193,29.40986884627919,,,,
2026-03-31T14:00:00+08:00,23310.25,23391.25,23238,23305.25,23302.719047619048,,19729.1375,147901,2.8418439407797678,-262.5537053751759,-265.3955493159557,36.71607729001325,29.62668036062058,,,,
2026-03-31T18:00:00+08:00,23305.75,23577.5,23238,23577.5,23329.383333333335,,19729.1375,430285,29.80242933886194,-228.14251264237828,-257.9449419812402,49.118297786312084,30.506353028309004,,,,
2026-03-31T22:00:00+08:00,23577.25,23877.25,23377.5,23761.75,23383.942857142858,,19729.1375,1141555,59.2485487180175,-183.88425608371836,-243.13280480173586,55.54974206449697,32.23753624584952,,,,
2026-04-01T02:00:00+08:00,23760.25,23974,23760,23904.75,23457.35476190476,,19729.1375,397086,85.9414203486966,-135.7060293658651,-221.6474497145617,59.84691560377017,34.68698963477389,,,,
2026-04-01T06:00:00+08:00,23895,24049,23880.25,23977.5,23536.414285714287,,19729.1375,151300,104.8302564268152,-90.60962918104269,-195.4398856078579,61.891548886716166,37.43570428419139,,,,
2026-04-01T10:00:00+08:00,23978.25,24074,23956,24040.5,23617.99761904762,,19729.1375,76889,116.97633862874576,-49.219462321925675,-166.19580095067144,63.640626258967735,40.43514957205649,,,,
2026-04-01T14:00:00+08:00,24041.5,24181.5,24003.75,24069.75,23696,,19729.1375,188573,121.83901673899442,-13.897030026928405,-135.73604676592282,64.46665972073755,43.555104913566296,,,,
2026-04-01T18:00:00+08:00,24070.5,24245,24036.25,24119.5,23772.369047619046,,19729.1375,457150,122.91225498944627,17.90427197088502,-105.00798301856125,65.90393921144543,46.184432642599525,,,,
2026-04-01T22:00:00+08:00,24119.75,24349,24108,24266.5,23860.966666666667,,19729.1375,701518,127.48021074144988,54.3422804082511,-73.13793033319878,69.83669460525039,48.87214632992012,,,,
2026-04-02T02:00:00+08:00,24266.75,24274.5,24124.75,24188.25,23930.909523809525,,19729.1375,404242,119.33364596898251,76.02912712802936,-43.30451884095315,65.45264459297388,51.42424312543835,,,,
2026-04-02T06:00:00+08:00,24181.5,24245.75,23912.25,23940.25,23959.35,,19729.1375,276114,92.53988848898214,72.37034177027454,-20.16954671870761,53.78001645348779,53.29375049084416,,,,
2026-04-02T10:00:00+08:00,23940.75,23967,23754.5,23757.25,23956.442857142858,,19729.1375,177413,59.400235941123015,54.08074820769616,-5.3194877334268575,47.02864657561942,54.84164524883423,,,,
2026-04-02T14:00:00+08:00,23757.25,23882.25,23752,23830.5,23957.1,,19729.1375,139757,40.23822585252247,44.978294582226226,4.74006872970376,49.781480287093586,55.70467616308902,,,,
2026-04-02T18:00:00+08:00,23830.5,23907.75,23666.5,23897.75,23962.04761904762,,,460425,30.367018459039755,42.698841803503456,12.3318233444637,52.26598646595183,56.80566255734545,,,,
2026-04-02T22:00:00+08:00,23897.75,24267.75,23858.5,24090.25,23987.061904761904,,,972506,34.760521020535556,55.782474620133144,21.021953599597587,58.65362866148803,58.37263051245078,,,,
2026-04-03T02:00:00+08:00,24090.75,24235.75,24090.75,24219.75,24021.866666666665,,,260420,43.76481368501475,75.72797070586603,31.963157020851277,62.35100464879559,59.31782385977103,,,,
2026-04-03T06:00:00+08:00,24213.75,24255.5,24177.5,24197.25,24047.55476190476,,,66012,45.38700659645251,88.69691526641691,43.3099086699644,61.311798795988736,59.72939934059188,,,,
2026-04-03T10:00:00+08:00,24198,24205.5,24151,24181,24066.928571428572,,,47709,42.59261859473594,96.55068191338432,53.958063318648385,60.5171124806885,59.77727054608605,,,,
2026-04-03T14:00:00+08:00,24181.25,24184.25,24120.25,24139,24078.071428571428,,,36514,35.436107639919236,98.25319786854743,62.817090228628196,58.38344906691889,59.5266919875291,,,,
2026-04-03T18:00:00+08:00,24139,24240.25,24105.75,24132.25,24086.77619047619,,,70727,28.089465248565205,97.92892178933471,69.8394565407695,58.02477151671541,59.12555950593964,,,,
2026-04-06T06:00:00+08:00,24093.25,24241.25,23981,24193.75,24102.807142857142,,,178374,25.30030927249122,101.46484313138353,76.16453385889231,60.44037955927313,58.83796806583505,,,,
2026-04-06T10:00:00+08:00,24192.75,24326.5,24128.75,24232.75,24122.85714285714,,,128419,24.020347695000993,106.18996847764356,82.16962078264257,61.95501752501829,58.55590223109025,,,,
2026-04-06T14:00:00+08:00,24232.25,24398.25,24207.5,24336.75,24155.69523809524,,,121070,27.846818546453164,116.97814396570902,89.13132541925586,65.76785369831086,58.26527073773742,,,,
2026-04-06T18:00:00+08:00,24337.75,24418,24245.25,24418,24198.69761904762,,,348999,33.157992007203305,130.57881542826,97.42082342105668,68.46167036852684,58.48020115027692,,,,
2026-04-06T22:00:00+08:00,24417.75,24453,24202.5,24263.75,24218.94523809524,,,748911,24.016694210865325,127.44169118463833,103.424996973773,58.86764366589774,58.84360309402049,,,,
2026-04-07T02:00:00+08:00,24264.25,24376.25,24245.5,24349.75,24247.57857142857,,,233860,21.573524185251856,130.39190220533783,108.81837802008597,62.098184839363604,59.919998684287926,,,,
2026-04-07T06:00:00+08:00,24342,24383,24168.5,24177.5,24247.60238095238,,,146744,6.926603785514573,117.4766327519792,110.55002896646462,53.00246456809311,60.1500689900736,,,,
2026-04-07T10:00:00+08:00,24177.5,24262.75,24152.5,24228,24251.05476190476,,,103908,-0.40197766829912496,110.04755688109071,110.44953454938984,55.105617717371565,60.35289979374644,,,,
2026-04-07T14:00:00+08:00,24228,24421,24207.25,24385.75,24272.39523809524,,,162748,4.085970931985372,115.55699821437156,111.47102728238619,61.04600037026273,60.52378348723035,,,,
2026-04-07T18:00:00+08:00,24386,24399.75,24118,24120.25,24255.52142857143,,,529744,-11.275113000749371,97.37713603144948,108.65224903219885,49.114040075530916,59.57828601771144,,,,
2026-04-07T22:00:00+08:00,24121,24299.25,23941.5,24225.5,24253.628571428573,,,988778,-14.585835459127182,90.41995470828988,105.00579016741706,53.0800876265337,58.99030664846465,,,,
2026-04-08T02:00:00+08:00,24225.75,24451.5,24076.5,24397.75,24274.433333333334,,,526120,-5.861043712489362,97.67948552680537,103.54052923929473,58.81149943783594,58.86847714540376,,,,
2026-04-08T06:00:00+08:00,24490,25116.5,24360,25094.5,24386.07380952381,,,366431,43.43573034734766,157.8351921734793,114.39946182613164,73.23731579374325,59.92946762589121,,,,
2026-04-08T10:00:00+08:00,25094,25194.75,25086.25,25191.75,24501.58095238095,,,101045,77.22033028162232,210.92487467815954,133.70454439653722,74.59229031556788,61.11286182580924,,,,
2026-04-08T14:00:00+08:00,25192,25245.25,25134.25,25200.5,24608.164285714287,,,160812,93.68729143914163,250.81365869546426,157.12636725632262,74.71792834650229,62.13268673918275,,,,
2026-04-08T18:00:00+08:00,25199.5,25257.25,25065,25081,24689.22619047619,,,459198,90.03851912277105,269.67451615978644,179.6359970370154,69.59100169961404,62.6781141802253,,,,
2026-04-08T22:00:00+08:00,25081.25,25157.5,24926.5,25094.5,24764.009523809524,,,798767,82.25540273536643,282.45525045622344,200.199847720857,69.84599671079755,62.96941010968863,,,,
2026-04-09T02:00:00+08:00,25094,25131.75,24943.25,25038.75,24824.14285714286,,,396820,67.68211348104609,284.80248957216463,217.12037609111854,67.30346342563428,62.88668104233917,,,,
2026-04-09T06:00:00+08:00,25038.75,25066.25,24980.75,25022.75,24876.230952380953,,,110335,51.999322234624515,282.1195288843992,230.12020664977467,66.54505251551355,63.43506738874031,,,,
2026-04-09T10:00:00+08:00,25022.5,25049.75,24994.25,25029.5,24921.990476190476,,,64329,37.77656934400201,277.3409183297772,239.56434898577518,66.71765752445101,63.7650297233894,,,,
2026-04-09T14:00:00+08:00,25029.5,25058.25,24953,25016,24959.47619047619,,,100897,23.836112282405225,269.3594893387817,245.5233770563765,65.97499592129542,64.691639105761,,,,
2026-04-09T18:00:00+08:00,25017.25,25112.75,24976.25,25033.25,24991.27619047619,,,332849,12.711440413092248,261.4126775727418,248.70123715964957,66.49487850656672,65.50515773356065,,,,
2026-04-09T22:00:00+08:00,25033.25,25264.5,24960.25,25226.5,25041.17380952381,,,836872,15.137758721469936,267.623435561487,252.48567684001705,71.76697612887841,66.27094171631892,,,,
2026-04-10T02:00:00+08:00,25226.75,25273.25,25145,25242.25,25085.164285714287,,,309428,14.568246190072216,270.6959845776073,256.1277383875351,72.15651027088835,67.91683244455872,,,,
2026-04-10T06:00:00+08:00,25242.25,25298.75,25193.25,25284.5,25124.10238095238,,,93955,13.808823826408343,273.3887681705455,259.5799443441372,73.23708848603724,69.35661822023755,,,,
2026-04-10T10:00:00+08:00,25285,25304,25253.75,25262.25,25149.988095238095,,,54389,8.822467415260519,270.6080286132128,261.7855611979523,71.63981651965122,70.27292658322436,,,,
2026-04-10T14:00:00+08:00,25261.75,25275,25203.25,25258.75,25167.17380952381,,,103282,2.624616683849183,265.06633205276376,262.4417153689146,71.37269646594169,70.13973948838138,,,,
2026-04-10T18:00:00+08:00,25259,25372,25240.25,25319.25,25190.861904761903,,,296859,0.07067481184134294,262.53005888371626,262.4593840718749,73.2533035534431,70.04409757680105,,,,
2026-04-10T22:00:00+08:00,25319.5,25393.5,25222,25272,25207.035714285714,,,727893,-6.941968086761733,253.78192396342274,260.7238920501845,69.37065213242437,69.66214927579549,,,,
2026-04-11T02:00:00+08:00,25272,25337.25,25236.5,25333,25230.661904761906,,,245919,-9.457539823104469,248.90196727130387,258.35950709440834,71.49824885983615,69.79838121581135,,,,
2026-04-13T06:00:00+08:00,25004.25,25091.75,24914.5,25082.75,25218.52142857143,,,226986,-28.864256267413964,222.27918676014087,251.14344302755484,54.542427320390686,68.70526911649657,,,,
2026-04-13T10:00:00+08:00,25083.5,25096.25,25044,25079.75,25206.092857142856,,,80918,-41.995977977145174,198.64847055612336,240.64444853326853,54.37379190682479,67.78172115086731,,,,
2026-04-13T14:00:00+08:00,25079.75,25134,25077.75,25116.5,25198.17380952381,,,95401,-47.87379853745219,180.8022003614533,228.67599889890548,56.184172911240445,67.04165832199068,,,,
2026-04-13T18:00:00+08:00,25116.5,25311.25,25073.25,25307.5,25214.82857142857,,,396019,-38.943900607693905,179.9961231392881,218.940023746982,64.23103511210269,66.86404243539435,,,,
2026-04-13T22:00:00+08:00,25306.75,25441.25,25245,25404,25241.70238095238,,,685283,-27.142939810719895,185.01134898358214,212.15428879430203,67.51886441336947,66.97431875625679,,,,
2026-04-14T02:00:00+08:00,25404.5,25590.25,25396,25585.25,25289.04761904762,,,254445,-8.690667036620027,201.290954998527,209.98162203514704,72.66679528191466,67.41516995449594,,,,
2026-04-14T06:00:00+08:00,25581,25618.75,25559.5,25581.5,25330.635714285716,,,94940,1.1767605795166105,211.45257275954282,210.2758121800262,72.40777812252043,67.46094152547036,,,,
2026-04-14T10:00:00+08:00,25581.5,25599,25571.25,25574,25367.842857142856,,,37519,4.904108391226998,216.40594766905997,211.50183927783297,71.84900967854315,67.4389771974457,,,,
2026-04-14T14:00:00+08:00,25574.25,25674,25564.5,25637.75,25410.390476190478,,,95216,9.123410495184316,222.90610239681337,213.78269190162905,73.72889952663955,67.47410655748872,,,,
2026-04-14T18:00:00+08:00,25638,25763.75,25619.75,25722,25460.807142857142,,,321824,14.717345240695238,232.1793734524981,217.46202821180287,76.03604753295468,67.78812305843896,,,,
2026-04-14T22:00:00+08:00,25721.75,25969.25,25710.5,25958.5,25538.378571428573,,,641114,30.562325301395447,255.6649348385472,225.10260953715175,81.11490625200044,68.48399518601458,,,,
2026-04-15T02:00:00+08:00,25958.75,26005.25,25885,25990.75,25613.585714285713,,,308828,38.89742637629456,273.72439250751995,234.8269661312254,81.69211511413894,69.08676744035,,,,
2026-04-15T06:00:00+08:00,25986.75,26044.25,25976.25,26038.25,25688.730952380953,,,93968,42.97310529234582,288.5433477466577,245.57024245431185,82.54912062280407,70.02808661823427,,,,
2026-04-15T10:00:00+08:00,26038.25,26058.25,25966,25978.25,25748.57857142857,,,72312,37.20706383450349,292.0790722474412,254.87200841293773,77.54697313304722,70.46013835203506,,,,
2026-04-15T14:00:00+08:00,25978.5,26038,25967.75,25978.5,25802.314285714285,,,81385,29.334899953587183,291.54063335492174,262.20573340133456,77.5531558113926,72.10376181567806,,,,
2026-04-15T18:00:00+08:00,25978.75,26073.5,25934.5,26069,25859.585714285713,,,326607,26.248015167743688,295.01575236101417,268.7677371932705,79.75468033109671,73.91668241741175,,,,
2026-04-15T22:00:00+08:00,26069,26252.75,26047.25,26190.25,25923.60238095238,,,724101,28.22483884013417,304.0487857434382,275.82394690330403,82.29294190916153,75.78159448869185,,,,
2026-04-16T02:00:00+08:00,26190.25,26377.25,26172.75,26360,26000.02619047619,,,312370,36.302695088501196,321.2023157639305,284.89962067542933,85.13862936392127,77.27499407810747,,,,
2026-04-16T06:00:00+08:00,26345.25,26466,26344,26441,26077.22619047619,,,96308,42.0345469370788,337.44280434677785,295.40825740969905,86.28591467004782,78.61549766787019,,,,
2026-04-16T10:00:00+08:00,26441.25,26461.75,26416.5,26454.5,26146.35,,,55890,41.59199798931235,347.3982548963395,305.80625690702715,86.47574397611137,79.6018511460271,,,,
2026-04-16T14:00:00+08:00,26455,26487.25,26410.75,26453,26206.995238095238,,,80246,36.25059185365751,351.119496724099,314.8689048704415,86.33089723823664,80.59635965429254,,,,
2026-04-16T18:00:00+08:00,26453.25,26466,26275.75,26321.25,26241.77380952381,,,378352,19.723809131332644,339.5236662846073,319.7998571532747,74.39142297936161,80.77796060435101,,,,
2026-04-16T22:00:00+08:00,26321.25,26562.75,26288.75,26460.75,26288.035714285714,,,927028,14.3181970805677,337.6976035039843,323.3794064234166,77.91881319179556,81.07724015186214,,,,
2026-04-17T02:00:00+08:00,26460.75,26498.75,26355,26464.75,26326.992857142857,,,340784,7.4865629551965185,332.73761011741226,325.25104716221574,78.0135453882213,81.2184899986669,,,,
2026-04-17T06:00:00+08:00,26464.25,26497.75,26446.5,26489,26362.109523809522,,,73297,1.3944956706455969,326.9941667505227,325.5996710798771,78.6201696314134,81.04029452576783,,,,
2026-04-17T10:00:00+08:00,26489.25,26495,26443.25,26465.25,26389.007142857143,,,55507,-6.98109541310248,316.873301813499,323.85439722660146,76.3689301459574,80.66006702804057,,,,
2026-04-17T14:00:00+08:00,26466,26540.75,26446.75,26536.75,26420.91904761905,,,74203,-10.254348843157572,311.0364611726545,321.2908100158121,78.40020348981076,80.36371580425535,,,,
2026-04-17T18:00:00+08:00,26536.75,26812.5,26504,26731.5,26474.05,,,546708,-2.269067726202138,318.4544753580594,320.72354308426156,82.79468465765278,80.73855234172717,,,,
2026-04-17T22:00:00+08:00,26731.5,26883,26699,26808.25,26530.240476190476,,,836931,4.828930433406981,326.7597061260203,321.93077569261334,84.17854963898361,81.21179475798367,,,,
2026-04-18T02:00:00+08:00,26808.25,26844.75,26755.25,26842,26583.02857142857,,,315355,8.243542379056748,332.23520366643424,323.9916612873775,84.7663358756687,81.56977015402454,,,,
2026-04-20T06:00:00+08:00,26603.25,26715,26534.75,26705.25,26610.22142857143,,,169045,-1.7292207772165966,321.83013531585675,323.55935609307335,72.80980697219616,80.89240337281272,,,,
2026-04-20T10:00:00+08:00,26705.5,26706.25,26612.25,26635.25,26623.17619047619,,,65514,-15.306372263190497,304.4263907640852,319.7327630272757,67.49358086956602,79.63204276607306,,,,
2026-04-20T14:00:00+08:00,26635.25,26721.5,26618.75,26694.5,26641.409523809525,,,111392,-22.147628442560404,292.04822747407525,314.19585591663565,69.5467560285292,78.43638857739316,,,,
2026-04-20T18:00:00+08:00,26695,26826,26680.25,26781,26668.761904761905,,,331321,-22.61881572191021,285.92233626424786,308.54115198615807,72.33018090180796,77.42599121494291,,,,
2026-04-20T22:00:00+08:00,26781.5,26788.75,26569,26707.5,26683.204761904763,,,787519,-29.231940162166495,272.00122678344997,301.23316694561646,66.68073189891984,76.02240797642028,,,,
2026-04-21T02:00:00+08:00,26707.5,26810,26695.5,26774.25,26704.123809523808,,,240728,-30.330988059881406,263.3194318707647,293.6504199306461,69.07385388452845,75.64258161250363,,,,
2026-04-21T06:00:00+08:00,26776.5,26838.75,26751.5,26812.5,26725.82857142857,,,80195,-29.66597866094571,256.56794660446394,286.23392526540965,70.40274544024071,75.10571963024972,,,,
2026-04-21T10:00:00+08:00,26812.75,26843.5,26791.5,26826.25,26746.016666666666,,,46053,-29.426071212860165,249.45133624933442,278.8774074621946,70.89322137183633,74.5971250576508,,,,
2026-04-21T14:00:00+08:00,26825.75,26857.25,26797,26841,26764.72857142857,,,80859,-29.334300144439,242.2095322816458,271.5438324260848,71.44694960526932,74.08475219864052,,,,
2026-04-21T18:00:00+08:00,26841.25,26902,26726.25,26839,26779.821428571428,,,357628,-30.342275945159713,233.6159874946352,263.9582634397949,71.24645977397725,73.71886145778477,,,,
2026-04-21T22:00:00+08:00,26838.5,26885,26600,26699.5,26772.754761904762,,,1092570,-40.69248461118485,213.09265767581383,253.78514228699868,58.71050901886923,72.31245470986038,,,,
2026-04-22T02:00:00+08:00,26699,26794.5,26551.75,26722,26767.138095238097,,,452057,-45.924440864742564,196.37959120607047,242.30403207081304,59.95041534578606,70.68072118758418,,,,
2026-04-22T06:00:00+08:00,26735,26831.75,26728,26821.25,26774.845238095237,,,80439,-42.67143108268482,188.964743217457,231.63617430014182,65.00709969630763,69.31133190596447,,,,
2026-04-22T10:00:00+08:00,26822,26856.75,26768.5,26832.75,26783.961904761905,,,73592,-39.773480295752364,181.91932393045136,221.69280422620372,65.55680153334798,67.93922231008442,,,,
2026-04-22T14:00:00+08:00,26831.75,26864.5,26779.75,26825.5,26792.2,,,95507,-38.35591836685441,173.7479062676357,212.1038246344901,64.85610999557949,67.37110109746894,,,,
2026-04-22T18:00:00+08:00,26826,26900.5,26805,26865,26804.559523809523,,,344880,-34.86964975295666,168.51676244329428,203.38641219625094,66.95533104006148,67.33265468107575,,,,
2026-04-22T22:00:00+08:00,26864.5,27050,26852.25,27029.75,26836.69761904762,,,733873,-22.19687444958572,175.6403191342688,197.8371935838545,74.01709164155605,67.65196436772054,,,,
2026-04-23T02:00:00+08:00,27029.5,27138,26977.75,27105.75,26875.77619047619,,,281881,-10.043729044613059,185.28253227808818,195.32626132270124,76.54007787681026,67.95267129450642,,,,
2026-04-23T06:00:00+08:00,27080.75,27100,26848,27000.25,26897.69523809524,,,173208,-10.413379850075273,182.30953651010714,192.7229163601824,66.72796711576797,67.95604523856699,,,,
2026-04-23T10:00:00+08:00,27001,27001,26865.25,26978.25,26913.89285714286,,,133875,-13.260189879457215,176.14767901086088,189.4078688903181,64.83712158845567,67.65342150313322,,,,
2026-04-23T14:00:00+08:00,26978,27014,26890.5,26942,26923.314285714285,,,112544,-18.389579888378535,166.42089402984493,184.81047391822347,61.694662446026065,67.03141557497503,,,,
2026-04-23T18:00:00+08:00,26941.75,27102.5,26916.25,27017.25,26941.535714285714,,,391837,-17.52317261930429,162.9065081440931,180.42968076339739,65.48313630789524,66.64498092755069,,,,
2026-04-23T22:00:00+08:00,27017,27156,26680,26879.25,26939.538095238095,,,1098090,-26.513312229135124,147.2880404769785,173.80135270611362,54.66660008812024,65.44638453346862,,,,
2026-04-24T02:00:00+08:00,26879.25,26989,26841.75,26942.25,26945.57619047619,,,392220,-28.32228686676075,138.39849412266267,166.72078098942342,58.112430667769296,64.5082395973109,,,,
2026-04-24T06:00:00+08:00,26990.75,27137.5,26990.75,27118.75,26974.164285714287,,,107080,-18.227559918312863,143.93633109153234,162.1638910098452,66.00890909818673,65.02955388869071,,,,
2026-04-24T10:00:00+08:00,27118.25,27120.5,27015.25,27086,26994.39285714286,,,94575,-14.513307553859164,144.02225656752125,158.53556412138042,63.58262364879475,65.28899733890562,,,,
2026-04-24T14:00:00+08:00,27086.25,27154,27063.75,27109.75,27014.321428571428,,,94823,-11.354143525416589,144.34288471460968,155.69702824002627,64.61168229602231,65.26075323888524,,,,
2026-04-24T18:00:00+08:00,27109.25,27366,27108.25,27194.25,27042.769047619047,,,487626,-4.805705244060022,149.68989668495124,154.49560192901126,68.10933513775734,65.44307706777163,,,,
2026-04-24T22:00:00+08:00,27194,27462.75,27155.75,27432.75,27099.57380952381,,,831129,13.362657924648317,171.19892433482164,157.83626641017332,75.55005436743258,66.2069302371897,,,,
2026-04-25T02:00:00+08:00,27432.5,27454.25,27383.75,27440.75,27151.661904761906,,,259453,23.12132156792501,186.73791837007957,163.61659680215456,75.75703383400302,66.83562329389981,,,,
2026-04-27T06:00:00+08:00,27404,27539.25,27343.75,27537.75,27211.2,,,160417,32.72445710896105,204.52216818835586,171.79771107939482,78.19827422305471,67.13427919257828,,,,
2026-04-27T10:00:00+08:00,27537.5,27542,27443.5,27449,27254.066666666666,,,86893,29.797981703743915,209.0451882090747,179.24720650533078,71.05638531652593,66.74258686684368,,,,
2026-04-27T14:00:00+08:00,27448.75,27466.75,27387.75,27455.25,27294.49761904762,,,85797,25.166362007692044,210.70515901494582,185.53879700725378,71.2580511614386,67.0661642986773,,,,
2026-04-27T18:00:00+08:00,27455.75,27500.75,27298,27401.75,27323.461904761905,,,395511,15.838323419385091,205.33670128148515,189.49837786210006,66.90493683816277,67.21386538794209,,,,
2026-04-27T22:00:00+08:00,27402.25,27440,27307.25,27428.75,27351.992857142857,,,666448,9.156874845301246,200.9444714187266,191.78759657342536,67.98180256169036,67.66294682477525,,,,
2026-04-28T02:00:00+08:00,27428.75,27452.25,27389.75,27418.25,27374.488095238095,,,211273,2.0704774308093192,194.375693361937,192.3052159311277,67.05614360287868,67.77530448870263,,,,
2026-04-28T06:00:00+08:00,27425.75,27512.5,27417.5,27421.75,27393.630952380954,,,112728,-4.009525152937101,187.2933094899563,191.3028346428934,67.2184572466633,68.67186571431286,,,,
2026-04-28T10:00:00+08:00,27422.75,27439.5,27350.25,27363.25,27399.807142857142,,,92221,-13.087571809538844,174.94336988096984,188.03094169050868,61.67751244970745,68.92651441302272,,,,
2026-04-28T14:00:00+08:00,27363.25,27378.25,27255.75,27284.25,27391.440476190477,,,119697,-24.847281087505223,156.97184033112717,181.8191214186324,54.998586932190854,68.1400628297373,,,,
2026-04-28T18:00:00+08:00,27285,27301,27036,27202.25,27370.564285714285,,,569346,-37.80616216352405,134.56141871422733,172.36758087775138,48.991353470928786,67.09782924560402,,,,
2026-04-28T22:00:00+08:00,27203.25,27234.5,27006.25,27141.5,27340.480952380953,,,880216,-49.39504168410477,110.62377877262043,160.0188204567252,45.01738654316533,65.69823669182851,,,,
2026-04-29T02:00:00+08:00,27141.5,27224.75,27120.75,27191,27316.69523809524,,,267933,-52.369243829410266,94.55726566996236,146.92650949937263,48.71516788242559,64.3129390307334,,,,
2026-04-29T06:00:00+08:00,27196,27294,27191.5,27247,27300.407142857144,,,112957,-49.2538455841198,85.35920251922289,134.6130481033427,52.64566079160724,62.67691091817444,,,,
2026-04-29T10:00:00+08:00,27247.25,27312.5,27243.25,27297.25,27292.588095238094,,,68158,-42.739610202979605,81.18853534961818,123.92814555259778,55.95039614175196,61.26215108301365,,,,
2026-04-29T14:00:00+08:00,27297.25,27318.25,27198.25,27228.25,27276.935714285715,,,114903,-41.94938072771609,71.49141964295268,113.44080037066877,50.654973993677515,59.294772495200995,,,,
2026-04-29T18:00:00+08:00,27227.75,27288.25,27124.25,27220.75,27263.230952380953,,,327619,-40.76787494776529,62.480956685962155,103.24883163372745,50.09279652845933,57.79737329605338,,,,
2026-04-29T22:00:00+08:00,27220,27315.75,27153,27248,27255.333333333332,,,680729,-37.092479194489584,56.88323264061546,93.97571183510505,52.195666446596334,56.435774387850365,,,,
2026-04-30T02:00:00+08:00,27251.25,27411,27089,27150.5,27236.409523809525,,,453666,-39.923344137432764,44.07153166331409,83.99487580074685,44.82369713917499,54.8585429807798,,,,
2026-04-30T06:00:00+08:00,27202.75,27623,27202.75,27581.25,27277.311904761904,,,221434,-12.881134330826256,67.89345788721403,80.77459221804028,67.17071961272615,54.80060848442522,,,,
2026-04-30T10:00:00+08:00,27580.25,27588,27221.75,27224,27269.128571428573,,,221597,-18.791617709622443,57.285070081012236,76.07668779063468,49.157468881272465,53.522131718596206,,,,
2026-04-30T14:00:00+08:00,27224,27442.75,27185.5,27368,27281.995238095238,,,182104,-13.014939585429445,59.808013308847876,72.82295289427732,54.52045883218794,52.61513183184797,,,,
2026-04-30T18:00:00+08:00,27368.25,27548.5,27204.5,27247.25,27279.27380952381,,,503982,-17.08186087764176,51.47062679722512,68.55248767486688,49.722606119492504,51.76120995111834,,,,
2026-04-30T22:00:00+08:00,27247.25,27548.25,27163,27543,27317.090476190475,,,869859,-0.4863748511409085,67.94451911094075,68.43089396208165,59.29394332814589,52.06802112225798,,,,
2026-05-01T02:00:00+08:00,27543.25,27624.5,27541.75,27597.25,27359.67619047619,,,309755,12.779087719834024,84.40475361187418,71.62566589204016,60.78771944182868,52.91061869160798,,,,
2026-05-01T06:00:00+08:00,27630,27659.75,27554.75,27649.75,27405.5,,,122401,23.12115159651367,100.52710538768224,77.40595379116857,62.25019725440484,54.14153374241079,,,,
2026-05-01T10:00:00+08:00,27649.5,27673.75,27612,27617,27442.116666666665,,,60839,25.59558410751808,109.40043392556618,83.8048498180481,60.70933705649207,54.99826011198697,,,,
2026-05-01T14:00:00+08:00,27617.75,27629.25,27545.25,27570.75,27468.509523809524,,,81639,22.089147883658526,111.41628467262126,89.32713678896273,58.47929216319263,55.41494806710022,,,,
2026-05-01T18:00:00+08:00,27570.25,27887.5,27535,27871.25,27531.885714285716,,,387724,37.09626147900575,135.69746363771992,98.60120215871417,67.05655045411672,56.208244803697696,,,,
2026-05-01T22:00:00+08:00,27883,27917.5,27751.5,27883.5,27591.428571428572,,,768469,44.44062026206646,154.15197748629726,109.7113572242308,67.35644006965647,57.40120666626762,,,,
2026-05-02T02:00:00+08:00,27883.5,27900.75,27755.5,27782.75,27631.29761904762,,,297863,39.28442418324396,158.81688745328574,119.53246327004179,62.27048921337934,58.27104185804762,,,,
2026-05-04T06:00:00+08:00,27888,27926.25,27800.75,27919.25,27684.014285714286,,,167613,41.61462240325449,171.5507412741099,129.9361188708554,66.05841381184472,59.2612380984225,,,,
2026-05-04T10:00:00+08:00,27919,27966.5,27881.5,27935,27732.438095238096,,,94307,40.714163644837356,180.8288234269021,140.11465978206473,66.48199318564804,60.80825924459915,,,,
2026-05-04T14:00:00+08:00,27935,27956.25,27864.25,27890.75,27767.490476190476,,,111206,33.91413957298613,182.5073342482974,148.59319467531128,64.03278154325014,60.58412081106515,,,,
2026-05-04T18:00:00+08:00,27890.75,27897.75,27651,27896.5,27800.361904761903,,,425724,26.88643676127282,182.2012406269023,155.31480386562947,64.21963887105197,61.6599900960494,,,,
2026-05-04T22:00:00+08:00,27895.75,27941,27614.25,27792.25,27812.928571428572,,,949556,13.00321047251606,171.56881695627453,158.56560648375847,58.235672352954836,61.92536249038989,,,,
2026-05-05T02:00:00+08:00,27792.25,27818.25,27718.5,27743.5,27814.954761904763,,,270074,-0.936900060159644,157.39448140855893,158.33138146871858,55.59308595431887,62.34468247859177,,,,
2026-05-05T06:00:00+08:00,27754,27833,27727.5,27815,27821.788095238095,,,94665,-6.505691446999521,150.19926715996917,156.7049586069687,58.598963590092794,62.29504106873083,,,,
2026-05-05T10:00:00+08:00,27815.5,27859.25,27801.5,27853,27831.097619047618,,,59755,-8.658640877264304,145.88165751038832,154.54029838765263,60.16239918201611,62.25037533588708,,,,
2026-05-05T14:00:00+08:00,27853.25,27956.25,27818.5,27935.5,27848.97142857143,,,104167,-5.698124744379811,147.41764245717786,153.11576720155767,63.43292731478454,62.33485605448562,,,,
2026-05-05T18:00:00+08:00,27936.5,28112,27899.75,28080.5,27883.457142857143,,,304918,4.31380855900079,158.50802790030866,154.19421934130787,68.40607059378102,62.8846227357206,,,,
2026-05-05T22:00:00+08:00,28087,28167.75,28032.25,28159,27923.995238095238,,,623449,13.96688476232302,171.65282529421165,157.68594053188863,70.75506334738961,63.76146353459181,,,,
2026-05-06T02:00:00+08:00,28159.25,28247,28104.75,28208,27965.464285714286,,,271649,20.974551643810685,183.904130086652,162.92957844284132,72.16433469953553,64.12630526640744,,,,
2026-05-06T06:00:00+08:00,28246.5,28464,28245.25,28292,28014.92619047619,,,194915,28.14258672262517,198.1078118461228,169.96522512349762,74.46547689841236,64.63409361131858,,,,
2026-05-06T10:00:00+08:00,28291.75,28359.5,28262.5,28355,28068.89761904762,,,78192,33.63106364925687,212.0040546850687,178.37299103581182,76.08316706305781,65.62071345772418,,,,
2026-05-06T14:00:00+08:00,28354.25,28519,28300,28507,28137.685714285715,,,173106,43.38223111762832,232.60077993284722,189.2185488152189,79.50127681986183,66.58091795829684,,,,
2026-05-06T18:00:00+08:00,28507,28634.75,28336.5,28468.75,28195.77619047619,,,533309,43.0538107024376,243.03581219326588,199.98200149082828,76.49990605254207,67.29648316307497,,,,
2026-05-06T22:00:00+08:00,28468.75,28610.5,28384.75,28600,28266.283333333333,,,682696,47.14388189036467,258.9118538537841,211.76797196341946,79.40971418456924,68.39483549459777,,,,
2026-05-07T02:00:00+08:00,28600,28800,28592.25,28713,28345.10238095238,,,309327,52.51684691680009,277.41403060941957,224.89718369261948,81.55480506457764,69.63306165127817,,,,
2026-05-07T06:00:00+08:00,28663.75,28717.25,28637.5,28697.75,28414.111904761903,,,124557,50.10793334053443,287.5321003682875,237.42416702775307,80.32282897692808,71.2107156958477,,,,
2026-05-07T10:00:00+08:00,28697.75,28728.5,28652.25,28720.25,28477.49761904762,,,73280,45.242678939584806,293.9775157022341,248.73483676264928,80.78990069367285,73.01048817723013,,,,
2026-05-07T14:00:00+08:00,28720,28814.75,28694.5,28729.75,28532.847619047618,,,133524,38.16013552551584,296.43500616954407,258.2748706440282,80.99765865385602,74.61039496749892,,,,
2026-05-07T18:00:00+08:00,28730.25,28802.75,28692.75,28781.5,28586.385714285716,,,349607,32.66843857159597,299.1104188585232,266.4419802869272,82.14517522254327,76.180593256108,,,,
2026-05-07T22:00:00+08:00,28781.5,28945,28553.5,28696,28619.680952380953,,,1182631,19.628304849381493,290.9773613486541,271.3490564992726,74.08195358507803,76.9412379897004,,,,
2026-05-08T02:00:00+08:00,28696.25,28767,28582.25,28643,28638.666666666668,,,464665,4.569879752760585,277.06140619022335,272.49152643746277,69.47062510279058,77.0172775974868,,,,
2026-05-08T06:00:00+08:00,28588,28782.5,28542,28760.5,28667.961904761905,,,116103,-0.0936877495388444,272.37441675053924,272.4681045000781,73.4652754780488,77.21086417824816,,,,
2026-05-08T10:00:00+08:00,28761,28829.5,28709.5,28805,28697.461904761905,,,76868,-2.6559639042811796,269.1481496197266,271.8041135240078,74.82615928840441,77.40099450602452,,,,
2026-05-08T14:00:00+08:00,28804.25,28897.25,28783.75,28852,28727.542857142857,,,94707,-3.601274962631919,267.30251982071786,270.9037947833498,76.23074559807675,77.52708512742912,,,,
2026-05-08T18:00:00+08:00,28852.25,29110.75,28840.25,29110.75,28786.790476190476,,,384983,10.038049490839796,283.4513566468995,273.4133071560597,82.19660321087137,77.96375913798722,,,,
2026-05-08T22:00:00+08:00,29105.5,29320.75,29073,29263.75,28859.240476190476,,,752111,25.332148312015704,305.07849254607936,279.74634423406366,84.6773913051228,78.33348160122014,,,,
2026-05-09T02:00:00+08:00,29264,29383.25,29237,29335.5,28934.05,,,311490,35.61876344070146,324.2697985349405,288.65103509423903,85.69699877621306,78.99041679576807,,,,
2026-05-11T06:00:00+08:00,29294.5,29402.5,29222.25,29340,29001.204761904763,,,228443,37.854623180588476,335.96931406997464,298.11469088938617,85.76182248438212,79.44413881718329,,,,
2026-05-11T10:00:00+08:00,29339.25,29361.25,29292.5,29321.5,29058.845238095237,,,90457,33.37313333844355,339.8311075624406,306.45797422399704,84.05334418214039,79.62260589700918,,,,
2026-05-11T14:00:00+08:00,29321.25,29366.25,29263.75,29316.25,29109.990476190476,,,107657,25.685785941812753,338.565206651263,312.87942070945024,83.53814350914993,79.85227122073933,,,,
2026-05-11T18:00:00+08:00,29315,29437.25,29259,29310.75,29154.511904761905,,,421066,16.317555073270682,333.27636455103857,316.9588094777679,82.95702256545978,80.00706564015266,,,,
2026-05-11T22:00:00+08:00,29311.25,29480.5,29247,29442,29210.909523809525,,,788091,15.076751669409248,335.80474906452946,320.7279973951202,85.57019136018036,80.33367511917584,,,,
2026-05-12T02:00:00+08:00,29442,29475.25,29320.75,29398.75,29254.757142857143,,,316612,7.824562007781537,330.50869990484716,322.6841378970656,81.10007712062614,80.25902525475318,,,,
2026-05-12T06:00:00+08:00,29399.75,29456.5,29226.75,29269.75,29275.52619047619,,,150372,-8.305474766496559,312.30229443894495,320.6077692054415,69.31771151530344,79.91872224976929,,,,
2026-05-12T10:00:00+08:00,29270.25,29364.75,29259.25,29281.75,29292.430952380953,,,100800,-20.1371904818684,295.436281103106,315.5734715849744,69.76349392730683,79.93964145152044,,,,
2026-05-12T14:00:00+08:00,29281.75,29291.75,29173.75,29220,29295.019047619047,,,122299,-33.31521971716029,273.92944693852405,307.24466665568434,64.50263211289233,79.29945263972355,,,,
2026-05-12T18:00:00+08:00,29221.75,29295.75,29113.25,29129.5,29281.164285714287,,,493308,-48.405103826180834,246.73828687295827,295.1433906991391,57.562489170902914,78.0663333456163,,,,
2026-05-12T22:00:00+08:00,29129.5,29227.25,28741.25,28920,29236.285714285714,,,1100704,-71.38624184276148,205.91058839568723,277.2968302384487,45.26364026704309,75.85439725054248,,,,
2026-05-13T02:00:00+08:00,28920.25,29188,28911,29133.5,29219.22619047619,,,380217,-70.95118022026571,188.60785496311655,259.55903518338226,55.7698433365001,73.96677154523024,,,,
2026-05-13T06:00:00+08:00,29148,29261,29056.25,29215,29212.816666666666,,,163318,-64.12432449258972,179.4036295676451,243.52795406023483,59.043554981596635,72.13578323640695,,,,
2026-05-13T10:00:00+08:00,29215.25,29310.25,29201.5,29296.25,29217.704761904763,,,89313,-53.51889321691979,176.6293375390851,230.1482307560049,62.094786842495175,70.4499109554271,,,,
2026-05-13T14:00:00+08:00,29296.5,29448.25,29288.75,29420.25,29239.5,,,126445,-38.25089271144927,182.3346148666933,220.58550757814257,66.27751297759653,69.05817456208526,,,,
2026-05-13T18:00:00+08:00,29420.25,29423.25,29075.25,29169.5,29227.097619047618,,,539810,-44.68934595121152,164.72382513912817,209.4131710903397,53.30230580720658,66.86167182101856,,,,
2026-05-13T22:00:00+08:00,29169.5,29496.25,29114,29444,29252.742857142857,,,793823,-30.77338553734981,170.94643916865243,201.71982470600224,62.15121945119292,65.33403438830733,,,,
2026-05-14T02:00:00+08:00,29444.5,29565.25,29441.75,29537,29289.571428571428,,,346102,-16.34193782829817,181.29240242062951,197.63434024892769,64.62851047725383,64.0248549534355,,,,
2026-05-14T06:00:00+08:00,29537,29693.5,29528,29608.75,29333.811904761904,,,168721,-3.662791779193725,193.05585052493552,196.71864230412925,66.47530061997982,62.66093418627831,,,,
2026-05-14T10:00:00+08:00,29608.75,29635.25,29514.25,29603.75,29375.79761904762,,,135306,2.3637262953548372,199.6733001733228,197.30957387796795,66.21249128473349,61.597535198000266,,,,
2026-05-14T14:00:00+08:00,29603.5,29640.25,29481,29533.75,29406.49761904762,,,128122,-0.24894955604793267,196.99838693290803,197.24733648895597,62.442197002806914,61.106427018536216,,,,
2026-05-14T18:00:00+08:00,29533.5,29684.75,29448.25,29541.75,29435.75,,,473778,-3.161198821696132,193.2958379618358,196.45703678353192,62.7069517231196,60.602388289665704,,,,
2026-05-14T22:00:00+08:00,29542,29783.75,29533.25,29731.5,29487.82619047619,,,959514,5.497515429499117,203.32893107040582,197.8314156409067,68.4598606465084,60.88504747063827,,,,
2026-05-15T02:00:00+08:00,29731.25,29739,29636.75,29689,29529.364285714284,,,363095,6.12059896599402,205.48216434839924,199.36156538240522,65.97316496139831,61.485810027102225,,,,
2026-05-15T06:00:00+08:00,29695.25,29733.5,29513.25,29518.25,29542.807142857142,,,175455,-6.524123689759165,191.20641077020628,197.73053445996544,56.91259781995789,62.317878423738996,,,,
2026-05-15T10:00:00+08:00,29519,29598.5,29280,29281,29518.91904761905,,,210639,-31.05099781695685,158.91678718876938,189.96778500572623,47.106373855090055,61.69905917506685,,,,
2026-05-15T14:00:00+08:00,29281,29469.5,29177.25,29223.5,29485.959523809524,,,314082,-50.19763844422067,127.22073695045037,177.41837539467105,45.05390750469039,60.69979864100212,,,,
2026-05-15T18:00:00+08:00,29224.75,29369.25,29089.5,29143,29442.185714285715,,,643542,-66.32175010202059,94.51618776714531,160.8379378691659,42.24287155052224,59.28180469157547,,,,
2026-05-15T22:00:00+08:00,29143,29451,29131.25,29448.5,29440.60476190476,,,1032708,-54.9213676633326,92.18622829000014,147.10759595333275,54.09937065036257,58.41193738248734,,,,
2026-05-16T02:00:00+08:00,29448.5,29487,29110.75,29172.75,29401.988095238095,,,457765,-63.83563263636242,67.31305515787972,131.14868779424214,45.002702672357046,57.819108587140946,,,,
2026-05-18T06:00:00+08:00,29135.25,29283.75,28924,29023,29343.373809523808,,,339800,-76.82890458650188,35.112557061114785,111.94146164761666,40.92582701624945,56.30300912750213,,,,
2026-05-18T10:00:00+08:00,29022.75,29117.25,28988.75,29043.75,29291.535714285714,,,152278,-80.64167000505235,11.139374141301232,91.78104414635358,41.72385752829606,54.66696248829086,,,,
2026-05-18T14:00:00+08:00,29043,29249,28990,29189.5,29263.82857142857,,,183323,-70.33939366675196,3.85680206291363,74.19619572966559,47.1904116434989,53.28947041854222,,,,
2026-05-18T18:00:00+08:00,29190.5,29419.75,29050,29244,29247.380952380954,,,539496,-57.39318907541406,2.4547093853980186,59.847898460812075,49.13668577429817,52.06977002493971,,,,
2026-05-18T22:00:00+08:00,29242,29298.75,28843,29013.25,29203.592857142856,,,1100343,-61.54166083037872,-17.079177577161317,44.4624832532174,41.98906924944569,50.60883232827104,,,,
2026-05-19T02:00:00+08:00,29014,29113.5,28814.25,29075.25,29173.02857142857,,,466430,-57.364387819619296,-27.243001521306724,30.121386298312572,44.36137317509187,49.29843386055477,,,,
2026-05-19T06:00:00+08:00,29100,29190,28989,29012.75,29138.57380952381,,,190066,-56.00223294186243,-39.88140487901546,16.120828062846964,42.45223255788216,47.44074613993861,,,,
2026-05-19T10:00:00+08:00,29013.5,29039,28885,28936.25,29100.764285714286,,,156673,-57.24175285799857,-55.43136300965125,1.8103898483473202,40.14528631402187,45.59589766512601,,,,
2026-05-19T14:00:00+08:00,28936,29125.25,28837.75,28915.5,29067.35714285714,,,169867,-56.35867415850626,-68.6379528497855,-12.279278691279245,39.50997164235254,44.35285293815419,,,,
2026-05-19T18:00:00+08:00,28914.5,29068,28802.25,28937.5,29042.623809523808,,,534943,-51.33482626614889,-76.44781152396536,-25.11298525781647,40.59728263325267,43.8879178508801,,,,
2026-05-19T22:00:00+08:00,28938.75,29126.25,28663,29068.75,29038.661904761906,,,1206536,-36.88990064666106,-71.2253610661428,-34.335460419481734,46.81876148633106,44.01397884956872,,,,
2026-05-20T02:00:00+08:00,29069.5,29101.75,28866.5,28899,29013.540476190476,,,440869,-36.422290157975816,-79.8633231169515,-43.44103295897569,40.791064793007294,43.91027836688908,,,,
2026-05-20T06:00:00+08:00,28930,29024.5,28796,28981.25,29001.709523809524,,,264310,-28.574837873400085,-79.15958030072579,-50.58474242732571,44.56366403124279,43.229156465523374,,,,
2026-05-20T10:00:00+08:00,28981.25,29017,28838.75,28955,28990.82857142857,,,178342,-23.372308827116953,-79.8001284612219,-56.42781963410495,43.59652860132215,43.12871546044946,,,,
2026-05-20T14:00:00+08:00,28955.25,29149.75,28950.5,29123.75,29004.52142857143,,,168785,-7.602576931306054,-65.93104079823752,-58.328463866931465,51.04707439913689,43.85166170208428,,,,
2026-05-20T18:00:00+08:00,29124.75,29195.25,29022.75,29099.75,29014.05476190476,,,485909,1.6802706954414433,-56.22812549762966,-57.908396193071106,50.02189836410072,44.444378904641745,,,,
2026-05-20T22:00:00+08:00,29100.5,29395.5,29008,29301.25,29049.92142857143,,,1023803,20.797696236486907,-31.911275897462474,-52.70897213394938,57.78668334065215,45.20125545443841,,,,
2026-05-21T02:00:00+08:00,29302,29397,29247.5,29278.25,29081.657142857144,,,322209,30.702609966135427,-14.330709676280094,-45.03331964241552,56.68995978079651,45.74077502633114,,,,
2026-05-21T06:00:00+08:00,29260,29321.25,29113,29313,29117.7,,,200958,37.929560450471186,2.3786309206734586,-35.55092952979773,58.00366031883893,46.88467438843065,,,,
2026-05-21T10:00:00+08:00,29313,29440,29298,29366.75,29158.05476190476,,,141156,44.2252532389639,19.730637018907146,-24.494616220056752,60.04847239424143,48.005181475512764,,,,
2026-05-21T14:00:00+08:00,29366.5,29463.25,29205,29381,29197.533333333333,,,210518,46.98562510726843,34.23741516402879,-12.748209943239642,60.60326057215935,49.30168347653257,,,,
2026-05-21T18:00:00+08:00,29381,29393.25,29172.25,29287.75,29221.071428571428,,,532227,40.417934454481006,37.774208124861616,-2.6437263296193887,55.1373532910326,50.37254540346191,,,,
2026-05-21T22:00:00+08:00,29287.25,29553.75,29127.25,29496.75,29269.128571428573,,,1071137,47.54465236524854,56.78708912694128,9.242436761692746,63.243071318501656,52.06776680890113,,,,
2026-05-22T02:00:00+08:00,29497,29521.75,29296.5,29455,29306.083333333332,,,388310,46.77052284733106,67.70559032085657,20.935067473525514,60.847293071158326,53.514196125894394,,,,
2026-05-22T06:00:00+08:00,29450,29603,29443.5,29529.75,29348.07619047619,,,159042,48.41303472696714,81.45136088223444,33.0383261552673,63.54464882279659,54.708902364213365,,,,
2026-05-22T10:00:00+08:00,29529,29606.75,29504,29546.25,29387.878571428573,,,97403,47.65642541313984,92.6088579216921,44.95243250855226,64.13956165589158,56.376652140133665,,,,
2026-05-22T14:00:00+08:00,29546.5,29665.5,29477,29526.25,29418.85,,,174998,42.997792761655674,98.69967346062185,55.70188069896618,62.784744172228315,57.678157864489776,,,,
2026-05-22T18:00:00+08:00,29526.5,29718.25,29437.5,29642.25,29460.097619047618,,,464173,44.71886231043837,111.60045858701415,66.88159627657578,67.17220339697167,59.362134635607624,,,,
2026-05-22T22:00:00+08:00,29641,29747.75,29490.25,29679,29499.7,,,779142,45.18891110284669,123.36773515513414,78.17882405228745,68.45742251789594,60.6057309298047,,,,
2026-05-23T02:00:00+08:00,29679.5,29689.75,29502,29520,29512.814285714285,,,333471,32.254901225553425,118.49745058422923,86.2425493586758,57.78052094469332,61.15991825698988,,,,
2026-05-25T06:00:00+08:00,29675.75,29948.75,29672,29924.25,29575.82619047619,,,156248,47.46929292497687,145.57916551489689,98.10987258992002,70.52905447202477,62.0700876235165,,,,
2026-05-25T10:00:00+08:00,29925,29995,29902.75,29969.5,29638.938095238096,,,83788,56.51026042288365,168.74769811852457,112.23743769564092,71.57708304263636,63.13345357079078,,,,
2026-05-25T14:00:00+08:00,29968,29987.25,29888.75,29956.25,29693.7,,,89164,57.34577112696604,183.91965160434847,126.57388047738243,70.77312518970133,64.04555820442381,,,,
2026-05-25T18:00:00+08:00,29955.75,29994.75,29936,29993,29747.235714285714,,,86053,56.05464220569439,196.6421832345004,140.58754102880602,71.73375793360911,64.88022145723578,,,,
2026-05-25T22:00:00+08:00,29993.25,29994.25,29908.75,29963,29790.807142857142,,,162139,49.11067095054918,201.9758797169925,152.86520876644332,69.69379812175549,65.52954556792122,,,,
2026-05-26T06:00:00+08:00,29961.75,29990,29770.5,29811.75,29808.66904761905,,,211325,31.137797190791645,191.78745525493287,160.64965806414122,60.26744887368281,65.89598096668195,,,,
2026-05-26T10:00:00+08:00,29812.25,29831,29783.25,29806,29820.77380952381,,,80354,16.40888949488746,181.16076993275055,164.7518804378631,59.93127501979173,65.65942408820267,,,,
2026-05-26T14:00:00+08:00,29805.5,29851,29743,29846.75,29835.366666666665,,,127011,7.415472750709313,174.02122137624974,166.60574862554043,61.58780236258167,65.71231760901863,,,,
2026-05-26T18:00:00+08:00,29847.75,30006.25,29818,30006.25,29867.495238095238,,,438786,10.049846602750023,179.16805687897795,169.11821027622793,67.35123790279177,65.98421682901828,,,,
2026-05-26T22:00:00+08:00,30006,30119,29885.5,29996.5,29893.785714285714,,,931800,9.010150867919435,180.3808988611272,171.37074799320777,66.6840217385514,66.16596397777971,,,,
2026-05-27T02:00:00+08:00,29996.75,30112,29982.25,30043.5,29922.05476190476,,,299619,9.323238528288073,183.02479615356788,173.7015576252798,68.3337030696392,66.56231818473762,,,,
2026-05-27T06:00:00+08:00,30053.75,30159,30027,30122.75,29955.964285714286,,,139451,12.50468215210563,189.33241031541183,176.8277281633062,70.97718863104457,66.83410284431427,,,,
2026-05-27T10:00:00+08:00,30122.5,30162.5,30067,30103.25,29982.69761904762,,,94105,10.986684190618064,190.5610834015788,179.57439921096073,69.42158800906692,66.90297180796934,,,,
2026-05-27T14:00:00+08:00,30103.5,30218,30055.5,30213,30020.02380952381,,,114678,14.826135421075236,198.1070684873048,183.28093306622955,73.04838014817847,67.99353317964685,,,,
2026-05-27T18:00:00+08:00,30213.5,30380,29937.5,30060.25,30030.383333333335,,,657047,5.036333122332763,189.5763494691455,184.54001634681273,61.9010469329196,67.37724692685362,,,,
2026-05-27T22:00:00+08:00,30060.75,30099.25,29876,29973.25,30027.847619047618,,,1090293,-8.598291058536944,173.79215252364156,182.3904435821785,56.54007686401481,66.30317505695209,,,,
2026-05-28T02:00:00+08:00,29973,30130,29962.75,30125,30045.509523809524,,,300422,-8.671961097785811,171.55049220994624,180.22245330773205,62.688771741171585,65.72572123919996,,,,
2026-05-28T06:00:00+08:00,30114,30137.5,29962.5,30071.25,30054.39761904762,,,174578,-13.336790656246478,163.55146498742397,176.88825564367045,59.4393479595134,64.84754909819311,,,,
2026-05-28T10:00:00+08:00,30071.75,30080,29763.25,29904.5,30040.307142857142,,,229451,-27.815730749828305,142.11859220638507,169.93432295621338,50.56837028695597,63.481447109993155,,,,
2026-05-28T14:00:00+08:00,29905,29998.75,29880.25,29975.75,30036.27380952381,,,126483,-32.43495356535908,129.39063099951454,161.82558456487362,53.78352485215929,63.01830967988433,,,,
2026-05-28T18:00:00+08:00,29975,30112.5,29862.5,29992.75,30032.94523809524,,,495915,-34.02033175459286,119.30016987163253,153.3205016262254,54.552930596098236,62.63414222104908,,,,
2026-05-28T22:00:00+08:00,29992.75,30342,29963,30319.75,30071.438095238096,,,843697,-13.760031761860546,136.1204619238997,149.88049368576026,66.31899133421425,62.9720842904514,,,,
2026-05-29T02:00:00+08:00,30319.5,30339,30274.5,30313.5,30104.592857142856,,,280197,-2.105236881448036,147.2489475839502,149.35418446539825,65.96291275147695,62.872918208214635,,,,
2026-05-29T06:00:00+08:00,30323,30364.75,30216.25,30248,30126.088095238094,,,139318,-0.23156781586513375,149.06472469556684,149.29629251143197,62.147997259724065,62.54891645972697,,,,
2026-05-29T10:00:00+08:00,30247.75,30318.5,30227,30300,30152.121428571427,,,89056,2.9123635408421933,152.9367469374847,150.02438339664252,63.95350258240697,62.23604499635324,,,,
2026-05-29T14:00:00+08:00,30300.75,30369.5,30266.5,30331.75,30179.94523809524,,,140130,5.388715057807616,156.76027721890205,151.37156216109443,65.06349079278033,61.8136380079058,,,,
2026-05-29T18:00:00+08:00,30332.5,30520.5,30294.25,30518.5,30230.678571428572,,,434544,17.196281945992894,172.86691459358553,155.67063264759264,70.82760771091463,61.914067986609204,,,,
2026-05-29T22:00:00+08:00,30518.25,30535.75,30269.75,30302.5,30248.657142857144,,,1141461,8.491743778249429,166.28531237040443,157.793568592155,58.62348405328336,60.88371826554527,,,,
2026-05-30T02:00:00+08:00,30301.75,30445.5,30291,30386.75,30277.016666666666,,,365528,6.528820980762077,165.95459481810758,159.4257738373455,61.4498889629124,60.85149269625904,,,,
2026-06-01T06:00:00+08:00,30416.5,30560,30360.5,30548.25,30323.8,,,175259,13.809345773429811,176.68745605413278,162.87811028070297,66.26835846572452,61.546369953524014,,,,
2026-06-01T10:00:00+08:00,30548.75,30595,30536.25,30579.5,30369.27380952381,,,107054,18.158102295534206,185.57573815012074,167.41763585458654,67.13547388999811,61.863991535583054,,,,
2026-06-01T14:00:00+08:00,30579.5,30592,30444,30462.25,30394.785714285714,,,129975,10.923005195504771,181.0713923489675,170.14838715346272,60.744090634206565,61.95718744091828,,,,
2026-06-01T18:00:00+08:00,30462.25,30505,30291,30316,30397.07380952381,,,523450,-5.068959181971763,163.81218817599802,168.88114735796978,53.777575219713505,62.18641636468668,,,,
2026-06-01T22:00:00+08:00,30313.75,30692,30295,30670.5,30442.709523809524,,,942237,6.257015217907707,176.7024163803544,170.4454011624467,64.53333028546358,62.954259609922694,,,,
2026-06-02T02:00:00+08:00,30670,30675,30505,30523.75,30462.161904761906,,,295733,2.1087531217380615,173.08134256461926,170.9725894428812,58.39673890398536,63.22881734620035,,,,
2026-06-02T06:00:00+08:00,30542.75,30550,30332.75,30333.5,30451.190476190477,,,193608,-14.30187652160825,153.09524379087088,167.39712031247913,51.474165647488945,62.1684726542914,,,,
2026-06-02T10:00:00+08:00,30333.5,30493.5,30317.75,30476.5,30459.154761904763,,,135561,-16.23821492200139,147.0993516599774,163.3375665819788,55.77314135780657,61.440631840457804,,,,
2026-06-02T14:00:00+08:00,30476.5,30587.75,30466.5,30565.5,30477.433333333334,,,122867,-12.409985596033437,147.825084586937,160.23507018297045,58.282445764189774,61.164521019348214,,,,
2026-06-02T18:00:00+08:00,30565.25,30604,30423.75,30604,30497.821428571428,,,441845,-8.363826159864715,149.78028748313955,158.14411364300426,59.37029865390494,60.83714931016949,,,,
2026-06-02T22:00:00+08:00,30602.75,30712.5,30526.75,30627.75,30518.480952380953,,,831097,-5.315426405903679,151.49983063562468,156.81525704152835,60.07099723738992,60.480542627641604,,,,
2026-06-03T02:00:00+08:00,30628.25,30763.5,30597.75,30743,30551.688095238096,,,299508,2.799225928021258,160.31428945155494,157.51506352353368,63.41140316184824,59.950813731279716,,,,
2026-06-03T06:00:00+08:00,30743,30757.25,30566.25,30683,30574.757142857143,,,227959,2.473498159111074,160.60693622242252,158.13343806331144,60.53521213251876,60.08736573693938,,,,
2026-06-03T10:00:00+08:00,30683.25,30730.75,30664.25,30689.25,30595.035714285714,,,87072,1.0968614722435746,159.50451490361593,158.40765343137235,60.737581484040945,60.03648663130571,,,,
2026-06-03T14:00:00+08:00,30689.5,30772.25,30672.5,30734,30618.4,,,132125,1.5881810928107711,160.39287979738583,158.80469870457506,62.24960334325568,59.74943269398651,,,,
2026-06-03T18:00:00+08:00,30734.5,30807.75,30495.5,30558.5,30616.595238095237,,,603472,-10.83491648963286,145.26105309253398,156.09596958216684,53.44411313615639,58.771478354426385,,,,
2026-06-03T22:00:00+08:00,30562.25,30739.5,30505.5,30642.75,30626.22380952381,,,1127163,-14.099948134620547,138.47103441389118,152.57098254851172,56.65508469140071,58.47940650136882,,,,
2026-06-04T02:00:00+08:00,30643.25,30694.75,30477.75,30494.25,30614.333333333332,,,442964,-26.275147736830547,119.72704787747352,146.00219561430407,50.021292423318286,58.211100587340596,,,,
2026-06-04T06:00:00+08:00,30460.5,30531,30367.75,30453.75,30595.345238095237,,,276361,-36.44462984536182,100.44640830760181,136.89103815296363,48.33736609522017,57.05424600232321,,,,
2026-06-04T10:00:00+08:00,30453.5,30508.5,30352.5,30483.75,30582.42142857143,,,162019,-40.241656047105465,86.58896809408179,126.83062414118726,49.70554557467911,56.43344647880133,,,,
2026-06-04T14:00:00+08:00,30484.5,30546,30245.5,30336.5,30550.245238095238,,,232851,-51.06546599117489,62.99879165221864,114.06425764339353,43.53245937391513,55.86618174497463,,,,
2026-06-04T18:00:00+08:00,30336.25,30364.5,30163,30248,30506.240476190476,,,724427,-61.860449574981374,36.738695674666815,98.59914524964819,40.254605426473844,54.75771489273658,,,,
2026-06-04T22:00:00+08:00,30248,30563.75,30152.25,30559.5,30505.94523809524,,,967075,-46.40341647257951,40.5948746589238,86.99829113150331,53.65416317321774,54.42712327909572,,,,
2026-06-05T02:00:00+08:00,30559.25,30603.25,30397,30400.25,30484.47380952381,,,406432,-45.23881358368202,30.449774151900783,75.6885877355828,47.68909925674044,53.592751893583966,,,,
2026-06-05T06:00:00+08:00,30410,30423,30052.25,30195.5,30437.64285714286,,,312653,-55.894074766749135,5.820994277146383,61.71506904389552,41.2558517038824,52.24881292690486,,,,
2026-06-05T10:00:00+08:00,30195.5,30249,30144.25,30170,30391.52857142857,,,184416,-61.83252122118559,-15.57558248258647,46.25693873859912,40.51332200194774,50.61323570119769,,,,
2026-06-05T14:00:00+08:00,30170,30260,30062,30198.5,30354.67142857143,,,180854,-60.9161737381945,-29.888278434144013,31.02789530405049,41.79068405224239,49.2743408383208,,,,
2026-06-05T18:00:00+08:00,30199,30236.5,29770.5,29773.75,30265.795238095237,,,609700,-84.53792650723179,-74.64451282998925,9.893413677242538,30.97631598040998,47.14853615949001,,,,
2026-06-05T22:00:00+08:00,29773.75,29942,29361,29471,30145.27142857143,,25050.35,1601974,-114.3229597984626,-133.01028607083572,-18.687326272373113,25.78748046322781,44.544098810916594,,,,
2026-06-06T02:00:00+08:00,29471,29477,28778.5,28828.25,29951.07619047619,,25050.35,958563,-167.8470778033267,-228.4961735265315,-60.64909572320479,18.57941564657692,42.05376327594663,,,,
2026-06-08T06:00:00+08:00,28843.5,29288.25,28821,29158.25,29817.359523809522,,25050.35,420640,-170.983381573056,-274.3783226895248,-103.3949411164688,29.60083867854621,40.12131713217131,,,,
2026-06-08T10:00:00+08:00,29159.5,29244.5,28972.5,29016.5,29678.880952380954,,24664.024999999998,203363,-172.08944652127082,-318.5067492680573,-146.4173027467865,27.835224246260864,38.53659797666721,,,,
2026-06-08T14:00:00+08:00,29016.5,29280.5,29000.5,29239.25,29584.17619047619,,24664.024999999998,221281,-148.21125023587473,-331.68136554162993,-183.4701153057552,34.5297394102091,37.55033892773785,,,,
2026-06-08T18:00:00+08:00,29239.75,29604.25,29174.75,29350,29515.80476190476,,24664.024999999998,641429,-116.73491246919343,-329.388755892247,-212.65384342305356,37.666146467928925,36.69038184868426,,,,
2026-06-08T22:00:00+08:00,29350,29743,29331.25,29558.25,29485.99761904762,,24664.024999999998,1176391,-75.65796375962947,-307.2262981225904,-231.5683343629609,43.24356572785115,36.66974658825112,,,,
2026-06-09T02:00:00+08:00,29558.75,29618,29377,29436.75,29447.402380952382,,24664.024999999998,417634,-51.588294474038264,-296.05370245550876,-244.4654079814705,40.913562912341916,36.71681498009884,,,,
2026-06-09T06:00:00+08:00,29436.75,29547.25,29302.5,29491.75,29423.866666666665,,24664.024999999998,322925,-28.058832460666196,-279.53894855730323,-251.48011609663703,42.44497876844868,35.91615895118676,,,,
2026-06-09T10:00:00+08:00,29492.25,29651.5,29458.5,29633.25,29429.366666666665,,24664.024999999998,172177,-0.5172355041789274,-252.1266604768607,-251.60942497268178,46.34777087926701,35.82034978136723,,,,
2026-06-09T14:00:00+08:00,29634,29696.75,29566,29679.25,29448.30476190476,,24664.024999999998,182837,22.00190587364827,-224.10704263062144,-246.1089485042697,47.607709923902625,36.274053939940096,,,,
2026-06-09T18:00:00+08:00,29680,29847,29615.25,29672,29471.192857142858,,24664.024999999998,575498,36.74414140145626,-200.1787717524494,-236.92291315390565,47.41625885958736,36.76712085834293,,,,
2026-06-09T22:00:00+08:00,29672,29713.75,28227.25,28832.5,29386.890476190478,,24664.024999999998,2300943,-7.356847383664956,-246.11897238348683,-238.76212499982188,31.443434264446097,36.02803158778605,,,,
2026-06-10T02:00:00+08:00,28832.75,29195.75,28784.75,29139.75,29356.564285714285,,24664.024999999998,768525,-12.82810875365763,-254.7972609418939,-241.96915218823628,39.57098525280703,36.64193653581441,,,,
2026-06-10T06:00:00+08:00,29102,29169,28965,29034.5,29318.242857142857,,24664.024999999998,338995,-20.09574127026255,-267.0888287760645,-246.99308750580192,37.89225886112908,37.506563564235925,,,,
2026-06-10T10:00:00+08:00,29033.5,29046,28853,28943.5,29271.94523809524,,24664.024999999998,204070,-27.153119145650805,-280.9344864378654,-253.7813672922146,36.434377263040425,38.78191796541189,,,,
2026-06-10T14:00:00+08:00,28945,29013.5,28684,28777.75,29202.45,,24664.024999999998,225975,-38.41723699456941,-301.80291353542634,-263.38567654085693,33.846817971374364,39.085202200613914,,,,
2026-06-10T18:00:00+08:00,28779.25,29162.25,28610.25,29021.25,29169.045238095237,,24664.024999999998,790621,-25.522634718592883,-295.288969939098,-269.76633522050514,40.60685774450043,39.99746173620245,,,,
2026-06-10T22:00:00+08:00,29023.25,29251,28616.25,28779.25,29103.32857142857,,24664.024999999998,1539225,-29.087075595392037,-306.1251797147452,-277.03810411935314,36.556712426435304,40.14224552307575,,,,
2026-06-11T02:00:00+08:00,28779.25,28833,28410,28471.5,29000.959523809524,,24664.024999999998,583755,-46.91058804199935,-335.6763391718523,-288.76575112985296,32.113203025531746,39.745606705761666,,,,
2026-06-11T06:00:00+08:00,28458,28763.5,28264.25,28643.25,28929.85714285714,,24664.024999999998,438687,-42.02958381027571,-341.3027308926976,-299.2731470824219,36.79083720367169,39.28469752546313,,,,
2026-06-11T10:00:00+08:00,28644,28807.75,28533,28747,28881.30238095238,,24664.024999999998,236512,-27.417505907846532,-333.54502946723005,-306.1275235593835,39.536300079198206,39.18632160881001,,,,
2026-06-11T14:00:00+08:00,28746.5,28935,28688.25,28877.5,28856.716666666667,,24664.024999999998,186938,-5.702556270729417,-313.2557188977953,-307.5531626270659,42.93724235200608,39.22148329334983,,,,
2026-06-11T18:00:00+08:00,28877.5,29014.75,28638.25,28900.75,28841.08095238095,,24664.024999999998,699341,12.494555056774743,-291.93496880609746,-304.4295238628722,43.5543149983736,39.02195073042886,,,,
2026-06-11T22:00:00+08:00,28900.5,29302,28577.5,29214.75,28874.288095238095,,24664.024999999998,1542091,46.05933897520242,-246.85535014386915,-292.91468911907157,51.31151598052715,39.286508305902046,,,,
2026-06-12T02:00:00+08:00,29214.75,29542.25,29068.75,29432.25,28940.91904761905,,24664.024999999998,567350,81.23337780736864,-191.37296685986075,-272.6063446672294,55.89198532065768,39.89191733883564,,,,
2026-06-12T06:00:00+08:00,29450,29647.5,29445,29552.25,29025.833333333332,,24664.024999999998,196297,109.16481568302748,-136.15032506344505,-245.31514074647254,58.25568147859903,41.80707785413228,,,,
2026-06-12T10:00:00+08:00,29552.25,29588,29374.25,29402.25,29083.89285714286,,24664.024999999998,148891,113.61294153620588,-103.29896382621519,-216.91190536242107,54.28851287785778,42.85832982735019,,,,
2026-06-12T14:00:00+08:00,29402,29668,29261,29622,29168.75238095238,,24664.024999999998,198779,126.44663857493524,-58.853607143752015,-185.30024571868725,58.77521237930294,44.34996936436261,,,,
2026-06-12T18:00:00+08:00,29622,29659.75,29231.25,29351,29211.883333333335,,24664.024999999998,523063,112.25676958644951,-44.97928373562536,-157.23605332207487,51.91938128326429,45.45604108009288,,,,
2026-06-12T22:00:00+08:00,29352.5,29759.25,29336.25,29683,29295.4,,24664.024999999998,1130796,120.09910472255176,-7.112172418885166,-127.21127714143692,58.40387573658346,47.21011663475067,,,,
2026-06-13T02:00:00+08:00,29683,29730.75,29580.75,29677,29369.495238095238,,24664.024999999998,322562,119.49558987896393,22.158210207267985,-97.33737967169594,58.24899541462776,48.47026932547406,,,,
2026-06-15T06:00:00+08:00,30100,30486.75,30100,30468,29542.811904761904,,24664.024999999998,210514,164.2203405786429,107.93804605160767,-56.28229452703522,69.77607384230737,50.8430808551792,,,,
2026-06-15T10:00:00+08:00,30467.5,30550,30461.25,30536,29709.111904761903,,24664.024999999998,83560,188.49696231587495,179.33890836780847,-9.158053948066481,70.53889433261969,53.58777309139977,,,,
2026-06-15T14:00:00+08:00,30536.5,30628.5,30509.5,30549,29857.483333333334,,24664.024999999998,123728,194.7448781227482,234.27304370536876,39.528165582620574,70.6931579442805,56.00936743001468,,,,
2026-06-15T18:00:00+08:00,30549.75,30800,30529.5,30703.25,30008.27142857143,,24664.024999999998,382733,197.93560629992686,286.94767345752916,89.0120671576023,72.55341576121607,58.3677328358731,,,,
2026-06-15T22:00:00+08:00,30703.25,30918.5,30670.25,30858.75,30161.161904761906,,24664.024999999998,661513,198.67152204965973,337.35146971967697,138.67994767001724,74.34435492953752,60.611098019982485,,,,
2026-06-16T02:00:00+08:00,30858.75,30895.75,30815.25,30831.25,30291.516666666666,,24664.024999999998,259716,185.69878594334648,370.80343009920034,185.10464415585386,73.4200861527174,62.7443673881499,,,,
2026-06-16T06:00:00+08:00,30833,30869,30755.25,30784.25,30397.219047619048,,24664.024999999998,159107,163.1460951568907,389.03726310196726,225.89116794507655,71.75679962274228,64.20474479116527,,,,
2026-06-16T10:00:00+08:00,30784.25,30857.25,30769.5,30806.25,30490.907142857144,,24664.024999999998,89359,139.80269954056064,400.64454237077734,260.8418428302167,72.0797860748734,65.36101627360924,,,,
2026-06-16T14:00:00+08:00,30805.5,30944.25,30797.5,30870,30580.009523809524,,24664.024999999998,122809,119.53315365966182,410.258284904794,290.72513124513216,73.05390570051617,66.41803228946047,,,,
2026-06-16T18:00:00+08:00,30870.25,30975.5,30750.75,30807.5,30648.22857142857,,24664.024999999998,538138,93.92338003823932,408.12935629293133,314.205976254692,70.42596974729489,67.57070778013455,,,,
2026-06-16T22:00:00+08:00,30807.5,30857.75,30403.25,30477,30658.99761904762,,24664.024999999998,1432249,48.99175749284939,375.4456731207538,326.4539156279044,58.323017273602176,67.53840812972734,,,,
2026-06-17T02:00:00+08:00,30476.75,30496.25,30273.75,30300.25,30638.057142857142,,24664.024999999998,433644,4.005267954776286,331.4605005713747,327.45523261659844,53.00831421807768,67.6161890536426,,,,
2026-06-17T06:00:00+08:00,30314,30449.5,30308,30446.75,30627.609523809522,,24664.024999999998,150204,-18.037414019916355,304.90846509170296,322.9458791116193,56.58549308862351,67.4863045787883,,,,
2026-06-17T10:00:00+08:00,30447,30526.75,30417,30500.25,30617.02142857143,,24664.024999999998,101856,-30.4377799162786,284.8986542162711,315.3364341325497,57.86335607838272,67.45875891191366,,,,
2026-06-17T14:00:00+08:00,30499.75,30584.25,30448.25,30461.75,30593.459523809524,,24664.024999999998,149209,-41.94633244039369,262.9035185820576,304.8498510224513,56.55650090965176,66.51450370243826,,,,
2026-06-17T18:00:00+08:00,30463,30540.75,30346,30347.75,30554.757142857143,,24664.024999999998,571623,-57.015245721514304,233.5807938705584,290.5960395920727,52.71095988854622,65.24107981357587,,,,
2026-06-17T22:00:00+08:00,30347.75,30544.75,30289,30471.75,30534.380952380954,,24664.024999999998,1024737,-58.20723354848076,217.8369976564718,276.04423120495255,56.24151193981595,64.20881938468554,,,,
2026-06-18T02:00:00+08:00,30465.25,30520,29922,30140.75,30470.60714285714,,24664.024999999998,1087146,-79.54331834761825,176.61508327042975,256.158401618048,46.19772333782274,62.326269925871735,,,,
2026-06-18T06:00:00+08:00,30146,30439,30092.25,30381.25,30444.257142857143,,,240394,-75.73376986725367,161.49118928398093,237.2249591512346,52.869187407187844,60.79232938856104,,,,
2026-06-18T10:00:00+08:00,30382,30431,30284,30354.5,30418.888095238097,,,138404,-73.24578649986438,145.66772602640413,218.9135125262685,52.08551469513956,59.26843142730549,,,,
2026-06-18T14:00:00+08:00,30354.25,30499.25,30321.5,30488.75,30415.959523809524,,,157597,-61.27497290345437,142.31979639695055,203.59476930040492,55.68209973845672,58.12023857842795,,,,
2026-06-18T18:00:00+08:00,30488.75,30615,30359.5,30467,30412.94523809524,,,597208,-53.80393235965704,136.3398538508336,190.14378621049065,54.95306378795233,56.896901272219296,,,,
2026-06-18T22:00:00+08:00,30468,30737.75,30448.75,30708.5,30445.361904761903,,,1092307,-32.62227663550024,149.36594041611534,181.98821705161558,61.119222717461405,56.04442391628682,,,,
2026-06-19T02:00:00+08:00,30708.5,30783.25,30645,30726.5,30481.716666666667,,,357926,-18.146345425122007,159.30528527021306,177.45163069533507,61.54720062265528,55.4102261216697,,,,
2026-06-19T06:00:00+08:00,30740,30771,30592.25,30595,30501.309523809523,,,149583,-18.13166621178786,154.78704793060024,172.9187141423881,56.583369217198445,55.285965546212296,,,,
2026-06-19T10:00:00+08:00,30595,30619.75,30388,30482.25,30504.745238095238,,,165668,-25.943882166275557,140.48886143454365,166.4327436008192,52.61427280109459,55.2578197307135,,,,
2026-06-19T14:00:00+08:00,30481.5,30667.25,30478.75,30626,30525.614285714284,,,134690,-21.8239529857953,139.15280236857507,160.97675535437037,56.826395534757054,55.275027048294476,,,,
2026-06-19T18:00:00+08:00,30626.25,30696,30522.25,30681.75,30552.209523809524,,,241349,-16.00737310684832,140.96753897080998,156.9749120776583,58.39121444852765,55.312731217590546,,,,
2026-06-19T22:00:00+08:00,30681.25,30705,30636.5,30651,30572.97619047619,,,169543,-14.916024047343342,138.3298820184791,153.24590606582245,57.144943713903146,55.35476284646564,,,,
2026-06-22T06:00:00+08:00,30580.75,30662,30336.75,30607.25,30586.10714285714,,,331486,-17.639201437225296,131.19690426929083,148.83610570651612,55.3125856346137,55.54059325689904,,,,
2026-06-22T10:00:00+08:00,30607.5,30664.5,30524,30640.75,30601.233333333334,,,154567,-17.640378809275234,126.78563219492207,144.4260110041973,56.478304055245275,55.557506979429704,,,,
2026-06-22T14:00:00+08:00,30641,30782,30637.5,30699.75,30622.616666666665,,,127912,-14.26784116532616,126.59120954753962,140.85905071286578,58.55547101574729,56.440203242138594,,,,
2026-06-22T18:00:00+08:00,30699.5,30937.75,30699,30937.5,30670.376190476192,,,592387,2.482408398290005,143.96206121072828,141.47965281243827,65.74289588499175,57.35975384769602,,,,
2026-06-22T22:00:00+08:00,30936.75,30967.75,30502.75,30614.75,30669.80476190476,,,1293130,-9.03598561747009,130.18467079060065,139.22065640807074,52.30863486704229,57.37569100283192,,,,
2026-06-23T02:00:00+08:00,30615,30677.75,30534,30662,30673.05476190476,,,327103,-14.035674075052555,121.67606381425503,135.71173788930759,53.815872798929234,57.24238907857996,,,,
2026-06-23T06:00:00+08:00,30662,30699.75,30405,30460.5,30647.788095238095,,,277774,-30.53012598084638,97.54908041324961,128.079206394096,46.91760992705234,56.668428088515675,,,,
2026-06-23T10:00:00+08:00,30460.25,30474,30092,30107.75,30575.55,,,289616,-62.947443820412985,49.39490161857975,112.34234543899274,37.69090810329228,54.99497704464646,,,,
2026-06-23T14:00:00+08:00,30108.25,30134.25,29776,29886,30479.466666666667,,,380531,-95.14195226432682,-6.5850948914157925,88.55685737291103,33.21183051406551,52.97102203689004,,,,
2026-06-23T18:00:00+08:00,29886.75,29934,29616.5,29926,30396.72142857143,,,714954,-108.58799750532815,-47.178139508749155,61.40985799657899,34.737981185987735,51.410637177517856,,,,
2026-06-23T22:00:00+08:00,29926,30046.75,29695,29732.5,30294.54761904762,,,1348191,-124.2319358087782,-93.88006176439376,30.351874044384445,30.999754257333635,49.866742995820644,,,,
2026-06-24T02:00:00+08:00,29732.75,29782.5,29577.25,29750.25,30201.880952380954,,,532644,-126.66875861453101,-127.98407422377932,-1.3153156092483052,31.734887137045874,48.07449239598413,,,,
2026-06-24T06:00:00+08:00,29766.25,29891.75,29581.5,29826.5,30127.72142857143,,,330273,-116.67783795586745,-147.1626130540826,-30.48477509821517,34.98115613603035,46.4023453736629,,,,
2026-06-24T10:00:00+08:00,29827,29884.75,29614.75,29819.75,30060.807142857142,,,233867,-104.4521227319144,-161.04992851310817,-56.59780578119377,34.82124362047844,44.8077953669897,,,,
2026-06-24T14:00:00+08:00,29820,29866.75,29754.25,29809,30000.376190476192,,,154937,-91.48377690274627,-170.9525269096266,-79.46875000688034,34.54686504815136,43.32452961081382,,,,
2026-06-24T18:00:00+08:00,29808.75,29874,29564,29684.5,29930.94761904762,,,605282,-85.78053594135199,-186.69441993357032,-100.91388399221833,31.41900187623385,41.53457945517015,,,,
2026-06-24T22:00:00+08:00,29685.75,29907.5,29364.75,29388.25,29831.126190476192,,24980.0125,1509125,-95.6950678456208,-220.53271879924432,-124.83765095362352,25.439943272464944,39.16918461636427,,,,
2026-06-25T02:00:00+08:00,29388.75,30158.75,29263,30099,29838.561904761904,,24980.0125,784191,-50.3962851890052,-187.83300743988002,-137.43672225087482,50.229147133877476,38.06105970557039,,,,
2026-06-25T06:00:00+08:00,30095.75,30169,29936.5,29997.5,29840.45,,24980.0125,286288,-24.586537772660535,-168.1698944667005,-143.58335669403996,47.75560974923477,37.73584362572699,,,,
2026-06-25T10:00:00+08:00,29998,30121.75,29924,30089.25,29860.45,,24980.0125,167261,0.043671537974944385,-143.52876727157127,-143.5724388095462,50.17517345603263,37.47579367266296,,,,
2026-06-25T14:00:00+08:00,30090,30217.75,30077.75,30131.75,29891.571428571428,29891.571428571428,24980.0125,157708,19.500293464561622,-119.19707197884418,-138.6973654434058,51.3145518680719,37.78986095416435,,,,
2026-06-25T18:00:00+08:00,30132.25,30264.25,29296.5,29317,29817.190476190477,29891.571428571428,24980.0125,824983,-20.05787464506733,-163.76970874973995,-143.71183410467262,34.71326757037397,37.57717234467019,,,,
2026-06-25T22:00:00+08:00,29318.25,29871.5,29307.75,29794,29813.940476190477,29891.571428571428,24980.0125,1661693,-12.049482113769727,-158.77368674688478,-146.72420463311505,45.89312293982485,38.48297894651014,,,,
2026-06-26T02:00:00+08:00,29794.5,29919.5,29615.5,29760.5,29807.1,29891.571428571428,24980.0125,611971,-7.198558231705647,-155.7224024227471,-148.52384419104146,45.298812906345304,39.23732406939282,,,,
2026-06-26T06:00:00+08:00,29748,29893.75,29462.25,29492.5,29766.10238095238,29891.571428571428,24980.0125,354127,-19.529803169229865,-172.93609815257878,-153.40629498334891,40.69911828592744,39.93013578572095,,,,
2026-06-26T10:00:00+08:00,29493,29507.75,29160,29326,29705.190476190477,29891.571428571428,24980.0125,376685,-35.462069163518606,-197.7338814377472,-162.27181227422858,38.07857763808865,40.38325653579544,,,,
2026-06-26T14:00:00+08:00,29326,29563.25,29286,29371.25,29654.35238095238,29891.571428571428,24980.0125,235584,-39.22197414031939,-211.29927994962782,-172.07730580930843,39.2384957330132,40.687352221294205,,,,
2026-06-26T18:00:00+08:00,29371.75,29464.5,29182,29443,29617.416666666668,29891.571428571428,24980.0125,603193,-33.37481571332228,-213.79582545096127,-180.421009737639,41.14552676270142,41.139086731453,,,,
2026-06-26T22:00:00+08:00,29442.75,29717.25,29409,29544.5,29597.60238095238,29891.571428571428,24980.0125,1197240,-19.83801031667025,-205.21852263347682,-185.38051231680657,43.864467770036065,41.804629783016196,,,,
2026-06-27T02:00:00+08:00,29544.75,29582,29254.75,29290,29546.373809523808,29891.571428571428,24980.0125,538259,-24.86497836081776,-216.46173526782877,-191.596756907011,38.943348365502125,42.34208310367821,,,,
2026-06-29T06:00:00+08:00,29280.5,29684.75,29280,29516.5,29529.10238095238,29891.571428571428,24980.0125,421134,-10.510869374412692,-204.73534362502687,-194.22447425061418,44.94059031252196,43.73498646368228,,,,
2026-06-29T10:00:00+08:00,29516.75,29672.75,29388.75,29669.75,29531.042857142857,29891.571428571428,24980.0125,259711,10.58776963157186,-180.98976221114935,-191.5775318427212,48.662566395667085,43.623087839524395,,,,
2026-06-29T14:00:00+08:00,29669.5,29732,29578,29665,29536.438095238096,29891.571428571428,24980.0125,194859,24.700401318159777,-160.7020301950215,-185.40243151318128,48.55159087802256,43.679943634437805,,,,
2026-06-29T18:00:00+08:00,29664.75,29838.5,29557,29617.25,29538.633333333335,29891.571428571428,24980.0125,622270,30.894074730233342,-146.7848381003896,-177.67891283062295,47.36697873039279,43.4793582968921,,,,
2026-06-29T22:00:00+08:00,29618,30038.75,29274,30003.75,29596.85714285714,,,1346642,59.44202258401509,-103.37638460060407,-162.81840718461916,56.696518391029976,43.8637844771034,,,,
2026-06-30T02:00:00+08:00,30004,30069,29973.5,29995.5,29655.2,,,320149,75.17716279847969,-68.84695368651956,-144.02411648499924,56.463461245331864,45.417369739600396,,,,
2026-06-30T06:00:00+08:00,30005.5,30088,29935.25,30053.75,29714.847619047618,,,255899,86.12915204190486,-36.36267643261817,-122.49182847452303,57.799604715536205,46.26783272357977,,,,
2026-06-30T10:00:00+08:00,30054,30217.25,29978,30167.25,29787.154761904763,,,157729,96.83865371455715,-1.4435113313265902,-98.28216504588374,60.38399648401725,47.345345836270624,,,,
2026-06-30T14:00:00+08:00,30167.25,30173.5,30019.5,30081.75,29844.188095238096,,,153005,93.91432912134414,19.110746355796437,-74.8035827655477,57.490666372780815,48.54474212818872,,,,
2026-06-30T18:00:00+08:00,30082.5,30367.75,29996.5,30362,29932.97619047619,,,544346,105.72514507151797,57.35284857384977,-48.3722964976682,63.70862250633963,50.37545961877807,,,,
2026-06-30T22:00:00+08:00,30365.75,30563,30274.25,30523.75,30033.464285714286,,,927623,118.3491570046073,99.56414975809093,-18.785007246516372,66.7691225794314,52.34193296495081,,,,
2026-07-01T02:00:00+08:00,30524.5,30600,30484.25,30501,30119.942857142858,,,372388,118.77699221709712,129.68623302485503,10.90924080775791,65.91620549643865,54.11126716021776,,,,
2026-07-01T06:00:00+08:00,30502.5,30555.75,30450.75,30453,30189.94523809524,,,183141,109.65595950874393,147.97919019368783,38.323230684943894,64.0334815079007,55.551910998636664,,,,
2026-07-01T10:00:00+08:00,30453.25,30477.25,30367,30429.25,30248.128571428573,,,157383,96.3256712210235,158.73031971122327,62.404648490199776,63.061253795941646,57.274618529382344,,,,
2026-07-01T14:00:00+08:00,30429.75,30444.25,30298.75,30384.25,30289.461904761905,,,161574,79.48022777676476,161.75493321115573,82.27470543439097,61.14240455046234,58.43189097494951,,,,
2026-07-01T18:00:00+08:00,30384.25,30435.5,30087.25,30282.5,30308.964285714286,,,715518,57.51181522343677,154.16447446368693,96.65265924025016,56.873662466172945,59.0183978371285,,,,
2026-07-01T22:00:00+08:00,30282.5,30357.75,30136.5,30163,30306.69761904762,,,1133741,32.22020077496818,136.92791020896038,104.7077094339922,52.20402229690436,59.27928579562006,,,,
2026-07-02T02:00:00+08:00,30163.5,30231.75,30009.25,30064.5,30286.55476190476,,,437042,7.438230566673738,114.00549764233438,106.56726707566064,48.6148211452946,59.36841739668448,,,,
2026-07-02T06:00:00+08:00,30084.75,30227.25,29953,30202.75,30280.585714285713,,,243905,-0.6333139999764938,105.77562457569002,106.40893857566651,53.50900360665249,59.14073776922894,,,,
2026-07-02T10:00:00+08:00,30203.25,30239,30037,30050.25,30252.388095238097,,,192430,-16.361506109678515,85.95705593856837,102.31856204824689,48.00678125309585,58.53668919835494,,,,
2026-07-02T14:00:00+08:00,30050.75,30066.5,29826,29958.75,30211.469047619048,,,256451,-32.13407007056492,62.15097446004074,94.28504453060566,44.97941551278352,57.620961398158315,,,,
2026-07-02T18:00:00+08:00,29958.25,30319.75,29919.25,30258,30211.35476190476,,,725498,-22.09762939989369,66.66300778073855,88.76063718063224,55.084884053509256,57.24245336740774,,,,
2026-07-02T22:00:00+08:00,30259,30293,29328.5,29338.5,30087.77619047619,,,1906135,-74.1381442445446,-3.9120431250485126,70.2261011194961,34.09446017603001,55.571295781925535,,,,
2026-07-03T02:00:00+08:00,29339.25,29588,29330.75,29551.75,29999.709523809524,,,655239,-89.90080787789421,-42.14990872787166,47.75089915002254,39.889604079892926,53.869937322893634,,,,
2026-07-03T06:00:00+08:00,29566,29699,29522.5,29682.75,29936.82619047619,,,200591,-87.143013039328,-61.177867149137455,25.965145890190538,43.23460894574782,52.18890063477337,,,,
2026-07-03T10:00:00+08:00,29683,29842,29681.25,29824,29900.785714285714,,,125970,-72.06877418588317,-64.12082184216342,7.947952343719745,46.72200114131719,50.81788603797899,,,,
2026-07-03T14:00:00+08:00,29824.75,29901,29821,29871,29877.459523809524,,,106767,-55.915598843209864,-61.94654621029258,-6.030947367082721,47.884210690041456,49.66436669384619,,,,
2026-07-03T18:00:00+08:00,29870.75,29956,29857.75,29939.75,29868.842857142856,,,141408,-38.41746600652077,-54.05277987523368,-15.635313868712915,49.63731913027471,48.70551421772712,,,,
2026-07-03T22:00:00+08:00,29939.5,29947,29880.75,29903.75,29860.088095238094,,,134557,-27.590960015149026,-50.1240138876492,-22.533053872500172,48.701482581485266,47.816876934228766,,,,
2026-07-06T06:00:00+08:00,29936.75,30010,29750.75,29792.75,29841.109523809522,,,319373,-26.237083220926458,-55.329407898658246,-29.09232467773179,45.79719509477303,47.025700693414485,,,,
2026-07-06T10:00:00+08:00,29793.5,29840.5,29683.25,29791,29826.561904761904,,,234794,-23.85955995892526,-58.91677462638836,-35.0572146674631,45.750271127384046,46.56471846702017,,,,
2026-07-06T14:00:00+08:00,29791.75,29889,29754.5,29877.25,29827.057142857142,,,151998,-15.294733440914555,-54.1756314686063,-38.88089802769174,48.58279714224257,46.562431038230734,,,,
2026-07-06T18:00:00+08:00,29877.75,30008.5,29776,29935.75,29837.135714285716,,,526578,-5.036887848426694,-45.17700783822511,-40.140119989798414,50.49532543409085,46.34716831161919,,,,
2026-07-06T22:00:00+08:00,29935.5,30094,29881.75,29897,29844.590476190475,,,953784,-0.4504116355330865,-40.70313453421477,-40.25272289868168,49.173616063372975,46.43051365521041,,,,
2026-07-07T02:00:00+08:00,29896.5,30052,29895,29946.5,29860.10476190476,,,367025,5.973864872175739,-32.78539180846201,-38.75925668063775,50.96231324096656,46.857863492937774,,,,
2026-07-07T06:00:00+08:00,29960,29974,29717,29773.25,29852.635714285716,,,267378,-1.0157324513974828,-40.0289222448846,-39.013189793487115,44.925629972771226,46.13220248717077,,,,
2026-07-07T10:00:00+08:00,29773,29819.75,29557.5,29688.75,29838.516666666666,,,233103,-10.380347057496657,-51.98862361535794,-41.60827655786128,42.262014792778395,46.71559924550994,,,,
2026-07-07T14:00:00+08:00,29688.5,29744,29622.25,29662.5,29817.561904761904,,,160215,-17.00163008455999,-62.86031416356127,-45.85868407900128,41.429582307540606,46.825597690341915,,,,
2026-07-07T18:00:00+08:00,29662.75,29716.25,29420.25,29469.75,29769.85238095238,,,617446,-32.14323829921775,-86.03773195302347,-53.89449365380572,35.78363391300651,46.29338518800325,,,,
2026-07-07T22:00:00+08:00,29469,29581,29209.75,29567.25,29737.17142857143,,,1380582,-33.2351352873293,-95.43841276296735,-62.203277475638046,40.27502733897318,45.832887059264394,,,,
2026-07-08T02:00:00+08:00,29567.25,29574.5,29270.5,29419.5,29687.235714285714,,,571830,-41.03923887757047,-113.50232607260114,-72.46308719503067,36.100907382069494,44.99122253726639,,,,
2026-07-08T06:00:00+08:00,29387,29558,29266,29436.5,29643.866666666665,,,304908,-42.033822682364274,-125.005365547986,-82.97154286562173,36.92148661934099,44.08294878648542,,,,
2026-07-08T10:00:00+08:00,29436,29532,29312,29347.5,29593.42380952381,,,228868,-45.37706246164896,-139.69287094268293,-94.31580848103397,34.39860804740563,43.06131489119401,,,,
2026-07-08T14:00:00+08:00,29347.5,29415.25,28910.25,28958.75,29496.44523809524,,24614.9375,366644,-69.04305737620226,-180.61963020128678,-111.57657282508453,25.949437547061336,41.643617923500315,,,,
2026-07-08T18:00:00+08:00,28959.25,29399,28923.75,29365.5,29461.64285714286,,24614.9375,661959,-53.28203627204341,-178.1791181651388,-124.89708189309538,42.16434819701563,41.387480571331146,,,,
2026-07-08T22:00:00+08:00,29365.75,29458.5,29034,29352.75,29429.192857142858,,24614.9375,1424103,-40.28521355871223,-175.25359884148565,-134.96838528277343,41.85097420193628,40.90663607559499,,,,
2026-07-09T02:00:00+08:00,29352.5,29500,29327.5,29390,29406.704761904763,,24614.9375,401106,-26.419550426752153,-167.99282331621362,-141.57327288946146,43.19651599015493,40.38529254388528,,,,
2026-07-09T06:00:00+08:00,29410,29582.5,29395,29449.5,29397.347619047618,,24614.9375,259488,-11.256017406439327,-155.64329464751063,-144.3872772410713,45.39813162243201,40.11561508381806,,,,
2026-07-09T10:00:00+08:00,29449.5,29609.25,29396,29606.75,29413.219047619048,,24614.9375,241562,10.189929237201369,-131.6498656945696,-141.83979493177097,50.8863454874469,40.11018881570952,,,,
2026-07-09T14:00:00+08:00,29606.5,29736,29572,29645,29437.42619047619,29437.42619047619,24614.9375,190480,26.8318121643195,-108.30002972637158,-135.13184189069108,52.16226556868165,40.62709135827454,,,,
2026-07-09T18:00:00+08:00,29644.75,29930.5,29564,29911.25,29498.35476190476,29498.35476190476,24614.9375,543744,54.07947824463977,-67.53249408489137,-121.61197232953114,60.04442696449968,41.897263656254644,,,,
2026-07-09T22:00:00+08:00,29911.25,29993.25,29613.75,29974.5,29565.597619047618,29565.597619047618,24614.9375,1049983,73.46803223160434,-29.776932040025713,-103.24496427163005,61.68068550111174,43.343771027224,,,,
2026-07-10T02:00:00+08:00,29974.5,29984.75,29894,29930.75,29624.035714285714,29565.597619047618,24614.9375,323815,79.91832844169033,-3.3470537195171346,-83.26538216120747,59.831788842255115,45.06149637931319,,,,
2026-07-10T06:00:00+08:00,29936.5,29964.75,29803.5,29892,29672.916666666668,29565.597619047618,24614.9375,222449,78.05797842974421,14.30709087597279,-63.75088755377142,58.14765025758705,46.33811230207133,,,,
2026-07-10T10:00:00+08:00,29892.25,29963.75,29840,29845.75,29712.538095238095,29565.597619047618,24614.9375,146531,70.42965659053003,24.28618318439112,-46.14347340613891,56.09188069725485,47.76603896744171,,,,
2026-07-10T14:00:00+08:00,29846,29857.5,29716.25,29815.5,29744.066666666666,29565.597619047618,24614.9375,173128,60.446530177445936,29.41468931566851,-31.031840861777425,54.71173495108057,49.036770991137395,,,,
2026-07-10T18:00:00+08:00,29815,29968.5,29771,29922.5,29786.25238095238,29786.25238095238,24614.9375,516940,58.13199435013716,41.63315207589403,-16.49884227424313,58.63877476559612,50.768211471008144,,,,
2026-07-10T22:00:00+08:00,29922.25,30072.5,29677.5,30038.75,29838.461904761905,29786.25238095238,24614.9375,1090674,61.20313314565614,60.00507415782704,-1.1980589878290964,62.493423358478005,53.37849617182362,,,,
2026-07-11T02:00:00+08:00,30038.75,30076.75,30023,30069,29884.41904761905,29786.25238095238,24614.9375,244218,61.86110087755051,76.12831710910905,14.267216231558534,63.46009675787946,54.899621069028186,,,,
2026-07-13T06:00:00+08:00,29956.75,30042.5,29737.25,29761,29882.609523809522,29786.25238095238,24614.9375,339883,39.24472923347414,63.32312777340121,24.078398539927072,49.336265694198566,55.434284747046924,,,,
2026-07-13T10:00:00+08:00,29762.25,29809.75,29546.5,29651.5,29862.311904761904,29786.25238095238,24614.9375,251829,15.804399732274412,43.83389820527009,28.029498472995677,45.416023872979544,55.59282102439153,,,,
2026-07-13T14:00:00+08:00,29650,29776.75,29585.25,29771,29855.457142857143,,,177959,7.654633805062343,37.597790729323606,29.943156924261263,50.13338197373331,55.93105319234162,,,,
2026-07-13T18:00:00+08:00,29771,29800,29517.75,29631,29826.873809523808,,,563570,-7.062209124160805,21.115395519060257,28.177604643221063,45.146734045553295,55.521080946492084,,,,
2026-07-13T22:00:00+08:00,29631,29752.25,29460.25,29480,29777.92619047619,,,1156513,-25.80958556690353,-4.0843773154083465,21.725208251495182,40.41654632939136,54.68210100082849,,,,
2026-07-14T02:00:00+08:00,29479.5,29539.5,29386.5,29430.75,29723.983333333334,,,418066,-39.54818132011719,-27.7100183986513,11.838162921465885,38.9639889490655,53.17635542829748,,,,
2026-07-14T06:00:00+08:00,29440,29541,29325,29448.25,29676.95,,,307223,-45.07720311717017,-44.50834097499683,0.5688621421733426,39.80262214027604,51.61363661680921,,,,
2026-07-14T10:00:00+08:00,29447.5,29632.25,29303.25,29592.75,29654.19523809524,,,227497,-36.963199176570306,-45.635136828539544,-8.671937651969236,46.43250154594908,50.65654466707306,,,,
2026-07-14T14:00:00+08:00,29592.5,29649.75,29545.5,29602,29635.89285714286,,,152895,-29.270452930798143,-45.260003815466916,-15.989550884668772,46.84135194736449,49.84895193062859,,,,
2026-07-14T18:00:00+08:00,29602.25,29922,29554,29780.5,29644.152380952382,,,603740,-11.377156432714152,-30.21099642556146,-18.83383999284731,54.2002271136154,49.71383381751149,,,,
2026-07-14T22:00:00+08:00,29780.5,29896,29567.25,29862.5,29663.966666666667,,,1131971,5.839177458788818,-11.534868169361289,-17.374045628150107,57.171448981744085,49.889527676844594,,,,
2026-07-15T02:00:00+08:00,29863,29877.75,29764.5,29794.75,29674.3,,,303381,12.158691808929012,-2.1756808669888414,-14.334372675917853,54.01313604013918,49.559124910740536,,,,
2026-07-15T06:00:00+08:00,29798,29959.25,29745.75,29956,29707.35,,,236552,25.90354428844458,18.045057684637868,-7.858486603806709,59.78182711107449,49.36543946449742,,,,
2026-07-15T10:00:00+08:00,29956.75,30058.5,29946.75,30030.75,29751.154761904763,,,154034,38.00265963806844,39.64483794377884,1.6421783057104022,62.18095853739052,49.274072448748214,,,,
2026-07-15T14:00:00+08:00,30031,30062.5,29871.75,29923.25,29780.990476190476,,,157324,36.71861823920475,47.54045110471634,10.82183286551159,56.8596133351758,49.81145442310373,,,,
2026-07-15T18:00:00+08:00,29924.75,29999.25,29755,29823.75,29796.014285714286,,,522315,27.540437189286994,45.24737935212033,17.70694216283334,52.337128789017775,50.3058190599636,,,,
2026-07-15T22:00:00+08:00,29823.25,29892.25,29396.75,29686.25,29791.064285714285,,,1361898,11.407656305565347,31.96651254479002,20.558856239224674,46.73349633958337,50.062970086095746,,,,
2026-07-16T02:00:00+08:00,29686.5,29743,29589,29708,29789.821428571428,,,432330,1.8985366177987473,22.93202701147311,21.033490393674363,47.69978819631937,50.24533109686475,,,,
2026-07-16T06:00:00+08:00,29707.75,29765.25,29593.5,29650.75,29780.211904761905,,,236083,-8.006439377460453,11.025441171848797,19.03188054930925,45.338101674549726,50.59687076437607,,,,
2026-07-16T10:00:00+08:00,29650.75,29796.5,29620,29687,29773.809523809523,,,165392,-11.655095366549652,4.463011341122183,16.118106707671835,47.14572123473008,51.18128021335211,,,,
2026-07-16T14:00:00+08:00,29688,29748.75,29478,29531.25,29744.2,,,186993,-23.41756973782869,-13.153855464614026,10.263714273214664,40.81881598484121,51.2538654879639,,,,
2026-07-16T18:00:00+08:00,29530.5,29562,29257.75,29346.5,29689.166666666668,,,588084,-41.44635880956631,-41.54423423874323,-0.09787542917691461,34.77914950567447,50.42148319937286,,,,
2026-07-16T22:00:00+08:00,29346.75,29509,29219.25,29243.5,29622.745238095238,,,1153562,-57.1460949699994,-71.53049414167617,-14.384399171676767,31.907771524101037,49.354798883425474,,,,
2026-07-17T02:00:00+08:00,29243.75,29304.25,29079,29178.5,29551.071428571428,,,468819,-68.00770103979589,-99.39402547142163,-31.386324431625738,30.191743805198087,47.63990721853852,,,,
2026-07-17T06:00:00+08:00,29186.75,29220,28946.25,28971.25,29457.49761904762,,24625.5625,258647,-84.190536931653,-136.624495596192,-52.43395866453899,25.433896793474915,45.37293920509073,,,,
2026-07-17T10:00:00+08:00,28971,29026.5,28726.5,28755.75,29343.678571428572,,24625.5625,265393,-103.19489405113944,-181.4275762284633,-78.23268217732385,21.576874814596067,43.056063403266215,,,,
2026-07-17T14:00:00+08:00,28755.5,28825,28554.75,28711.25,29233.821428571428,,24625.5625,274306,-111.82346366019642,-218.01201175256938,-106.18854809237295,20.86411933559438,40.276227133589074,,,,
2026-07-17T18:00:00+08:00,28711.25,28826,28408.25,28677,29131.25238095238,,24625.5625,645676,-112.58736744580452,-246.9227573996286,-134.3353899538241,20.301052809949496,37.284805295914715,,,,
2026-07-17T22:00:00+08:00,28678.25,29047,28665,28896,29070.77619047619,,24625.5625,1444065,-91.9633732121257,-249.28960646898122,-157.32623325685552,32.92737958611876,35.575360028124926,,,,
2026-07-18T02:00:00+08:00,28896.25,28935.75,28712.5,28768.75,29003.116666666665,,24625.5625,493296,-80.90226567669896,-258.45406535272923,-177.55179967603027,29.922515845624403,33.97431624645397,,,,
2026-07-20T06:00:00+08:00,28747.5,28964,28706.75,28796.5,28949.204761904763,,24625.5625,346329,-66.33870127439855,-260.47517626902845,-194.1364749946299,31.41157583761101,32.879893353455934,,,,
2026-07-20T10:00:00+08:00,28797.25,28942.75,28788,28807.75,28905.266666666666,,24625.5625,217400,-51.24510300676903,-258.1928537530912,-206.94775074632216,32.050133902629,31.762060903906626,,,,
2026-07-20T14:00:00+08:00,28807.75,28997.75,28765.5,28952,28889.135714285716,,24625.5625,176068,-28.00597389967109,-241.955218120911,-213.94924422123992,39.879458729811084,31.372157836425295,,,,
2026-07-20T18:00:00+08:00,28952.5,29192.5,28921,28996.25,28885.559523809523,,24625.5625,475536,-7.197552518406553,-222.9461848692481,-215.74863235084155,42.11155837735922,31.012574775184525,,,,
2026-07-20T22:00:00+08:00,28996.25,29118.5,28873.25,28957,28883.32857142857,,24625.5625,1138894,5.684166267176295,-208.64342451687116,-214.32759078404746,40.6511364817508,31.00059766782092,,,,
2026-07-21T02:00:00+08:00,28956.5,29010.5,28750,28777.75,28862.666666666668,,24625.5625,442038,3.974872147577429,-209.35900059957567,-213.3338727471531,34.66229990699509,30.992251267915247,,,,
2026-07-21T06:00:00+08:00,28783.25,28921.25,28700,28884,28861.588095238094,,24625.5625,273095,11.420701318412,-199.0579960991381,-210.4786974175501,40.345241560168006,31.594927699062882,,,,
2026-07-21T10:00:00+08:00,28884.5,29104.75,28859.25,29098.5,28892.533333333333,,24625.5625,169822,31.09669375448624,-171.6078302244423,-202.70452397892853,49.93542300099188,33.00519049876244,,,,
2026-07-21T14:00:00+08:00,29097.5,29196.5,29087.75,29154,28931.640476190478,28931.640476190478,24625.5625,153966,47.18898334874751,-143.71829479299413,-190.90727814174164,52.108592403346336,34.910525899467544,,,,
2026-07-21T18:00:00+08:00,29154.75,29246.75,29092.5,29153.25,28968.907142857144,28931.640476190478,24625.5625,559798,56.49419618969836,-120.28953290461868,-176.78372909431704,52.07526884327425,37.08898261580169,,,,
2026-07-21T22:00:00+08:00,29153.75,29363.5,29063,29341.25,29027.454761904763,29027.454761904763,24625.5625,880702,72.97442852081144,-85.56569344330273,-158.54012196411418,59.20864784353237,39.827877509225836,,,,
2026-07-22T02:00:00+08:00,29341.75,29363,29279.25,29290,29073.16904761905,29027.454761904763,24625.5625,298220,77.65320350185848,-61.47361758679108,-139.12682108864956,56.69887377673125,42.42772186399596,,,,
2026-07-22T06:00:00+08:00,29309,29337.25,29231.75,29276.5,29111.245238095238,29027.454761904763,24625.5625,203297,76.92191398299867,-42.974428609901224,-119.8963425928999,56.01654410737918,44.07694790122885,,,,
2026-07-22T10:00:00+08:00,29277,29285.5,29140.25,29173.25,29131.930952380953,29027.454761904763,24625.5625,161075,66.93508032163396,-36.22749219085745,-103.16257251249141,50.90528872244612,45.5757173924304,,,,
2026-07-22T14:00:00+08:00,29172.5,29173,29026,29127.75,29142.69761904762,29027.454761904763,24625.5625,199502,55.20348872226391,-34.15821160966152,-89.36170033192543,48.766146757039735,46.81532960096102,,,,
2026-07-22T18:00:00+08:00,29127.75,29278,28961.25,29277,29170.209523809524,,,512592,55.295976177281744,-20.24173011032326,-75.537706287605,55.46324644178329,48.487694782329186,,,,
2026-07-22T22:00:00+08:00,29276.75,29342.5,29172.5,29244,29188.85238095238,,,861419,51.03791902218798,-11.740307509870036,-62.778226532058014,53.767966149428375,49.479731026587565,,,,
2026-07-23T02:00:00+08:00,29244.25,29271,29119,29169,29194.714285714286,,,396792,41.47957156000599,-10.928762082050525,-52.40833364205652,49.98030586074939,50.041784418258295,,,,
2026-07-23T06:00:00+08:00,29107.5,29283,29025.75,29177,29199.99761904762,,,259840,34.30249494824185,-9.530214956754207,-43.83270990499606,50.38699282107759,50.73720272821021,,,,
2026-07-23T10:00:00+08:00,29176.5,29200.5,29030,29087.25,29191.219047619048,,,209088,22.67782802533432,-15.485424873328157,-38.16325289866248,45.82690912664613,51.53467481532813,,,,
2026-07-23T14:00:00+08:00,29087.75,29137.75,28922,29054.5,29175.126190476192,,,189433,12.460801388779899,-22.587251162687608,-35.04805255146751,44.23334492924854,51.812396484548174,,,,
2026-07-23T18:00:00+08:00,29054.5,29122.75,28656,28707.5,29111.14285714286,,,700013,-16.421451709312656,-55.57486718810833,-39.15341547879567,31.55163952636464,50.499269093503365,,,,
2026-07-23T22:00:00+08:00,28708.5,28801.75,28432.5,28567.25,29032.183333333334,,,1338950,-42.2569219104417,-91.97456786684779,-49.717645956406095,28.010734116009473,48.77799350155073,,,,
2026-07-24T02:00:00+08:00,28568,28782,28485.75,28740.75,28981.94523809524,,,414965,-44.70928548319285,-105.60425281039716,-60.894967327204306,37.479625498556004,47.73544754835658,,,,
2026-07-24T06:00:00+08:00,28708,28734.75,28608.5,28614,28918.735714285714,,,247729,-51.436365932388625,-125.19042474269008,-73.75405881030146,33.92355918631068,45.929369787126454,,,,
2026-07-24T10:00:00+08:00,28613.75,28632,28466.25,28545.25,28853.285714285714,,,206572,-56.67145304769991,-144.59337511992635,-87.92192207222644,32.12026326730803,44.173754750739086,,,,
2026-07-24T14:00:00+08:00,28546,28704.25,28481.5,28699.75,28815.52857142857,,,187506,-46.32049657664297,-145.82254279303015,-99.50204621638719,39.946424653837184,43.025889075486084,,,,
2026-07-24T18:00:00+08:00,28699.75,28705.75,28313.25,28323,28733.030952380952,,,588710,-60.540684301616665,-175.17790159340802,-114.63721729179136,30.570327816791277,41.573391867939314,,,,
2026-07-24T22:00:00+08:00,28323.25,28631.25,28254.25,28466.5,28677.764285714286,,,1356776,-56.07701938141798,-184.73349151856382,-128.65647213714584,36.739980185053874,40.71437996994032,,,,
2026-07-25T02:00:00+08:00,28467,28487,28212.5,28306.75,28607.495238095238,,,495022,-59.36156596289743,-202.85842959076763,-143.4968636278702,33.161286872153525,39.12138285782391,,,,
2026-07-27T06:00:00+08:00,28501.5,28733.5,28501.5,28614.25,28587.466666666667,,,329155,-37.37625961133,-190.21718814203268,-152.84092853070268,44.511008501794464,38.46017159727863,,,,
2026-07-27T10:00:00+08:00,28614.5,28705.5,28587,28694.75,28584.16904761905,,,155048,-15.106226718189873,-171.72371192844003,-156.61748521025015,47.07748293921796,38.25282710288353,,,,
2026-07-27T14:00:00+08:00,28694.75,28763.75,28658.75,28744.5,28592.02142857143,,,134381,4.246872315367909,-151.30889481604027,-155.55576713140817,48.67785398282607,38.13074575729414,,,,
2026-07-27T18:00:00+08:00,28744.25,28758.75,28341.5,28347,28550.992857142857,,,574908,-7.7949573381927735,-165.29946380414913,-157.50450646595635,38.52375459948343,37.609091862496804,,,,
2026-07-27T22:00:00+08:00,28347.5,28372.5,27938.5,28104.5,28484.680952380953,,,1557710,-28.97376328710874,-193.7217105748423,-164.74794728773355,33.82758140963601,36.865823039667326,,,,
2026-07-28T02:00:00+08:00,28104.5,28255,28018.75,28210.25,28441.516666666666,,,400869,-32.47868246932734,-205.34630037439274,-172.8676179050654,37.45474433151805,37.28747338289258,,,,
2026-07-28T06:00:00+08:00,28210.5,28229,27969.25,28020.25,28377.754761904762,,,275287,-43.52226675808919,-227.2704513526769,-183.7481845945877,33.82112150274823,37.702501053373915,,,,
2026-07-28T10:00:00+08:00,28021,28071,27871.25,27881.25,28300.66904761905,,,227807,-55.358120446055494,-252.9458351521571,-197.5877147061016,31.39068872765985,37.267576998309906,,,,
2026-07-28T14:00:00+08:00,27881.25,28052.75,27839.25,27956.5,28241.80238095238,,,187582,-53.27099140926319,-264.1764539676806,-210.90546255841738,34.18392610779412,37.28617463555872,,,,
2026-07-28T18:00:00+08:00,27956.5,28034,27640.25,27666,28150.464285714286,,,576148,-65.78651246278918,-293.13860313690384,-227.35209067411466,29.18071421513409,37.07620684611773,,,,
2026-07-28T22:00:00+08:00,27662.75,28079.75,27603.25,27974,28108.566666666666,,,1177055,-48.45379483402317,-287.9193342166436,-239.46553938262045,39.43371582901501,37.03958478720186,,,,
2026-07-29T02:00:00+08:00,27974.5,28024,27884,27959.75,28071.680952380953,,,367197,-33.77619532035399,-281.68578353306293,-247.90958821270894,39.147655293398316,37.65225103553093,,,,
2026-07-29T06:00:00+08:00,27962.25,28177.25,27731.5,27785.25,28014.988095238095,,,406856,-31.681994268550284,-287.5120810483968,-255.8300867798465,35.68909821633973,37.577188037765644,,,,
2026-07-29T10:00:00+08:00,27785.75,27912,27640.5,27794.75,27966.05,,,315449,-25.769945255349455,-288.04251834903334,-262.2725730936839,36.02477226530321,37.7817227087049,,,,
2026-07-29T14:00:00+08:00,27794.5,28017.75,27736.75,28008,,,,178788,-4.7132785616120145,-268.1641712956989,-263.4508927340869,43.275148312491005,37.69344698089751,,,,