time,open,high,low,close,WMA 14,动态止损价,最大固定止损线,Histogram,MACD,Signal line,RSI,RSI-based MA,Regular Bullish,Regular Bullish Label,Regular Bearish,Regular Bearish Label
2023-08-10T09:30:00+08:00,0.902,0.905,0.898,0.901,0.9062952380952382,,,-0.001716370871547697,0.002982077564425145,0.004698448435972842,48.70366385486479,58.72016057208985,,,,
2023-08-10T13:30:00+08:00,0.902,0.904,0.9,0.904,0.9058380952380956,,,-0.0016273007097342748,0.002664322548804998,0.004291623258539273,52.381780669200964,57.557017582467516,,,,
2023-08-11T09:30:00+08:00,0.904,0.904,0.891,0.895,0.9042476190476191,,,-0.002099652350102503,0.0016670578209111442,0.003766710171013647,42.52952558367442,56.3667277135891,,,,
2023-08-11T13:30:00+08:00,0.895,0.895,0.887,0.888,0.901809523809524,,,-0.0027667099859611743,0.00030832268856217926,0.0030750326745233535,36.74124618296234,54.64431019647033,,,,
2023-08-14T09:30:00+08:00,0.88,0.883,0.873,0.879,0.8983428571428571,,,-0.0036421667401084386,-0.0014776757506121951,0.0021644909894962434,30.915355335207707,52.445770632458895,,,,
2023-08-14T13:30:00+08:00,0.879,0.885,0.878,0.884,0.8958095238095238,,,-0.003700602606378492,-0.0024612622684768715,0.0012393403379016205,36.9014051580039,50.44333629585589,,,,
2023-08-15T09:30:00+08:00,0.883,0.885,0.877,0.878,0.8927333333333334,,,-0.0039374421838808725,-0.0036824623919494703,0.0002549797919314024,33.18543480243561,47.83106114786106,,,,
2023-08-15T13:30:00+08:00,0.878,0.884,0.875,0.883,0.8907047619047619,,,-0.003562717700123889,-0.004198417333223459,-0.0006356996330995698,38.723133506930125,46.00308631118399,,,,
2023-08-16T09:30:00+08:00,0.879,0.883,0.877,0.881,0.888704761904762,,,-0.0032629238797970248,-0.004714354482845851,-0.0014514306030488258,37.38826596071837,44.66865718412403,,,,
2023-08-16T13:30:00+08:00,0.881,0.881,0.877,0.878,0.886552380952381,,,-0.003082191635381224,-0.0053041701472753555,-0.0022219785118941316,35.41609612888172,43.27081630833165,,,,
2023-08-17T09:30:00+08:00,0.873,0.878,0.87,0.876,0.8844000000000001,,,-0.0029147165610207077,-0.005865374213170016,-0.0029506576521493083,34.12380643195614,41.71506779216292,,,,
2023-08-17T13:30:00+08:00,0.876,0.882,0.874,0.882,0.8833428571428572,,,-0.002247145604983731,-0.005759589658378972,-0.003512444053395241,41.070782552790064,40.74138452146188,,,,
2023-08-18T09:30:00+08:00,0.88,0.885,0.877,0.879,0.8821142857142857,,,-0.0018703566863776683,-0.005850389911367326,-0.003980033224989658,38.86395214490351,39.86384941992499,,,,
2023-08-18T13:30:00+08:00,0.879,0.88,0.874,0.874,0.8804476190476193,,,-0.001818948619589535,-0.006253718999476576,-0.004434770379887041,35.4454926992357,38.74213864369755,,,,
2023-08-21T09:30:00+08:00,0.872,0.873,0.867,0.869,0.8783904761904762,,,-0.001970032111015564,-0.0068973105186564965,-0.0049272784076409325,32.37842171096496,37.576049919133276,,,,
2023-08-21T13:30:00+08:00,0.869,0.869,0.861,0.862,0.8757047619047619,,0.8189,-0.0023632585679004246,-0.007881351617516463,-0.005518093049616039,28.641825082032724,35.88033880576412,,,,
2023-08-22T09:30:00+08:00,0.864,0.867,0.858,0.859,0.8730190476190476,,0.8189,-0.002626984964215315,-0.008801824254885182,-0.006174839290669867,27.193412935880446,34.78490218806455,,,,
2023-08-22T13:30:00+08:00,0.859,0.871,0.857,0.871,0.8722761904761904,,0.8189,-0.0018324658705331821,-0.008465421628836345,-0.006632955758303163,40.21658710872497,35.03314082561902,,,,
2023-08-23T09:30:00+08:00,0.832,0.833,0.828,0.829,0.866095238095238,,0.78755,-0.003858286294879479,-0.011455813626902511,-0.007597527332023032,24.02114945151115,34.54069754821213,,,,
2023-08-23T13:30:00+08:00,0.83,0.832,0.823,0.825,0.8598571428571429,,0.78755,-0.0051117789959277925,-0.013987251076932772,-0.00887547208100498,23.068354436791964,33.55262249669699,,,,
2023-08-24T09:30:00+08:00,0.826,0.83,0.822,0.829,0.8547142857142858,,0.78755,-0.00529328939492015,-0.015492083824655167,-0.010198794429735017,26.21994192022403,33.05508729082474,,,,
2023-08-24T13:30:00+08:00,0.828,0.829,0.826,0.827,0.8497714285714287,,0.78755,-0.005164228485337945,-0.016654080036407448,-0.011489851551069503,25.65404811781619,32.12158119160231,,,,
2023-08-25T09:30:00+08:00,0.823,0.825,0.82,0.821,0.8445619047619047,,0.78755,-0.005090773416387164,-0.017853318321553457,-0.012762544905166293,23.981835233903524,31.163978996829822,,,,
2023-08-25T13:30:00+08:00,0.82,0.826,0.818,0.82,0.8397904761904763,,0.78755,-0.004725330425711213,-0.01866920793730531,-0.013943877511594097,23.704503254087427,30.327436648630233,,,,
2023-08-28T09:30:00+08:00,0.86,0.862,0.831,0.833,0.8373047619047619,,0.78755,-0.00329181491055763,-0.018058646149791135,-0.014766831239233506,34.335546966894725,30.34256097255442,,,,
2023-08-28T13:30:00+08:00,0.833,0.835,0.828,0.831,0.8349619047619047,,0.78755,-0.0022137617263594724,-0.017534033397182847,-0.015320271670823374,33.56076382559735,29.806131063469223,,,,
2023-08-29T09:30:00+08:00,0.829,0.842,0.827,0.839,0.8341714285714283,,0.78755,-0.0007717965251194218,-0.01628501732722265,-0.015513220802103229,39.446738717616064,29.847758675805835,,,,
2023-08-29T13:30:00+08:00,0.839,0.842,0.837,0.84,0.833895238095238,,0.78755,0.0003777069133470562,-0.015041087160419409,-0.015418794073766465,40.16037566866254,30.184536030764892,,,,
2023-08-30T09:30:00+08:00,0.84,0.843,0.837,0.838,0.8336761904761905,,0.78755,0.0010913282532135082,-0.01405463375724958,-0.015145962010463088,39.166193800431806,30.66937689429824,,,,
2023-08-30T13:30:00+08:00,0.838,0.841,0.837,0.84,0.8340190476190477,,0.78755,0.00174712122570626,-0.012962060478330262,-0.014709181704036522,40.74588171330092,31.533952367960257,,,,
2023-08-31T09:30:00+08:00,0.839,0.84,0.833,0.834,0.8337714285714286,,0.78755,0.001817767393365307,-0.012436972462329887,-0.014254739855695194,37.592118759632754,32.27671706965685,,,,
2023-08-31T13:30:00+08:00,0.833,0.836,0.833,0.835,0.833895238095238,,0.78755,0.0019605320782237062,-0.011804074757915561,-0.013764606836139268,38.447237276367915,32.1503349387742,,,,
2023-09-01T09:30:00+08:00,0.836,0.84,0.835,0.835,0.8343619047619047,,0.78755,0.0020727291788082865,-0.01117369536262891,-0.013246424541437197,38.447237276367915,33.180769783406824,,,,
2023-09-01T13:30:00+08:00,0.836,0.837,0.835,0.837,0.8350380952380952,,0.78755,0.002282796710919747,-0.010392928652787514,-0.012675725363707261,40.34326936778027,34.414692278477425,,,,
2023-09-04T09:30:00+08:00,0.841,0.848,0.839,0.844,0.8365333333333334,,0.78755,0.00285708080991536,-0.00910437435131306,-0.01196145516122842,46.54917636252816,35.86678045292772,,,,
2023-09-04T13:30:00+08:00,0.844,0.847,0.844,0.847,0.8382857142857143,,0.78755,0.0033677613551931374,-0.007751753467236999,-0.011119514822430137,48.99791074246726,37.534199211831364,,,,
2023-09-05T09:30:00+08:00,0.845,0.846,0.843,0.845,0.8395809523809523,,0.78755,0.0034850415787183973,-0.006763212849032141,-0.010248254427750538,47.43762674303873,39.20961289105531,,,,
2023-09-05T13:30:00+08:00,0.845,0.845,0.842,0.843,0.8403809523809522,,0.78755,0.003341654964176908,-0.006071185722529404,-0.009412840686706312,45.8647671027162,40.79248888024308,,,,
2023-09-06T09:30:00+08:00,0.841,0.842,0.838,0.842,0.8408285714285714,,0.78755,0.0030986053449674235,-0.0055395840054970336,-0.008638189350464457,45.060286364707665,41.55854169437258,,,,
2023-09-06T13:30:00+08:00,0.842,0.845,0.841,0.844,0.8414571428571428,,0.78755,0.002990220590973095,-0.004900413611748089,-0.007890634202721184,47.06029847329131,42.52279416920786,,,,
2023-09-07T09:30:00+08:00,0.842,0.843,0.837,0.837,0.8410285714285713,,0.78755,0.0023907485815601454,-0.004902198475771002,-0.007292947057331148,41.38208943912403,42.66103350645842,,,,
2023-09-07T13:30:00+08:00,0.838,0.838,0.834,0.834,0.8402190476190476,,0.78755,0.0017647195633604283,-0.005087047603130612,-0.0068517671664910405,39.19915209681692,42.59237467989802,,,,
2023-09-08T09:30:00+08:00,0.831,0.835,0.831,0.834,0.8394666666666667,,0.78755,0.0013422934407478684,-0.0051739003655562055,-0.006516193806304074,39.19915209681692,42.59472884392553,,,,
2023-09-08T13:30:00+08:00,0.834,0.836,0.832,0.834,0.838752380952381,,0.78755,0.0010665665857497435,-0.005182985574116894,-0.0062495521598666375,39.199152096816924,42.48424815703381,,,,
2023-09-11T09:30:00+08:00,0.834,0.842,0.833,0.841,0.8390285714285715,,0.78755,0.0013415347727417466,-0.004572633693939454,-0.005914168466681201,47.30064394048628,43.1777142413805,,,,
2023-09-11T13:30:00+08:00,0.841,0.842,0.838,0.84,0.839104761904762,,0.78755,0.0014336547169387778,-0.004122100070507728,-0.005555754787446506,46.35048493498922,43.742231931282014,,,,
2023-09-12T09:30:00+08:00,0.839,0.841,0.837,0.838,0.8388666666666666,,0.78755,0.0013392545922992546,-0.003881686547072438,-0.005220941139371693,44.42826418768404,44.16944813923317,,,,
2023-09-12T13:30:00+08:00,0.838,0.839,0.838,0.839,0.8387333333333334,,0.78755,0.0013212964718632581,-0.0035693205495426206,-0.004890617021405879,45.64211746914394,44.547937289330584,,,,
2023-09-13T09:30:00+08:00,0.838,0.84,0.831,0.833,0.8377809523809525,,0.78755,0.0009024569644282675,-0.003762545815870544,-0.004665002780298811,39.99697035581283,44.0799225745652,,,,
2023-09-13T13:30:00+08:00,0.832,0.835,0.831,0.834,0.8370666666666666,,0.78755,0.0006989757938178891,-0.0037912830380264495,-0.004490258831844339,41.30007842425187,43.530077408978386,,,,
2023-09-14T09:30:00+08:00,0.834,0.838,0.833,0.835,0.8366095238095238,,0.78755,0.0006395507685227108,-0.0036908203711909504,-0.004330371139713661,42.641573753972935,43.18750219547369,,,,
2023-09-14T13:30:00+08:00,0.835,0.838,0.833,0.838,0.8366476190476191,,0.78755,0.000799710164366977,-0.00333073343425494,-0.004130443598621917,46.58539822181685,43.23897584683801,,,,
2023-09-15T09:30:00+08:00,0.838,0.841,0.835,0.836,0.8364666666666666,,0.78755,0.0007681939808255964,-0.003170201122589922,-0.003938395103415518,44.39391946942799,43.19137821146089,,,,
2023-09-15T13:30:00+08:00,0.836,0.836,0.832,0.835,0.8362095238095237,,0.78755,0.0006802581822633004,-0.0030880723755863926,-0.003768330557849693,43.29718424191126,42.92258433779089,,,,
2023-09-18T09:30:00+08:00,0.831,0.837,0.83,0.834,0.8359047619047618,,0.78755,0.0005600189559035818,-0.003068306862970216,-0.0036283258188737977,42.17511599499168,42.97922909178143,,,,
2023-09-18T13:30:00+08:00,0.834,0.838,0.834,0.838,0.8361619047619046,,0.78755,0.000743647628361239,-0.0026987662834222492,-0.003442413911783488,47.98217793461849,43.606588080195834,,,,
2023-09-19T09:30:00+08:00,0.837,0.84,0.834,0.836,0.8361142857142856,,0.78755,0.0007235077881804892,-0.0025380291765578766,-0.003261536964738366,45.520649667142486,44.05812362093337,,,,
2023-09-19T13:30:00+08:00,0.837,0.839,0.836,0.838,0.8363142857142858,,0.78755,0.0008303271903025693,-0.002223627976860154,-0.0030539551671627235,48.37289779019572,44.71339117046043,,,,
2023-09-20T09:30:00+08:00,0.836,0.838,0.835,0.836,0.8362095238095237,,0.78755,0.0007539593974257284,-0.002111505920380563,-0.0028654653178062915,45.79110608894443,44.60556703820744,,,,
2023-09-20T13:30:00+08:00,0.836,0.838,0.835,0.836,0.8361523809523808,,0.78755,0.0006926936472019017,-0.001999598258803914,-0.002692291906005816,45.79110608894443,44.5656114063471,,,,
2023-09-21T09:30:00+08:00,0.835,0.836,0.83,0.83,0.8353333333333333,,0.78755,0.00025962044475587396,-0.0023677663500609736,-0.0026273867948168475,38.61950088098737,44.15069974158305,,,,
2023-09-21T13:30:00+08:00,0.83,0.833,0.829,0.83,0.8345904761904762,,0.78755,-0.0000014777973472816786,-0.0026292340415009496,-0.002627756244153668,38.61950088098737,43.64908427100044,,,,
2023-09-22T09:30:00+08:00,0.829,0.835,0.827,0.834,0.8344666666666666,,0.78755,0.00011417575874900481,-0.0024850365457174117,-0.0025992123044664165,45.24933613944879,44.024253255545865,,,,
2023-09-22T13:30:00+08:00,0.834,0.842,0.834,0.841,0.8352666666666666,,,0.0006511000543458789,-0.001785337236534068,-0.002436437290879947,54.509448483083816,44.967779688319574,,,,
2023-09-25T09:30:00+08:00,0.84,0.841,0.837,0.838,0.8356,,,0.0007842616023862286,-0.001456110287897161,-0.0022403718902833897,50.56248444387994,45.53355902331293,,,,
2023-09-25T13:30:00+08:00,0.838,0.839,0.837,0.837,0.8357714285714286,,,0.0007832197708587977,-0.0012613471767098927,-0.0020445669475686904,49.281514740243665,45.72613877462913,,,,
2023-09-26T09:30:00+08:00,0.837,0.839,0.834,0.836,0.8358190476190476,,,0.0006963313592131446,-0.0011741527485522596,-0.0018704841077654042,47.97266737490992,45.9817636250207,,,,
2023-09-26T13:30:00+08:00,0.836,0.836,0.834,0.834,0.8356,,,0.0004947860645501494,-0.0012520015270777174,-0.0017467875916278668,45.376963955594995,46.13031931885525,,,,
2023-09-27T09:30:00+08:00,0.834,0.839,0.833,0.836,0.8356571428571429,,,0.0004860843320134774,-0.00113918217661102,-0.0016252665086244973,48.384599360153025,46.5738538449382,,,,
2023-09-27T13:30:00+08:00,0.836,0.838,0.835,0.838,0.8359619047619047,,,0.0005976014828980307,-0.000878264655001959,-0.0014758661378999898,51.2739185585896,46.80897817522185,,,,
2023-09-28T09:30:00+08:00,0.837,0.84,0.835,0.837,0.8361333333333334,,,0.0005858085414465867,-0.0007436054610917564,-0.0013294140025383431,49.77364533827596,47.11276358030282,,,,
2023-09-28T13:30:00+08:00,0.837,0.837,0.835,0.836,0.8361619047619046,,,0.000496010252347521,-0.0007094011871039418,-0.0012054114394514628,48.25315302734293,47.10421038295619,,,,
2023-10-09T09:30:00+08:00,0.834,0.835,0.825,0.831,0.835542857142857,,,0.00010562593428828761,-0.0010733790215911032,-0.0011790049558793908,41.43715579655909,46.79321393350009,,,,
2023-10-09T13:30:00+08:00,0.831,0.833,0.83,0.832,0.8351047619047618,,,-0.00007003005233594223,-0.0012665425212993187,-0.0011965124689633764,43.16627335755356,46.60572588125789,,,,
2023-10-10T09:30:00+08:00,0.833,0.834,0.826,0.827,0.8340380952380952,,,-0.00048463667397029763,-0.0018023083114262484,-0.0013176716374559507,37.24488334569895,46.507538914451565,,,,
2023-10-10T13:30:00+08:00,0.826,0.828,0.824,0.825,0.8327333333333333,,,-0.0008347209837099728,-0.0023610728670934167,-0.0015263518833834439,35.16682857810416,46.26091946424562,,,,
2023-10-11T09:30:00+08:00,0.827,0.829,0.825,0.827,0.8317428571428571,,,-0.000868838807116402,-0.0026124003922789463,-0.0017435615851625443,38.84160669752502,45.80322450410821,,,,
2023-10-11T13:30:00+08:00,0.827,0.827,0.823,0.825,0.830552380952381,,,-0.000956416841378341,-0.0029390826368854706,-0.0019826657955071296,36.60708931383437,44.52448456344753,,,,
2023-10-12T09:30:00+08:00,0.83,0.833,0.828,0.831,0.8303142857142858,,,-0.0005601905368503002,-0.002682903966570005,-0.0021227134297197047,46.542795365963194,44.23736391502491,,,,
2023-10-12T13:30:00+08:00,0.831,0.832,0.83,0.832,0.8302761904761904,,,-0.00019930741477249643,-0.0023718476981853254,-0.002172540283412829,48.00547459098069,44.14621819007755,,,,
2023-10-13T09:30:00+08:00,0.828,0.83,0.826,0.828,0.8297523809523809,,,-0.0001981288615079341,-0.002420201360297747,-0.0022220724987898127,42.9438649252588,43.78701801510247,,,,
2023-10-13T13:30:00+08:00,0.828,0.829,0.826,0.829,0.8294380952380951,,,-0.00010292805020854561,-0.002350732561550495,-0.002247804511341949,44.5188203328929,43.72572204205232,,,,
2023-10-16T09:30:00+08:00,0.829,0.829,0.824,0.826,0.8287714285714287,,,-0.0002088225543510052,-0.0025088327042807057,-0.0023000101499297005,40.873669687885744,43.18922706546179,,,,
2023-10-16T13:30:00+08:00,0.825,0.826,0.822,0.824,0.8279333333333333,,,-0.0003709149287997246,-0.0027636538109293562,-0.0023927388821296317,38.6043212704829,42.28425583059703,,,,
2023-10-17T09:30:00+08:00,0.825,0.826,0.822,0.824,0.8272285714285714,,,-0.0004312531717228286,-0.0029318053467831673,-0.0025005521750603387,38.6043212704829,41.486446968611816,,,,
2023-10-17T13:30:00+08:00,0.824,0.827,0.824,0.827,0.827047619047619,,,-0.00023221496124752787,-0.0027908208766197484,-0.0025586059153722206,44.01202549868576,41.183509287993445,,,,
2023-10-18T09:30:00+08:00,0.826,0.826,0.82,0.822,0.8262857142857143,,,-0.0003910505722996621,-0.003047419130746798,-0.002656368558447136,38.0039271269356,40.93827866873463,,,,
2023-10-18T13:30:00+08:00,0.822,0.823,0.82,0.822,0.8256095238095239,,,-0.000445888533878374,-0.0032137292257951033,-0.0027678406919167294,38.0039271269356,40.56953965226192,,,,
2023-10-19T09:30:00+08:00,0.818,0.818,0.808,0.808,0.8231619047619048,,0.7676000000000001,-0.0013250991102595616,-0.004424214579741181,-0.0030991154694816198,26.33136023060895,39.79000228689835,,,,
2023-10-19T13:30:00+08:00,0.808,0.809,0.804,0.805,0.820495238095238,,0.7676000000000001,-0.00196990632870041,-0.005561498380357133,-0.0035915920516567225,24.588555187843312,39.03441133045114,,,,
2023-10-20T09:30:00+08:00,0.801,0.804,0.799,0.801,0.8174857142857143,,0.7676000000000001,-0.0024933200524713947,-0.006708242117245966,-0.004214922064774571,22.454514916216098,37.863904774643366,,,,
2023-10-20T13:30:00+08:00,0.801,0.801,0.796,0.798,0.8143238095238094,,0.7676000000000001,-0.0028437080287018295,-0.007769557100651858,-0.004925849071950029,20.98357469896679,36.74793944500997,,,,
2023-10-23T09:30:00+08:00,0.795,0.796,0.79,0.793,0.810752380952381,,0.7676000000000001,-0.0031884328435517776,-0.008911390126389751,-0.005722957282837973,18.775943388642105,34.764592875201316,,,,
2023-10-23T13:30:00+08:00,0.792,0.793,0.783,0.788,0.8068761904761904,,0.7676000000000001,-0.003504269970732856,-0.010103294746254043,-0.006599024775521187,16.86511746967092,32.54028165225061,,,,
2023-10-24T09:30:00+08:00,0.789,0.793,0.784,0.788,0.8034190476190476,,0.7676000000000001,-0.00345836889163513,-0.0109219858900651,-0.00746361699842997,16.86511746967092,30.67751397685148,,,,
2023-10-24T13:30:00+08:00,0.788,0.793,0.787,0.793,0.8010095238095238,,0.7676000000000001,-0.0028611728819411993,-0.011040083100856468,-0.008178910218915269,25.641568671087583,29.329138858151094,,,,
2023-10-25T09:30:00+08:00,0.799,0.802,0.796,0.797,0.7994761904761905,,0.7676000000000001,-0.002007038363818917,-0.010687708173688915,-0.008680669809869998,31.840760315967202,28.6839310458712,,,,
2023-10-25T13:30:00+08:00,0.798,0.799,0.796,0.797,0.7982190476190476,,0.7676000000000001,-0.0012873311180275522,-0.010289833707404439,-0.009002502589376887,31.840760315967202,28.200819549120087,,,,
2023-10-26T09:30:00+08:00,0.793,0.797,0.792,0.794,0.7968190476190475,,0.7543,-0.0008781274287631338,-0.010100161875330804,-0.00922203444656767,29.687904162233437,27.56393261281655,,,,
2023-10-26T13:30:00+08:00,0.794,0.801,0.794,0.801,0.7966380952380953,,0.7543,-0.000044814418630859804,-0.009278052469856246,-0.009233238051225386,39.899048186548114,27.27014851909243,,,,
2023-10-27T09:30:00+08:00,0.798,0.806,0.797,0.806,0.7973714285714286,,0.7543,0.0008831052659726592,-0.008129356468759563,-0.009012461734732222,45.93839463895945,27.836896198522705,,,,
2023-10-27T13:30:00+08:00,0.805,0.812,0.805,0.807,0.7983904761904763,,0.7543,0.0015643960673117595,-0.007056966650592522,-0.008621362717904282,47.08367792871235,28.485449827221043,,,,
2023-10-30T09:30:00+08:00,0.804,0.809,0.803,0.806,0.7994190476190477,,0.7543,0.0019241893703127767,-0.006216126005013312,-0.008140315375326088,46.033453237057934,29.892742184824538,,,,
2023-10-30T13:30:00+08:00,0.807,0.81,0.806,0.808,0.8007333333333334,,0.7543,0.002250680684978049,-0.0053269645191035275,-0.007577645204081576,48.507296702122645,31.601223721558775,,,,
2023-10-31T09:30:00+08:00,0.806,0.807,0.8,0.801,0.8010857142857143,,0.7543,0.001959695013399208,-0.005128026437332567,-0.007087721450731775,41.360855464606374,32.951676617872366,,,,
2023-10-31T13:30:00+08:00,0.802,0.805,0.801,0.804,0.8018380952380952,,0.7543,0.0019306507759304188,-0.004674407980818751,-0.00660505875674917,45.09428697578732,34.67387035193097,,,,
2023-11-01T09:30:00+08:00,0.81,0.81,0.803,0.805,0.8026666666666666,,0.7543,0.0019352732303501508,-0.004185967218811482,-0.006121240449161632,46.321125466411274,36.641383357485914,,,,
2023-11-01T13:30:00+08:00,0.805,0.807,0.805,0.805,0.8033809523809524,,0.7543,0.0018925264553393776,-0.00375558237998741,-0.0056481088353267875,46.32112546641127,38.745383928681655,,,,
2023-11-02T09:30:00+08:00,0.806,0.81,0.804,0.804,0.8038,,0.7543,0.001754199307169686,-0.0034553597013646797,-0.005209559008534366,45.15106784456124,40.76580895545953,,,,
2023-11-02T13:30:00+08:00,0.805,0.806,0.802,0.803,0.8039333333333334,,0.7543,0.0015592173954262342,-0.003260537264251573,-0.004819754659677807,43.955361090136634,42.073936985391605,,,,
2023-11-03T09:30:00+08:00,0.804,0.811,0.803,0.808,0.8046380952380954,,0.7543,0.0017182988605304646,-0.0026718810840147267,-0.004390179944545191,50.94978936338335,43.438867631635624,,,,
2023-11-03T13:30:00+08:00,0.809,0.81,0.807,0.808,0.8052380952380953,,0.7543,0.0017679564078572785,-0.0021802344347235936,-0.003948190842580872,50.94978936338334,44.80379827787963,,,,
2023-11-06T09:30:00+08:00,0.812,0.816,0.81,0.814,0.8065333333333334,,0.7543,0.0021253024853603044,-0.0012915627358804915,-0.003416865221240796,58.208460607263,46.84098088109602,,,,
2023-11-06T13:30:00+08:00,0.814,0.816,0.813,0.816,0.807904761904762,,0.7543,0.0023966544512520572,-0.0004210471571757246,-0.002817701608427782,60.3165503582847,48.299373893362926,,,,
2023-11-07T09:30:00+08:00,0.814,0.814,0.811,0.814,0.8088666666666666,,0.7543,0.002339149139970439,0.00010623481653526667,-0.002232914323435172,57.20878558056083,49.10440181776302,,,,
2023-11-07T13:30:00+08:00,0.814,0.817,0.813,0.815,0.8098857142857142,,0.7543,0.0022646585792227797,0.0005979089005933025,-0.0016667496786294772,58.36392942633566,49.91013406759326,,,,
2023-11-08T09:30:00+08:00,0.813,0.816,0.812,0.813,0.8105619047619048,,0.7543,0.0019868123050045673,0.000816765702626232,-0.0011700466023783353,55.15694856936553,50.56181230561524,,,,
2023-11-08T13:30:00+08:00,0.814,0.814,0.81,0.814,0.8113047619047619,,0.7543,0.0017829964143707296,0.0010586989155850768,-0.0007242974987856528,56.445608953471854,51.12883460928304,,,,
2023-11-09T09:30:00+08:00,0.812,0.816,0.811,0.813,0.8118571428571429,,0.7543,0.0015045665626107672,0.001156410704477806,-0.000348155858132961,54.75118710164009,52.08528686907116,,,,
2023-11-09T13:30:00+08:00,0.813,0.813,0.811,0.813,0.8122952380952381,,0.7543,0.001254354330721245,0.0012197870552685952,-0.000034567275452649726,54.751187101640106,52.77506544948922,,,,
2023-11-10T09:30:00+08:00,0.81,0.811,0.807,0.809,0.8121142857142857,,0.7543,0.0007768153124320361,0.0009364518650873954,0.0001596365526553593,48.0586294599957,52.89917287760239,,,,
2023-11-10T13:30:00+08:00,0.809,0.811,0.808,0.81,0.8120285714285714,,0.7543,0.0004991434527713979,0.0007835658686196068,0.00028442241584820884,49.71353931520451,53.141488152516196,,,,
2023-11-13T09:30:00+08:00,0.811,0.812,0.808,0.81,0.811895238095238,,0.7543,0.00029634516107041097,0.0006548538671862225,0.00035850870611581155,49.71353931520451,53.46737897184785,,,,
2023-11-13T13:30:00+08:00,0.81,0.812,0.809,0.812,0.8119714285714285,,,0.0002780670898525188,0.0007060925684314601,0.00042802547857894124,53.17409973017709,54.12586030327931,,,,
2023-11-14T09:30:00+08:00,0.812,0.817,0.811,0.815,0.8123619047619046,,,0.0004395847774518384,0.0009775064503937392,0.0005379216729419008,57.8587650225761,54.61935856465022,,,,
2023-11-14T13:30:00+08:00,0.815,0.816,0.813,0.816,0.8128190476190477,,,0.0005766907091136527,0.0012587850593339667,0.000682094350220314,59.319729615429,55.217211439796344,,,,
2023-11-15T09:30:00+08:00,0.821,0.823,0.818,0.819,0.8136,,,0.0008176294384504554,0.0017041311482833832,0.0008865017098329278,63.41719566897008,55.58926394420399,,,,
2023-11-15T13:30:00+08:00,0.82,0.82,0.817,0.82,0.8144666666666669,,,0.0009815192769551328,0.002113400806026844,0.001131881529071711,64.69377056908102,55.90192253068944,,,,
2023-11-16T09:30:00+08:00,0.818,0.819,0.815,0.816,0.8147619047619046,,,0.0007671995871603335,0.002090881013022128,0.0013236814258617943,56.23985046783798,55.83271287978067,,,,
2023-11-16T13:30:00+08:00,0.816,0.817,0.814,0.815,0.814904761904762,,,0.0005167648728544051,0.001969637516929801,0.0014528726440753957,54.328467032906225,55.54446556596429,,,,
2023-11-17T09:30:00+08:00,0.812,0.814,0.809,0.812,0.8146476190476191,,,0.00012800902308556438,0.001612883922932351,0.0014848748998467867,48.95330437590652,55.10134812357436,,,,
2023-11-17T13:30:00+08:00,0.811,0.815,0.81,0.815,0.8147999999999999,,,0.00005554961381658936,0.0015543119171175235,0.0014987623033009341,53.868557402132396,54.91727301276439,,,,
2023-11-20T09:30:00+08:00,0.815,0.821,0.812,0.82,0.8156095238095239,,,0.00031264584656884266,0.0018895696115119875,0.0015769237649431449,60.66645699307963,55.339792290724354,,,,
2023-11-20T13:30:00+08:00,0.819,0.82,0.818,0.82,0.8163523809523809,,,0.0004430228596196124,0.0021307023394676605,0.001687679479848048,60.66645699307963,55.762311568684325,,,,
2023-11-21T09:30:00+08:00,0.821,0.826,0.82,0.824,0.8175619047619047,,,0.0007414010588179917,0.0026144308033705377,0.001873029744552546,65.3973815966765,57.00079386416153,,,,
2023-11-21T13:30:00+08:00,0.825,0.825,0.818,0.82,0.8180952380952381,,,0.0006172065549969828,0.0026445379382987744,0.0020273313833017916,57.89791206846274,57.58539191796569,,,,
2023-11-22T09:30:00+08:00,0.817,0.82,0.816,0.817,0.8181333333333333,,,0.0002970730738598949,0.0023986727256266605,0.0021015996517667656,52.98986266796317,57.8194150145913,,,,
2023-11-22T13:30:00+08:00,0.817,0.818,0.811,0.813,0.8175714285714286,,,-0.00019358398965816726,0.0018596196646940566,0.002053203654352224,47.239741983139524,57.39553231837433,,,,
2023-11-23T09:30:00+08:00,0.812,0.815,0.811,0.812,0.8168666666666666,,,-0.0005735066684564877,0.0013363203187816142,0.001909826987238102,45.89879939690512,56.541249059397835,,,,
2023-11-23T13:30:00+08:00,0.813,0.818,0.812,0.818,0.8169904761904763,,,-0.0004160762211492988,0.0013897317108014784,0.0018058079319507772,54.28389179075506,56.181546357635405,,,,
2023-11-24T09:30:00+08:00,0.817,0.817,0.811,0.812,0.816295238095238,,,-0.0006949596527889323,0.0009371083659646118,0.001632068018753544,46.51929731278616,54.974553617907986,,,,
2023-11-24T13:30:00+08:00,0.812,0.813,0.81,0.812,0.8156666666666667,,,-0.0008482067040977562,0.0005718096386313487,0.001420016342729105,46.51929731278616,53.67637695674407,,,,
2023-11-27T09:30:00+08:00,0.81,0.811,0.805,0.808,0.8145809523809523,,,-0.0011680112631555438,-0.000039997736215324764,0.001128013526940219,41.886916046591445,52.65116735522646,,,,
2023-11-27T13:30:00+08:00,0.808,0.81,0.807,0.809,0.8137047619047618,,,-0.0012536957048560015,-0.0004391061041297828,0.0008145896007262187,43.40424484872665,51.870865770642204,,,,
2023-11-28T09:30:00+08:00,0.808,0.81,0.806,0.808,0.8127523809523809,,,-0.0013129243741639449,-0.0008265658669787124,0.00048635850718523245,42.21716607661939,51.38971303497885,,,,
2023-11-28T13:30:00+08:00,0.808,0.81,0.806,0.81,0.8121047619047619,,,-0.001158020801474781,-0.0009611674946582438,0.00019685330681653716,45.43159112578293,50.78707258666817,,,,
2023-11-29T09:30:00+08:00,0.81,0.81,0.805,0.805,0.8108380952380951,,,-0.0013211078722527437,-0.0014545315334993925,-0.00013342366124664877,39.51358284340555,49.27615300454859,,,,
2023-11-29T13:30:00+08:00,0.806,0.806,0.804,0.806,0.8098476190476189,,,-0.0012890389691351141,-0.0017447223726655414,-0.00045568340353042736,41.16430207141365,47.88314193871531,,,,
2023-11-30T09:30:00+08:00,0.804,0.807,0.803,0.804,0.8087238095238095,,,-0.001324846198168563,-0.002111741151241131,-0.0007868949530725681,38.878992537596794,45.98897129163819,,,,
2023-11-30T13:30:00+08:00,0.803,0.807,0.802,0.807,0.8081904761904762,,,-0.001079211886177706,-0.0021359098107947005,-0.0010566979246169946,43.9092632914022,44.98978209327672,,,,
2023-12-01T09:30:00+08:00,0.806,0.806,0.801,0.803,0.807247619047619,,,-0.0011143159297605412,-0.002449592836817671,-0.00133527690705713,39.26869903301369,44.00969897649462,,,,
2023-12-01T13:30:00+08:00,0.803,0.808,0.802,0.807,0.8069714285714286,,,-0.0008104600618917745,-0.002348351984421848,-0.0015378919225300736,45.47451459428495,43.883611305862146,,,,
2023-12-04T09:30:00+08:00,0.808,0.809,0.804,0.806,0.8066190476190478,,,-0.000627320431629557,-0.00232204246206702,-0.001694722030437463,44.25694879463377,43.76633626284276,,,,
2023-12-04T13:30:00+08:00,0.806,0.808,0.803,0.804,0.8060571428571428,,,-0.0005918317561393088,-0.002434511725611599,-0.00184267996947229,41.843873211766955,42.87776350720076,,,,
2023-12-05T09:30:00+08:00,0.803,0.803,0.796,0.799,0.8049619047619047,,,-0.0008408523008028223,-0.0028937453454758177,-0.0020528930446729954,36.48763522004225,42.1612162148619,,,,
2023-12-05T13:30:00+08:00,0.799,0.799,0.79,0.791,0.8029238095238096,,0.75145,-0.0014446801633333831,-0.0038587432488397244,-0.0024140630855063413,29.894102403821407,40.973702292793,,,,
2023-12-06T09:30:00+08:00,0.789,0.792,0.787,0.792,0.8012190476190477,,0.75145,-0.0016615890319311025,-0.00449104937542022,-0.002829460343489117,31.558984921925116,40.235992926745396,,,,
2023-12-06T13:30:00+08:00,0.792,0.793,0.788,0.79,0.7994000000000001,,0.75145,-0.0018122797436256229,-0.005094810023021146,-0.003282530279395523,30.023299920492448,39.280211146157235,,,,
2023-12-07T09:30:00+08:00,0.788,0.789,0.782,0.787,0.7973619047619047,,0.74765,-0.0019732538530159356,-0.005749097595665442,-0.0037758437426495066,27.835282887342387,38.252933775494604,,,,
2023-12-07T13:30:00+08:00,0.786,0.79,0.786,0.788,0.7956571428571428,,0.74765,-0.001872466768098307,-0.00611642720277239,-0.004243960434674083,29.675059426142454,37.12746722552028,,,,
2023-12-08T09:30:00+08:00,0.787,0.791,0.785,0.79,0.7944285714285715,,0.74765,-0.0015448108689363723,-0.006174974020844548,-0.004630163151908176,33.33562869657952,36.686184786461276,,,,
2023-12-08T13:30:00+08:00,0.79,0.79,0.788,0.789,0.7932095238095239,,0.74765,-0.0012800663108447161,-0.006230246040464071,-0.004950179729619355,32.426767419945236,36.06207516849924,,,,
2023-12-11T09:30:00+08:00,0.786,0.787,0.778,0.787,0.7918857142857143,,0.74765,-0.0011295318435100635,-0.006362094534006935,-0.005232562690496871,30.628206332401902,35.47273329669961,,,,
2023-12-11T13:30:00+08:00,0.786,0.796,0.786,0.795,0.7917904761904763,,0.74765,-0.0004177222442399986,-0.005754715495796869,-0.005336993251556871,44.006577106566716,35.47968428349707,,,,
2023-12-12T09:30:00+08:00,0.792,0.796,0.791,0.793,0.7915428571428572,,0.74765,-0.00002865506606781771,-0.005372812084141643,-0.005344157018073825,41.83447936108687,35.66295430693087,,,,
2023-12-12T13:30:00+08:00,0.794,0.798,0.793,0.797,0.7919238095238096,,0.74765,0.0005206991643349392,-0.004693283062655151,-0.005213982226990091,47.42387705415226,35.80219448263568,,,,
2023-12-13T09:30:00+08:00,0.795,0.795,0.791,0.792,0.7917333333333334,,0.74765,0.000566174404195945,-0.00450626422174516,-0.005072438625941105,41.991881319652464,35.64040394870844,,,,
2023-12-13T13:30:00+08:00,0.791,0.793,0.788,0.79,0.7914095238095239,,0.74765,0.00048360673278634737,-0.004467930209958171,-0.004951536942744518,40.0173875308586,35.50994068578641,,,,
2023-12-14T09:30:00+08:00,0.792,0.793,0.788,0.789,0.7910857142857144,,0.74765,0.0003878280052176308,-0.0044667519362224795,-0.00485457994144011,39.02921019241115,35.691481755241334,,,,
2023-12-14T13:30:00+08:00,0.789,0.789,0.785,0.786,0.7904571428571431,,0.74765,0.0001602704566464764,-0.004654241870632014,-0.004814512327278491,36.145532471867504,36.13801247438749,,,,
2023-12-15T09:30:00+08:00,0.788,0.791,0.783,0.784,0.7896095238095239,,0.74765,-0.00007450218620447084,-0.00490764006003408,-0.004833137873829609,34.32475118479536,36.33556720744965,,,,
2023-12-15T13:30:00+08:00,0.784,0.784,0.781,0.783,0.788704761904762,,0.74765,-0.00023750247111835494,-0.005130015962727552,-0.004892513491609197,33.41830452211968,36.57806753613731,,,,
2023-12-18T09:30:00+08:00,0.78,0.784,0.776,0.781,0.7876,,0.74765,-0.00041024883590278383,-0.005405324536487677,-0.004995075700584893,31.619811284464518,36.8483909930746,,,,
2023-12-18T13:30:00+08:00,0.78,0.781,0.778,0.78,0.7864190476190477,,0.74765,-0.0005152955009457925,-0.005639195076767134,-0.0051238995758213415,30.729315294285627,36.92369498365626,,,,
2023-12-19T09:30:00+08:00,0.779,0.781,0.776,0.778,0.7850476190476191,,0.7391,-0.0006350457871265938,-0.005917706809729584,-0.00528266102260299,28.971938343914942,36.61200281560879,,,,
2023-12-19T13:30:00+08:00,0.779,0.779,0.774,0.779,0.7839238095238095,,0.7391,-0.0005648341210419848,-0.005988703673905471,-0.005423869552863486,31.093837756304495,36.51679355392017,,,,
2023-12-20T09:30:00+08:00,0.717,0.718,0.713,0.715,0.7743619047619048,,0.6792499999999999,-0.004526099371939609,-0.011081493767787998,-0.006555394395848389,10.16465721602323,35.05511147417883,,,,
2023-12-20T13:30:00+08:00,0.715,0.715,0.709,0.71,0.7648190476190475,,0.6792499999999999,-0.00703100212033575,-0.015344147046268075,-0.008313144925932325,9.619876048444183,32.598918541455795,,,,
2023-12-21T09:30:00+08:00,0.707,0.713,0.705,0.713,0.7564857142857142,,0.6792499999999999,-0.007965207538768792,-0.018269654349393316,-0.010304446810624524,12.645066492696301,30.513960479427897,,,,
2023-12-21T13:30:00+08:00,0.712,0.714,0.711,0.713,0.7489142857142858,,0.6792499999999999,-0.008039256380785672,-0.020353517286606615,-0.012314260905820943,12.645066492696301,28.029759725038183,,,,
2023-12-22T09:30:00+08:00,0.712,0.717,0.71,0.713,0.7421428571428571,,0.6792499999999999,-0.007551970890582325,-0.021754224519048848,-0.014202253628466523,12.645066492696301,25.933558665969883,,,,
2023-12-22T13:30:00+08:00,0.712,0.714,0.71,0.713,0.7361238095238096,,0.6792499999999999,-0.006721183757127828,-0.022603733324876307,-0.01588254956774848,12.645066492696301,23.97839287752972,,,,
2023-12-25T09:30:00+08:00,0.711,0.714,0.71,0.712,0.730704761904762,,0.6792499999999999,-0.0057671464092419675,-0.023091482579300937,-0.01732433617005897,12.458106235839068,22.080456880631715,,,,
2023-12-25T13:30:00+08:00,0.712,0.715,0.711,0.714,0.7262857142857142,,0.6792499999999999,-0.004581272944258648,-0.023050927350382278,-0.01846965440612363,15.159850769540412,20.58147961617978,,,,
2023-12-26T09:30:00+08:00,0.714,0.715,0.708,0.709,0.7218857142857144,,0.6792499999999999,-0.0037485365380754802,-0.02315532507871798,-0.0194067885406425,13.996841735729177,19.129486084103622,,,,
2023-12-26T13:30:00+08:00,0.708,0.712,0.708,0.711,0.7184666666666666,,0.6792499999999999,-0.0027255256976454444,-0.022813695662699307,-0.020088169965053863,16.74807320453256,17.93875527570454,,,,
2023-12-27T09:30:00+08:00,0.71,0.714,0.707,0.712,0.7158666666666667,,0.6792499999999999,-0.001694488086193987,-0.022206280072796347,-0.02051179198660236,18.15783114017684,16.97718526539828,,,,
2023-12-27T13:30:00+08:00,0.712,0.715,0.711,0.714,0.7141904761904762,,0.6792499999999999,-0.0006447884005461348,-0.021317777487285028,-0.020672989086738893,21.03777684762214,16.28493251920803,,,,
2023-12-28T09:30:00+08:00,0.712,0.724,0.712,0.724,0.7144761904761903,,0.6792499999999999,0.0008735922333288765,-0.019580998795077798,-0.020454591028406674,33.61614561914966,16.616661610296223,,,,
2023-12-28T13:30:00+08:00,0.724,0.725,0.722,0.724,0.7152761904761903,,0.6792499999999999,0.001965969252275223,-0.017997129463062644,-0.019963098715337867,33.61614561914966,16.796826457642304,,,,
2023-12-29T09:30:00+08:00,0.723,0.728,0.723,0.727,0.717,,0.6792499999999999,0.002921043399897457,-0.016311794465466045,-0.019232837865363502,37.10217623332872,18.72093495887841,,,,
2023-12-29T13:30:00+08:00,0.727,0.73,0.726,0.728,0.718742857142857,,0.6792499999999999,0.0036056992263588453,-0.014725713832414944,-0.01833141305877379,38.26591940346108,20.767080912808186,,,,
2024-01-02T09:30:00+08:00,0.728,0.729,0.726,0.729,0.7204476190476191,,0.6792499999999999,0.004076753180331988,-0.013235471583358804,-0.017312224763690792,39.471962432317795,22.683287765638294,,,,
2024-01-02T13:30:00+08:00,0.729,0.729,0.725,0.726,0.7216000000000001,,0.6792499999999999,0.004124669791727452,-0.012156387524031476,-0.016281057315758928,37.128534694996176,24.432106922945426,,,,
2024-01-03T09:30:00+08:00,0.724,0.728,0.724,0.725,0.7224952380952381,,0.6792499999999999,0.004023094617225026,-0.011252189044227645,-0.015275283661452671,36.353759678773166,26.125585007665205,,,,
2024-01-03T13:30:00+08:00,0.724,0.728,0.724,0.728,0.7236761904761904,,0.6792499999999999,0.004079246834800964,-0.010176225117951465,-0.01425547195275243,40.37363055112738,28.10619672612457,,,,
2024-01-04T09:30:00+08:00,0.726,0.727,0.72,0.722,0.7239142857142856,,0.6792499999999999,0.003647659530969509,-0.009695897539040543,-0.013343557070010052,35.539039796336695,29.75483483758868,,,,
2024-01-04T13:30:00+08:00,0.722,0.725,0.72,0.724,0.7243238095238094,,0.6792499999999999,0.003435218620460428,-0.009049533794434517,-0.012484752414894945,38.19574705628964,31.400256000927918,,,,
2024-01-05T09:30:00+08:00,0.723,0.729,0.722,0.723,0.7245047619047619,,0.6792499999999999,0.0031719883777230375,-0.008519766942741147,-0.011691755320464185,37.366499809272874,33.06951729189532,,,,
2024-01-05T13:30:00+08:00,0.724,0.725,0.716,0.72,0.724152380952381,,0.6792499999999999,0.0027558583990140682,-0.008246932321696598,-0.011002790720710667,34.91734529311367,34.367322441079686,,,,
2024-01-08T09:30:00+08:00,0.719,0.719,0.71,0.711,0.7225142857142857,,0.6754499999999999,0.0018765209074142336,-0.008657139586442875,-0.010533660493857108,28.815445823975026,35.12858063277956,,,,
2024-01-08T13:30:00+08:00,0.711,0.713,0.709,0.71,0.7207523809523808,,0.6754499999999999,0.0012592145847131753,-0.00895964226296564,-0.010218856847678814,28.22523979061532,35.64197084299336,,,,
2024-01-09T09:30:00+08:00,0.71,0.713,0.707,0.708,0.7187619047619047,,0.6754499999999999,0.0007718168712078192,-0.00925408575866904,-0.010025902629876859,27.03267494575249,35.1717229377507,,,,
2024-01-09T13:30:00+08:00,0.707,0.712,0.707,0.712,0.7174571428571427,,0.6754499999999999,0.0007725404068609082,-0.009060227121300723,-0.009832767528161632,33.11908550561641,35.136218643926895,,,,
2024-01-10T09:30:00+08:00,0.71,0.713,0.705,0.708,0.7157333333333332,,0.6754499999999999,0.0005668688696743966,-0.009124181441068635,-0.009691050310743032,30.389244197429093,34.65672349850549,,,,
2024-01-10T13:30:00+08:00,0.708,0.709,0.706,0.707,0.7140571428571427,,0.67165,0.0004327755238377664,-0.009150080905945823,-0.00958285642978359,29.729506267228317,34.0469797030603,,,,
2024-01-11T09:30:00+08:00,0.706,0.711,0.704,0.709,0.7128476190476191,,0.67165,0.0005410420048993884,-0.008906553923659355,-0.009447595928558743,32.868514751146535,33.57530486869092,,,,
2024-01-11T13:30:00+08:00,0.71,0.711,0.707,0.709,0.7118285714285714,,0.67165,0.0006666709505255795,-0.008614257240401768,-0.009280928190927348,32.868514751146535,33.27101772984452,,,,
2024-01-12T09:30:00+08:00,0.707,0.712,0.706,0.709,0.7109714285714286,,0.67165,0.0007950771977023284,-0.008287081693799436,-0.009082158891501765,32.868514751146535,33.02207166358547,,,,
2024-01-12T13:30:00+08:00,0.709,0.71,0.707,0.708,0.7101333333333333,,0.67165,0.000852863130448786,-0.008016079978440782,-0.008868943108889568,31.97649514678581,32.422276277561075,,,,
2024-01-15T09:30:00+08:00,0.706,0.712,0.704,0.709,0.7096190476190475,,0.67165,0.0009890478642162193,-0.007632633278619294,-0.008621681142835513,33.90813868512876,32.30578334104622,,,,
2024-01-15T13:30:00+08:00,0.709,0.709,0.707,0.709,0.7092285714285713,,0.67165,0.0011011605148838928,-0.007245230499230648,-0.008346391014114541,33.90813868512876,31.99952560024902,,,,
2024-01-16T09:30:00+08:00,0.706,0.71,0.702,0.704,0.7083142857142857,,0.6688,0.0008707100331693772,-0.007258003472652819,-0.008128713505822196,29.114012924625968,31.410062251345668,,,,
2024-01-16T13:30:00+08:00,0.704,0.71,0.701,0.709,0.708247619047619,,0.6688,0.0010738203255657303,-0.006786438098865033,-0.007860258424430763,38.48099066526574,31.664608349356534,,,,
2024-01-17T09:30:00+08:00,0.707,0.707,0.702,0.702,0.707352380952381,,0.6688,0.0007697713150100483,-0.006898044280668203,-0.007667815595678251,32.08811790275777,31.898370640698154,,,,
2024-01-17T13:30:00+08:00,0.703,0.703,0.694,0.695,0.7056095238095238,,0.6602499999999999,0.00016202896568739966,-0.007465279388569002,-0.007627308354256401,27.218463835313457,31.82645807246231,,,,
2024-01-18T09:30:00+08:00,0.692,0.692,0.676,0.681,0.7021428571428572,,0.6602499999999999,-0.0010512965701702012,-0.008941429066969153,-0.007890132496798952,20.51336187268697,31.360792852957633,,,,
2024-01-18T13:30:00+08:00,0.681,0.698,0.677,0.697,0.7010666666666666,,0.6602499999999999,-0.000663659353668215,-0.008719706688884221,-0.008056047335216006,39.006217293183006,31.781302266355244,,,,
2024-01-19T09:30:00+08:00,0.693,0.697,0.691,0.694,0.6997333333333333,,0.6602499999999999,-0.0005039132818430263,-0.008685938937519788,-0.008182025655676762,37.25599978795788,32.27178480853587,,,,
2024-01-19T13:30:00+08:00,0.694,0.696,0.692,0.694,0.6985333333333332,,0.6602499999999999,-0.00030277760581563784,-0.00856049766294631,-0.008257720057130671,37.255999787957876,32.809391488587984,,,,
2024-01-22T09:30:00+08:00,0.692,0.692,0.682,0.684,0.6961238095238096,,0.6602499999999999,-0.0007237301389898636,-0.009162382730868002,-0.008438652591878138,31.74876993032312,32.72940971567203,,,,
2024-01-22T13:30:00+08:00,0.685,0.687,0.671,0.675,0.6927523809523809,,0.64125,-0.0014470612912601856,-0.01024747920595337,-0.008800417914693184,27.77007030676782,32.36523511250211,,,,
2024-01-23T09:30:00+08:00,0.674,0.679,0.668,0.676,0.6898380952380951,,0.64125,-0.0016805245061128713,-0.010901073547334272,-0.009220549041221401,28.837181229489218,32.077282718098026,,,,
2024-01-23T13:30:00+08:00,0.677,0.683,0.674,0.679,0.6876380952380953,,0.64125,-0.0014632438776889089,-0.011049603888332538,-0.009586360010643629,32.0790972516355,32.084611439873,,,,
2024-01-24T09:30:00+08:00,0.681,0.684,0.672,0.676,0.6853142857142857,,0.64125,-0.0013544069043646672,-0.011279368641099463,-0.009924961736734796,30.578877624914057,31.846807078429094,,,,
2024-01-24T13:30:00+08:00,0.676,0.692,0.675,0.69,0.6851714285714285,,0.64125,-0.00023125847493674426,-0.010214034830405727,-0.009982776355468983,43.789951695426204,32.55265086487891,,,,
2024-01-25T09:30:00+08:00,0.689,0.709,0.689,0.707,0.6874761904761905,,0.64125,0.0016607435044092983,-0.00790684697495736,-0.009567590479366658,54.99085047171133,34.40099640395644,,,,
2024-01-25T13:30:00+08:00,0.708,0.712,0.705,0.711,0.6902857142857142,,0.64125,0.003102051323523137,-0.005690026324962738,-0.008792077648485875,57.15427696316972,35.73480256809244,,,,
2024-01-26T09:30:00+08:00,0.707,0.713,0.707,0.711,0.6930761904761904,,0.64125,0.003922976179156726,-0.0038883574245399677,-0.0078113336036966935,57.15427696316972,37.52524250097901,,,,
2024-01-26T13:30:00+08:00,0.711,0.716,0.709,0.713,0.6960476190476191,,0.64125,0.004430716846036298,-0.0022729375461513213,-0.006703654392187619,58.316123605126684,39.746503913108526,,,,
2024-01-29T09:30:00+08:00,0.713,0.716,0.709,0.711,0.6985809523809524,,0.64125,0.0044501739708266985,-0.001140936928654246,-0.005591110899480944,56.66144496784959,42.32850984847728,,,,
2024-01-29T13:30:00+08:00,0.711,0.713,0.707,0.708,0.7004285714285713,,0.64125,0.004088603945952141,-0.00048035596704076866,-0.00456895991299291,54.17816740053926,43.4122205704313,,,,
2024-01-30T09:30:00+08:00,0.705,0.705,0.699,0.701,0.7012380952380952,,0.64125,0.003242578172857087,-0.0005157371969215507,-0.0037583153697786378,48.80351712984121,44.237043237708676,,,,
2024-01-30T13:30:00+08:00,0.701,0.707,0.694,0.695,0.7011809523809523,,0.64125,0.0021936821635174975,-0.001016212665381766,-0.0032098948288992635,44.70937952175563,44.76942750440852,,,,
2024-01-31T09:30:00+08:00,0.693,0.696,0.684,0.69,0.700447619047619,,0.64125,0.001131433700808274,-0.001795602702888921,-0.002927036403697195,41.57905498187925,45.47159072237681,,,,
2024-01-31T13:30:00+08:00,0.69,0.692,0.684,0.687,0.6992571428571428,,0.64125,0.00024155756007014943,-0.002625089453609508,-0.0028666470136796576,39.779417316227516,46.32940122305251,,,,
2024-02-01T09:30:00+08:00,0.684,0.689,0.677,0.684,0.6975523809523809,,0.64125,-0.0004941807294566035,-0.003484372925500412,-0.0029901921960438084,38.00780795587336,46.9844459892228,,,,
2024-02-01T13:30:00+08:00,0.684,0.685,0.68,0.682,0.6955047619047618,,0.64125,-0.0010297957814410343,-0.0042774369228451015,-0.003247641141404067,36.830183395632126,47.32380928522256,,,,
2024-02-02T09:30:00+08:00,0.683,0.686,0.672,0.674,0.6923619047619048,,0.64125,-0.0017924585090922296,-0.005488214277769354,-0.0036957557686771248,32.49334598005984,47.460557024875826,,,,
2024-02-02T13:30:00+08:00,0.674,0.678,0.656,0.673,0.6891047619047619,,0.64125,-0.0022066412585400813,-0.006454057341852226,-0.004247416083312145,31.98632227481984,46.617440637689654,,,,
2024-02-05T09:30:00+08:00,0.667,0.67,0.65,0.669,0.6854761904761905,,0.6355500000000001,-0.0025671149743657423,-0.007456309801269323,-0.004889194826903581,29.97171629988189,44.83035962541613,,,,
2024-02-05T13:30:00+08:00,0.669,0.675,0.663,0.666,0.6818095238095239,,0.6355500000000001,-0.002805359642477483,-0.008395894380000435,-0.005590534737522952,28.520828296224735,42.78511329206292,,,,
2024-02-06T09:30:00+08:00,0.66,0.685,0.66,0.684,0.6809714285714287,,0.6355500000000001,-0.0016079394100071767,-0.007600459000031923,-0.005992519590024746,45.551869007947545,41.9563698666899,,,,
2024-02-06T13:30:00+08:00,0.684,0.69,0.682,0.689,0.6810571428571428,,0.6355500000000001,-0.00039940778899379397,-0.006491779326266989,-0.006092371537273195,49.174511056109544,41.303397541760106,,,,
2024-02-07T09:30:00+08:00,0.687,0.695,0.683,0.69,0.6815047619047618,,0.6355500000000001,0.0004983746863899217,-0.005469403179285792,-0.005967777865675714,49.89256862846582,40.819906374661265,,,,
2024-02-07T13:30:00+08:00,0.69,0.699,0.69,0.699,0.683352380952381,0.683352380952381,0.6355500000000001,0.0016637277904497944,-0.0038881181276134713,-0.005551845918063266,55.927502991125195,40.94485891684597,,,,
2024-02-08T09:30:00+08:00,0.7,0.705,0.698,0.702,0.6856857142857142,0.6856857142857142,0.6355500000000001,0.0025490012904119353,-0.0023655943050483463,-0.004914595595460282,57.75400188936618,41.58417925681204,,,,
2024-02-08T13:30:00+08:00,0.702,0.705,0.699,0.704,0.6882761904761904,0.6882761904761904,0.6355500000000001,0.00314269146748762,-0.0009862312611007562,-0.004128922728588376,58.974669088529104,42.60312851158158,,,,
2024-02-19T09:30:00+08:00,0.709,0.713,0.704,0.709,0.6914476190476191,0.6914476190476191,0.6355500000000001,0.003706790808474413,0.0005045657820046401,-0.003202225026469773,61.93577147001905,44.05717968930585,,,,
2024-02-19T13:30:00+08:00,0.71,0.716,0.709,0.714,0.6951047619047619,0.6951047619047619,0.6355500000000001,0.004214323641026718,0.002065679524813624,-0.0021486441162130937,64.68109331294221,45.835870831928325,,,,
2024-02-20T09:30:00+08:00,0.712,0.716,0.71,0.713,0.6983714285714285,0.6951047619047619,0.6355500000000001,0.004267284693273083,0.00318546175037826,-0.0010818229428948228,63.69168927128116,47.670433783028884,,,,
2024-02-20T13:30:00+08:00,0.714,0.719,0.712,0.717,0.7018952380952381,0.7018952380952381,0.6355500000000001,0.004341914968359268,0.004345570767554263,0.000003655799194994449,65.93626017842146,49.74943926751383,,,,
2024-02-21T09:30:00+08:00,0.716,0.735,0.713,0.734,0.7073523809523808,0.7073523809523808,0.6355500000000001,0.005245948377315767,0.006561091270839703,0.001315142893523936,73.44877662658776,52.674827170837254,,,,
2024-02-21T13:30:00+08:00,0.734,0.736,0.726,0.727,0.7113047619047619,0.7073523809523808,0.6355500000000001,0.005078864168109324,0.007663723103660591,0.0025848589355512673,66.9055898874788,55.16906057174146,,,,
2024-02-22T09:30:00+08:00,0.725,0.735,0.725,0.734,0.7156761904761905,0.7156761904761905,0.6355500000000001,0.005131054551834694,0.008998677125344634,0.0038676225735099407,69.80265461283439,58.014127594095214,,,,
2024-02-22T13:30:00+08:00,0.735,0.737,0.73,0.737,0.7198285714285714,0.7198285714285714,0.6355500000000001,0.0050509807296996116,0.010181348485634456,0.0051303677559348445,70.97533242005511,61.04659217436881,,,,
2024-02-23T09:30:00+08:00,0.738,0.743,0.735,0.737,0.7233047619047618,0.7198285714285714,0.6355500000000001,0.004689238669542424,0.010991916092862875,0.00630267742332045,70.97533242005511,62.86255384666221,,,,
2024-02-23T13:30:00+08:00,0.737,0.742,0.737,0.74,0.7266761904761904,0.7266761904761904,0.6355500000000001,0.004350680799146926,0.011741028422254107,0.0073903476231071815,72.22620902321367,64.50910370145536,,,,
2024-02-26T09:30:00+08:00,0.739,0.741,0.734,0.737,0.7291619047619048,0.7266761904761904,0.6355500000000001,0.003651580028248891,0.011954822658418296,0.008303242630169405,69.0227148698583,65.87554271869767,,,,
2024-02-26T13:30:00+08:00,0.737,0.739,0.731,0.733,0.7306666666666667,0.7266761904761904,0.6355500000000001,0.002691005616471332,0.01166699965075857,0.008975994034287237,64.89004592412991,66.51572435676944,,,,
2024-02-27T09:30:00+08:00,0.729,0.739,0.728,0.736,0.732247619047619,0.732247619047619,0.6355500000000001,0.0020574897907053823,0.011547856272668966,0.009490366481963584,66.5096334638938,67.14112661209283,,,,
2024-02-27T13:30:00+08:00,0.737,0.743,0.735,0.743,0.7344380952380952,0.7344380952380952,0.6355500000000001,0.0019127591167458855,0.01188131537789594,0.009968556261150055,69.98839640997247,67.92782142076736,,,,
2024-02-28T09:30:00+08:00,0.742,0.744,0.733,0.738,0.7355904761904761,0.7344380952380952,0.6355500000000001,0.0013118049969314052,0.011608312507314311,0.010296507510382906,64.80990823289136,68.13311690382967,,,,
2024-02-28T13:30:00+08:00,0.738,0.74,0.727,0.729,0.7352666666666665,0.7344380952380952,0.6355500000000001,0.00019814134355265398,0.010544184189823724,0.01034604284627107,56.680354721477464,67.5616355758679,,,,
2024-02-29T09:30:00+08:00,0.726,0.737,0.726,0.733,0.7353333333333334,0.7344380952380952,0.6355500000000001,-0.0003493205982501163,0.009909392098458425,0.010258712696708541,59.1338817155886,67.23607789331844,,,,
2024-02-29T13:30:00+08:00,0.733,0.74,0.732,0.74,0.7361428571428572,0.7344380952380952,0.6355500000000001,-0.0003209502530030165,0.009857524880454771,0.010178475133457788,63.07524366010167,67.0317195705813,,,,
2024-03-01T09:30:00+08:00,0.737,0.741,0.736,0.739,0.7366,0.7344380952380952,0.6355500000000001,-0.0004429564063290932,0.00962477962554642,0.010067736031875513,62.15302931069665,66.22488047658909,,,,
2024-03-01T13:30:00+08:00,0.739,0.744,0.738,0.741,0.7372761904761905,0.7344380952380952,0.6355500000000001,-0.00046035729281711756,0.009492289415854116,0.009952646708671234,63.308484913605,65.96794440702668,,,,
2024-03-04T09:30:00+08:00,0.741,0.744,0.736,0.742,0.7379523809523811,0.7344380952380952,0.6355500000000001,-0.0004740498577951273,0.009360084386427325,0.009834134244222453,63.901903477987595,65.54646218310906,,,,
2024-03-04T13:30:00+08:00,0.741,0.744,0.74,0.744,0.7388190476190476,0.7344380952380952,0.6355500000000001,-0.0004198022124766911,0.009309381478626588,0.00972918369110328,65.11703572303401,65.12801241903611,,,,
2024-03-05T09:30:00+08:00,0.741,0.747,0.739,0.746,0.7398857142857143,0.7344380952380952,0.6355500000000001,-0.0003248578966131774,0.009323111320336808,0.009647969216949985,66.33735145453076,64.7967280643558,,,,
2024-03-05T13:30:00+08:00,0.746,0.748,0.744,0.747,0.7410000000000001,0.7344380952380952,0.6355500000000001,-0.0002724600809623952,0.009307394115746992,0.009579854196709387,66.95973350068417,64.42055124131798,,,,
2024-03-06T09:30:00+08:00,0.745,0.75,0.744,0.747,0.742047619047619,0.7344380952380952,0.6355500000000001,-0.00031267303964216744,0.009189012897156679,0.009501685936798846,66.95973350068417,64.27319542923411,,,,
2024-03-06T13:30:00+08:00,0.748,0.75,0.744,0.745,0.7427333333333332,0.7344380952380952,0.6355500000000001,-0.0005357472902913808,0.008832001823934621,0.009367749114226002,64.20623198899281,64.22435157672432,,,,
2024-03-07T09:30:00+08:00,0.745,0.751,0.741,0.743,0.7430380952380953,0.7344380952380952,0.6355500000000001,-0.0008605204588582743,0.008292098540653159,0.009152618999511433,61.48344011849399,63.865337766338605,,,,
2024-03-07T13:30:00+08:00,0.743,0.745,0.741,0.742,0.7431428571428571,0.7344380952380952,0.6355500000000001,-0.0011662324287732614,0.007694828463544856,0.008861060892318117,60.11083779312802,63.15979786513543,,,,
2024-03-08T09:30:00+08:00,0.742,0.744,0.738,0.741,0.7431238095238094,0.7344380952380952,0.6355500000000001,-0.0014413132024122793,0.007059419389302768,0.008500732591715047,58.69958033245891,62.7233458722474,,,,
2024-03-08T13:30:00+08:00,0.742,0.746,0.741,0.746,0.7437428571428571,0.7344380952380952,0.6355500000000001,-0.001296583719704824,0.006880002942084018,0.008176586661788842,63.334723207317744,63.19865790695027,,,,
2024-03-11T09:30:00+08:00,0.744,0.747,0.742,0.745,0.7440666666666668,0.7344380952380952,0.6355500000000001,-0.001276263066370173,0.006581257828826126,0.007857520895196299,61.83989231484162,63.39194437832549,,,,
2024-03-11T13:30:00+08:00,0.745,0.751,0.743,0.75,0.7449428571428572,0.7344380952380952,0.6355500000000001,-0.0009491698547170798,0.006671058576799949,0.007620228431517028,66.14274624999047,63.61105170617469,,,,
2024-03-12T09:30:00+08:00,0.75,0.752,0.745,0.747,0.7453238095238095,0.7344380952380952,0.6355500000000001,-0.0009553222737779966,0.006426075589294533,0.00738139786307253,61.65092425181375,63.57518705911163,,,,
2024-03-12T13:30:00+08:00,0.747,0.749,0.746,0.748,0.7457619047619047,0.7344380952380952,0.6355500000000001,-0.0009125760501817693,0.006240677800345318,0.007153253850527087,62.56356166225449,63.52197825544374,,,,
2024-03-13T09:30:00+08:00,0.747,0.748,0.742,0.747,0.746,0.7344380952380952,0.6355500000000001,-0.0009669773145896971,0.005944532207289965,0.0069115095218796625,61.000200525307896,63.31471375882376,,,,
2024-03-13T13:30:00+08:00,0.748,0.75,0.744,0.745,0.7459238095238095,0.7344380952380952,0.6355500000000001,-0.0011410306651632469,0.005485221190425604,0.006626251855588851,57.884778390586106,62.798123949363195,,,,
2024-03-14T09:30:00+08:00,0.744,0.751,0.744,0.745,0.7458380952380951,0.7344380952380952,0.6355500000000001,-0.0012507194937246184,0.005062852488433078,0.006313571982157697,57.884778390586106,62.19436873051001,,,,
2024-03-14T13:30:00+08:00,0.745,0.747,0.741,0.746,0.7458952380952382,0.7344380952380952,0.6355500000000001,-0.001247647510653086,0.004754012593841339,0.006001660104494425,59.09618198273703,61.63268647922807,,,,
2024-03-15T09:30:00+08:00,0.743,0.746,0.741,0.743,0.7455619047619049,0.7344380952380952,0.6355500000000001,-0.0014264872880394401,0.004218550994445125,0.005645038282484565,54.07133546467227,60.71208661951293,,,,
2024-03-15T13:30:00+08:00,0.743,0.75,0.743,0.749,0.7460666666666667,0.7344380952380952,0.6355500000000001,-0.0011323605285779997,0.004229587621762065,0.005361948150340065,61.18063044646348,60.495972223617976,,,,
2024-03-18T09:30:00+08:00,0.748,0.752,0.747,0.751,0.7467999999999999,0.7344380952380952,0.6355500000000001,-0.0008098958940302549,0.004349578282802247,0.005159474176832502,63.22410572345064,60.62030548111488,,,,
2024-03-18T13:30:00+08:00,0.75,0.756,0.75,0.756,0.7481238095238096,0.7344380952380952,0.6355500000000001,-0.0002932748493441918,0.004792880615152262,0.005086155464496454,67.78917571535726,61.16875818984554,,,,
2024-03-19T09:30:00+08:00,0.754,0.756,0.752,0.753,0.7489142857142858,0.7344380952380952,0.6355500000000001,-0.00019191533489267,0.004846261295880616,0.005038176630773286,62.75564278347292,61.45847693634654,,,,
2024-03-19T13:30:00+08:00,0.753,0.754,0.75,0.751,0.7493238095238095,0.7344380952380952,0.6355500000000001,-0.00029189205818923574,0.004673311558036741,0.004965203616225977,59.57948040725876,61.1902453077709,,,,
2024-03-20T09:30:00+08:00,0.749,0.753,0.747,0.752,0.7498190476190477,0.7344380952380952,0.6355500000000001,-0.0003207032172391506,0.004564324594677038,0.004885027811916189,60.65181257412727,61.105382469148445,,,,
2024-03-20T13:30:00+08:00,0.751,0.753,0.751,0.753,0.7503809523809525,0.7344380952380952,0.6355500000000001,-0.00030266790325597214,0.0045066929328462235,0.004809360836102196,61.74476925975824,60.79124125556044,,,,
2024-03-21T09:30:00+08:00,0.752,0.755,0.75,0.752,0.7507809523809524,0.7344380952380952,0.6355500000000001,-0.00038316105476401095,0.004330409517647182,0.004713570572411193,59.951430026198196,60.66984881087361,,,,
2024-03-21T13:30:00+08:00,0.752,0.754,0.75,0.752,0.7511333333333333,0.7344380952380952,0.6355500000000001,-0.00045649939025073534,0.004142946334597775,0.00459944572484851,59.951430026198196,60.48326797972673,,,,
2024-03-22T09:30:00+08:00,0.75,0.751,0.739,0.745,0.7505142857142857,0.7344380952380952,0.6355500000000001,-0.0009671919012078992,0.003390455848338636,0.004357647749546535,48.51254397060798,59.59129251153388,,,,
2024-03-22T13:30:00+08:00,0.744,0.747,0.742,0.744,0.7497809523809523,0.7344380952380952,0.6355500000000001,-0.0013401277821962158,0.002682488021801266,0.004022615803997482,47.12910494559161,58.8230301226057,,,,
2024-03-25T09:30:00+08:00,0.742,0.748,0.74,0.746,0.7493238095238095,,,-0.0014126631474321318,0.002256786869707317,0.0036694500171394486,50.188597642075194,58.2733029262835,,,,
2024-03-25T13:30:00+08:00,0.745,0.747,0.739,0.74,0.7480571428571429,,,-0.0018004324308908757,0.0014189094785258538,0.0032193419094167296,42.283463405720724,57.07239445649662,,,,
2024-03-26T09:30:00+08:00,0.74,0.742,0.736,0.737,0.746447619047619,,,-0.0021699001794454106,0.0005069666851099663,0.002676866864555377,38.97767672753384,55.994275975272444,,,,
2024-03-26T13:30:00+08:00,0.737,0.741,0.735,0.74,0.745295238095238,,,-0.0021206771462454243,0.000026020431748596806,0.002146697577994021,43.716495364612925,54.746837755140255,,,,
2024-03-27T09:30:00+08:00,0.739,0.74,0.736,0.737,0.7438285714285715,,,-0.002189679725888286,-0.0005904020793663367,0.0015992776465219493,40.34261213385979,53.11244535588377,,,,
2024-03-27T13:30:00+08:00,0.736,0.741,0.732,0.733,0.7419619047619047,,,-0.0023879935407998534,-0.0013857142794778676,0.0010022792613219858,36.317949766797895,50.86450064527239,,,,
2024-03-28T09:30:00+08:00,0.731,0.74,0.729,0.738,0.7409809523809524,,,-0.0020771595002473603,-0.0015941701139872144,0.0004829893862601457,43.85759861075777,49.51464034722131,,,,
2024-03-28T13:30:00+08:00,0.738,0.739,0.732,0.735,0.7397428571428571,,,-0.0019693029256317722,-0.0019786392707795697,-0.000009336345147797475,40.740861152216105,48.169024686146834,,,,
2024-03-29T09:30:00+08:00,0.734,0.74,0.734,0.739,0.7391904761904763,,,-0.0015431106277641997,-0.001938224629853047,-0.0003951140020888474,46.227874258623956,47.1387433778966,,,,
2024-03-29T13:30:00+08:00,0.739,0.743,0.738,0.743,0.7392952380952381,,,-0.0009362163089937073,-0.0015653843883309815,-0.0006291680793372742,51.10363023440123,46.37866201894253,,,,
2024-04-01T09:30:00+08:00,0.745,0.752,0.744,0.749,0.7402952380952382,,,-0.00011810671335594613,-0.0007768014710322069,-0.0006586947576762607,57.350652951174695,46.19289222786942,,,,
2024-04-01T13:30:00+08:00,0.75,0.752,0.748,0.752,0.7417238095238096,,,0.0005983180666742895,0.0000892028256666011,-0.0005091152410076884,60.09582455198928,46.20320612256878,,,,
2024-04-02T09:30:00+08:00,0.751,0.755,0.75,0.752,0.743152380952381,,,0.0010206359240847657,0.0007666796640982687,-0.00025395625998649696,60.09582455198929,47.03058330695317,,,,
2024-04-02T13:30:00+08:00,0.751,0.753,0.75,0.753,0.7446476190476191,,,0.001297966088355745,0.0013685013504581844,0.00007053526210243935,61.0646582016454,48.02597996809987,,,,
2024-04-03T09:30:00+08:00,0.752,0.753,0.748,0.75,0.7456571428571428,,,0.0012116536874302096,0.0015851023713902013,0.00037344868395999174,56.62314650367782,48.48559060107148,,,,
2024-04-03T13:30:00+08:00,0.751,0.752,0.749,0.751,0.7467619047619046,,,0.001154450861672412,0.001816512261050507,0.0006620613993780949,57.72689086818235,49.58869256267588,,,,
2024-04-08T09:30:00+08:00,0.749,0.753,0.745,0.749,0.7474952380952382,,,0.0009244078018447373,0.0018175711516840165,0.0008931633498392792,54.72751520776714,50.71368102554969,,,,
2024-04-08T13:30:00+08:00,0.748,0.749,0.745,0.746,0.7477142857142858,,,0.0005321664929116279,0.001558371465978814,0.001026204973067186,50.48979530593442,51.1974881642155,,,,
2024-04-09T09:30:00+08:00,0.745,0.747,0.741,0.743,0.7474761904761905,,,0.00005761148622027623,0.0010982193308425314,0.0010406078446222552,46.603550077098646,51.644698017303995,,,,
2024-04-09T13:30:00+08:00,0.743,0.747,0.742,0.746,0.7475809523809525,,,-0.00006088451925363074,0.0009645021955552169,0.0010253867148088476,50.690869852927484,52.671335166313256,,,,
2024-04-10T09:30:00+08:00,0.746,0.747,0.742,0.742,0.7470285714285716,,,-0.0003965827629498767,0.0005296582611215017,0.0009262410240713784,45.671023785498456,52.8008655359376,,,,
2024-04-10T13:30:00+08:00,0.742,0.744,0.739,0.742,0.7464380952380952,,,-0.0005946467573998196,0.00018293257732160395,0.0007775793347214236,45.671023785498456,53.15302000974348,,,,
2024-04-11T09:30:00+08:00,0.739,0.746,0.738,0.745,0.7461809523809523,,,-0.000503253117268603,0.0001485129381356698,0.0006517660554042728,49.97964262827404,53.42100346471848,,,,
2024-04-11T13:30:00+08:00,0.745,0.746,0.741,0.742,0.7454666666666668,,,-0.0006169830123987056,-0.00011946271009410925,0.0004975203023045964,46.04693244903018,53.05981076576341,,,,
2024-04-12T09:30:00+08:00,0.743,0.744,0.74,0.742,0.7447619047619047,,,-0.0006604592359539007,-0.0003280537426377794,0.0003324054933161212,46.04693244903018,52.25240215846737,,,,
2024-04-12T13:30:00+08:00,0.742,0.743,0.737,0.739,0.7437238095238096,,,-0.0008475703949829575,-0.0007270575004125757,0.00012051289457038183,42.1962149498658,50.973858615458546,,,,
2024-04-15T09:30:00+08:00,0.738,0.75,0.732,0.746,0.7437428571428571,,,-0.00047479205020044745,-0.00047297716818017754,0.0000018148820202699382,52.233683078906154,50.41227708166689,,,,
2024-04-15T13:30:00+08:00,0.747,0.747,0.741,0.746,0.7438190476190477,,,-0.00021626896771213372,-0.0002685213276198972,-0.00005225235990776349,52.233683078906154,49.78149314432837,,,,
2024-04-16T09:30:00+08:00,0.744,0.745,0.734,0.741,0.743295238095238,,,-0.0003615064756750405,-0.0005041354545015642,-0.00014262897882652364,45.66480977126624,48.998754806298976,,,,
2024-04-16T13:30:00+08:00,0.741,0.743,0.735,0.735,0.7420571428571429,,,-0.0008151934268635823,-0.0011616207624060015,-0.0003464273355424192,39.28088918765224,47.681183257689675,,,,
2024-04-17T09:30:00+08:00,0.735,0.742,0.733,0.74,0.7416380952380952,,,-0.0007345752010329866,-0.0012646463368336525,-0.0005300711358006659,46.049571882781514,47.06133016304785,,,,
2024-04-17T13:30:00+08:00,0.74,0.749,0.739,0.748,0.7423714285714286,,,-0.00013016374514607525,-0.0006927758172332599,-0.0005626120720871846,54.7426324863184,47.36510424736099,,,,
2024-04-18T09:30:00+08:00,0.746,0.756,0.745,0.75,0.743352380952381,,,0.0003882575991174675,-0.0000772900731903503,-0.0004655476723078178,56.624325386939375,48.08087391234961,,,,
2024-04-18T13:30:00+08:00,0.75,0.753,0.748,0.748,0.7439999999999999,,,0.0005694499309282345,0.00024626474135247545,-0.0003231851895757591,54.19758094465467,48.33135327604441,,,,
2024-04-19T09:30:00+08:00,0.746,0.75,0.744,0.747,0.7444952380952381,,,0.0005922950217428372,0.0004171835876027874,-0.0001751114341400498,52.975085204863305,48.85307194885619,,,,
2024-04-19T13:30:00+08:00,0.746,0.747,0.744,0.747,0.7449428571428571,,,0.0005771612558409418,0.0005463401356611275,-0.00003082112017981434,52.975085204863305,49.374790621667955,,,,
2024-04-22T09:30:00+08:00,0.745,0.75,0.742,0.743,0.7448095238095238,,,0.00028243029281717347,0.0003222167458416525,0.00003978645302447903,47.95688717545633,49.230308089323835,,,,
2024-04-22T13:30:00+08:00,0.743,0.745,0.741,0.742,0.7445619047619049,,,0.00001871278312269853,0.00006317743192785219,0.00004446464880515366,46.76423271502017,49.28154382260883,,,,
2024-04-23T09:30:00+08:00,0.742,0.742,0.737,0.739,0.7439142857142858,,,-0.00033941956507793414,-0.000379809807542264,-0.00004039024246432989,43.28630831477963,49.08435638444808,,,,
2024-04-23T13:30:00+08:00,0.739,0.74,0.736,0.738,0.7431619047619049,,,-0.0006095464819748635,-0.0008023233449329092,-0.00019277686295804576,42.16072455348198,49.081821356134945,,,,
2024-04-24T09:30:00+08:00,0.738,0.741,0.736,0.739,0.742552380952381,,,-0.0006813281927654721,-0.0010444371039148859,-0.0003631089111494138,43.73630366446787,48.47486568367508,,,,
2024-04-24T13:30:00+08:00,0.739,0.742,0.738,0.742,0.7424095238095239,,,-0.0004958398426554377,-0.000982908714468711,-0.00048706887181327327,48.28743519086086,48.192990834528985,,,,
2024-04-25T09:30:00+08:00,0.74,0.746,0.739,0.742,0.742304761904762,,,-0.00034914608049340756,-0.0009235014724300328,-0.0005743553919366252,48.28743519086086,48.38032122164288,,,,
2024-04-25T13:30:00+08:00,0.742,0.745,0.741,0.744,0.7424571428571428,,,-0.00010602684171585246,-0.0007068889440814408,-0.0006008621023655883,51.331257917056114,49.24106184517173,,,,
2024-04-26T09:30:00+08:00,0.745,0.753,0.745,0.752,0.7435904761904761,,,0.0005679329450254784,0.00010905407891625973,-0.00045887886610921865,61.175346991429784,50.32147435293233,,,,
2024-04-26T13:30:00+08:00,0.752,0.754,0.75,0.753,0.744742857142857,,,0.0010285870739889932,0.0008268549763770228,-0.00020173209761197036,62.204454455488474,50.854461636444476,,,,
2024-04-29T09:30:00+08:00,0.753,0.76,0.75,0.757,0.7463809523809523,,,0.001520505731889077,0.001698900067249376,0.00017839433536029895,66.07776468118229,51.52970730031897,,,,
2024-04-29T13:30:00+08:00,0.757,0.76,0.757,0.759,0.7482190476190477,,,0.0018751323341628723,0.0025223097530638894,0.000647177418901017,67.85176419674548,52.505006104039744,,,,
2024-04-30T09:30:00+08:00,0.758,0.762,0.757,0.758,0.7498190476190476,,,0.0019293900259324702,0.0030589149513166047,0.0011295249253841346,65.99342748360027,53.4348876953781,,,,
2024-04-30T13:30:00+08:00,0.758,0.76,0.757,0.759,0.751447619047619,,,0.0019157758833425874,0.003524244779562369,0.0016084688962197814,66.96771374724972,54.43436116269142,,,,
2024-05-06T09:30:00+08:00,0.765,0.766,0.761,0.763,0.7534952380952381,,,0.0020474212164161114,0.004167745416739921,0.0021203242003238094,70.59654487611914,56.051479569881614,,,,
2024-05-06T13:30:00+08:00,0.762,0.765,0.761,0.765,0.7556190476190476,,,0.0021309094940602596,0.004783961067899134,0.0026530515738388744,72.23873010350019,57.871086526201616,,,,
2024-05-07T09:30:00+08:00,0.764,0.766,0.762,0.764,0.7573904761904762,,,0.001983527503617839,0.005132460953361173,0.003148933449743334,70.12971100892558,59.78847243292632,,,,
2024-05-07T13:30:00+08:00,0.765,0.767,0.764,0.767,0.7593238095238095,,,0.0019499163041788543,0.005586328829966902,0.003636412525788048,72.7043144934803,61.97015742864049,,,,
2024-05-08T09:30:00+08:00,0.765,0.766,0.762,0.763,0.7604476190476191,,,0.0015382084866404433,0.005559173134088602,0.004020964647448159,64.69713773284326,63.467359862095876,,,,
2024-05-08T13:30:00+08:00,0.763,0.764,0.761,0.762,0.7612095238095238,,,0.0010990465411006298,0.005394772823823946,0.004295726282723316,62.83402637302308,64.50640208939318,,,,
2024-05-09T09:30:00+08:00,0.761,0.768,0.761,0.766,0.7623142857142857,,,0.000982281844577249,0.005523578588444877,0.004541296743867628,66.93567188249679,65.8384189959386,,,,
2024-05-09T13:30:00+08:00,0.766,0.768,0.765,0.768,0.7634571428571428,,,0.0009438363495465835,0.0057210921808008575,0.004777255831254274,68.79030020485799,67.08549344506731,,,,
2024-05-10T09:30:00+08:00,0.768,0.77,0.763,0.768,0.7643714285714286,,,0.0008267086674998269,0.005810641665629057,0.00498393299812923,68.79030020485799,67.62941867459789,,,,
2024-05-10T13:30:00+08:00,0.768,0.769,0.766,0.768,0.7651333333333332,,,0.0006645203053166392,0.005814583379775029,0.00515006307445839,68.79030020485799,68.09983622812429,,,,
2024-05-13T09:30:00+08:00,0.765,0.767,0.76,0.766,0.7654857142857142,,,0.0003534410599138208,0.005591864399350666,0.005238423339436845,64.2865784884786,67.97189435721688,,,,
2024-05-13T13:30:00+08:00,0.767,0.768,0.764,0.765,0.7656190476190478,,,0.00002835928163108601,0.005273872441475702,0.005245513159844616,62.09744248017393,67.56087137746178,,,,
2024-05-14T09:30:00+08:00,0.765,0.768,0.762,0.763,0.7654285714285715,,,-0.0003523399893538663,0.004805088173152283,0.0051574281625061495,57.85416218715222,66.97949528485834,,,,
2024-05-14T13:30:00+08:00,0.763,0.766,0.763,0.764,0.7653238095238095,,,-0.0005556862968541052,0.0044628202914385184,0.005018506588292624,59.3498629273228,66.43536308343499,,,,
2024-05-15T09:30:00+08:00,0.765,0.766,0.76,0.763,0.7650380952380953,,,-0.000763580259448034,0.0040640312639825815,0.004827611523430616,57.16509345783177,65.47597369641446,,,,
2024-05-15T13:30:00+08:00,0.763,0.763,0.758,0.76,0.764352380952381,,,-0.0010893214328720601,0.00346595973234054,0.0045552811652126,51.08906510789349,63.96528333958541,,,,
2024-05-16T09:30:00+08:00,0.761,0.763,0.759,0.762,0.7639809523809525,,,-0.001150279961410804,0.0031174312134490956,0.0042677111748598996,54.55683943367303,62.852935369924516,,,,
2024-05-16T13:30:00+08:00,0.763,0.763,0.758,0.759,0.7632285714285715,,,-0.0013585489094111742,0.0025695250380959322,0.0039280739475071064,48.9505168055176,61.15623553507003,,,,
2024-05-17T09:30:00+08:00,0.759,0.761,0.757,0.759,0.7625523809523811,,,-0.001453681972826938,0.0021109714814734337,0.0035646534543003717,48.95051680551761,60.03147689740391,,,,
2024-05-17T13:30:00+08:00,0.759,0.767,0.758,0.767,0.7629809523809524,,,-0.0009590620774002378,0.0023658258575500746,0.0033248879349503124,61.26186664633774,59.919179774069235,,,,
2024-05-20T09:30:00+08:00,0.767,0.772,0.766,0.77,0.7637619047619049,,,-0.00043762766763897525,0.0027778533504015934,0.0032154810180405687,64.69987203798124,59.75947978517529,,,,
2024-05-20T13:30:00+08:00,0.771,0.772,0.769,0.772,0.7647714285714288,,,0.00001045888499444066,0.0032285546242836194,0.0032180957392891787,66.81438869206103,59.61834324854693,,,,
2024-05-21T09:30:00+08:00,0.769,0.77,0.766,0.768,0.7652095238095238,,,0.000006153163426634266,0.0032257871935724713,0.003219634030145837,59.17921829862724,58.93183739810188,,,,
2024-05-21T13:30:00+08:00,0.767,0.769,0.765,0.767,0.7655142857142856,,,-0.00009003859112726798,0.003107085791236752,0.00319712438236402,57.41284498629866,58.119162025347634,,,,
2024-05-22T09:30:00+08:00,0.766,0.769,0.766,0.767,0.7658285714285713,,,-0.00017475732032585416,0.0029786777319567026,0.0031534350522825568,57.41284498629866,57.628181060906215,,,,
2024-05-22T13:30:00+08:00,0.768,0.769,0.767,0.767,0.7661333333333333,,,-0.0002474455764425237,0.0028441280817294023,0.003091573658171926,57.41284498629866,57.29356695420084,,,,
2024-05-23T09:30:00+08:00,0.766,0.767,0.758,0.759,0.765352380952381,,,-0.0008187602586228462,0.002068123334893368,0.0028868835935162143,44.223799648683695,56.31996963002451,,,,
2024-05-23T13:30:00+08:00,0.758,0.76,0.756,0.758,0.7644761904761904,,,-0.0012240652979967452,0.0013568019710202828,0.002580867269017028,42.8972353857065,55.14478194848049,,,,
2024-05-24T09:30:00+08:00,0.756,0.76,0.755,0.755,0.7632571428571429,,,-0.001628917384720427,0.0005447205381164943,0.0021736379228369214,39.1072665475762,53.85493716917652,,,,
2024-05-24T13:30:00+08:00,0.755,0.756,0.751,0.752,0.7617142857142858,,,-0.0020085499219096616,-0.0003370494795501555,0.001671500442359506,35.70963393414884,52.75640637105191,,,,
2024-05-27T09:30:00+08:00,0.753,0.755,0.751,0.754,0.7605142857142857,,,-0.0020288081584738634,-0.000864509755732823,0.0011642984027410402,39.48431557707114,51.679797524151766,,,,
2024-05-27T13:30:00+08:00,0.754,0.759,0.754,0.759,0.760057142857143,,,-0.001626678519775757,-0.0008690497469786562,0.0007576287727971008,47.74452276763053,51.59365509287412,,,,
2024-05-28T09:30:00+08:00,0.757,0.761,0.756,0.758,0.7594666666666665,,,-0.0013600830975407322,-0.0009424750991288144,0.00041760799841191777,46.3809530772676,51.41011482657054,,,,
2024-05-28T13:30:00+08:00,0.759,0.759,0.754,0.756,0.7586190476190476,,,-0.0012531310283341048,-0.0011488057870057133,0.00010432524132839152,43.69324112327401,50.155213003494566,,,,
2024-05-29T09:30:00+08:00,0.755,0.76,0.755,0.756,0.7578761904761906,,,-0.0011213554574663897,-0.0012973690805045957,-0.00017601362303820592,43.69324112327401,48.654739366729764,,,,
2024-05-29T13:30:00+08:00,0.755,0.757,0.753,0.755,0.7571333333333333,,,-0.0010421907577455878,-0.0014787520702201906,-0.00043656131247460286,42.27273606867884,46.90176417934532,,,,
2024-05-30T09:30:00+08:00,0.753,0.758,0.751,0.751,0.7560190476190475,,,-0.0011892291050931377,-0.001923097693841025,-0.0007338685887478873,37.079825132968736,45.323236096083996,,,,
2024-05-30T13:30:00+08:00,0.752,0.753,0.748,0.751,0.7550666666666668,,,-0.0012123579979671467,-0.0022493160862068207,-0.001036958088239674,37.079825132968736,43.87087753513186,,,,
2024-05-31T09:30:00+08:00,0.752,0.755,0.751,0.752,0.7544000000000001,,,-0.0010900295175891163,-0.0023994949852260694,-0.0013094654676369531,39.24379173383084,42.57308801709844,,,,
2024-05-31T13:30:00+08:00,0.752,0.753,0.751,0.752,0.7538761904761905,,,-0.0009442771007707735,-0.00248981184360042,-0.0015455347428296466,39.24379173383084,41.27529849906502,,,,
2024-06-03T09:30:00+08:00,0.751,0.752,0.745,0.747,0.7528285714285714,,,-0.001108419717490738,-0.0029310593896930692,-0.0018226396722023312,32.718581979213454,40.45349723696001,,,,
2024-06-03T13:30:00+08:00,0.747,0.748,0.744,0.748,0.7520285714285714,,,-0.0010727616147143946,-0.0031635916905953243,-0.0020908300758809297,35.0448088015135,39.892609623803374,,,,
2024-06-04T09:30:00+08:00,0.747,0.749,0.744,0.748,0.7513238095238094,,,-0.0009751141715111477,-0.0033097227902698645,-0.0023346086187587167,35.0448088015135,39.602434070513176,,,,
2024-06-04T13:30:00+08:00,0.748,0.752,0.746,0.751,0.7510857142857142,,,-0.0006500563770936189,-0.00314717909012574,-0.0024971227130321213,42.019564745241205,40.053143414162626,,,,
2024-06-05T09:30:00+08:00,0.749,0.751,0.747,0.748,0.7504571428571427,,,-0.000580926619851165,-0.0032232809878460777,-0.0026423543679949127,37.66416359859179,39.923132558556965,,,,
2024-06-05T13:30:00+08:00,0.747,0.749,0.745,0.746,0.7496190476190475,,,-0.0006106897811725904,-0.0034057165944606504,-0.00279502681328806,35.05545458269603,39.016770545347356,,,,
2024-06-06T09:30:00+08:00,0.747,0.749,0.743,0.745,0.7487714285714286,,,-0.0006356673245191133,-0.0035896109689369515,-0.002953943644417838,33.7950636560613,38.11777844383262,,,,
2024-06-06T13:30:00+08:00,0.746,0.746,0.741,0.743,0.7477809523809523,,,-0.0007187048205388852,-0.003852324670091445,-0.0031336198495525596,31.36608001481106,37.23726693608527,,,,
2024-06-07T09:30:00+08:00,0.744,0.747,0.739,0.741,0.746647619047619,,0.70395,-0.0008321421336667007,-0.004173797516635935,-0.0033416553829692347,29.11268048936978,36.19579831937782,,,,
2024-06-07T13:30:00+08:00,0.74,0.744,0.739,0.744,0.7460571428571429,,0.70395,-0.0006377019524791447,-0.004138782823568166,-0.003501080871089021,36.48387527657335,35.78230826279886,,,,
2024-06-11T09:30:00+08:00,0.742,0.742,0.734,0.736,0.7445047619047619,,0.6991999999999999,-0.0009610238482786774,-0.0047023606814373675,-0.00374133683315869,28.094285282304256,35.1404839877514,,,,
2024-06-11T13:30:00+08:00,0.736,0.74,0.735,0.738,0.7433619047619048,,0.6991999999999999,-0.0009515529092514203,-0.004930777969722966,-0.003979225060471546,32.28646555503977,34.798101160756474,,,,
2024-06-12T09:30:00+08:00,0.737,0.74,0.736,0.74,0.7426095238095238,,0.6991999999999999,-0.0007318215693377554,-0.00489400202214374,-0.004162180452805984,36.286750965821646,34.58688396304153,,,,
2024-06-12T13:30:00+08:00,0.74,0.742,0.74,0.741,0.7421047619047618,,0.6991999999999999,-0.00045397145792515445,-0.004729644775212427,-0.004275673317287273,38.25101561919075,34.515971383424386,,,,
2024-06-13T09:30:00+08:00,0.742,0.742,0.738,0.739,0.7414380952380952,,0.6991999999999999,-0.0003446772871219866,-0.004706519926189756,-0.0043618426390677695,35.869207816799516,34.741016086109106,,,,
2024-06-13T13:30:00+08:00,0.74,0.74,0.737,0.739,0.7408476190476191,,0.6991999999999999,-0.00021833917856135983,-0.00463476661226947,-0.00441642743370811,35.869207816799516,34.7999017300581,,,,
2024-06-14T09:30:00+08:00,0.737,0.739,0.735,0.738,0.7402095238095239,,0.6991999999999999,-0.00015126113708922168,-0.004605503855069637,-0.004454242717980415,34.61917940749679,34.769499630485484,,,,
2024-06-14T13:30:00+08:00,0.737,0.741,0.737,0.74,0.7399333333333333,,0.6991999999999999,0.00006695524679637983,-0.004370548659484941,-0.004437503906281321,39.18406761712546,34.56696412133436,,,,
2024-06-17T09:30:00+08:00,0.737,0.738,0.735,0.736,0.7392285714285715,,0.6991999999999999,-0.000014595635215433264,-0.004455748450300612,-0.0044411528150851785,34.0618021714798,34.30965259082636,,,,
2024-06-17T13:30:00+08:00,0.736,0.737,0.735,0.736,0.7386380952380952,,0.6991999999999999,-0.00002445587836738365,-0.0044717226630444085,-0.004447266784677025,34.0618021714798,34.23867741859663,,,,
2024-06-18T09:30:00+08:00,0.737,0.739,0.735,0.739,0.7385428571428573,,0.6991999999999999,0.00020264380362544805,-0.004193962030145215,-0.004396605833770663,40.79388927714709,34.73859353438847,,,,
2024-06-18T13:30:00+08:00,0.738,0.739,0.736,0.739,0.738504761904762,,0.6991999999999999,0.00037444557775590144,-0.003928548861575787,-0.004302994439331688,40.79388927714709,35.41200848169819,,,,
2024-06-19T09:30:00+08:00,0.739,0.74,0.736,0.738,0.7383714285714286,,0.6991999999999999,0.0004379104606159435,-0.0037556063635617587,-0.004193516824177702,39.24491516296813,36.13573952981236,,,,
2024-06-19T13:30:00+08:00,0.738,0.739,0.737,0.738,0.7382666666666666,,0.6991999999999999,0.0004929645221293209,-0.003577311171516051,-0.004070275693645372,39.244915162968134,36.33295666455484,,,,
2024-06-20T09:30:00+08:00,0.737,0.739,0.734,0.735,0.7378190476190477,,0.6991999999999999,0.0003472842615750843,-0.0036361703666765166,-0.003983454628251601,34.665247400090365,36.80231110153956,,,,
2024-06-20T13:30:00+08:00,0.735,0.737,0.733,0.734,0.7372476190476189,,0.6991999999999999,0.00021026821335711193,-0.0037206193615552108,-0.003930887574912323,33.271492861779336,36.872670194878104,,,,
2024-06-21T09:30:00+08:00,0.733,0.735,0.729,0.733,0.7365809523809524,,0.6991999999999999,0.0000853860894425209,-0.003824154963109172,-0.003909541052551693,31.890662842786114,36.55866390037557,,,,
2024-06-21T13:30:00+08:00,0.733,0.734,0.731,0.733,0.7359809523809524,,0.6991999999999999,0.00003827885314970202,-0.003861692486114565,-0.003899971339264267,31.890662842786114,36.104352987775236,,,,
2024-06-24T09:30:00+08:00,0.73,0.73,0.723,0.729,0.7349238095238095,,0.69255,-0.00021296905168425619,-0.004166182653869588,-0.003953213602185332,26.742032591710128,35.45241190026885,,,,
2024-06-24T13:30:00+08:00,0.729,0.729,0.724,0.724,0.733295238095238,,0.69255,-0.0006423298066286455,-0.004756125860471139,-0.004113796053842493,21.967747196960545,34.459450427423214,,,,
2024-06-25T09:30:00+08:00,0.724,0.726,0.721,0.724,0.7318095238095237,,0.69255,-0.0008402681264962431,-0.005164131211962797,-0.004323863085466554,21.967747196960545,33.555776698099194,,,,
2024-06-25T13:30:00+08:00,0.724,0.724,0.717,0.721,0.7300571428571426,,0.69255,-0.0010723169440741542,-0.005664259265559246,-0.004591942321485092,19.540220374672472,32.1526447522097,,,,
2024-06-26T09:30:00+08:00,0.72,0.723,0.718,0.721,0.7284857142857143,,0.69255,-0.0011196841596508786,-0.00599154752104869,-0.0048718633613978116,19.540220374672472,31.11538890958061,,,,
2024-06-26T13:30:00+08:00,0.721,0.728,0.72,0.728,0.7279904761904761,,0.69255,-0.0005995378238469132,-0.005621285641206453,-0.0050217478173595394,38.06197151264741,31.401115291092577,,,,
2024-06-27T09:30:00+08:00,0.725,0.726,0.721,0.723,0.7269047619047619,,0.69255,-0.0005153974168634569,-0.005665994588438861,-0.005150597171575404,32.33603397566357,30.79698276955804,,,,
2024-06-27T13:30:00+08:00,0.723,0.725,0.722,0.723,0.7259714285714286,,0.69255,-0.00038868484434013365,-0.005636453227000571,-0.005247768382660437,32.33603397566357,30.1928502480235,,,,
2024-06-28T09:30:00+08:00,0.72,0.731,0.72,0.73,0.7261238095238095,,0.69255,0.00020567819245624272,-0.004990670642090134,-0.005196348834546376,45.61911937358713,30.648150548782002,,,,
2024-06-28T13:30:00+08:00,0.73,0.733,0.726,0.729,0.7262190476190477,,0.69255,0.0005509878950902573,-0.0045076139656835545,-0.005058601860773812,44.28174533489677,31.00792413249119,,,,
2024-07-01T09:30:00+08:00,0.728,0.732,0.726,0.732,0.7267999999999999,,0.69255,0.0009761089300313296,-0.00383846569823465,-0.0048145746282659795,49.10243256912203,32.03915164456488,,,,
2024-07-01T13:30:00+08:00,0.732,0.734,0.73,0.733,0.7275428571428572,,0.69255,0.001299108537395741,-0.0031906889565213037,-0.004489797493917045,50.6355971165896,33.27944480562276,,,,
2024-07-02T09:30:00+08:00,0.733,0.736,0.731,0.734,0.7284285714285713,,0.69255,0.001538207308086877,-0.002567038358808449,-0.004105245666895326,52.186646516387015,34.72915792516568,,,,
2024-07-02T13:30:00+08:00,0.735,0.736,0.732,0.734,0.7293047619047619,,0.69255,0.0016448611577089224,-0.0020491692197591727,-0.003694030377468095,52.186646516387015,36.1788710447086,,,,
2024-07-03T09:30:00+08:00,0.733,0.734,0.73,0.731,0.7297714285714285,,0.69255,0.0014677081629023555,-0.0018593951738401504,-0.003327103336742506,47.043787244350796,37.62899637704008,,,,
2024-07-03T13:30:00+08:00,0.731,0.733,0.73,0.732,0.730352380952381,,0.69255,0.0013738826404600217,-0.0016097500361674788,-0.0029836326766275005,48.85315774325521,39.549382844632554,,,,
2024-07-04T09:30:00+08:00,0.732,0.734,0.725,0.725,0.7299238095238095,,0.69255,0.0008235309853130784,-0.0019542189449861525,-0.002777749930299231,38.84730319707513,40.755065416069314,,,,
2024-07-04T13:30:00+08:00,0.725,0.729,0.725,0.726,0.7296190476190476,,0.69255,0.0005245522545862147,-0.0021220596120664625,-0.0026466118666526772,40.71536123897944,42.26757547780552,,,,
2024-07-05T09:30:00+08:00,0.724,0.726,0.716,0.718,0.7282000000000001,,0.69255,-0.00017675237296653446,-0.0028675523328608454,-0.002690799959894311,32.23248375255754,43.17416571908303,,,,
2024-07-05T13:30:00+08:00,0.718,0.724,0.718,0.724,0.7276095238095238,,0.69255,-0.00019961338301593924,-0.002940316688664235,-0.002740703305648296,41.99374000546093,43.45500632571257,,,,
2024-07-08T09:30:00+08:00,0.721,0.723,0.719,0.72,0.7265238095238093,,0.69255,-0.00043376234422765015,-0.0032829062359328587,-0.0028491438917052085,38.058023568850906,43.86371986808309,,,,
2024-07-08T13:30:00+08:00,0.719,0.721,0.716,0.717,0.7250666666666665,,0.69255,-0.0007232617284993023,-0.0037532210523293363,-0.003029959323830034,35.37983589807607,44.081134291112555,,,,
2024-07-09T09:30:00+08:00,0.717,0.722,0.714,0.722,0.7243333333333334,,0.69255,-0.0005200878792090613,-0.0036800691728413604,-0.003159981293632299,42.62652106120029,43.8673772687992,,,,
2024-07-09T13:30:00+08:00,0.722,0.729,0.721,0.727,0.7243428571428571,,0.69255,-0.000017581315217778982,-0.0031819579376545226,-0.0031643766224367436,48.80883473035669,44.19074079704634,,,,
2024-07-10T09:30:00+08:00,0.727,0.728,0.724,0.725,0.7241047619047619,,0.69255,0.00019951539552263628,-0.0029149823780334483,-0.0031144977735560846,46.6437352902108,44.0151195628384,,,,
2024-07-10T13:30:00+08:00,0.725,0.726,0.722,0.724,0.7238,,0.69255,0.0002897050991142653,-0.002752366399663253,-0.0030420714987775183,45.55561719900287,43.65226385443935,,,,
2024-07-11T09:30:00+08:00,0.728,0.731,0.726,0.73,0.7243809523809523,,,0.0007416874061300471,-0.0021149622411149593,-0.0028566496472450065,52.687362173312614,43.688029258505466,,,,
2024-07-11T13:30:00+08:00,0.731,0.733,0.729,0.733,0.7253999999999999,,,0.0012035972014059785,-0.0013521531454875335,-0.002555750346893512,55.80463047268709,43.94645668395547,,,,
2024-07-12T09:30:00+08:00,0.731,0.734,0.731,0.731,0.7261619047619048,,,0.0013256837186849135,-0.0008986456985373703,-0.0022243294172222838,53.28412145842001,44.392194842103265,,,,
2024-07-12T13:30:00+08:00,0.731,0.734,0.731,0.733,0.7271904761904763,,,0.0014806247657295675,-0.0003735484600603245,-0.001854173225789892,55.451028988962115,44.86347135965376,,,,
2024-07-15T09:30:00+08:00,0.73,0.734,0.73,0.732,0.7280761904761905,,,0.0014532084950256965,-0.00003766260700777124,-0.0014908711020334678,54.09980834274299,45.95293601291575,,,,
2024-07-15T13:30:00+08:00,0.733,0.734,0.732,0.733,0.7290285714285715,,,0.001437254568140099,0.00030569710814165596,-0.001131557459998443,55.27353224176114,46.9928053702573,,,,
2024-07-16T09:30:00+08:00,0.731,0.734,0.731,0.732,0.7297809523809524,,,0.0012984102259844996,0.0004914553224821816,-0.000806954903502318,53.79219016426964,48.53278439966531,,,,
2024-07-16T13:30:00+08:00,0.732,0.736,0.732,0.735,0.7308000000000001,,,0.0013421303178901371,0.0008707079938603535,-0.0004714223240297837,57.474290716323225,49.638538021869756,,,,
2024-07-17T09:30:00+08:00,0.735,0.736,0.732,0.733,0.731447619047619,,,0.0011758390751748968,0.0009983765199388372,-0.00017746255523605947,54.36410768018936,50.80325831553679,,,,
2024-07-17T13:30:00+08:00,0.733,0.736,0.732,0.734,0.7321047619047618,,,0.0010754070745942516,0.001166796288006755,0.00009138921341250348,55.65621843655364,52.25157135399947,,,,
2024-07-18T09:30:00+08:00,0.732,0.735,0.727,0.733,0.7324666666666667,,,0.0008914327846136357,0.001205680194179548,0.0003142474095659124,54.00939444079201,53.06463373825602,,,,
2024-07-18T13:30:00+08:00,0.733,0.736,0.733,0.736,0.7331238095238096,,,0.0009179789420402985,0.0014617210871162856,0.0005437421450759871,58.02229266350365,53.722737876337945,,,,
2024-07-19T09:30:00+08:00,0.733,0.737,0.731,0.735,0.7335619047619047,,,0.000817720729037701,0.0015658930563731133,0.0007481723273354123,56.260101744153786,54.409621194476735,,,,
2024-07-19T13:30:00+08:00,0.735,0.738,0.734,0.737,0.7341714285714285,,,0.0008328289349569431,0.0017892084960315913,0.0009563795610746482,58.94564403748845,55.36605168293998,,,,
2024-07-22T09:30:00+08:00,0.736,0.737,0.73,0.731,0.7338571428571428,,,0.0004070150839700225,0.0014651484160371764,0.0010581333320671539,49.18848071511265,55.11613157878285,,,,
2024-07-22T13:30:00+08:00,0.731,0.734,0.729,0.732,0.7336666666666668,,,0.00017295767250332696,0.0012743304226963126,0.0011013727501929856,50.6545431455214,54.74826819827101,,,,
2024-07-23T09:30:00+08:00,0.732,0.732,0.728,0.729,0.7330857142857143,,,-0.00018430570213301824,0.0008709906225267128,0.001055296324659731,46.335295010097695,54.25192345196227,,,,
2024-07-23T13:30:00+08:00,0.729,0.729,0.721,0.722,0.7315904761904761,,,-0.0008549144364339544,-0.000013346720882712049,0.0008415677155512424,38.159129424507846,53.01678776878696,,,,
2024-07-24T09:30:00+08:00,0.72,0.723,0.715,0.719,0.7298,,,-0.0014295483754812135,-0.0009453677538002747,0.0004841806216809389,35.28543173043309,51.672903725050546,,,,
2024-07-24T13:30:00+08:00,0.719,0.72,0.716,0.718,0.728,,,-0.0017830103540309302,-0.0017445823208577238,0.000038428033173206334,34.35664334336937,50.17884023230827,,,,
2024-07-25T09:30:00+08:00,0.716,0.716,0.71,0.713,0.7256761904761905,,,-0.0022305237855776974,-0.0027497266987989155,-0.0005192029132212181,30.09161840731484,48.48594224966864,,,,
2024-07-25T13:30:00+08:00,0.713,0.715,0.712,0.713,0.7235333333333334,,,-0.002389355318236807,-0.003505897061017227,-0.00111654174278042,30.09161840731484,46.530037084739476,,,,
2024-07-26T09:30:00+08:00,0.714,0.717,0.711,0.713,0.7216,,,-0.0023534745938850847,-0.004058384985136776,-0.0017049103912516912,30.09161840731484,44.79628785096272,,,,
2024-07-26T13:30:00+08:00,0.713,0.715,0.711,0.715,0.7201238095238095,,,-0.002064433553609088,-0.004285452333263051,-0.0022210187796539633,34.17407751818146,43.26184921393614,,,,
2024-07-29T09:30:00+08:00,0.714,0.716,0.712,0.716,0.7189619047619048,,,-0.0016909809429480902,-0.004334744958339076,-0.002643764015390986,36.180850724337695,41.98838180561797,,,,
2024-07-29T13:30:00+08:00,0.716,0.716,0.713,0.714,0.717695238095238,,,-0.001471796702079354,-0.0044835098929901784,-0.0030117131909108245,33.95151643695671,40.2690406465789,,,,
2024-07-30T09:30:00+08:00,0.713,0.713,0.708,0.709,0.7159714285714286,,0.67355,-0.0015488933558677337,-0.004947829885745492,-0.003398936529877758,29.120677213846065,38.33051032298549,,,,
2024-07-30T13:30:00+08:00,0.709,0.711,0.708,0.71,0.7146285714285713,,0.67355,-0.0014212153763517254,-0.005175455750317415,-0.0037542403739656894,31.228276272753277,36.35069833979012,,,,
2024-07-31T09:30:00+08:00,0.71,0.724,0.709,0.724,0.7154095238095237,0.7154095238095237,0.67355,-0.0003390128475338106,-0.0041780064333829525,-0.003838993585849142,52.51597382504237,36.58837641907082,,,,
2024-07-31T13:30:00+08:00,0.724,0.726,0.722,0.725,0.7163904761904762,0.7163904761904762,0.67355,0.00045587938098269,-0.003269144359620779,-0.0037250237406034692,53.620314897793044,36.80021725851879,,,,
2024-08-01T09:30:00+08:00,0.725,0.727,0.722,0.725,0.7174380952380953,0.7163904761904762,0.67355,0.000964164810137997,-0.002519817727930973,-0.00348398253806897,53.620314897793044,37.32057582192561,,,,
2024-08-01T13:30:00+08:00,0.724,0.726,0.723,0.723,0.7182571428571427,0.7163904761904762,0.67355,0.001136332633583633,-0.002063566746089429,-0.003199899379673062,50.87579574105014,38.22890913025005,,,,
2024-08-02T09:30:00+08:00,0.721,0.723,0.718,0.719,0.7185333333333334,0.7163904761904762,0.67355,0.0009585778720880506,-0.002001677039562999,-0.0029602549116510496,45.82401258048008,38.98166490525341,,,,
2024-08-02T13:30:00+08:00,0.72,0.72,0.717,0.717,0.7185428571428571,0.7163904761904762,0.67355,0.0006962671465662934,-0.0020899209784431827,-0.002786188125009476,43.4982775534078,39.634638777399005,,,,
2024-08-05T09:30:00+08:00,0.715,0.72,0.711,0.712,0.7178952380952381,0.7163904761904762,0.67355,0.00020166921747342623,-0.0025341016031676933,-0.0027357708206411195,38.269029336080656,40.21873955802514,,,,
2024-08-05T13:30:00+08:00,0.712,0.712,0.706,0.707,0.7165904761904761,0.7163904761904762,0.67355,-0.00041305383487949803,-0.0032520881142404923,-0.0028390342793609942,33.88244375823446,40.48951279737655,,,,
2024-08-06T09:30:00+08:00,0.71,0.712,0.702,0.703,0.7148095238095239,0.7163904761904762,0.67355,-0.0010060850920359707,-0.004096640644405958,-0.003090555552369987,30.83715720556995,40.54276556868048,,,,
2024-08-06T13:30:00+08:00,0.703,0.706,0.701,0.705,0.7133904761904762,0.7163904761904762,0.67355,-0.0011692336194245295,-0.004552097576650649,-0.0033828639572261194,34.02983924210764,40.53246283467521,,,,
2024-08-07T09:30:00+08:00,0.705,0.712,0.704,0.711,0.7128666666666665,0.7163904761904762,0.67355,-0.000796451889410109,-0.0043784288189887555,-0.0035819769295786464,42.591619316957875,40.990374877005216,,,,
2024-08-07T13:30:00+08:00,0.711,0.712,0.708,0.708,0.7119904761904761,0.7163904761904762,0.67355,-0.0006798449904272621,-0.004431783167612724,-0.003751938177185462,39.80960666992381,41.40880989364573,,,,
2024-08-08T09:30:00+08:00,0.706,0.712,0.703,0.709,0.7113047619047619,0.7163904761904762,0.67355,-0.00047309607940995875,-0.00434330827644791,-0.0038702121970379515,41.188592953619576,42.27080387505812,,,,
2024-08-08T13:30:00+08:00,0.709,0.709,0.707,0.709,0.7106190476190476,0.7163904761904762,0.67355,-0.00028342540329753373,-0.004224493951159869,-0.003941068547862335,41.188592953619576,42.982255066548575,,,,
2024-08-09T09:30:00+08:00,0.709,0.712,0.707,0.708,0.7098095238095238,0.7163904761904762,0.67355,-0.0001775735642132589,-0.004163035503128909,-0.00398546193891565,40.12251184929495,42.097007782566614,,,,
2024-08-09T13:30:00+08:00,0.708,0.709,0.706,0.707,0.7090190476190475,0.7163904761904762,0.67355,-0.00012940195058200842,-0.00414721437714316,-0.004017812426561152,39.03446839134203,41.05516160353441,,,,
2024-08-12T09:30:00+08:00,0.705,0.707,0.703,0.704,0.7079999999999999,0.7163904761904762,0.67355,-0.0002472488148139093,-0.0043268734450785384,-0.004079624630264629,35.89006463379849,39.788715156106214,,,,
2024-08-12T13:30:00+08:00,0.704,0.705,0.702,0.704,0.7071809523809522,0.7163904761904762,0.67355,-0.00027095859578713487,-0.004418322874998548,-0.004147364279211413,35.89006463379849,38.71830579130252,,,,
2024-08-13T09:30:00+08:00,0.704,0.706,0.702,0.703,0.7064095238095238,0.7163904761904762,0.67355,-0.0002976222651835548,-0.004519392110690856,-0.0042217698455073015,34.80615228173207,37.931315769963376,,,,
2024-08-13T13:30:00+08:00,0.704,0.706,0.701,0.706,0.7061904761904761,0.7163904761904762,0.67355,-0.00006879062439214649,-0.004307758125997485,-0.004238967501605339,40.60176556600482,37.72442205657745,,,,
2024-08-14T09:30:00+08:00,0.706,0.706,0.703,0.704,0.7058095238095237,0.7163904761904762,0.67355,-0.000010746737018783523,-0.0042524009228788184,-0.004241654185860035,38.16585570336969,37.71705251138381,,,,
2024-08-14T13:30:00+08:00,0.703,0.705,0.703,0.704,0.7055047619047617,0.7163904761904762,0.67355,0.00006486776035452731,-0.004160569485416876,-0.0042254372457714035,38.16585570336969,38.0230105074649,,,,
2024-08-15T09:30:00+08:00,0.702,0.712,0.701,0.708,0.7057619047619047,0.7163904761904762,0.67355,0.00040265414730065313,-0.003722119561645587,-0.00412477370894624,45.7195452933521,39.08603822802076,,,,
2024-08-15T13:30:00+08:00,0.708,0.711,0.706,0.71,0.7062380952380952,0.7163904761904762,0.67355,0.0007585044170625834,-0.0031766431876180112,-0.003935147604680595,49.06967711545925,40.16031236183159,,,,
2024-08-16T09:30:00+08:00,0.709,0.712,0.708,0.709,0.7065333333333332,0.7163904761904762,0.67355,0.0009138407430132256,-0.0027928466759140624,-0.003706687418927288,47.49138304796916,40.51029548547526,,,,
2024-08-16T13:30:00+08:00,0.709,0.711,0.708,0.709,0.706847619047619,0.7163904761904762,0.67355,0.000997090662609306,-0.0024603240906656554,-0.0034574147532749613,47.49138304796916,41.05899379819278,,,,
2024-08-19T09:30:00+08:00,0.709,0.715,0.709,0.712,0.707552380952381,,,0.0012199745410412127,-0.0019324465769734456,-0.0031524211180146582,52.77615980016483,41.88667714437458,,,,
2024-08-19T13:30:00+08:00,0.713,0.714,0.712,0.713,0.7083619047619047,,,0.00138827844211681,-0.0014170730653686459,-0.0028053515074854558,54.42283082110851,42.83197984919523,,,,
2024-08-20T09:30:00+08:00,0.713,0.713,0.705,0.706,0.7082,,,0.000999844424241082,-0.001555545977184103,-0.002555390401425185,43.09482658364114,43.04428804450566,,,,
2024-08-20T13:30:00+08:00,0.706,0.707,0.704,0.707,0.7081904761904761,,,0.0007910826804972092,-0.0015665370508036736,-0.0023576197313008827,44.86054476623728,43.46043635699818,,,,
2024-08-21T09:30:00+08:00,0.705,0.705,0.702,0.704,0.7077809523809523,,,0.000448805980199027,-0.0017966122560520992,-0.002245418236251126,40.773122143238204,43.80922617910102,,,,
2024-08-21T13:30:00+08:00,0.703,0.705,0.703,0.704,0.7073714285714285,,,0.00023121747380221245,-0.001956396393998361,-0.0021876138678005733,40.773122143238204,44.158016001203855,,,,
2024-08-22T09:30:00+08:00,0.704,0.705,0.702,0.704,0.7069619047619047,,,0.00010266046939117011,-0.002059288281061611,-0.002161948750452781,40.773122143238204,44.584228134168576,,,,
2024-08-22T13:30:00+08:00,0.703,0.704,0.701,0.702,0.7062761904761904,,,-0.00009122345541157009,-0.002275978069717244,-0.0021847546143056737,37.89795210031482,44.39109860090501,,,,
2024-08-23T09:30:00+08:00,0.702,0.705,0.7,0.701,0.7054952380952381,,,-0.00025186373208185755,-0.002499584279407996,-0.0022477205473261383,36.511595157885985,44.27293713337046,,,,
2024-08-23T13:30:00+08:00,0.702,0.704,0.701,0.703,0.7050095238095238,,,-0.00019121946554543278,-0.0024867448792579294,-0.0022955254137124966,41.14853316690495,44.48598552362297,,,,
2024-08-26T09:30:00+08:00,0.703,0.704,0.701,0.702,0.7044,,,-0.00018607457059401176,-0.0025281186269550115,-0.002342044056361,39.59151498983902,44.04826907337205,,,,
2024-08-26T13:30:00+08:00,0.702,0.703,0.7,0.703,0.7039809523809523,,,-0.00008792588122480492,-0.0024519514078920057,-0.002364025526667201,41.95675748633827,43.54020338557769,,,,
2024-08-27T09:30:00+08:00,0.702,0.703,0.7,0.7,0.7032285714285713,,,-0.00019169958617895133,-0.00260365000939089,-0.0024119504232119385,37.24530127655941,42.80834040190557,,,,
2024-08-27T13:30:00+08:00,0.701,0.702,0.7,0.701,0.7026952380952382,,,-0.00016088676951213268,-0.002613058885102104,-0.0024521721155899715,39.67694529085259,42.25016627639724,,,,
2024-08-28T09:30:00+08:00,0.701,0.702,0.697,0.698,0.701838095238095,,,-0.00030223694901175763,-0.0028299683018546684,-0.0025277313528429108,35.26253030599909,40.99919274109969,,,,
2024-08-28T13:30:00+08:00,0.697,0.698,0.696,0.697,0.7009809523809524,,,-0.0004157615623992766,-0.0030474333058420067,-0.00263167174344273,33.908264480483226,39.53386657391217,,,,
2024-08-29T09:30:00+08:00,0.696,0.696,0.692,0.695,0.7000095238095237,,,-0.0005687645613112048,-0.003342627445081736,-0.0027738628837705314,31.31769681042276,38.69264301868229,,,,
2024-08-29T13:30:00+08:00,0.695,0.696,0.694,0.695,0.6991428571428571,,,-0.0006095595202981639,-0.003535812284143236,-0.002926252763845072,31.31769681042276,37.72529673612411,,,,
2024-08-30T09:30:00+08:00,0.694,0.702,0.692,0.702,0.6993238095238095,,,-0.00012977315835901657,-0.003088469211793843,-0.0029586960534348263,47.575477873733675,38.211179288302354,,,,
2024-08-30T13:30:00+08:00,0.701,0.703,0.698,0.699,0.6991238095238095,,,0.000013271437400000363,-0.002942106756684826,-0.002955378194084826,42.8897425083834,38.36236645724131,,,,
2024-09-02T09:30:00+08:00,0.697,0.697,0.693,0.694,0.6983047619047618,,,-0.00018991139211598212,-0.003192767434229804,-0.003002856042113822,36.446759926290376,38.05334058460217,,,,
2024-09-02T13:30:00+08:00,0.694,0.695,0.69,0.691,0.6971809523809523,,,-0.00047138351047441244,-0.0035920854302068372,-0.003120701919732425,33.22201463474573,37.71934505134725,,,,
2024-09-03T09:30:00+08:00,0.691,0.691,0.686,0.688,0.6957619047619047,,,-0.0007860962264373333,-0.004103322202779092,-0.0033172259763417583,30.331865240400703,37.27793577152686,,,,
2024-09-03T13:30:00+08:00,0.688,0.689,0.687,0.689,0.6945999999999999,,,-0.0008480834168108457,-0.0043773302473553155,-0.0035292468305444698,32.44164358925639,36.65601508740911,,,,
2024-09-04T09:30:00+08:00,0.686,0.688,0.684,0.686,0.6931714285714285,,0.6517000000000001,-0.0010017553745177072,-0.004781441048691604,-0.0037796856741738965,29.550477211327134,35.938798103229686,,,,
2024-09-04T13:30:00+08:00,0.686,0.686,0.684,0.685,0.6917619047619047,,0.6517000000000001,-0.0010749192994380756,-0.0051233347984714905,-0.004048415499033415,28.634421108795962,34.98720264769095,,,,
2024-09-05T09:30:00+08:00,0.686,0.688,0.684,0.685,0.6905238095238094,,0.6517000000000001,-0.0010275193529305808,-0.005332814690196641,-0.00430529533726606,28.634421108795962,34.37213977856499,,,,
2024-09-05T13:30:00+08:00,0.685,0.687,0.683,0.687,0.689695238095238,,0.6517000000000001,-0.000777059838956819,-0.005276620135962085,-0.0044995602970052655,33.42170934664496,33.92533721112159,,,,
2024-09-06T09:30:00+08:00,0.687,0.69,0.684,0.684,0.6886,,0.6517000000000001,-0.0007297732661321289,-0.005411776879670427,-0.004682003613538298,30.154147740303657,33.56045274214335,,,,
2024-09-06T13:30:00+08:00,0.684,0.685,0.68,0.681,0.6872380952380952,,0.64695,-0.0008106470960991003,-0.005695312483662174,-0.0048846653875630735,27.28170536975682,33.08712709137718,,,,
2024-09-09T09:30:00+08:00,0.679,0.679,0.673,0.674,0.6850952380952381,,0.64695,-0.0012210328704133537,-0.0064109564755797654,-0.005189923605166412,22.012598110915263,32.422477184269496,,,,
2024-09-09T13:30:00+08:00,0.673,0.674,0.67,0.673,0.6830190476190476,,0.64695,-0.001430748283510256,-0.006978358959554232,-0.005547610676043976,21.377403048310285,31.712456201261464,,,,
2024-09-10T09:30:00+08:00,0.673,0.674,0.669,0.671,0.6808857142857144,,0.64695,-0.0015642504724030755,-0.00750292376654782,-0.005938673294144744,20.126513301713672,29.75181587468861,,,,
2024-09-10T13:30:00+08:00,0.671,0.676,0.67,0.675,0.6795809523809525,,0.64695,-0.0012565140573686604,-0.00750931586585557,-0.00625280180848691,29.066377205835295,28.764432638792318,,,,
2024-09-11T09:30:00+08:00,0.673,0.673,0.668,0.668,0.6775714285714285,,0.64695,-0.0013874803372823392,-0.007987152230089833,-0.006599671892807494,24.003228760284614,27.87560898407762,,,,
2024-09-11T13:30:00+08:00,0.669,0.67,0.666,0.669,0.6759428571428572,,0.64695,-0.001272847839612924,-0.00819073169232365,-0.0069178838527107255,25.986701153881967,27.35880087830164,,,,
2024-09-12T09:30:00+08:00,0.67,0.671,0.667,0.67,0.6746571428571428,,0.64695,-0.001007386933445372,-0.00817711751951744,-0.0071697305860720685,28.01012616815575,27.19296237314128,,,,
2024-09-12T13:30:00+08:00,0.67,0.671,0.667,0.668,0.6732761904761905,,0.64695,-0.0008504625550759008,-0.008232808779916945,-0.007382346224841044,26.452515172954705,26.76516748626259,,,,
2024-09-13T09:30:00+08:00,0.667,0.67,0.666,0.667,0.6719619047619049,,0.64695,-0.0007040369648360547,-0.008262392430886112,-0.007558355466050057,25.68346918230742,26.4889526270469,,,,
2024-09-13T13:30:00+08:00,0.667,0.668,0.663,0.663,0.670295238095238,,0.64695,-0.0007617160317958159,-0.008510500505794827,-0.007748784473999011,22.82495737727608,26.073990931938333,,,,
2024-09-18T09:30:00+08:00,0.664,0.666,0.66,0.662,0.6687047619047619,,0.64695,-0.0007511112153551856,-0.008687673493192993,-0.007936562277837808,22.160910711244753,25.611597332113252,,,,
2024-09-18T13:30:00+08:00,0.663,0.668,0.661,0.666,0.6678666666666668,,0.64695,-0.0003774630521969531,-0.008408391093084,-0.008030928040887047,30.829602666955836,25.426446854992598,,,,
2024-09-19T09:30:00+08:00,0.668,0.674,0.662,0.67,0.6677619047619047,,0.64695,0.00020500670787736153,-0.007774669656040345,-0.007979676363917707,38.23704949076763,26.003796980025736,,,,
2024-09-19T13:30:00+08:00,0.671,0.672,0.669,0.671,0.6679238095238096,,0.64695,0.0006959075288345386,-0.0071097919528745335,-0.007805699481709072,39.967888145411,26.909952892572466,,,,
2024-09-20T09:30:00+08:00,0.67,0.671,0.667,0.669,0.6679142857142857,,0.64695,0.0009106417750495682,-0.006667397262897112,-0.0075780390379466805,37.69278318981094,28.029966112493582,,,,
2024-09-20T13:30:00+08:00,0.668,0.673,0.667,0.672,0.668352380952381,,0.64695,0.0012580362207129424,-0.006005493762055503,-0.007263529982768445,42.939656293948744,29.570127058610616,,,,
2024-09-23T09:30:00+08:00,0.67,0.678,0.67,0.677,0.6694666666666668,,0.64695,0.00179513652706527,-0.005019609323936858,-0.006814745851002128,50.43169046779468,31.734782570473545,,,,
2024-09-23T13:30:00+08:00,0.677,0.677,0.675,0.675,0.670257142857143,,0.64695,0.001972169980121453,-0.004349533375850312,-0.006321703355971765,47.73196646445722,33.068038946089395,,,,
2024-09-24T09:30:00+08:00,0.681,0.699,0.678,0.698,0.6741142857142858,,,0.0035051867401705745,-0.0019402199307585466,-0.005445406670929121,68.56959647475358,36.251350925694325,,,,
2024-09-24T13:30:00+08:00,0.698,0.704,0.698,0.704,0.6784857142857142,,,0.004714854981021368,0.00044816205534758957,-0.004266692925673779,71.73526328864688,39.51910536389182,,,,
2024-09-25T09:30:00+08:00,0.712,0.725,0.711,0.713,0.6837238095238095,,,0.00583914870950726,0.0030322429612102964,-0.0028069057482969636,75.69045876281447,42.92484340636744,,,,
2024-09-25T13:30:00+08:00,0.713,0.715,0.708,0.71,0.688152380952381,,,0.006071873445708109,0.004782936058838172,-0.0012889373868699365,72.07017975765284,46.18324801956016,,,,
2024-09-26T09:30:00+08:00,0.708,0.724,0.708,0.724,0.694047619047619,,,0.006804641451979227,0.007216864428104097,0.00041222297612487024,77.48279192585876,49.88319964409954,,,,
2024-09-26T13:30:00+08:00,0.723,0.738,0.72,0.737,0.7011333333333334,,,0.007733087164627679,0.01007858193190947,0.0023454947672817902,81.13810156000372,54.04842422858009,,,,
2024-09-27T09:30:00+08:00,0.746,0.766,0.738,0.762,0.7108476190476192,,,0.009483695910206664,0.01420011465504012,0.004716418744833456,85.88387061487875,58.600064221696805,,,,
2024-09-27T13:30:00+08:00,0.762,0.764,0.76,0.763,0.7197428571428572,,,0.010104611520736885,0.017347183145754563,0.007242571625017678,86.03522665746046,62.543323078161414,,,,
2024-09-30T09:30:00+08:00,0.785,0.814,0.77,0.807,0.7335809523809523,,,0.01270603702824409,0.02312511791032279,0.0104190808820787,90.73995527959165,66.29353063450598,,,,
2024-09-30T13:30:00+08:00,0.808,0.838,0.804,0.838,0.750247619047619,,,0.015553847488384296,0.02986139024255907,0.014307542754174776,92.62512014353915,70.05476149151514,,,,
2024-10-08T09:30:00+08:00,0.922,0.922,0.838,0.861,0.7683904761904763,,,0.017860808658273893,0.03663355357701714,0.01877274491874325,93.65690325208242,74.05219863882026,,,,
2024-10-08T13:30:00+08:00,0.861,0.908,0.848,0.908,0.7909714285714287,,,0.021198756790249636,0.04527119090655529,0.024072434116305656,95.15011029964428,77.78151678208421,,,,
2024-10-09T09:30:00+08:00,0.858,0.86,0.81,0.825,0.8002380952380952,,,0.016663314268659597,0.04490157695213015,0.028238262683470555,65.7251821196278,78.87390904292943,,,,
2024-10-09T13:30:00+08:00,0.826,0.836,0.81,0.81,0.8060952380952381,,,0.011732360485524986,0.04290371329037679,0.031171352804851803,61.99394184054924,79.89262156979315,,,,
2024-10-10T09:30:00+08:00,0.804,0.828,0.791,0.819,0.8118666666666666,,,0.008316880160172277,0.041567453005067145,0.03325057284489487,63.33876280126898,79.51899059311567,,,,
2024-10-10T13:30:00+08:00,0.819,0.821,0.807,0.81,0.8152857142857142,,,0.004862640560091239,0.03932887354500891,0.034466232984917675,61.013756734593045,78.75316869639755,,,,
2024-10-11T09:30:00+08:00,0.803,0.809,0.793,0.796,0.8158285714285715,,,0.0012350130846632834,0.03600999934074678,0.034774986256083495,57.47919630524785,77.45236423514278,,,,
2024-10-11T13:30:00+08:00,0.796,0.797,0.781,0.789,0.8146476190476192,,,-0.0018672155232325668,0.032440966852042785,0.03430818237527535,55.74046326657007,76.28595591435116,,,,
2024-10-14T09:30:00+08:00,0.792,0.806,0.785,0.805,0.8148476190476192,,,-0.003005448320128515,0.030551371975114705,0.03355682029524322,58.80768416213713,74.9520196455139,,,,
2024-10-14T13:30:00+08:00,0.806,0.806,0.797,0.803,0.8140095238095238,,,-0.003994886471614403,0.02856321220572522,0.03255809867733962,58.26414075440025,73.31816530225652,,,,
2024-10-15T09:30:00+08:00,0.797,0.804,0.793,0.793,0.8112095238095237,,,-0.005340631195308643,0.02588230968320382,0.031222940878512462,55.50189293987113,71.14802403975597,,,,
2024-10-15T13:30:00+08:00,0.794,0.796,0.784,0.784,0.8069142857142858,,,-0.006763165770893531,0.022768983664895548,0.02953214943578908,53.06360367842327,68.79290811268189,,,,
2024-10-16T09:30:00+08:00,0.777,0.792,0.775,0.785,0.8025523809523809,,,-0.00750566786388145,0.020150064605937268,0.027655732469818717,53.30904763149805,66.11927185210376,,,,
2024-10-16T13:30:00+08:00,0.785,0.787,0.78,0.785,0.7983999999999999,,,-0.007829726313070433,0.017868574578480678,0.02569830089155111,53.309047631498046,63.310980958386544,,,,
2024-10-17T09:30:00+08:00,0.787,0.793,0.782,0.784,0.7946190476190477,,,-0.007920496847298425,0.01579767983242808,0.023718176679726505,52.987691227972604,60.4060372423787,,,,
2024-10-17T13:30:00+08:00,0.785,0.785,0.776,0.777,0.7906380952380954,,,-0.008225142263010698,0.013436748850963132,0.02166189111397383,50.68442935260077,57.22991717473274,,,,
2024-10-18T09:30:00+08:00,0.776,0.794,0.771,0.79,0.7896380952380953,,,-0.007352770255552039,0.012470928294533778,0.019823698550085818,54.62880723070317,56.43731896838097,,,,
2024-10-18T13:30:00+08:00,0.789,0.812,0.787,0.8,0.7903047619047618,,,-0.005963092252752138,0.012369833234145644,0.018332925486897782,57.448188657670286,56.11262231246104,,,,
2024-10-21T09:30:00+08:00,0.798,0.804,0.791,0.798,0.7908000000000001,,,-0.00507424696355397,0.011990116782455318,0.017064363746009288,56.68945284726207,55.637671601460546,,,,
2024-10-21T13:30:00+08:00,0.798,0.8,0.794,0.798,0.7914952380952383,,,-0.004406708092426475,0.011555978630476194,0.01596268672290267,56.68945284726207,55.32879275236548,,,,
2024-10-22T09:30:00+08:00,0.796,0.805,0.795,0.8,0.7925714285714287,,,-0.0037751941806446997,0.011243693997096793,0.015018888177741493,57.342847343734725,55.319053540828826,,,,
2024-10-22T13:30:00+08:00,0.8,0.804,0.798,0.803,0.7940095238095239,,,-0.0031269429232455327,0.011110209523684578,0.01423715244693011,58.35767595658823,55.50599730440155,,,,
2024-10-23T09:30:00+08:00,0.803,0.814,0.801,0.81,0.796247619047619,,,-0.0022397858332587704,0.011437420155356648,0.013677205988615418,60.70666606611211,55.64163886897119,,,,
2024-10-23T13:30:00+08:00,0.81,0.812,0.805,0.807,0.7980380952380953,,,-0.0018824651495964982,0.011324124551619796,0.013206589701216295,59.166284113999616,55.706077680371145,,,,
2024-10-24T09:30:00+08:00,0.804,0.805,0.8,0.801,0.7989904761904763,,,-0.0020631294740569104,0.010627677858645157,0.012690807332702067,56.10028660301493,55.74882008488141,,,,
2024-10-24T13:30:00+08:00,0.801,0.803,0.8,0.802,0.8,,,-0.0021200957205619615,0.010040687681999616,0.012160783402561577,56.50483632379466,55.99462241669365,,,,
2024-10-25T09:30:00+08:00,0.801,0.809,0.801,0.807,0.8015047619047619,,,-0.0018364413611915674,0.009865231701072119,0.011701673062263687,58.56107439296258,56.36976718536969,,,,
2024-10-25T13:30:00+08:00,0.807,0.808,0.803,0.806,0.8026666666666669,,,-0.0017328825967808138,0.00953556981628767,0.011268452413068484,57.97079669632169,56.702749261428515,,,,
2024-10-28T09:30:00+08:00,0.805,0.808,0.8,0.806,0.8036285714285716,,,-0.001679865730030608,0.009168620250530224,0.010848485980560832,57.97079669632169,57.0586853663106,,,,
2024-10-28T13:30:00+08:00,0.806,0.811,0.806,0.811,0.8050476190476192,,,-0.0013383897044470516,0.009175498850002017,0.010513888554449069,60.291755320737344,57.74492293546321,,,,
2024-10-29T09:30:00+08:00,0.811,0.815,0.803,0.805,0.8053428571428572,,,-0.0015329576451424305,0.008597691498021032,0.010130649143163462,56.275670745145504,57.86255604363766,,,,
2024-10-29T13:30:00+08:00,0.805,0.806,0.801,0.802,0.8050952380952381,,,-0.0018583610740326682,0.007807697800622626,0.009666058874655294,54.32710019615895,57.63962115352971,,,,
2024-10-30T09:30:00+08:00,0.801,0.803,0.791,0.792,0.8034952380952383,,,-0.0026911995327008244,0.006302059458779263,0.008993258991480088,48.320972651951024,57.04187256815034,,,,
2024-10-30T13:30:00+08:00,0.792,0.798,0.791,0.797,0.8026190476190477,,,-0.0028350309238064295,0.005449470336722051,0.00828450126052848,51.22455377977991,56.65152263475876,,,,
2024-10-31T09:30:00+08:00,0.795,0.801,0.791,0.794,0.801352380952381,,,-0.0030435458556550667,0.004480068940959647,0.007523614796614714,49.4300410690205,56.086322186564885,,,,
2024-10-31T13:30:00+08:00,0.795,0.799,0.792,0.797,0.8005428571428571,,,-0.0028918296408739644,0.003908827745522259,0.006800657386396223,51.268536245732044,55.579955064360874,,,,
2024-11-01T09:30:00+08:00,0.794,0.805,0.794,0.8,0.8001904761904763,,,-0.0025156896721917014,0.003656045296156596,0.006171734968348297,53.10458805752238,55.03694949231875,,,,
2024-11-01T13:30:00+08:00,0.801,0.801,0.797,0.797,0.7995333333333334,,,-0.002395775338346314,0.0031770157954154055,0.005572791133761719,51.03388057757747,54.456063525431446,,,,
2024-11-04T09:30:00+08:00,0.797,0.801,0.795,0.798,0.799104761904762,,,-0.0021820132641483317,0.0028452745535763047,0.005027287817724636,51.70982181825967,54.142458897948934,,,,
2024-11-04T13:30:00+08:00,0.799,0.806,0.798,0.805,0.7996380952380953,,,-0.0015327557730737962,0.003111343101382391,0.004644098874456187,56.26138909702861,54.125069810322785,,,,
2024-11-05T09:30:00+08:00,0.806,0.823,0.804,0.82,0.8021428571428573,,,-0.00013053857118567897,0.004480925660474089,0.004611464231659768,64.07537028891684,54.51894808860526,,,,
2024-11-05T13:30:00+08:00,0.821,0.826,0.819,0.826,0.8053238095238096,,,0.0010960511968594842,0.005981528227734123,0.004885477030874639,66.6424875501229,55.13835457816249,,,,
2024-11-06T09:30:00+08:00,0.825,0.832,0.82,0.821,0.8076476190476192,,,0.0014437688049760951,0.0066901880370947575,0.005246419232118662,62.626303368552364,55.47089076903611,,,,
2024-11-06T13:30:00+08:00,0.821,0.827,0.819,0.823,0.8100952380952381,,,0.0016658314438116918,0.007328708536883277,0.005662877093071585,63.57198001155845,55.705192532666196,,,,
2024-11-07T09:30:00+08:00,0.818,0.834,0.817,0.83,0.8133619047619048,,,0.002112786644039291,0.0083038603981207,0.0061910737540814085,66.74375616833385,56.45291292003678,,,,
2024-11-07T13:30:00+08:00,0.831,0.847,0.83,0.845,0.8183904761904761,,,0.0031829958571068335,0.01016981857546495,0.006986822718358117,72.30792570694516,57.73725759937865,,,,
2024-11-08T09:30:00+08:00,0.848,0.852,0.833,0.839,0.8222095238095237,,,0.003240320844016627,0.011037223773378901,0.007796902929362274,67.44683830775014,59.103390860507155,,,,
2024-11-08T13:30:00+08:00,0.84,0.842,0.833,0.837,0.8253142857142858,,,0.0029076698588778056,0.01143149025295953,0.008523820394081725,65.85750055657526,60.14860134456397,,,,
2024-11-11T09:30:00+08:00,0.833,0.838,0.827,0.837,0.8280380952380952,,,0.002469035763735585,0.011610115098751206,0.009141079335015621,65.85750055657526,61.32199130796074,,,,
2024-11-11T13:30:00+08:00,0.838,0.842,0.833,0.842,0.8310190476190475,,,0.002300428319701099,0.012016614734641995,0.009716186414940896,68.04101917609829,62.52002580298689,,,,
2024-11-12T09:30:00+08:00,0.84,0.847,0.835,0.837,0.8329047619047619,,,0.001666487250476384,0.011799295478036376,0.010132808227559992,63.656811165819555,63.273756025008126,,,,
2024-11-12T13:30:00+08:00,0.836,0.837,0.824,0.831,0.8336380952380952,,,0.0007065003930222472,0.0110159337188378,0.010309433325815553,58.76359265485397,63.82587831624216,,,,
2024-11-13T09:30:00+08:00,0.826,0.834,0.825,0.829,0.8337809523809522,,,-0.00015386115260207847,0.010117106885062954,0.010270968037665033,57.185618159416435,64.21700662632479,,,,
2024-11-13T13:30:00+08:00,0.83,0.836,0.828,0.835,0.8344285714285714,,,-0.0003957859177018217,0.009776235640537756,0.010172021558239578,60.603486776594345,64.52715646057948,,,,
2024-11-14T09:30:00+08:00,0.833,0.835,0.828,0.829,0.8339904761904762,,,-0.0010023142835781616,0.008919128703766876,0.009921442987345038,55.80582220609643,63.93647445466373,,,,
2024-11-14T13:30:00+08:00,0.829,0.83,0.82,0.821,0.8324,,,-0.0019309247543315838,0.007507787044430558,0.009438711798762142,50.109721272894134,62.75556257771882,,,,
2024-11-15T09:30:00+08:00,0.819,0.825,0.816,0.823,0.8311238095238093,,,-0.00237015314704413,0.00647602036495698,0.00884617351200111,51.4440574055078,61.95683072321564,,,,
2024-11-15T13:30:00+08:00,0.824,0.824,0.811,0.814,0.8286285714285714,,,-0.0031762134995499645,0.004875906637563654,0.008052120137113618,45.54133606907272,60.66892758446666,,,,
2024-11-18T09:30:00+08:00,0.813,0.824,0.809,0.818,0.8267523809523808,,,-0.0033330731394312276,0.0038857787128245835,0.007218851852255811,48.37642885134258,59.356975633253,,,,
2024-11-18T13:30:00+08:00,0.818,0.819,0.806,0.809,0.8237904761904761,,,-0.0038968363899599167,0.0023478063648059155,0.006244642754765832,42.9575770559272,57.26052215818029,,,,
2024-11-19T09:30:00+08:00,0.81,0.813,0.804,0.805,0.8206380952380952,,,-0.0043581155419720775,0.0007969983273007353,0.005155113869272813,40.77165833676725,55.35515216025294,,,,
2024-11-19T13:30:00+08:00,0.805,0.816,0.8,0.816,0.8192761904761905,,,-0.003763780646963791,0.00045038806056807434,0.0042141687075318655,48.528399216893355,54.117359207418524,,,,
2024-11-20T09:30:00+08:00,0.811,0.822,0.81,0.821,0.8187809523809525,,,-0.002913290900690664,0.0005725550816685354,0.0034858459823591996,51.62934170225761,53.10106214639584,,,,
2024-11-20T13:30:00+08:00,0.821,0.821,0.815,0.82,0.818304761904762,,,-0.002323098337701316,0.0005819730602325546,0.0029050713979338707,50.96798136150053,51.88155944535314,,,,
2024-11-21T09:30:00+08:00,0.818,0.822,0.817,0.821,0.8181714285714285,,,-0.0017940637371374043,0.0006624917265121155,0.00245655546364952,51.63518101306018,51.02287157729889,,,,
2024-11-21T13:30:00+08:00,0.821,0.821,0.815,0.82,0.8180571428571428,,,-0.0014546409240214211,0.0006382543086227432,0.0020928952326441643,50.889439383646845,50.46043205792695,,,,
2024-11-22T09:30:00+08:00,0.818,0.82,0.806,0.808,0.8164476190476191,,,-0.0019505350917049294,-0.00034527363198699756,0.0016052614597179319,42.88526237371933,49.4389780732343,,,,
2024-11-22T13:30:00+08:00,0.808,0.808,0.794,0.796,0.8134380952380953,,,-0.002939548504451643,-0.0020691741708466216,0.0008703743336050211,36.6733626771702,47.72968349470402,,,,
2024-11-25T09:30:00+08:00,0.795,0.799,0.791,0.793,0.8104,,,-0.0036047349893231512,-0.003635544403048918,-0.000030809413725766776,35.29685979518422,46.26475760821029,,,,
2024-11-25T13:30:00+08:00,0.794,0.794,0.786,0.794,0.8078380952380951,,,-0.003768596279192972,-0.004741554762716982,-0.0009729584835240098,36.1570661697845,45.2681393865596,,,,
2024-11-26T09:30:00+08:00,0.791,0.798,0.79,0.794,0.8055333333333333,,,-0.003664875040124259,-0.005554052283679334,-0.0018891772435550747,36.1570661697845,44.17621144115079,,,,
2024-11-26T13:30:00+08:00,0.795,0.796,0.791,0.792,0.8032380952380953,,,-0.003518157830686172,-0.0062868745319127894,-0.0027687167012266176,35.075433714188364,43.428646987230486,,,,
2024-11-27T09:30:00+08:00,0.791,0.799,0.785,0.795,0.8015523809523809,,,-0.0030250758261137697,-0.00655006148386883,-0.00352498565775506,38.068222142869544,42.69234650805384,,,,
2024-11-27T13:30:00+08:00,0.795,0.806,0.794,0.806,0.8015523809523809,,,-0.0018233111813524107,-0.005804124634445573,-0.0039808134530931625,47.6052090172314,43.02432021957556,,,,
2024-11-28T09:30:00+08:00,0.803,0.806,0.8,0.803,0.8011809523809524,,,-0.0011296480741322373,-0.005392873545758459,-0.004263225471626221,45.545270871935614,43.36529254351616,,,,
2024-11-28T13:30:00+08:00,0.803,0.807,0.8,0.801,0.8005619047619047,,,-0.0007244237731018439,-0.0051687551880035265,-0.004444331414901683,44.17296880834957,43.05419037147732,,,,
2024-11-29T09:30:00+08:00,0.8,0.815,0.8,0.813,0.8016857142857143,,,0.0003738685464976946,-0.0039769957317795646,-0.004350864278277259,53.27067432163779,43.171428415718765,,,,
2024-11-29T13:30:00+08:00,0.813,0.813,0.806,0.809,0.802352380952381,,,0.0008270534318163608,-0.003317047488506808,-0.004144100920323169,50.3266026131873,43.1256156479821,,,,
2024-12-02T09:30:00+08:00,0.808,0.817,0.806,0.814,0.8037904761904762,,,0.0014246147268867576,-0.002363332511714722,-0.0037879472386014796,53.766250610479,43.27783490494058,,,,
2024-12-02T13:30:00+08:00,0.814,0.817,0.812,0.815,0.8054285714285714,,,0.001822825567639747,-0.0015094152790517956,-0.0033322408466915426,54.44566466970422,43.53185099680183,,,,
2024-12-03T09:30:00+08:00,0.816,0.819,0.812,0.816,0.807247619047619,,,0.002071057947213766,-0.0007434184126743348,-0.002814476359888101,55.15535789695871,44.408286391318924,,,,
2024-12-03T13:30:00+08:00,0.817,0.822,0.813,0.821,0.8096571428571429,,,0.0024628242766416833,0.0002640539859140034,-0.00219877029072768,58.62609815880905,45.97633892572169,,,,
2024-12-04T09:30:00+08:00,0.819,0.822,0.816,0.819,0.8115619047619047,,,0.00247168094534329,0.0008908308909514329,-0.0015808500543918573,56.734607162882796,47.507606594843026,,,,
2024-12-04T13:30:00+08:00,0.819,0.821,0.814,0.818,0.8130857142857142,,,0.002298257178659799,0.0012919714189328912,-0.0010062857597269077,55.76580313356309,48.90823066368436,,,,
2024-12-05T09:30:00+08:00,0.815,0.819,0.814,0.817,0.814247619047619,,,0.0020144365338546845,0.0015117599075914478,-0.0005026766262632366,54.758809863225615,50.23692664178729,,,,
2024-12-05T13:30:00+08:00,0.817,0.819,0.815,0.818,0.8153238095238095,,,0.0017993436310740963,0.001746502912579384,-0.000052840718494712364,55.6218139198873,51.70452522790864,,,,
2024-12-06T09:30:00+08:00,0.817,0.829,0.816,0.826,0.8172190476190475,,,0.002081226049523326,0.002548691843409445,0.0004674657938861192,61.88567006826974,53.40577150829437,,,,
2024-12-06T13:30:00+08:00,0.826,0.827,0.823,0.826,0.8188190476190476,,,0.0021445413834468886,0.00314814252319473,0.0010036011397478414,61.88567006826974,54.42580444051139,,,,
2024-12-09T09:30:00+08:00,0.825,0.831,0.821,0.823,0.8198285714285714,,,0.001871203173647909,0.003342605106807728,0.0014714019331598187,58.30644175854488,55.33731664669777,,,,
2024-12-09T13:30:00+08:00,0.824,0.826,0.821,0.825,0.8209142857142857,,,0.0017160093538843336,0.0036164136255152357,0.001900404271630902,59.96867768431063,56.465581566409284,,,,
2024-12-10T09:30:00+08:00,0.845,0.846,0.834,0.835,0.8231047619047618,,,0.0021496318435463325,0.004587444076063818,0.0024378122325174854,67.04355280997876,57.449358601290776,,,,
2024-12-10T13:30:00+08:00,0.835,0.836,0.829,0.83,0.8244190476190477,,,0.001967417378191086,0.004897083955256343,0.0029296665770652567,61.217809855230385,58.227301975722426,,,,
2024-12-11T09:30:00+08:00,0.828,0.834,0.828,0.832,0.8258,,,0.001850999728095746,0.005243416237184939,0.003392416509089193,62.617113001655795,58.85950643223506,,,,
2024-12-11T13:30:00+08:00,0.831,0.833,0.829,0.833,0.8271428571428571,,,0.0017138885860813941,0.005534777241690936,0.0038208886556095416,63.32955634226527,59.49407012313227,,,,
2024-12-12T09:30:00+08:00,0.832,0.84,0.831,0.838,0.8289809523809522,,,0.0018223591133605431,0.006098837547310221,0.004276478433949678,66.74244770139543,60.32171939487774,,,,
2024-12-12T13:30:00+08:00,0.838,0.84,0.837,0.84,0.8308761904761905,,,0.0018834627524686046,0.006630806874535433,0.0047473441220668286,68.02439378834615,60.99302622555896,,,,
2024-12-13T09:30:00+08:00,0.836,0.836,0.826,0.826,0.8307238095238095,,,0.0008862991763083482,0.0058552180924522634,0.004968918916143915,52.70848598674469,60.705446141549096,,,,
2024-12-13T13:30:00+08:00,0.827,0.831,0.823,0.825,0.8303714285714285,,,0.00010571674858478146,0.0051010648518748924,0.004995348103290111,51.8111441957457,60.42297050313358,,,,
2024-12-16T09:30:00+08:00,0.823,0.826,0.821,0.823,0.8296857142857141,,,-0.0005622560041322906,0.004292528098124748,0.004854784102257039,49.978511831292344,60.08152064370977,,,,
2024-12-16T13:30:00+08:00,0.822,0.823,0.818,0.821,0.8286761904761905,,,-0.001123349463531033,0.0034505972728432477,0.004573946736374281,48.144575664337275,59.54743219688476,,,,
2024-12-17T09:30:00+08:00,0.82,0.825,0.816,0.82,0.827504761904762,,,-0.0015216616016937943,0.0026718697342570374,0.004193531335950832,47.2117390571264,58.499294267517385,,,,
2024-12-17T13:30:00+08:00,0.821,0.823,0.816,0.817,0.8259904761904762,,,-0.0019212325338865922,0.0017919906685925913,0.0037132232024791835,44.43045759189318,57.25249337634763,,,,
2024-12-18T09:30:00+08:00,0.819,0.824,0.818,0.824,0.8254952380952381,,,-0.001658090769518635,0.0016406097405808895,0.0032987005100995246,51.59583607506263,56.77316439895605,,,,
2024-12-18T13:30:00+08:00,0.823,0.824,0.819,0.821,0.8245904761904763,,,-0.00162776536584978,0.0012639938027872999,0.00289175916863708,48.69770069415083,55.96809461394463,,,,
2024-12-19T09:30:00+08:00,0.816,0.818,0.812,0.817,0.8231904761904763,,,-0.0018050621117211862,0.0006354315289855972,0.0024404936407067834,45.06316355012465,54.39806680966933,,,,
2024-12-19T13:30:00+08:00,0.816,0.819,0.815,0.818,0.822095238095238,,,-0.0017799957894598668,0.00021549890388194992,0.0019954946933418167,46.14531693435671,53.32146017246407,,,,
2024-12-20T09:30:00+08:00,0.816,0.821,0.815,0.818,0.8211142857142857,,,-0.001689166927907594,-0.00011596396654267593,0.0015732029613649181,46.14531693435671,52.14490331051413,,,,
2024-12-20T13:30:00+08:00,0.818,0.819,0.815,0.817,0.8201333333333334,,,-0.0016218484904755226,-0.0004541076517294851,0.0011677408387460375,45.11466440603924,50.8438396007837,,,,
2024-12-23T09:30:00+08:00,0.816,0.82,0.815,0.817,0.8193047619047618,,,-0.0015052806905444464,-0.0007138600244345206,0.0007914206661099258,45.11466440603923,49.298997936829686,,,,
2024-12-23T13:30:00+08:00,0.817,0.819,0.812,0.814,0.8182761904761905,,,-0.0015519771732814774,-0.001148550800491921,0.00040342637278955646,41.86161096009908,47.43022773481204,,,,
2024-12-24T09:30:00+08:00,0.814,0.821,0.813,0.82,0.8182952380952381,,,-0.0011206603943832287,-0.0009973991201894794,0.00012326127419374925,49.677063374561456,47.21369754822752,,,,
2024-12-24T13:30:00+08:00,0.82,0.825,0.819,0.824,0.8189047619047619,,,-0.000537425617924946,-0.0005485207482124332,-0.000011095130287487262,54.10638132641497,47.377643057561045,,,,
2024-12-25T09:30:00+08:00,0.824,0.826,0.819,0.823,0.8193904761904762,,,-0.00020740913186350433,-0.0002703565451168677,-0.00006294741325336335,52.85389619388874,47.58302765488936,,,,
2024-12-25T13:30:00+08:00,0.823,0.825,0.82,0.825,0.8201428571428573,,,0.00013852074472403043,0.00011020351765167469,-0.000028317227072355744,55.09289483275467,48.07933616691917,,,,
2024-12-26T09:30:00+08:00,0.823,0.825,0.821,0.823,0.820590476190476,,,0.00022070423837922828,0.0002475630709016796,0.000026858832522451333,52.412330845665,48.450807008957646,,,,
2024-12-26T13:30:00+08:00,0.823,0.825,0.822,0.824,0.8211428571428572,,,0.0003242183761395235,0.0004321318026968557,0.00010791342655733222,53.6272520324938,49.10772089757198,,,,
2024-12-27T09:30:00+08:00,0.824,0.829,0.822,0.828,0.8221619047619049,,,0.0006263897984225553,0.0008909006745855264,0.00026451087616297103,58.221850339157996,49.581007630721636,,,,
2024-12-27T13:30:00+08:00,0.828,0.828,0.823,0.826,0.8228761904761903,,,0.0006529017807802795,0.0010806381021383205,0.00042773632135804094,55.27300187557025,50.050672000823035,,,,
2024-12-30T09:30:00+08:00,0.825,0.829,0.824,0.827,0.8236761904761906,,,0.0006952108609056218,0.0012967498974900682,0.0006015390365844464,56.460424528235244,50.86476207068807,,,,
2024-12-30T13:30:00+08:00,0.827,0.829,0.826,0.829,0.824647619047619,,,0.000807436481617426,0.0016108346386062289,0.0008033981569888029,58.815393443705226,51.76976753564154,,,,
2024-12-31T09:30:00+08:00,0.828,0.83,0.82,0.823,0.8247142857142857,,,0.0004452197613679914,0.0013599228586987921,0.0009147030973308008,50.06648230225371,52.049850776205616,,,,
2024-12-31T13:30:00+08:00,0.823,0.823,0.816,0.817,0.8239333333333334,,,-0.00019639497360490895,0.0006692093803246646,0.0008656043539295735,43.15352383593432,51.9097693069124,,,,
2025-01-02T09:30:00+08:00,0.815,0.816,0.801,0.803,0.8212857142857143,,,-0.001489590153411947,-0.0009963833378353604,0.0004932068155765868,32.037737767231036,50.97570311842611,,,,
2025-01-02T13:30:00+08:00,0.803,0.804,0.788,0.794,0.8175714285714284,,0.7543,-0.0028009085082399397,-0.003007928819723338,-0.00020702031148339814,27.18911739684704,49.927667863908106,,,,
2025-01-03T09:30:00+08:00,0.794,0.796,0.788,0.79,0.8135142857142859,,0.7543,-0.0037293724869117183,-0.004868735920123046,-0.0011393634332113277,25.352655350753025,48.19021014792179,,,,
2025-01-03T13:30:00+08:00,0.79,0.793,0.781,0.783,0.8088095238095238,,0.7543,-0.0045521521409354546,-0.006829553609380645,-0.002277401468445191,22.48982475039253,45.9318846782059,,,,
2025-01-06T09:30:00+08:00,0.781,0.784,0.776,0.777,0.8036952380952381,,0.7543,-0.005191366499320033,-0.008766609592595231,-0.0035752430932751993,20.36689812953533,43.61138481646636,,,,
2025-01-06T13:30:00+08:00,0.777,0.781,0.776,0.781,0.7995523809523808,,0.7543,-0.005032008201196514,-0.009865253344770841,-0.004833245143574328,25.42116240182544,41.49197535711428,,,,
2025-01-07T09:30:00+08:00,0.78,0.783,0.777,0.78,0.7956952380952381,,0.7543,-0.004688093212738912,-0.010693361659497969,-0.006005268446759056,24.99406599502835,39.53352786778309,,,,
2025-01-07T13:30:00+08:00,0.78,0.786,0.779,0.786,0.7930476190476191,,0.7543,-0.0037891214987653783,-0.01074167032021578,-0.006952548821450401,32.33925875749448,38.01295691956885,,,,
2025-01-08T09:30:00+08:00,0.783,0.786,0.773,0.776,0.7894285714285716,,0.7372,-0.00360182301192756,-0.01145482758635985,-0.00785300457443229,27.504784483766585,35.81888078704089,,,,
2025-01-08T13:30:00+08:00,0.776,0.789,0.776,0.786,0.7876380952380954,,0.7372,-0.002585843453061532,-0.011085308890759205,-0.008499465437697673,37.557515263253336,34.55348888616111,,,,
2025-01-09T09:30:00+08:00,0.784,0.786,0.782,0.785,0.7860952380952381,,0.7372,-0.0017998226214732422,-0.010749243714539225,-0.008949421093065983,37.0049053295556,33.16380894339828,,,,
2025-01-09T13:30:00+08:00,0.784,0.785,0.78,0.783,0.7846857142857144,,0.7372,-0.0012588554799280137,-0.010522990442975999,-0.009264134963047985,35.86820456497324,31.524724023488854,,,,
2025-01-10T09:30:00+08:00,0.782,0.783,0.777,0.779,0.7831809523809524,,0.7372,-0.00102460777664499,-0.010544894683854222,-0.009520286907209232,33.64239290931607,30.35157478113617,,,,
2025-01-10T13:30:00+08:00,0.779,0.78,0.773,0.773,0.7812952380952382,,0.7372,-0.0011201855660591571,-0.01092051886478318,-0.009800333298724023,30.577234521708448,29.453268401548605,,,,
2025-01-13T09:30:00+08:00,0.77,0.773,0.765,0.769,0.7792952380952382,,0.73055,-0.001287292781727848,-0.011409449275883832,-0.010122156494155984,28.699907368757337,29.214851944514773,,,,
2025-01-13T13:30:00+08:00,0.768,0.771,0.767,0.77,0.777752380952381,,0.73055,-0.0011684508999102693,-0.011582720119043821,-0.010414269219133552,29.859315782186727,29.40558040061046,,,,
2025-01-14T09:30:00+08:00,0.771,0.785,0.77,0.784,0.7783047619047619,,0.73055,-0.00004431878578074755,-0.010469667701359486,-0.010425348915578739,43.669581898015885,30.713932296843527,,,,
2025-01-14T13:30:00+08:00,0.784,0.789,0.783,0.789,0.7795809523809525,,0.73055,0.0010767229444093133,-0.009079445235067096,-0.01015616817947641,47.63509187696657,32.510022805884525,,,,
2025-01-15T09:30:00+08:00,0.786,0.79,0.784,0.785,0.7802666666666667,,0.73055,0.0015602477781386428,-0.008205858456803106,-0.009766106234941748,44.911226388304065,34.2631891100823,,,,
2025-01-15T13:30:00+08:00,0.785,0.786,0.784,0.785,0.7808761904761905,,0.73055,0.0018705567361287194,-0.00742791031478085,-0.00929846705090957,44.911226388304065,35.65533653768791,,,,
2025-01-16T09:30:00+08:00,0.787,0.794,0.783,0.784,0.7813142857142858,,0.73055,0.0019879493896214438,-0.006813530313882765,-0.008801479703504209,44.17877020807192,37.025672552905306,,,,
2025-01-16T13:30:00+08:00,0.784,0.788,0.784,0.787,0.7821142857142858,,0.73055,0.0022290116404778248,-0.0060152151529069275,-0.008244226793384752,46.97280204416879,38.07092564481062,,,,
2025-01-17T09:30:00+08:00,0.785,0.792,0.784,0.791,0.7834380952380952,,0.73055,0.0025936880129633676,-0.005002116777180543,-0.007595804790143911,50.5283899079918,39.71546888939813,,,,
2025-01-17T13:30:00+08:00,0.79,0.792,0.788,0.79,0.7844857142857143,,0.73055,0.0026917265253187748,-0.004231146633495442,-0.0069228731588142165,49.632400837853716,40.5779607161553,,,,
2025-01-20T09:30:00+08:00,0.792,0.795,0.79,0.792,0.7857619047619048,,,0.0028028202539813153,-0.003419347841337572,-0.0062221680953188875,51.4853143691254,41.61227564755314,,,,
2025-01-20T13:30:00+08:00,0.793,0.793,0.788,0.79,0.786704761904762,,,0.002654614172891586,-0.002903900379204405,-0.005558514552095991,49.52331747454229,42.587640855379505,,,,
2025-01-21T09:30:00+08:00,0.792,0.792,0.785,0.787,0.7871809523809523,,,0.0022817851357000733,-0.002706283132470899,-0.004988068268170972,46.65150206985911,43.51686293827544,,,,
2025-01-21T13:30:00+08:00,0.787,0.788,0.785,0.787,0.7875809523809524,,,0.001973963437065131,-0.002520613971839558,-0.004494577408904689,46.65150206985911,44.66502490600048,,,,
2025-01-22T09:30:00+08:00,0.787,0.787,0.779,0.78,0.7869142857142858,,,0.001271800892241261,-0.0029048262936031133,-0.004176627185844374,40.323694558698016,45.495295419567675,,,,
2025-01-22T13:30:00+08:00,0.779,0.782,0.778,0.781,0.7862761904761905,,,0.0008669242845951086,-0.0030929718301004883,-0.003959896114695597,41.543545436122756,46.32988325199168,,,,
2025-01-23T09:30:00+08:00,0.785,0.796,0.785,0.789,0.7866000000000001,,,0.0011143527947042146,-0.0025669551213153285,-0.003681307916019543,50.29670191985627,46.80324896783742,,,,
2025-01-23T13:30:00+08:00,0.789,0.789,0.786,0.787,0.7866095238095238,,,0.0011169464304100125,-0.0022851248780070277,-0.00340207130841704,48.34761171584418,46.85414324204296,,,,
2025-01-24T09:30:00+08:00,0.786,0.793,0.784,0.791,0.7871714285714285,,,0.0013463065834659884,-0.0017191880790845548,-0.0030654946625505433,52.32668942905688,47.3838191735253,,,,
2025-01-24T13:30:00+08:00,0.791,0.793,0.79,0.793,0.7879428571428573,,,0.0015750723255079308,-0.00109665425566563,-0.002671726581173561,54.225452437551944,48.049121034185866,,,,
2025-01-27T09:30:00+08:00,0.794,0.797,0.792,0.793,0.7886380952380952,,,0.0016602479879570704,-0.0005964165962272228,-0.002256664584184293,54.225452437551944,48.766741193434434,,,,
2025-01-27T13:30:00+08:00,0.793,0.797,0.793,0.793,0.7892476190476191,,,0.0016471750803496083,-0.0001976957337472829,-0.0018448708140968912,54.22545243755194,49.28478765010466,,,,
2025-02-05T09:30:00+08:00,0.796,0.797,0.786,0.786,0.7888666666666667,,,0.001122729283919537,-0.00044145920919747006,-0.001564188493117007,46.18440068232793,48.974502705414395,,,,
2025-02-05T13:30:00+08:00,0.787,0.787,0.784,0.787,0.7886666666666667,,,0.000813239566367491,-0.0005476390351576432,-0.0013608786015251342,47.3847508236852,48.813956275830925,,,,
2025-02-06T09:30:00+08:00,0.784,0.793,0.784,0.79,0.7888952380952381,,,0.0007804859072286477,-0.0003852712174893247,-0.0011657571247179724,50.921444734694234,48.773679873371556,,,,
2025-02-06T13:30:00+08:00,0.79,0.795,0.79,0.795,0.7898095238095239,,,0.0010487584915464618,0.0001451909897151049,-0.0009035675018313569,56.205190554559465,49.250956521944204,,,,
2025-02-07T09:30:00+08:00,0.793,0.808,0.792,0.806,0.7921428571428574,,,0.0018721608514077185,0.001436633562428291,-0.0004355272889794273,65.10565324579699,50.56911017736834,,,,
2025-02-07T13:30:00+08:00,0.806,0.807,0.796,0.804,0.7940285714285715,,,0.002166447024707795,0.0022725314919053163,0.00010608446719752144,62.61402326908397,51.709290263027256,,,,
2025-02-10T09:30:00+08:00,0.804,0.807,0.801,0.805,0.7958857142857143,,,0.0023001816759225316,0.002981311562100686,0.0006811298861781543,63.36888885520197,53.3553755699204,,,,
2025-02-10T13:30:00+08:00,0.805,0.807,0.804,0.807,0.7977714285714286,,,0.0023848502365905687,0.0036621926819163653,0.0012773424453257965,64.89553347607898,55.02337471563156,,,,
2025-02-11T09:30:00+08:00,0.807,0.807,0.802,0.804,0.7990095238095238,,,0.0021098027812306917,0.003914595921864161,0.0018047931406334696,60.80214729663412,55.77376367111568,,,,
2025-02-11T13:30:00+08:00,0.805,0.806,0.803,0.805,0.8002380952380952,,,0.0018741727259489914,0.0041475090480697085,0.002273336322120717,61.670047170878284,56.72536620361812,,,,
2025-02-12T09:30:00+08:00,0.803,0.808,0.802,0.805,0.8012952380952382,,,0.0016075115676862282,0.0042827257817285025,0.0026752142140422743,61.67004717087829,57.39274889946251,,,,
2025-02-12T13:30:00+08:00,0.804,0.814,0.804,0.814,0.8034190476190477,,,0.0019060746641302124,0.00505780754420504,0.0031517328800748272,68.86554024193424,58.43846945691839,,,,
2025-02-13T09:30:00+08:00,0.812,0.814,0.809,0.812,0.8050761904761904,,,0.0018369195706301098,0.005447882343362465,0.0036109627727323548,65.90472703218279,59.272703356534876,,,,
2025-02-13T13:30:00+08:00,0.813,0.816,0.809,0.81,0.8062857142857144,,,0.0015367243525606852,0.005531868213433211,0.003995143860872526,62.988283912858435,59.89861989048535,,,,
2025-02-14T09:30:00+08:00,0.809,0.813,0.807,0.812,0.8076,,,0.0013592225394062516,0.00569417203513034,0.004334949495724089,64.67189571725353,61.2191552501229,,,,
2025-02-14T13:30:00+08:00,0.812,0.814,0.808,0.813,0.8088000000000001,,,0.0012010119069123656,0.005836214379364546,0.00463520247245218,65.51652940057981,62.514282291329664,,,,
2025-02-17T09:30:00+08:00,0.814,0.814,0.809,0.812,0.8096190476190476,,,0.0009328135987992526,0.005801219470951247,0.004868405872151994,63.87199402105323,63.43932152606959,,,,
2025-02-17T13:30:00+08:00,0.811,0.814,0.808,0.813,0.810361904761905,,,0.0007352458016663633,0.005787463124234948,0.005052217322568585,64.82289888325346,64.0548721209763,,,,
2025-02-18T09:30:00+08:00,0.812,0.816,0.81,0.814,0.8110666666666667,,,0.0005906288969594184,0.005790503443767858,0.00519987454680844,65.79251300015568,64.10393353200193,,,,
2025-02-18T13:30:00+08:00,0.814,0.815,0.804,0.806,0.8106285714285715,,,-0.00008892349417838428,0.00508872017908546,0.005177643673263844,53.16684318153158,63.42913495431962,,,,
2025-02-19T09:30:00+08:00,0.806,0.813,0.805,0.809,0.8105714285714284,,,-0.0003659428489130711,0.0047202151121225056,0.005086157961035577,56.5352971628466,62.94102126200852,,,,
2025-02-19T13:30:00+08:00,0.809,0.813,0.808,0.813,0.8110095238095238,,,-0.0003114887608701806,0.004696797009947851,0.005008285770818031,60.60397251184805,62.63448119313489,,,,
2025-02-20T09:30:00+08:00,0.811,0.813,0.809,0.813,0.8113904761904762,,,-0.0003066888232552932,0.004624924741748915,0.004931613565004208,60.60397251184805,62.62032585136445,,,,
2025-02-20T13:30:00+08:00,0.812,0.814,0.811,0.812,0.8115523809523809,,,-0.00039638142378186324,0.0044361367852768785,0.004832518209058742,59.00258392258049,62.429792762200314,,,,
2025-02-21T09:30:00+08:00,0.813,0.818,0.808,0.816,0.8121809523809523,,,-0.00022060652972843292,0.004556760046898201,0.0047773665766266335,63.192251488433065,62.538521642025664,,,,
2025-02-21T13:30:00+08:00,0.817,0.818,0.814,0.816,0.8127047619047619,,,-0.00014242401179806463,0.004599336561879053,0.004741760573677117,63.192251488433065,62.13328673106129,,,,
2025-02-24T09:30:00+08:00,0.815,0.819,0.814,0.815,0.8130761904761905,,,-0.0001930020120089141,0.004500508058665975,0.004693510070674889,61.37374408820532,61.809645092205756,,,,
2025-02-24T13:30:00+08:00,0.815,0.817,0.812,0.816,0.8135523809523809,,,-0.00019355800987670008,0.004451562558329014,0.004645120568205714,62.534828130190974,61.777255393443795,,,,
2025-02-25T09:30:00+08:00,0.81,0.815,0.809,0.813,0.8135714285714287,,,-0.00041756153684944803,0.004123168647143904,0.0045407301839933524,56.99932973185943,61.22921496591564,,,,
2025-02-25T13:30:00+08:00,0.814,0.814,0.808,0.81,0.8131809523809526,,,-0.0007689233039284687,0.003579576054082767,0.004348499358011236,52.03860532096103,60.266506103085725,,,,
2025-02-26T09:30:00+08:00,0.809,0.816,0.809,0.815,0.8134857142857143,,,-0.0006693979418508789,0.0035117519306976375,0.004181149872548516,58.518439223775914,59.88410933185163,,,,
2025-02-26T13:30:00+08:00,0.815,0.818,0.813,0.817,0.8140285714285714,,,-0.0004824098444292336,0.003578137567011974,0.004060547411441208,60.79985489065377,59.59674904666595,,,,
2025-02-27T09:30:00+08:00,0.817,0.82,0.813,0.814,0.8141333333333333,,,-0.0005683928334502672,0.0033500563696283736,0.003918449203078641,55.83893305099973,58.88577905029767,,,,
2025-02-27T13:30:00+08:00,0.814,0.82,0.813,0.82,0.8150380952380952,,,-0.00024530698415968716,0.003611815472879032,0.003857122457038719,62.439818591352875,59.548134436713475,,,,
2025-02-28T09:30:00+08:00,0.817,0.819,0.81,0.811,0.8146095238095238,,,-0.0006394672591170454,0.0030577883831424124,0.003697255642259458,50.295622419808964,59.10244338363936,,,,
2025-02-28T13:30:00+08:00,0.811,0.812,0.803,0.806,0.8134952380952383,,,-0.001205792845949222,0.00219001458482293,0.003395807430772152,45.05305996572661,57.99166391605927,,,,
2025-03-03T09:30:00+08:00,0.805,0.812,0.805,0.807,0.8125809523809524,,,-0.001464686363089016,0.0015649494769108818,0.003029635839999898,46.259565391256054,56.96706340744554,,,,
2025-03-03T13:30:00+08:00,0.807,0.808,0.802,0.806,0.8115904761904763,,,-0.0016416128000631574,0.0009776198399209513,0.0026192326399841087,45.19094880561209,55.9805180419478,,,,
2025-03-04T09:30:00+08:00,0.803,0.807,0.801,0.804,0.8103904761904762,,,-0.0018179651791546143,0.00034677616604084083,0.002164741345195455,43.04905157618962,54.54171804821613,,,,
2025-03-04T13:30:00+08:00,0.804,0.807,0.804,0.806,0.8095714285714286,,,-0.001725298901115614,0.000008117718800937368,0.0017334166199165515,45.814799151365854,53.300471452711335,,,,
2025-03-05T09:30:00+08:00,0.805,0.811,0.803,0.808,0.8091142857142858,,,-0.001464942354775457,-0.00009776132355276967,0.0013671810312226873,48.5078071884541,52.38147595987196,,,,
2025-03-05T13:30:00+08:00,0.808,0.811,0.808,0.81,0.8089904761904764,,,-0.0011097902173886184,-0.000020056740513085813,0.0010897334768755326,51.123814479063874,51.56640355622002,,,,
2025-03-06T09:30:00+08:00,0.812,0.818,0.811,0.817,0.8098571428571428,,,-0.0003922219464511307,0.0005994560438116192,0.00099167799026275,58.97900133145839,51.70780867047709,,,,
2025-03-06T13:30:00+08:00,0.817,0.819,0.815,0.819,0.8109523809523809,,,0.00019669125540676142,0.0012375420595212017,0.0010408508041144402,60.91194804343985,52.34161886493987,,,,
2025-03-07T09:30:00+08:00,0.816,0.822,0.816,0.82,0.8120952380952381,,,0.0006098281862787804,0.0018031360369629157,0.0011933078506841353,61.87917986340679,52.58167176777064,,,,
2025-03-07T13:30:00+08:00,0.821,0.821,0.815,0.817,0.8127904761904762,,,0.000634474058193682,0.001986400423426238,0.0013519263652325558,57.298443364334894,52.33157094446215,,,,
2025-03-10T09:30:00+08:00,0.817,0.819,0.811,0.813,0.812952380952381,,,0.00034906552480841175,0.0017882582712430706,0.0014391927464346588,51.79308079184267,52.042581497379494,,,,
2025-03-10T13:30:00+08:00,0.814,0.816,0.812,0.815,0.8133904761904761,,,0.00026639287583450676,0.0017721838412277924,0.0015057909653932856,54.16445550755423,51.451484134251025,,,,
2025-03-11T09:30:00+08:00,0.811,0.817,0.81,0.814,0.8137428571428571,,,0.00012306483372944745,0.001659622007555095,0.0015365571738256475,52.766780836456775,51.627995449725866,,,,
2025-03-11T13:30:00+08:00,0.814,0.82,0.812,0.82,0.8148666666666667,,,0.00039567581617967057,0.0020311519440502357,0.0016354761278705651,59.5167663657272,52.66111733544019,,,,
2025-03-12T09:30:00+08:00,0.82,0.821,0.816,0.819,0.8157238095238095,,,0.0004670731310291887,0.002219317541657051,0.0017522444106278622,58.028334915643015,53.50174373003926,,,,
2025-03-12T13:30:00+08:00,0.819,0.822,0.817,0.818,0.8163333333333334,,,0.00040754629781526676,0.0022616772828969456,0.0018541309850816788,56.50648274042536,54.30999615395449,,,,
2025-03-13T09:30:00+08:00,0.817,0.819,0.811,0.812,0.8160285714285713,,,-0.00005093795956109294,0.0017904585356303127,0.0018413964951914056,48.31842230607165,54.686379777517494,,,,
2025-03-13T13:30:00+08:00,0.813,0.815,0.81,0.815,0.8160476190476189,,,-0.00016097142665933567,0.001640182211867236,0.0018011536385265717,52.059046825653894,55.132397468538066,,,,
2025-03-14T09:30:00+08:00,0.815,0.829,0.814,0.827,0.8175809523809524,,,0.000527891307943612,0.0024610177734560867,0.0019331264655124748,63.45360663719984,56.19995457201991,,,,
2025-03-14T13:30:00+08:00,0.826,0.83,0.826,0.829,0.8191999999999999,,,0.0010419955724929996,0.0032356209311287243,0.0021936253586357247,64.94889857060079,57.18746057855826,,,,
2025-03-17T09:30:00+08:00,0.831,0.834,0.83,0.83,0.8207714285714286,,,0.00135342183608088,0.0038854026537368247,0.0025319808176559448,65.70446684243828,57.66785097219968,,,,
2025-03-17T13:30:00+08:00,0.831,0.832,0.83,0.83,0.8222190476190476,,,0.0014545855898956085,0.004350212805025455,0.0028956272151298467,65.70446684243828,58.01017374355671,,,,
2025-03-18T09:30:00+08:00,0.833,0.834,0.83,0.833,0.8239619047619047,,,0.0016067954015672923,0.004904121467088962,0.00329732606552167,68.09718563843634,58.454317013201674,,,,
2025-03-18T13:30:00+08:00,0.833,0.833,0.831,0.833,0.8255809523809522,,,0.0015879056003400265,0.005282208065946703,0.0036943024656066765,68.09718563843634,59.225655747066064,,,,
2025-03-19T09:30:00+08:00,0.831,0.834,0.828,0.832,0.8269142857142855,,,0.0013953272892113,0.005438461577120801,0.004043134287909501,66.30875104286699,60.26248933642495,,,,
2025-03-19T13:30:00+08:00,0.832,0.833,0.829,0.832,0.8280666666666665,,,0.0011646170889517285,0.005498905649099162,0.004334288560147433,66.30875104286699,61.129939017518716,,,,
2025-03-20T09:30:00+08:00,0.831,0.832,0.828,0.831,0.8289238095238094,,,0.0008556287075092714,0.005403824444534022,0.004548195737024751,64.34876279699574,61.9572234432715,,,,
2025-03-20T13:30:00+08:00,0.831,0.832,0.827,0.828,0.8292190476190474,,,0.0003841892816004227,0.005028432339025279,0.004644243057424857,58.73934655051835,61.901693456470866,,,,
2025-03-21T09:30:00+08:00,0.826,0.831,0.82,0.821,0.8285047619047619,,,-0.00042050397841421686,0.004118613084407086,0.0045391170628213025,48.18461227507736,61.19857041071617,,,,
2025-03-21T13:30:00+08:00,0.821,0.822,0.817,0.82,0.8276380952380953,,,-0.0010080265385322166,0.0032790838896560315,0.004287110428188248,46.88841707762853,60.511565720516394,,,,
2025-03-24T09:30:00+08:00,0.818,0.822,0.816,0.816,0.8262190476190475,,,-0.0016177873028830913,0.002264876299584384,0.0038826636024674754,42.019246649111444,60.0616246021621,,,,
2025-03-24T13:30:00+08:00,0.817,0.822,0.813,0.822,0.8255619047619047,,,-0.0015676579732878631,0.0019230911358576463,0.0034907491091455095,50.34836282752775,59.93943288801023,,,,
2025-03-25T09:30:00+08:00,0.819,0.825,0.819,0.824,0.8251047619047619,,,-0.0013582478249397146,0.001792939327970866,0.0031511871529105806,52.78322730631051,59.17726293580385,,,,
2025-03-25T13:30:00+08:00,0.824,0.825,0.821,0.823,0.8245428571428571,,,-0.0012483384411045304,0.0015907641015299179,0.0028391025426344483,51.42531151216909,58.21129243163016,,,,
2025-03-26T09:30:00+08:00,0.823,0.826,0.821,0.823,0.8240380952380952,,,-0.001139892960695233,0.001414236341765407,0.00255412930246064,51.42531151216908,57.19135276518235,,,,
2025-03-26T13:30:00+08:00,0.824,0.825,0.822,0.822,0.8234666666666666,,,-0.0010992695350572216,0.0011800423836391127,0.0022793119186963343,49.93541891122069,56.064992198666815,,,,
2025-03-27T09:30:00+08:00,0.821,0.829,0.817,0.825,0.8233714285714285,,,-0.0008455090936168369,0.001222425551675288,0.002067934645292125,54.22046364632741,55.07379777065904,,,,
2025-03-27T13:30:00+08:00,0.824,0.826,0.823,0.825,0.823352380952381,,,-0.000660986946680913,0.0012417009619409836,0.0019026879086218966,54.22046364632741,54.08260334265127,,,,
2025-03-28T09:30:00+08:00,0.823,0.825,0.817,0.817,0.822342857142857,,,-0.0010385697648083475,0.0006044757026114622,0.0016430454674198098,42.87200938190941,52.408550366868575,,,,
2025-03-28T13:30:00+08:00,0.818,0.822,0.817,0.819,0.821742857142857,,,-0.0011081318212508929,0.0002578806908561937,0.0013660125121070866,45.91947673530786,50.952173630614354,,,,
2025-03-31T09:30:00+08:00,0.818,0.822,0.811,0.814,0.8206,,,-0.0014251838638294442,-0.00041546731767971856,0.0010097165461497256,40.152741550606564,49.22388639872941,,,,
2025-03-31T13:30:00+08:00,0.813,0.817,0.811,0.816,0.8198857142857142,,,-0.0014307655140303817,-0.0007787403463882514,0.0006520251676421302,43.22417564876822,48.11565990574726,,,,
2025-04-01T09:30:00+08:00,0.814,0.821,0.814,0.818,0.8195523809523809,,,-0.0012375699531257892,-0.0008949372737651062,0.0003426326793606829,46.19777115382157,47.97374268280042,,,,
2025-04-01T13:30:00+08:00,0.818,0.819,0.817,0.819,0.8193809523809523,,,-0.0009909093093578084,-0.0008960039573365775,0.0000949053520212308,47.67346117210679,48.02981726097743,,,,
2025-04-02T09:30:00+08:00,0.818,0.822,0.817,0.82,0.8193523809523809,,,-0.0007214096632191024,-0.0008068567270026472,-0.00008544706378354482,49.174732629017804,48.540923402399315,,,,
2025-04-02T13:30:00+08:00,0.82,0.821,0.818,0.82,0.8192857142857142,,,-0.0005138960149061278,-0.0007278170824162045,-0.00021392106751007674,49.174732629017804,48.45709267393432,,,,
2025-04-03T09:30:00+08:00,0.815,0.82,0.812,0.814,0.8184380952380952,,,-0.0007378469074440587,-0.0011362297018151502,-0.00039838279437109144,40.99107984275923,47.614796426537794,,,,
2025-04-03T13:30:00+08:00,0.814,0.817,0.813,0.815,0.8178190476190476,,,-0.000772086190405303,-0.0013634905323777202,-0.0005914043419724172,42.7025675415696,46.991743285780686,,,,
2025-04-07T09:30:00+08:00,0.796,0.8,0.756,0.761,0.8100761904761904,,0.72295,-0.004193834801384484,-0.005833697843703023,-0.0016398630423185383,15.894134232900981,44.45380205154725,,,,
2025-04-07T13:30:00+08:00,0.761,0.762,0.742,0.756,0.8022571428571428,,0.72295,-0.006422810790941572,-0.009668376530995504,-0.003245565740053932,14.957769170543813,41.95539849864175,,,,
2025-04-08T09:30:00+08:00,0.757,0.762,0.751,0.756,0.7950666666666667,,0.72295,-0.007453606200574232,-0.012562573490771722,-0.00510896729019749,14.957769170543813,39.15092032180007,,,,
2025-04-08T13:30:00+08:00,0.757,0.765,0.755,0.765,0.7897333333333333,,0.72295,-0.007088021986044263,-0.013968994772752819,-0.006880972786708556,24.271230132216274,37.01168935650641,,,,
2025-04-09T09:30:00+08:00,0.758,0.767,0.747,0.766,0.7851047619047619,,0.72295,-0.006360764878758619,-0.014831928885156831,-0.008471164006398212,25.250777202024835,35.75302991508609,,,,
2025-04-09T13:30:00+08:00,0.766,0.775,0.765,0.773,0.7818952380952381,,0.72295,-0.005047538775646149,-0.014780587475955898,-0.009733048700309749,31.891961101710606,34.751064512686284,,,,
2025-04-10T09:30:00+08:00,0.781,0.787,0.776,0.782,0.7803238095238095,,0.72295,-0.003296740450866609,-0.01385397426389301,-0.0105572338130264,39.352663398851625,34.69391607327522,,,,
2025-04-10T13:30:00+08:00,0.782,0.784,0.779,0.781,0.7789238095238095,,0.72295,-0.0019941227757978193,-0.013049887282773676,-0.011055764506975856,38.84351771957357,34.381011935475605,,,,
2025-04-11T09:30:00+08:00,0.78,0.785,0.778,0.784,0.7782571428571429,,0.72295,-0.0007808857558202174,-0.012031871701751129,-0.011250985945930912,41.29727787684186,34.03097670140563,,,,
2025-04-11T13:30:00+08:00,0.784,0.788,0.782,0.784,0.7779142857142858,,0.72295,0.00012305611691234772,-0.011097165799790476,-0.011220221916702824,41.29727787684187,33.57553503745813,,,,
2025-04-14T09:30:00+08:00,0.787,0.794,0.786,0.79,0.778704761904762,,0.72295,0.0011683771698566235,-0.009759750454382043,-0.010928127624238667,46.29533260363042,33.36986360707331,,,,
2025-04-14T13:30:00+08:00,0.789,0.792,0.789,0.792,0.7800476190476191,,0.72295,0.001989580873901973,-0.008441151531861202,-0.010430732405763175,47.88806706780652,33.277958924129656,,,,
2025-04-15T09:30:00+08:00,0.79,0.792,0.788,0.79,0.7813904761904763,,0.72295,0.0023674579978582057,-0.007471409908440418,-0.009838867906298624,46.40592622555451,33.664733665757886,,,,
2025-04-15T13:30:00+08:00,0.79,0.793,0.789,0.792,0.7832285714285715,,0.72295,0.0026975324064335594,-0.006466952398256676,-0.009164484804690235,48.134644448544165,34.052739159113216,,,,
2025-04-16T09:30:00+08:00,0.791,0.792,0.784,0.787,0.7846190476190477,,0.72295,0.0025274700844483376,-0.006005147199129812,-0.00853261728357815,44.28852026540115,36.08090959000608,,,,
2025-04-16T13:30:00+08:00,0.787,0.794,0.786,0.792,0.7864285714285714,,0.72295,0.0026852627195391686,-0.005176038884154188,-0.007861301603693357,48.70265051192982,38.49125825724794,,,,
2025-04-17T09:30:00+08:00,0.79,0.797,0.789,0.793,0.7880285714285715,,0.72295,0.0027788858272663726,-0.004387694319610391,-0.007166580146876764,49.56336912996747,40.9630868257782,,,,
2025-04-17T13:30:00+08:00,0.794,0.797,0.793,0.794,0.7894095238095239,0.7894095238095239,0.72295,0.002821047197489433,-0.003640271150014973,-0.006461318347504406,50.4585679698741,42.83361095703947,,,,
2025-04-18T09:30:00+08:00,0.794,0.795,0.792,0.793,0.7903809523809523,0.7894095238095239,0.72295,0.0026946781140913412,-0.00309297070489023,-0.005787648818981571,49.51217794030225,44.56656815263072,,,,
2025-04-18T13:30:00+08:00,0.792,0.798,0.792,0.796,0.7914952380952381,0.7914952380952381,0.72295,0.002718430822279084,-0.0023896102911327155,-0.0051080411134118,52.39672736119415,46.0311943140224,,,,
2025-04-21T09:30:00+08:00,0.795,0.802,0.795,0.799,0.7927904761904762,0.7927904761904762,0.72295,0.0028288359511517407,-0.0015719961744721234,-0.004400832125623864,55.15591477445197,47.159997983708145,,,,
2025-04-21T13:30:00+08:00,0.8,0.802,0.799,0.802,0.7943238095238095,0.7943238095238095,0.72295,0.002981318029934553,-0.000674184588205673,-0.0036555026181402258,57.79065433606595,48.51336488488617,,,,
2025-04-22T09:30:00+08:00,0.8,0.806,0.8,0.805,0.7960571428571428,0.7960571428571428,0.72295,0.0031453847363718153,0.00027622830232454376,-0.0028691564340472715,60.30243153143303,49.870875860214106,,,,
2025-04-22T13:30:00+08:00,0.805,0.807,0.804,0.805,0.7975904761904762,0.7960571428571428,0.72295,0.0031094898556194212,0.001017705885477005,-0.0020917839701424163,60.30243153143302,51.228386835542054,,,,
2025-04-23T09:30:00+08:00,0.804,0.807,0.801,0.805,0.7989238095238095,0.7960571428571428,0.72295,0.0029430574385126574,0.0015870378279984054,-0.001356019610514252,60.30243153143303,52.22889390181366,,,,
2025-04-23T13:30:00+08:00,0.804,0.806,0.802,0.803,0.7998476190476191,0.7960571428571428,0.72295,0.0025691881340156666,0.0018554655570053313,-0.0007137225770103353,57.45556326719222,52.912286487484074,,,,
2025-04-24T09:30:00+08:00,0.802,0.807,0.8,0.803,0.8006666666666667,0.7960571428571428,0.72295,0.002206679882138679,0.0020446272756630135,-0.00016205260647566557,57.455563267192225,53.701546276172486,,,,
2025-04-24T13:30:00+08:00,0.803,0.805,0.802,0.803,0.8013619047619049,0.7960571428571428,0.72295,0.0018652663297068672,0.0021695303056579185,0.00030426397595105124,57.455563267192225,54.3673261917902,,,,
2025-04-25T09:30:00+08:00,0.804,0.806,0.802,0.804,0.8020857142857144,0.8020857142857144,0.72295,0.0016145383333403239,0.002322436892626456,0.0007078985592861322,58.67393729257883,55.39485597944575,,,,
2025-04-25T13:30:00+08:00,0.804,0.805,0.802,0.803,0.8025142857142858,0.8020857142857144,0.72295,0.0013024786754377551,0.002335996903583326,0.001033518228145571,56.91853661120702,55.981704986536975,,,,
2025-04-28T09:30:00+08:00,0.802,0.804,0.799,0.802,0.8027047619047621,0.8020857142857144,0.72295,0.0009653675908317878,0.0022402277166853057,0.001274860125853518,55.14190462683785,56.38017180774201,,,,
2025-04-28T13:30:00+08:00,0.802,0.803,0.801,0.802,0.802809523809524,0.8020857142857144,0.72295,0.0006918440732040119,0.002139665217358533,0.001447821144154521,55.14190462683785,56.714695854667994,,,,
2025-04-29T09:30:00+08:00,0.801,0.804,0.799,0.801,0.8027047619047619,0.8020857142857144,0.72295,0.0004071200490264235,0.0019567212054375505,0.001549601156411127,53.21548393973297,56.97921771177018,,,,
2025-04-29T13:30:00+08:00,0.801,0.803,0.8,0.801,0.8025238095238096,0.8020857142857144,0.72295,0.0001931912230387061,0.0017910901852095096,0.0015978989621708035,53.21548393973297,57.03770032452296,,,,
2025-04-30T09:30:00+08:00,0.802,0.803,0.8,0.801,0.8022952380952382,0.8020857142857144,0.72295,0.000034409636428621394,0.0016409110077065803,0.0016065013712779589,53.21548393973297,56.89909812204303,,,,
2025-04-30T13:30:00+08:00,0.801,0.802,0.8,0.801,0.8020476190476189,0.8020857142857144,0.72295,-0.00008156156229681367,0.001504549418406942,0.0015861109807037556,53.21548393973297,56.57230023659067,,,,
2025-05-06T09:30:00+08:00,0.804,0.809,0.802,0.808,0.8027428571428571,0.8020857142857144,0.72295,0.00028228890462177495,0.0019389721114809744,0.0016566832068591994,64.79540294763882,56.89322676631964,,,,
2025-05-06T13:30:00+08:00,0.809,0.81,0.808,0.809,0.8035428571428572,0.8020857142857144,0.72295,0.000544259276744521,0.002337007302789851,0.0017927480260453298,66.08679714714398,57.30639573887043,,,,
2025-05-07T09:30:00+08:00,0.817,0.819,0.813,0.814,0.8049714285714287,0.8020857142857144,0.72295,0.0009826704376891477,0.0030210860731567646,0.002038415635467617,71.68050355391873,58.11911516904797,,,,
2025-05-07T13:30:00+08:00,0.815,0.817,0.812,0.817,0.8067142857142857,0.8020857142857144,0.72295,0.0013788139970077836,0.0037619331317273463,0.0023831191347195627,74.40803875160248,59.330006275077274,,,,
2025-05-08T09:30:00+08:00,0.815,0.819,0.812,0.817,0.8083238095238097,0.8020857142857144,0.72295,0.0015331029550535074,0.004299497828536447,0.0027663948734829398,74.40803875160248,60.540897381106575,,,,
2025-05-08T13:30:00+08:00,0.816,0.818,0.816,0.817,0.8098,0.8020857142857144,0.72295,0.0015242198006430708,0.004671669624286778,0.0031474498236437076,74.40803875160248,61.751788487135876,,,,
2025-05-09T09:30:00+08:00,0.817,0.818,0.813,0.817,0.8111428571428572,0.8020857142857144,0.72295,0.0014100551917035392,0.0049100188132731315,0.0034999636215695923,74.40803875160248,62.875652877066145,,,,
2025-05-09T13:30:00+08:00,0.816,0.818,0.815,0.815,0.8120952380952381,0.8020857142857144,0.72295,0.0011050377755123884,0.004881260840960078,0.0037762230654476894,68.49273789428835,63.702381540143385,,,,
2025-05-12T09:30:00+08:00,0.819,0.825,0.817,0.822,0.8138666666666667,0.8020857142857144,0.72295,0.0012682274038858868,0.005361507320305048,0.004093279916419161,75.75705873907918,65.17489254816063,,,,
2025-05-12T13:30:00+08:00,0.821,0.824,0.821,0.824,0.8157142857142857,0.8020857142857144,0.72295,0.0013943466012595052,0.0058362131679935425,0.004441866566734037,77.36296618002186,66.7621112305309,,,,
2025-05-13T09:30:00+08:00,0.828,0.828,0.822,0.824,0.8173523809523809,0.8020857142857144,0.72295,0.0013598060683406073,0.006141624152159797,0.00478181808381919,77.36296618002186,68.48693139055153,,,,
2025-05-13T13:30:00+08:00,0.824,0.825,0.823,0.824,0.8187714285714286,0.8020857142857144,0.72295,0.0012232785276914447,0.006310916243433495,0.005087637715742051,77.36296618002186,70.21175155057217,,,,
2025-05-14T09:30:00+08:00,0.823,0.832,0.823,0.83,0.8207714285714286,0.8020857142857144,0.72295,0.0014101023893931452,0.006850265702483482,0.005440163313090337,81.86432995650956,72.25809769462765,,,,
2025-05-14T13:30:00+08:00,0.83,0.835,0.829,0.833,0.822895238095238,0.8020857142857144,0.72295,0.0015951361301557321,0.007434083475785003,0.005838947345629271,83.61835864902179,74.42973160243399,,,,
2025-05-15T09:30:00+08:00,0.831,0.834,0.828,0.829,0.8241809523809522,0.8020857142857144,0.72295,0.0013189887987223106,0.007487683344032159,0.006168694545309848,73.42184301629108,75.04590589305201,,,,
2025-05-15T13:30:00+08:00,0.829,0.83,0.827,0.829,0.8252666666666666,0.8020857142857144,0.72295,0.0010205226182185279,0.007444347818083008,0.00642382519986448,73.42184301629108,75.56983774084823,,,,
2025-05-16T09:30:00+08:00,0.827,0.828,0.822,0.825,0.8256285714285715,0.8020857142857144,0.72295,0.0004661168731313172,0.0070064712912786264,0.006540354418147309,64.32484195307711,75.04443334078812,,,,
2025-05-16T13:30:00+08:00,0.825,0.826,0.823,0.825,0.8258857142857142,0.8020857142857144,0.72295,0.00003456431323712629,0.006583559809693718,0.006548995496456591,64.32484195307711,74.3242049980363,,,,
2025-05-19T09:30:00+08:00,0.825,0.827,0.824,0.826,0.8261999999999998,0.8020857142857144,0.72295,-0.00023362466718727503,0.006256964662472497,0.006490589329659772,65.56198646089669,73.69234412012874,,,,
2025-05-19T13:30:00+08:00,0.827,0.829,0.826,0.828,0.8266952380952379,0.8020857142857144,0.72295,-0.00032101146967165786,0.0060893249925702,0.006410336462241858,67.95543238941573,73.23144366568683,,,,
2025-05-20T09:30:00+08:00,0.828,0.833,0.827,0.832,0.8276190476190476,0.8020857142857144,0.72295,-0.0001621270314488988,0.006207677672930734,0.0063698047043796325,72.12770717430273,73.06856283873684,,,,
2025-05-20T13:30:00+08:00,0.831,0.833,0.83,0.831,0.8282666666666667,0.8020857142857144,0.72295,-0.00017593233420195708,0.006149889286627186,0.006325821620829143,69.68493981258719,73.15372011861533,,,,
2025-05-21T09:30:00+08:00,0.832,0.837,0.831,0.836,0.8294285714285712,0.8020857142857144,0.72295,0.00008605444402312416,0.006433389675858048,0.006347335231834924,74.3605962383234,73.05397279713277,,,,
2025-05-21T13:30:00+08:00,0.837,0.837,0.834,0.836,0.8304571428571427,0.8020857142857144,0.72295,0.00018788412122427815,0.006582190383365272,0.006394306262140994,74.3605962383234,72.83951780129718,,,,
2025-05-22T09:30:00+08:00,0.835,0.838,0.834,0.837,0.8315047619047619,0.8020857142857144,0.72295,0.00024738178821825767,0.006703533497413816,0.006456151709195558,75.24617232730814,72.68831824038905,,,,
2025-05-22T13:30:00+08:00,0.836,0.837,0.835,0.836,0.832295238095238,0.8020857142857144,0.72295,0.00014902844453174979,0.006642437264860246,0.006493408820328496,72.54765013739333,72.34436709448701,,,,
2025-05-23T09:30:00+08:00,0.835,0.837,0.834,0.835,0.832838095238095,0.8020857142857144,0.72295,-0.000043446675740224996,0.006439100475653214,0.006482547151393439,69.84995783675416,71.48619765736163,,,,
2025-05-23T13:30:00+08:00,0.835,0.836,0.828,0.829,0.8325333333333333,0.8020857142857144,0.72295,-0.000603814933605425,0.005727778484386659,0.006331593417992084,56.31821143219396,69.53618714187392,,,,
2025-05-26T09:30:00+08:00,0.827,0.831,0.824,0.824,0.8316,0.8020857142857144,0.72295,-0.0013002021726070245,0.004706340702233303,0.006006542874840327,47.97708021341127,67.71870408452538,,,,
2025-05-26T13:30:00+08:00,0.824,0.827,0.824,0.826,0.8309809523809525,,,-0.0015956506335868077,0.004011979582856817,0.005607630216443625,51.09708676344009,66.12407863789316,,,,
2025-05-27T09:30:00+08:00,0.826,0.827,0.822,0.824,0.8301238095238096,,,-0.0018759443841570873,0.0032626997362472654,0.005138644120404353,47.99709581402192,64.95781105653208,,,,
2025-05-27T13:30:00+08:00,0.824,0.826,0.823,0.825,0.8294095238095237,,,-0.0019363173461007816,0.002718247437778376,0.004654564783879158,49.64217180950902,63.90904890342007,,,,
2025-05-28T09:30:00+08:00,0.825,0.827,0.824,0.826,0.8288285714285712,,,-0.0018512701089719048,0.002340477147664277,0.004191747256636182,51.30122787140645,62.89042328988506,,,,
2025-05-28T13:30:00+08:00,0.826,0.827,0.824,0.825,0.8281142857142856,,,-0.0018029505336095058,0.0019380590896243,0.0037410096232338057,49.54344606698274,61.57528140971127,,,,
2025-05-29T09:30:00+08:00,0.825,0.832,0.824,0.83,0.828095238095238,,,-0.0013931688652227526,0.001999548541705365,0.0033927174069281175,57.402587614799884,60.52348715546106,,,,
2025-05-29T13:30:00+08:00,0.831,0.836,0.83,0.835,0.8287619047619046,,,-0.00077513587814859,0.00242379755924238,0.00319893343739097,63.52155966768555,60.083245716539516,,,,
2025-05-30T09:30:00+08:00,0.83,0.832,0.828,0.83,0.8287238095238094,,,-0.0006953832561697113,0.002329704367178831,0.003025087623348542,55.01148614224639,58.70116642396258,,,,
2025-05-30T13:30:00+08:00,0.83,0.832,0.83,0.831,0.8288761904761904,,,-0.0005727042010296112,0.002309207372061528,0.0028819115730911392,56.27323857683375,57.409212305284754,,,,
2025-06-03T09:30:00+08:00,0.828,0.835,0.828,0.833,0.829342857142857,,,-0.0003644277554573482,0.002426376878769454,0.002790804634226802,58.76417082557465,56.231926483732366,,,,
2025-06-03T13:30:00+08:00,0.833,0.834,0.832,0.834,0.8299809523809523,,,-0.0001764057785434191,0.0025702974110475285,0.0027467031895909476,59.99139170243758,55.335050881235524,,,,
2025-06-04T09:30:00+08:00,0.834,0.839,0.833,0.836,0.8309047619047618,,,0.00005328439535847362,0.0028133086837890398,0.002760024288430566,62.401482492500186,54.80301692807452,,,,
2025-06-04T13:30:00+08:00,0.836,0.838,0.836,0.838,0.8320857142857141,,,0.0002969292035090703,0.003131185792816904,0.0028342565893078337,64.6920205249087,55.401146148982725,,,,
2025-06-05T09:30:00+08:00,0.838,0.839,0.836,0.838,0.8331809523809525,,,0.00040823615326057586,0.0033445517808835534,0.0029363156276229776,64.69202052490868,56.59507045694682,,,,
2025-06-05T13:30:00+08:00,0.838,0.84,0.836,0.84,0.8344095238095238,,,0.0005574662778102804,0.003633148474885828,0.0030756821970755474,67.02204194753057,57.73256725581043,,,,
2025-06-06T09:30:00+08:00,0.84,0.842,0.838,0.838,0.8352380952380952,,,0.0004661017902279235,0.0036583094348604517,0.003192207644632528,62.57498695796009,58.77384519466317,,,,
2025-06-06T13:30:00+08:00,0.838,0.841,0.838,0.841,0.8363333333333335,,,0.0005467527170906722,0.0038756485409958685,0.0033288958239051964,66.19802476572262,59.95640612010698,,,,
2025-06-09T09:30:00+08:00,0.841,0.844,0.839,0.842,0.8374095238095239,,,0.0006021102307057291,0.004081533612287358,0.003479423381581629,67.333245521118,61.10155023794352,,,,
2025-06-09T13:30:00+08:00,0.842,0.844,0.841,0.844,0.8386,,,0.0007011577233816241,0.004355870535808659,0.003654712812427035,69.53682201270604,62.5296485197809,,,,
2025-06-10T09:30:00+08:00,0.844,0.847,0.837,0.838,0.8388095238095238,,,0.00031025762446058435,0.004042534843002765,0.003732277218542181,57.094007949113774,62.50760711508904,,,,
2025-06-10T13:30:00+08:00,0.838,0.843,0.836,0.842,0.8394761904761905,,,0.000270228994397844,0.004070063461539486,0.003799834467141642,61.978570128762264,62.39739357659452,,,,
2025-06-11T09:30:00+08:00,0.841,0.848,0.841,0.846,0.8406095238095238,,,0.00045160226389754764,0.004364337297013576,0.003912735033116029,66.13093565698136,63.19163997050415,,,,
2025-06-11T13:30:00+08:00,0.846,0.847,0.845,0.846,0.8415904761904762,,,0.0005059381201033848,0.00454515768324526,0.004039219563141875,66.13093565698136,63.8957611905147,,,,
2025-06-12T09:30:00+08:00,0.845,0.848,0.842,0.846,0.8424285714285714,,,0.00047664787609573867,0.004635029408261548,0.00415838153216581,66.13093565698136,64.42195867847232,,,,
2025-06-12T13:30:00+08:00,0.846,0.848,0.845,0.848,0.8434095238095237,,,0.0005230268062816823,0.004812165040017913,0.0042891382337362305,68.29336226556137,65.01495657583831,,,,
2025-06-13T09:30:00+08:00,0.846,0.847,0.84,0.842,0.8434571428571428,,,0.0001026690543083509,0.00441747455162167,0.004314805497313319,56.615140789781506,64.60164645421555,,,,
2025-06-13T13:30:00+08:00,0.842,0.844,0.841,0.842,0.843447619047619,,,-0.00020552238052021655,0.004057902521663048,0.004263424902183265,56.615140789781506,64.02472647313503,,,,
2025-06-16T09:30:00+08:00,0.841,0.845,0.84,0.845,0.8437999999999999,,,-0.00023533281797798785,0.00396925887971078,0.004204591697688768,60.529086204906775,63.727374021706325,,,,
2025-06-16T13:30:00+08:00,0.844,0.846,0.843,0.845,0.8440857142857142,,,-0.000280013347386936,0.003854575013455097,0.004134588360842033,60.52908620490678,63.263591468661765,,,,
2025-06-17T09:30:00+08:00,0.845,0.847,0.842,0.844,0.8441904761904762,,,-0.0003948513919247122,0.0036410241209361427,0.004035875512860855,58.48922530581794,62.97175135065161,,,,
2025-06-17T13:30:00+08:00,0.844,0.846,0.843,0.844,0.8442380952380952,,,-0.000482925197702563,0.0034322190157326515,0.0039151442134352146,58.48922530581794,62.421122817801276,,,,
2025-06-18T09:30:00+08:00,0.844,0.846,0.84,0.845,0.8443904761904762,,,-0.0004846883746723639,0.00330928374509476,0.003793972119767124,60.05063088834528,61.9009360583175,,,,
2025-06-18T13:30:00+08:00,0.845,0.846,0.844,0.845,0.8445142857142858,,,-0.00049497425393921,0.0031752543023431112,0.003670228556282321,60.05063088834528,61.223350978006025,,,,
2025-06-19T09:30:00+08:00,0.844,0.845,0.836,0.839,0.8438285714285712,,,-0.0008918406315639544,0.0025554277668273784,0.003447268398391333,47.59338354710961,60.544734949291446,,,,
2025-06-19T13:30:00+08:00,0.839,0.841,0.836,0.839,0.8431333333333333,,,-0.0011252651168389772,0.0020406870023426116,0.0031659521191815887,47.59338354710961,59.51722162203054,,,,
2025-06-20T09:30:00+08:00,0.837,0.842,0.837,0.841,0.8427333333333333,,,-0.0011138108586966908,0.0017736885458107254,0.0028874994045074162,51.48415918232509,58.47102330241223,,,,
2025-06-20T13:30:00+08:00,0.841,0.841,0.838,0.839,0.8421142857142856,,,-0.0012022038544319941,0.0013847445864674235,0.0025869484408994176,47.67259251703846,57.15257022098774,,,,
2025-06-23T09:30:00+08:00,0.838,0.841,0.835,0.84,0.8416952380952379,,,-0.0011543524104180676,0.0011440079278768334,0.002298360338294901,49.678621098566275,55.977404895386655,,,,
2025-06-23T13:30:00+08:00,0.841,0.847,0.84,0.845,0.842,,,-0.0007657123849131053,0.0013412198571535194,0.0021069322420666247,58.28885085731273,55.26279693765461,,,,
2025-06-24T09:30:00+08:00,0.845,0.855,0.844,0.852,0.8432666666666666,,,-0.00005446528998753926,0.0020388506295822006,0.00209331591956974,66.8425825502029,55.993328491970445,,,,
2025-06-24T13:30:00+08:00,0.852,0.855,0.852,0.855,0.8448380952380953,,,0.0005665544002597207,0.002801508919894391,0.0022349545196346703,69.70951580577824,56.92864099311307,,,,
2025-06-25T09:30:00+08:00,0.854,0.859,0.853,0.858,0.8466857142857143,,,0.0010971751308202458,0.0036064234331599776,0.0025092483023397318,72.28976568727626,57.768689527568036,,,,
2025-06-25T13:30:00+08:00,0.858,0.867,0.857,0.867,0.8496095238095238,,,0.0019237248281101377,0.004913904337477404,0.002990179509367266,78.27003255779665,59.035899981345885,,,,
2025-06-26T09:30:00+08:00,0.864,0.865,0.86,0.863,0.8517904761904763,,,0.0020584137800662263,0.005563196734450049,0.0035047829543838225,70.94202187291799,59.925385450424464,,,,
2025-06-26T13:30:00+08:00,0.864,0.864,0.861,0.862,0.8536571428571427,,,0.0019391586530664731,0.005928731270716914,0.003989572617650441,69.19777715971333,60.69028201141699,,,,
2025-06-27T09:30:00+08:00,0.863,0.866,0.857,0.859,0.8549523809523809,,,0.0015349327854515486,0.005908238599464877,0.004373305814013328,64.10557549136385,60.9799209116326,,,,
2025-06-27T13:30:00+08:00,0.858,0.86,0.855,0.858,0.8559809523809524,,,0.0010974198716838315,0.005745080653618118,0.004647660781934286,62.45570818438598,61.151712147064075,,,,
2025-06-30T09:30:00+08:00,0.857,0.859,0.854,0.858,0.8568857142857141,,,0.0007232948541053439,0.005551779349565966,0.004828484495460622,62.45570818438598,62.21330676401239,,,,
2025-06-30T13:30:00+08:00,0.858,0.86,0.857,0.859,0.857742857142857,,,0.00047068152200197173,0.005416836397963087,0.004946154875961116,63.54386917860319,63.35262716626193,,,,
2025-07-01T09:30:00+08:00,0.859,0.862,0.858,0.861,0.8586761904761905,,,0.0003702166539944606,0.005408925693454192,0.005038709039459731,65.68595020155722,64.36704081049278,,,,
2025-07-01T13:30:00+08:00,0.861,0.864,0.861,0.864,0.8598190476190476,,,0.00043335589524394653,0.005580403908514664,0.005147048013270717,68.6605755751688,65.86618245750209,,,,
2025-07-02T09:30:00+08:00,0.862,0.866,0.862,0.864,0.8607238095238096,,,0.0004032884620813427,0.005651158590872396,0.005247870128791053,68.66057557516879,67.222036348688,,,,
2025-07-02T13:30:00+08:00,0.864,0.865,0.863,0.864,0.8614,,,0.0003154578996591179,0.005642192503364951,0.005326734603705833,68.66057557516879,67.96287382853485,,,,
2025-07-03T09:30:00+08:00,0.864,0.867,0.862,0.865,0.8620285714285714,,,0.00025912542154385,0.005650641380635646,0.005391515959091796,69.75223310283239,68.17070601086553,,,,
2025-07-03T13:30:00+08:00,0.865,0.867,0.865,0.867,0.8628000000000001,,,0.0002887154386068871,0.005752410257350404,0.005463694818743517,71.86321518041036,68.32454168048211,,,,
2025-07-04T09:30:00+08:00,0.865,0.876,0.865,0.875,0.8645238095238096,,,0.0007528567954830628,0.006404765813097346,0.005651909017614283,78.36684444323961,68.7586187344795,,,,
2025-07-04T13:30:00+08:00,0.875,0.876,0.868,0.87,0.8654190476190476,,,0.0006336899140570772,0.00644402141018563,0.0058103314961285525,67.81619009114294,68.01191570114709,,,,
2025-07-07T09:30:00+08:00,0.869,0.871,0.868,0.869,0.8661523809523809,,,0.0004089900020343854,0.006321568998671534,0.005912578996637149,65.90510180688011,67.65213569643011,,,,
2025-07-07T13:30:00+08:00,0.87,0.872,0.87,0.872,0.8672285714285715,,,0.0003842616559613385,0.0063929060665888215,0.006008644410627483,68.75021971288005,67.62016730737058,,,,
2025-07-08T09:30:00+08:00,0.871,0.878,0.871,0.876,0.868742857142857,,,0.0005491097678708371,0.00669503162046603,0.006145921852595193,72.09395976276122,68.19076618389896,,,,
2025-07-08T13:30:00+08:00,0.876,0.878,0.875,0.876,0.8700952380952381,,,0.0005676169330073935,0.006855443018854435,0.006287826085847041,72.09395976276122,68.87921272521147,,,,
2025-07-09T09:30:00+08:00,0.877,0.879,0.875,0.878,0.8715428571428572,,,0.0006197718654518845,0.007062540917661897,0.0064427690522100125,73.72430338409211,69.68411238233334,,,,
2025-07-09T13:30:00+08:00,0.878,0.879,0.874,0.875,0.8724000000000001,,,0.00036978161430202463,0.0069049960700875435,0.006535214455785519,67.36658338925301,69.95716339737974,,,,
2025-07-10T09:30:00+08:00,0.874,0.881,0.874,0.88,0.8737714285714286,,,0.0004532160210979014,0.007101734482157895,0.006648518461059994,71.7406580950943,70.3896425326324,,,,
2025-07-10T13:30:00+08:00,0.88,0.884,0.879,0.881,0.875095238095238,,,0.0004849571482532242,0.007254714896376524,0.0067697577481233,72.53359769406129,70.66628696969615,,,,
2025-07-11T09:30:00+08:00,0.88,0.892,0.879,0.886,0.8769238095238095,,,0.0007367993466928409,0.007690756931489351,0.00695395758479651,76.13876676416496,71.20044348319587,,,,
2025-07-11T13:30:00+08:00,0.886,0.888,0.88,0.881,0.8778761904761904,,,0.00047353869542842396,0.00754588095408204,0.0070723422586536164,66.70915176534085,71.06105606820816,,,,
2025-07-14T09:30:00+08:00,0.879,0.887,0.879,0.884,0.8790666666666669,,,0.0004106841355945006,0.007585697428146743,0.007175013292552242,69.17584549475214,71.01988552477385,,,,
2025-07-14T13:30:00+08:00,0.884,0.886,0.884,0.885,0.8802095238095239,,,0.0003481638113934631,0.007610218056794071,0.007262054245400608,69.97447330953224,70.8849753911397,,,,
2025-07-15T09:30:00+08:00,0.884,0.887,0.875,0.879,0.8803809523809524,,,-0.0001583867841597822,0.0070640707652008805,0.007222457549360663,59.939775376541924,69.56875617208988,,,,
2025-07-15T13:30:00+08:00,0.879,0.882,0.878,0.881,0.8807809523809523,,,-0.0004057904261856758,0.006715219516628568,0.0071210099428142435,61.90106156111831,69.14624699137383,,,,
2025-07-16T09:30:00+08:00,0.88,0.882,0.877,0.879,0.8808095238095238,,,-0.0007321422473278404,0.006205832133654443,0.0069379743809822834,58.80081918014377,68.63879823232125,,,,
2025-07-16T13:30:00+08:00,0.88,0.881,0.877,0.881,0.8810095238095238,,,-0.0008339300003751687,0.0058955618805133225,0.006729491880888491,60.909235639074886,68.07872794133516,,,,
2025-07-17T09:30:00+08:00,0.88,0.882,0.879,0.88,0.8809904761904761,,,-0.0009791817601538686,0.005505514680696155,0.006484696440850024,59.27580768044539,67.16314564974117,,,,
2025-07-17T13:30:00+08:00,0.881,0.885,0.88,0.885,0.8816000000000002,,,-0.0007589238438438974,0.0055360416360451525,0.00629496547988905,64.41441708499431,66.61460688704354,,,,
2025-07-18T09:30:00+08:00,0.885,0.888,0.884,0.886,0.8822571428571427,,,-0.0005746587419086886,0.005576642052503189,0.006151300794411878,65.35595201841656,66.016867503781,,,,
2025-07-18T13:30:00+08:00,0.886,0.89,0.885,0.888,0.8831047619047621,,,-0.0003574852925219158,0.005704444178759482,0.006061929471281398,67.22377601945348,66.00666697736675,,,,
2025-07-21T09:30:00+08:00,0.891,0.895,0.89,0.894,0.8846285714285715,,,0.00012501531699198216,0.0062181986175213755,0.006093183300529393,72.08600354278005,66.0313345093443,,,,
2025-07-21T13:30:00+08:00,0.894,0.9,0.894,0.899,0.8866857142857143,,,0.000684421771974043,0.0069487105154969475,0.0062642887435229045,75.36560917232735,66.23362104350616,,,,
2025-07-22T09:30:00+08:00,0.9,0.903,0.893,0.903,0.8891047619047618,,,0.001197328710756028,0.007760949631967939,0.0065636209212119115,77.6299473111215,66.34013393971735,,,,
2025-07-22T13:30:00+08:00,0.903,0.904,0.897,0.903,0.8913619047619048,,,0.0013962036147623534,0.008308875439664853,0.0069126718249025,77.6299473111215,67.12019076441597,,,,
2025-07-23T09:30:00+08:00,0.903,0.909,0.902,0.908,0.8940761904761905,,,0.0017037300607170586,0.009042334400798824,0.007338604340081765,80.26032884755334,67.91193957533034,,,,
2025-07-23T13:30:00+08:00,0.908,0.908,0.9,0.902,0.8957619047619049,,,0.0013573586963426826,0.009035302710510118,0.007677944014167435,69.67308934648403,67.89041214939833,,,,
2025-07-24T09:30:00+08:00,0.9,0.907,0.899,0.905,0.8976857142857143,,,0.0011905594911563195,0.009166143378112834,0.007975583886956515,71.68432694701693,68.72930869014654,,,,
2025-07-24T13:30:00+08:00,0.906,0.908,0.902,0.908,0.8997619047619049,,,0.0011423430005109494,0.009403512637595202,0.008261169637084252,73.57182724257311,69.56293481025045,,,,
2025-07-25T09:30:00+08:00,0.906,0.907,0.902,0.903,0.9009142857142858,,,0.0006578345048127883,0.009083462768100237,0.008425628263287448,65.70997505145972,70.05644594391588,,,,
2025-07-25T13:30:00+08:00,0.904,0.905,0.901,0.903,0.9018380952380951,,,0.0002428543498707164,0.008729196200625844,0.008486341850755127,65.70997505145972,70.39935590194337,,,,
2025-07-28T09:30:00+08:00,0.903,0.905,0.899,0.903,0.902552380952381,,,-0.00010734635681676138,0.008352158904734175,0.008459505261550936,65.70997505145972,70.85893928558725,,,,
2025-07-28T13:30:00+08:00,0.902,0.905,0.901,0.905,0.9033142857142858,,,-0.0002707064689045323,0.00812112217542027,0.008391828644324802,67.44780642340196,71.07560995261638,,,,
2025-07-29T09:30:00+08:00,0.903,0.905,0.9,0.902,0.9034857142857144,,,-0.0006268662332728128,0.007608245852733786,0.008235112086006599,62.343823550422876,70.86045791918825,,,,
2025-07-29T13:30:00+08:00,0.902,0.907,0.901,0.906,0.9040380952380953,,,-0.0006370461994951327,0.007438804336637683,0.008075850536132816,66.0344757555743,70.77550790033972,,,,
2025-07-30T09:30:00+08:00,0.905,0.913,0.903,0.911,0.9050857142857145,,,-0.00036456945936357357,0.007620138711928348,0.007984708171291922,69.99340961774348,70.62603690569425,,,,
2025-07-30T13:30:00+08:00,0.911,0.913,0.903,0.908,0.9055714285714287,,,-0.00043892303562253175,0.007436054376763757,0.007874977412386288,65.09113430233478,69.89214584355192,,,,
2025-07-31T09:30:00+08:00,0.905,0.906,0.898,0.899,0.9047714285714284,,,-0.001108670986167219,0.006489138679677264,0.007597809665844483,53.0801493663068,68.13858884749374,,,,
2025-07-31T13:30:00+08:00,0.899,0.901,0.894,0.897,0.9037428571428572,,,-0.0016672407693724212,0.005513758704128957,0.007180999473501378,50.83526466103561,66.22468294391616,,,,
2025-08-01T09:30:00+08:00,0.895,0.9,0.893,0.894,0.9023714285714287,,,-0.0021868627649960955,0.004447421017256259,0.006634283782252354,47.584375088932724,63.89068624687184,,,,
2025-08-01T13:30:00+08:00,0.893,0.897,0.892,0.896,0.9013999999999999,,,-0.002330760976575844,0.00372083256153255,0.006051593538108394,49.88526576579377,62.47727027682254,,,,
2025-08-04T09:30:00+08:00,0.893,0.898,0.892,0.897,0.9006190476190477,,,-0.002290124805352208,0.0031889375314181345,0.005479062336770342,51.042468408997024,61.00285180982112,,,,
2025-08-04T13:30:00+08:00,0.897,0.901,0.895,0.901,0.9004476190476192,,,-0.001939283624127099,0.003054957806611469,0.004994241430738568,55.47166647892924,59.70998318384655,,,,
2025-08-05T09:30:00+08:00,0.9,0.908,0.9,0.907,0.9011428571428571,,,-0.0012803482794686806,0.003393806081402717,0.004674154360871398,61.149448551390584,59.384231290984474,,,,
2025-08-05T13:30:00+08:00,0.907,0.91,0.906,0.91,0.9022,,,-0.0006513827802883312,0.003859925885510984,0.004511308665799315,63.645508649045695,59.23676940509775,,,,
2025-08-06T09:30:00+08:00,0.91,0.912,0.908,0.91,0.9031904761904761,,,-0.0002641415687600606,0.004181131704849239,0.0044452732736093,63.645508649045695,59.08930751921103,,,,
2025-08-06T13:30:00+08:00,0.91,0.914,0.909,0.913,0.9045142857142857,,,0.0001433467415699729,0.004624456700571766,0.004481109959001793,66.16651506155466,58.99778670765051,,,,
2025-08-07T09:30:00+08:00,0.913,0.917,0.91,0.915,0.9060285714285715,,,0.0004780199505697181,0.005078634897213941,0.0046006149466442225,67.7710721035223,59.385447318586195,,,,
2025-08-07T13:30:00+08:00,0.915,0.915,0.913,0.915,0.9074190476190476,,,0.0006207851102853724,0.005376596334500938,0.004755811224215566,67.7710721035223,59.50948991486819,,,,
2025-08-08T09:30:00+08:00,0.913,0.918,0.911,0.914,0.9085904761904762,,,0.000570549478350087,0.005468998072153175,0.004898448593803088,65.95718639279414,59.22118825594323,,,,
2025-08-08T13:30:00+08:00,0.914,0.917,0.914,0.916,0.9100000000000001,,,0.0005921307178726534,0.005638611991143905,0.005046481273271251,67.81270261320165,59.41558599243372,,,,
2025-08-11T09:30:00+08:00,0.916,0.92,0.913,0.918,0.9116000000000001,,,0.0006562444711821604,0.005866786862248952,0.005210542391066791,69.59728405938644,60.5953813276537,,,,
2025-08-11T13:30:00+08:00,0.918,0.92,0.916,0.919,0.9131523809523809,,,0.0006783424535380476,0.006058470457989351,0.0053801280044513036,70.47862339468165,61.99847838005699,,,,
2025-08-12T09:30:00+08:00,0.918,0.922,0.916,0.92,0.9146285714285715,,,0.000671401272224521,0.006219379594731955,0.005547978322507434,71.3723429506752,63.69761894161002,,,,
2025-08-12T13:30:00+08:00,0.92,0.921,0.919,0.921,0.9159904761904762,,,0.0006450925145894057,0.006354343965744191,0.005709251451154786,72.27620473040989,65.29697172479689,,,,
2025-08-13T09:30:00+08:00,0.922,0.928,0.921,0.926,0.9177809523809525,,,0.0008618240428177769,0.006786531504677007,0.00592470746185923,76.30462276372667,67.10141132156329,,,,
2025-08-13T13:30:00+08:00,0.925,0.927,0.923,0.927,0.9194285714285714,,,0.0009622921623176368,0.0071275726647562765,0.00616528050243864,77.02370173388513,68.640842411203,,,,
2025-08-14T09:30:00+08:00,0.927,0.931,0.92,0.923,0.920295238095238,,,0.0006633403472051675,0.006994455936445099,0.006331115589239931,68.11888173487209,69.13865906716596,,,,
2025-08-14T13:30:00+08:00,0.923,0.926,0.921,0.922,0.9208761904761904,,,0.0003196525078920775,0.0067306812241050284,0.006411028716212951,66.06260691302488,69.31130894316449,,,,
2025-08-15T09:30:00+08:00,0.92,0.93,0.919,0.928,0.9221428571428573,,,0.0004119367737439473,0.006925949683392885,0.006514012909648937,71.60173480116994,69.87961081117336,,,,
2025-08-15T13:30:00+08:00,0.929,0.932,0.927,0.932,0.9237714285714287,,,0.0006440680003526721,0.007319097910089778,0.006675029909737106,74.5804206201554,70.48060406535913,,,,
2025-08-18T09:30:00+08:00,0.933,0.941,0.929,0.937,0.9258857142857143,,,0.0010140335927636733,0.007942571900691697,0.006928538307928024,77.72552498053314,71.19163641371703,,,,
2025-08-18T13:30:00+08:00,0.937,0.939,0.933,0.937,0.9277904761904762,,,0.0011295973809067033,0.008340535034061403,0.007210937653154699,77.72552498053314,71.90266876207497,,,,
2025-08-19T09:30:00+08:00,0.937,0.94,0.934,0.937,0.9294857142857141,,,0.0010770744210567996,0.008557280679475698,0.007480206258418899,77.72552498053314,72.74326437548488,,,,
2025-08-19T13:30:00+08:00,0.937,0.937,0.932,0.934,0.9305619047619048,,,0.0007280434223634015,0.00839026053637315,0.007662217114009749,71.130341323128,72.98023856905105,,,,
2025-08-20T09:30:00+08:00,0.931,0.938,0.928,0.936,0.9317333333333333,,,0.0005288926717968954,0.008323332953755869,0.007794440281958973,72.78807917079247,73.20815250558006,,,,
2025-08-20T13:30:00+08:00,0.936,0.945,0.935,0.945,0.9339333333333335,,,0.0008796419618596098,0.008893992734283485,0.008014350772423875,78.71196816459053,73.79624856057355,,,,
2025-08-21T09:30:00+08:00,0.945,0.949,0.943,0.948,0.9362857142857143,,,0.001171760221813558,0.009479051049690823,0.008307290827877265,80.25497822845601,74.43072250898646,,,,
2025-08-21T13:30:00+08:00,0.948,0.948,0.942,0.946,0.9381047619047618,,,0.0010900573684211792,0.00966986253840374,0.00857980516998256,76.28519378306629,74.7170788698905,,,,
2025-08-22T09:30:00+08:00,0.944,0.949,0.943,0.948,0.9399523809523809,,,0.0010311198759162792,0.00986870501487791,0.00883758513896163,77.48458164338854,74.8013616470092,,,,
2025-08-22T13:30:00+08:00,0.949,0.96,0.947,0.96,0.9431904761904761,,,0.001625367378729401,0.010869294362373383,0.009243926983643982,83.03022644373796,75.2303991262844,,,,
2025-08-25T09:30:00+08:00,0.961,0.97,0.959,0.963,0.9465142857142858,,,0.0020198036308735987,0.01176868152223598,0.009748877891362381,84.08555620391292,76.37087587407302,,,,
2025-08-25T13:30:00+08:00,0.962,0.973,0.961,0.972,0.950657142857143,,,0.0026466275038401783,0.013057162271162603,0.010410534767322425,86.74809727442243,77.84841089988716,,,,
2025-08-26T09:30:00+08:00,0.97,0.975,0.966,0.973,0.9544571428571428,,,0.0028696747822634337,0.013997628245151716,0.011127953462888283,87.00818323607228,78.94887150238016,,,,
2025-08-26T13:30:00+08:00,0.973,0.974,0.968,0.97,0.9574285714285714,,,0.002566138982201347,0.014335627190639966,0.011769488208438619,81.82012605090709,79.46599331886243,,,,
2025-08-27T09:30:00+08:00,0.969,0.973,0.966,0.969,0.9599047619047618,,,0.002070249536181004,0.014357300128664874,0.01228705059248387,80.1054961336107,79.63599125836797,,,,
2025-08-27T13:30:00+08:00,0.969,0.969,0.952,0.953,0.9599428571428571,,,0.0005178084208357896,0.012934311118528607,0.012416502697692818,58.8539499020917,78.28802160990787,,,,
2025-08-28T09:30:00+08:00,0.951,0.956,0.942,0.943,0.9584952380952381,,,-0.0012337514907082136,0.01087431333430755,0.012108064825015764,49.93701669108469,76.30312816066154,,,,
2025-08-28T13:30:00+08:00,0.943,0.964,0.939,0.964,0.9597904761904761,,,-0.0010371359937015982,0.010811644832888767,0.011848780826590365,62.7131530139777,75.70190042429365,,,,
2025-08-29T09:30:00+08:00,0.96,0.968,0.959,0.962,0.9605333333333332,,,-0.0010951912273754784,0.010479791792371018,0.011574983019746497,61.113537460672035,74.86800458785649,,,,
2025-08-29T13:30:00+08:00,0.962,0.966,0.962,0.966,0.9615619047619047,,,-0.0009244236447195214,0.010419453463847095,0.011343877108566616,63.138622307266544,73.75562274090478,,,,
2025-09-01T09:30:00+08:00,0.966,0.971,0.964,0.969,0.9627904761904761,,,-0.0006808969880250822,0.010492755873535264,0.011173652861560347,64.62650504097105,72.639303227513,,,,
2025-09-01T13:30:00+08:00,0.969,0.971,0.967,0.971,0.9640857142857143,,,-0.0004667981849041519,0.010590155130430157,0.011056953315334309,65.62274010389464,71.87769939328645,,,,
2025-09-02T09:30:00+08:00,0.97,0.973,0.959,0.961,0.9638095238095237,,,-0.0010471156416569476,0.009748058763263123,0.01079517440492007,56.98156315363857,70.41319807259002,,,,
2025-09-02T13:30:00+08:00,0.961,0.969,0.961,0.969,0.9644761904761903,,,-0.0009438320826110035,0.009615384301656316,0.010559216384267319,61.364631721084706,68.8656555924005,,,,
2025-09-03T09:30:00+08:00,0.969,0.97,0.956,0.959,0.9637238095238094,,,-0.001564061709732065,0.008604139247102238,0.010168200956834303,53.96319559674736,66.71405840617439,,,,
2025-09-03T13:30:00+08:00,0.959,0.96,0.95,0.954,0.9623428571428572,,,-0.0022826087911264788,0.007314939967926204,0.009597548759052683,50.67223550727387,64.13721113709235,,,,
2025-09-04T09:30:00+08:00,0.954,0.955,0.94,0.947,0.9601999999999999,,,-0.0031475447232603895,0.0056631178549771954,0.008810662578237585,46.405397348347435,61.237012145112,,,,
2025-09-04T13:30:00+08:00,0.947,0.953,0.94,0.95,0.958704761904762,,,-0.0034135424509294347,0.004543734514575792,0.007957276965505227,48.41036095224863,58.85060035235068,,,,
2025-09-05T09:30:00+08:00,0.946,0.951,0.942,0.95,0.9574,,,-0.003473866112694987,0.003614944324636493,0.00708881043733148,48.41036095224863,56.586662125110536,,,,
2025-09-05T13:30:00+08:00,0.951,0.96,0.95,0.958,0.957342857142857,,,-0.002883656034388184,0.0034842403943462497,0.006367896428734434,53.76018639263118,56.222821874434786,,,,
2025-09-08T09:30:00+08:00,0.957,0.963,0.956,0.959,0.9573714285714285,,,-0.0023567950096351365,0.003421902666690513,0.005778697676325649,54.396787306900734,56.541376918421655,,,,
2025-09-08T13:30:00+08:00,0.959,0.965,0.958,0.963,0.9577809523809523,,,-0.001700434265878216,0.0036531548439778794,0.005353589109856095,56.94990020960321,56.129716003823475,,,,
2025-09-09T09:30:00+08:00,0.961,0.964,0.956,0.958,0.9575333333333333,,,-0.0015677964625529228,0.003393843531664942,0.004961639994217865,52.95867368223294,55.54722573393497,,,,
2025-09-09T13:30:00+08:00,0.958,0.96,0.954,0.958,0.9573238095238094,,,-0.001447709500555683,0.003152003118523261,0.004599712619078944,52.95867368223294,54.82008654643256,,,,
2025-09-10T09:30:00+08:00,0.957,0.962,0.953,0.958,0.9571904761904761,,,-0.0013384846969415418,0.0029266067479020164,0.004265091444843558,52.95867368223294,53.98667002080841,,,,
2025-09-10T13:30:00+08:00,0.959,0.962,0.958,0.959,0.9572952380952379,,,-0.0011749254872682148,0.0027964345857582895,0.003971360073026504,53.7680301727349,53.139905025725575,,,,
2025-09-11T09:30:00+08:00,0.955,0.966,0.952,0.965,0.9583142857142858,,,-0.0006641183566124609,0.0031412121272609284,0.0038053304838733893,58.39351496244474,53.24075872635459,,,,
2025-09-11T13:30:00+08:00,0.965,0.973,0.964,0.97,0.9599619047619047,,,-0.000024744313998376934,0.0037744000913754183,0.0037991444053737953,61.82148725374012,53.27339126440141,,,,
2025-09-12T09:30:00+08:00,0.971,0.974,0.968,0.972,0.9618666666666668,,,0.00047029934029072483,0.004387018580737201,0.003916719240446476,63.13004693418883,53.92816635993294,,,,
2025-09-12T13:30:00+08:00,0.973,0.973,0.966,0.968,0.9631142857142856,,,0.000464950606708996,0.0044979074988327206,0.004032956892123725,58.790016365892534,54.508007849834264,,,,
2025-09-15T09:30:00+08:00,0.967,0.969,0.964,0.967,0.964095238095238,,,0.0003366392830445831,0.004453755995929454,0.004117116712884871,57.72165024596621,55.31631162823561,,,,
2025-09-15T13:30:00+08:00,0.967,0.967,0.963,0.965,0.9646190476190477,,,0.00007339874886962052,0.0042088651489718965,0.004135466400102276,55.547470276105024,55.82610515136821,,,,
2025-09-16T09:30:00+08:00,0.965,0.967,0.957,0.961,0.9644666666666666,,,-0.00038841591488548814,0.003649946506495416,0.004038362421380904,51.37917428303546,56.03816324642441,,,,
2025-09-16T13:30:00+08:00,0.961,0.964,0.959,0.963,0.9644761904761905,,,-0.0005666926469101259,0.0033299966127432468,0.0038966892596533726,53.26746263948089,56.00296869262796,,,,
2025-09-17T09:30:00+08:00,0.963,0.966,0.958,0.962,0.9643047619047621,,,-0.0007480691197681542,0.00296160285994318,0.003709671979711334,52.17633823465523,55.84436518746757,,,,
2025-09-17T13:30:00+08:00,0.963,0.965,0.962,0.963,0.9642380952380952,,,-0.0007925400672327914,0.0027189968956703447,0.003511536962903136,53.20853753949826,55.57712499674578,,,,
2025-09-18T09:30:00+08:00,0.963,0.967,0.96,0.961,0.9639047619047618,,,-0.0009385166754562646,0.0023383911185828055,0.00327690779403907,50.84488994288421,55.426140443935154,,,,
2025-09-18T13:30:00+08:00,0.961,0.963,0.945,0.951,0.962209523809524,,,-0.001648864971529532,0.001215826579627155,0.002864691551156687,41.030507436410815,54.57412856923359,,,,
2025-09-19T09:30:00+08:00,0.95,0.956,0.948,0.951,0.9605809523809523,,,-0.002033778141397431,0.000322468874409898,0.002356247015807329,41.030507436410815,53.722116694532,,,,
2025-09-19T13:30:00+08:00,0.951,0.954,0.948,0.952,0.9591523809523808,,,-0.002126084038889827,-0.00030135803280495477,0.0018247260060848722,42.321718817031744,52.90452302626749,,,,
2025-09-22T09:30:00+08:00,0.951,0.953,0.947,0.951,0.9576571428571429,,,-0.0021529400911752964,-0.0008664491078842484,0.001286490983291048,41.34673839674067,51.6868961287172,,,,
2025-09-22T13:30:00+08:00,0.951,0.952,0.947,0.952,0.9564285714285714,,,-0.002004823296222925,-0.001219538136987608,0.0007852851592353167,42.76666639475908,50.32583749593284,,,,
2025-09-23T09:30:00+08:00,0.952,0.954,0.938,0.943,0.9541714285714286,,,-0.0023884086779025985,-0.0022002256881429316,0.00018818298975966697,34.63898750401955,48.29076182234932,,,,
2025-09-23T13:30:00+08:00,0.942,0.952,0.94,0.951,0.953257142857143,,,-0.001994802552157111,-0.0023053202004367224,-0.00031051764827961094,44.69954414467731,47.28429952083394,,,,
2025-09-24T09:30:00+08:00,0.947,0.954,0.945,0.953,0.9527714285714285,,,-0.0015130607541565554,-0.0022018435909753054,-0.0006887828368187499,46.90004764028362,46.511327906142334,,,,
2025-09-24T13:30:00+08:00,0.952,0.957,0.952,0.956,0.9528190476190476,,,-0.0009340646900128719,-0.0018563636993348398,-0.0009222990093219679,50.10711381645803,46.12273101616754,,,,
2025-09-25T09:30:00+08:00,0.956,0.959,0.954,0.954,0.9526857142857141,,,-0.0006414228631249244,-0.0017240775882281234,-0.001082654725103199,48.024677764429775,45.883124121981425,,,,
2025-09-25T13:30:00+08:00,0.954,0.959,0.954,0.956,0.9528857142857142,,,-0.0002868705049563626,-0.0014412428562986523,-0.0011543723513422898,50.25126154665863,45.66768118677983,,,,
2025-09-26T09:30:00+08:00,0.954,0.958,0.953,0.956,0.9531523809523809,,,-0.00003908153739918792,-0.0012032242730912746,-0.0011641427356920866,50.25126154665863,45.530175709065794,,,,
2025-09-26T13:30:00+08:00,0.957,0.958,0.952,0.953,0.9530761904761903,,,-0.00006256321858161035,-0.0012423467589190995,-0.0011797835403374892,46.76601996057183,45.06999588199962,,,,
2025-09-29T09:30:00+08:00,0.952,0.956,0.947,0.956,0.953495238095238,,,0.00012820743865718152,-0.0010195242420160122,-0.0011477316806731937,50.46579881105028,45.042917944011485,,,,
2025-09-29T13:30:00+08:00,0.956,0.965,0.955,0.963,0.954895238095238,,,0.0006982452423592826,-0.0002749251277240905,-0.0009731703700833731,57.83037898799231,46.24290876912444,,,,
2025-09-30T09:30:00+08:00,0.962,0.966,0.961,0.965,0.9564476190476191,,,0.0011554382609897805,0.00047112745615385254,-0.000684310804835928,59.675108425872295,47.5746659826574,,,,
2025-09-30T13:30:00+08:00,0.966,0.967,0.964,0.967,0.9581333333333333,,,0.0015153020634740225,0.0012098167745066002,-0.00030548528896742234,61.48936355554859,48.94378346398003,,,,
2025-10-09T09:30:00+08:00,0.969,0.979,0.966,0.979,0.9612761904761905,,,0.0024300201019449032,0.002732039838463707,0.00030201973651880357,70.16323248799108,51.00210447049795,,,,
2025-10-09T13:30:00+08:00,0.979,0.982,0.976,0.982,0.964552380952381,,,0.0030646615134291687,0.0041328466283052645,0.0010681851148760958,71.86908215041058,53.08084845304448,,,,
2025-10-10T09:30:00+08:00,0.978,0.981,0.973,0.974,0.9664761904761905,,,0.002781508084118088,0.004545070220023706,0.0017635621359056177,61.73320728744145,55.01614986614605,,,,
2025-10-10T13:30:00+08:00,0.975,0.976,0.969,0.973,0.9679714285714287,,,0.0023783260270495254,0.004736469669717525,0.002358143642667999,60.58302989326927,56.15068456247405,,,,
2025-10-13T09:30:00+08:00,0.947,0.964,0.945,0.961,0.9676571428571429,,,0.0012136328330057812,0.0038751846839252257,0.0026615518509194446,48.82675399789938,56.28830644516089,,,,
2025-10-13T13:30:00+08:00,0.961,0.971,0.961,0.968,0.9682000000000001,,,0.0008424638508409349,0.0037146316644706134,0.0028721678136296785,54.38716989934766,56.594024736795866,,,,
2025-10-14T09:30:00+08:00,0.971,0.976,0.965,0.968,0.9686285714285713,,,0.0005394739706831415,0.0035465102769836054,0.003007036306300464,54.38716989934766,57.048488460718566,,,,
2025-10-14T13:30:00+08:00,0.969,0.97,0.959,0.962,0.9681238095238096,,,-0.00008903489220989536,0.0028957426910380946,0.00298477758324799,49.085197851550284,56.96519819678226,,,,
2025-10-15T09:30:00+08:00,0.961,0.968,0.96,0.966,0.968095238095238,,,-0.000250245707270206,0.0026719704491602325,0.0029222161564304385,52.41561660773229,57.119794986858956,,,,
2025-10-15T13:30:00+08:00,0.965,0.976,0.965,0.974,0.9690380952380951,,,0.0001457287941540801,0.0031043771491230387,0.0029586483549689587,58.291747442346704,57.94306123555716,,,,
2025-10-16T09:30:00+08:00,0.972,0.98,0.971,0.974,0.9697809523809524,,,0.00035930516385488916,0.00340777980978757,0.003048474645932681,58.291747442346704,58.502057566364044,,,,
2025-10-16T13:30:00+08:00,0.974,0.977,0.972,0.976,0.9706190476190477,,,0.0005741782904995804,0.0037661975090571564,0.003192019218557576,59.73346646917496,58.637992386448516,,,,
2025-10-17T09:30:00+08:00,0.976,0.977,0.963,0.964,0.9697333333333333,,,-0.00011615576700110038,0.003046824509806201,0.003162980276807301,48.82760469397271,57.86317069131284,,,,
2025-10-17T13:30:00+08:00,0.964,0.965,0.956,0.957,0.9679238095238094,,,-0.0010183146371524447,0.0018900869803667453,0.00290840161751919,43.80356351401177,56.59989925977449,,,,
2025-10-20T09:30:00+08:00,0.961,0.965,0.959,0.962,0.9668761904761906,,,-0.001237815626570468,0.0013611320843061048,0.0025989477108765728,47.92522060584838,55.01146983962144,,,,
2025-10-20T13:30:00+08:00,0.962,0.962,0.959,0.961,0.9658571428571427,,,-0.0013980180277610075,0.0008514251761753133,0.002249443203936321,47.17991411242634,53.24795783690827,,,,
2025-10-21T09:30:00+08:00,0.963,0.975,0.963,0.973,0.9666380952380952,,,-0.000679839152558019,0.0013996442632387973,0.0020794834157968163,56.01890610830809,52.83979346697017,,,,
2025-10-21T13:30:00+08:00,0.974,0.975,0.972,0.974,0.9675619047619047,,,-0.00014920084480530508,0.0018929823597901851,0.0020421832045954902,56.66963401524139,52.560265189968185,,,,
2025-10-22T09:30:00+08:00,0.971,0.975,0.97,0.974,0.9684761904761905,,,0.0001725961266912648,0.0022579283629595714,0.0020853322362683066,56.66963401524139,53.12047090549262,,,,
2025-10-22T13:30:00+08:00,0.974,0.975,0.971,0.973,0.9691333333333333,,,0.00028241522025840207,0.0024383512615913094,0.0021559360413329074,55.71362023667395,53.21521735815878,,,,
2025-10-23T09:30:00+08:00,0.972,0.974,0.965,0.967,0.968942857142857,,,-0.00006611821222097863,0.002073288276056684,0.0021394064882776626,50.23744631696159,52.91880853084548,,,,
2025-10-23T13:30:00+08:00,0.968,0.978,0.966,0.977,0.9700952380952381,,,0.0003375658880552376,0.0025613638483467094,0.002223797960291472,57.70003191597935,53.534153821161844,,,,
2025-10-24T09:30:00+08:00,0.978,0.984,0.977,0.982,0.9717714285714287,,,0.0008717058773646362,0.003313430306997267,0.002441724429632631,60.86053514023287,54.13736228776903,,,,
2025-10-24T13:30:00+08:00,0.982,0.983,0.98,0.983,0.9734285714285715,,,0.001202355140412345,0.003944668355148062,0.002742313214735717,61.48042195403014,54.36512475288928,,,,
2025-10-27T09:30:00+08:00,0.988,0.997,0.987,0.997,0.9768666666666667,,,0.0022150163968218516,0.005511083710763032,0.00329606731394118,68.90540047418945,55.123242826592325,,,,
2025-10-27T13:30:00+08:00,0.997,0.999,0.994,0.999,0.9803523809523808,,,0.0028312037452661847,0.006835071995523911,0.004003868250257727,69.80095800431974,55.84234936481695,,,,
2025-10-28T09:30:00+08:00,0.997,1,0.994,0.997,0.9833523809523808,,,0.002904863828867431,0.007634948036342015,0.004730084207474584,67.70110467773075,57.190456506513954,,,,
2025-10-28T13:30:00+08:00,0.997,0.997,0.992,0.995,0.9857714285714285,,,0.002627996177805318,0.008015079429731231,0.005387083251925913,65.57658358268003,58.745672225704546,,,,
2025-10-29T09:30:00+08:00,0.995,0.999,0.994,0.999,0.9883619047619048,,,0.0025228546413054815,0.008540651553557765,0.006017796912252284,67.75594672442321,60.16215266274561,,,,
2025-10-29T13:30:00+08:00,0.998,1.003,0.998,1.003,0.9911333333333333,,,0.0025251093035585006,0.00917418354170041,0.006649074238141909,69.8140411226594,61.7788760206194,,,,
2025-10-30T09:30:00+08:00,1,1.003,0.993,0.999,0.9929714285714286,,,0.002078263084037484,0.009246903093188763,0.007168640009151279,65.32377947661104,62.44350983264104,,,,
2025-10-30T13:30:00+08:00,0.998,1.001,0.994,0.995,0.9940285714285714,,,0.001368616767598153,0.00887941096864897,0.007510794201050818,61.09222900857662,62.75940947502213,,,,
2025-10-31T09:30:00+08:00,0.995,0.995,0.988,0.99,0.9942190476190477,,,0.00046451625596334156,0.008091439521004995,0.007626923265041653,56.192196867988805,62.725306821646946,,,,
2025-10-31T13:30:00+08:00,0.989,0.991,0.987,0.99,0.994257142857143,,,-0.00019604034266204433,0.0073818728367140984,0.007577913179376143,56.192196867988805,62.75949086674086,,,,
2025-11-03T09:30:00+08:00,0.988,0.99,0.983,0.989,0.994,,,-0.0007326917146466922,0.006662048536067777,0.0073947402507144695,55.1658767435727,63.1115216114988,,,,
2025-11-03T13:30:00+08:00,0.99,0.993,0.989,0.993,0.9940666666666667,,,-0.0008427912676079417,0.006341251166204542,0.007184042433812484,58.43603296177039,63.164093114769585,,,,
2025-11-04T09:30:00+08:00,0.991,0.993,0.985,0.987,0.9931809523809523,,,-0.0013160205499888698,0.005539016746326397,0.006855037296315267,52.276570033147095,62.550952749977746,,,,
2025-11-04T13:30:00+08:00,0.987,0.987,0.981,0.987,0.9922476190476189,,,-0.0016061395908784151,0.004847362807717248,0.006453502398595663,52.276570033147095,61.893534755628956,,,,
2025-11-05T09:30:00+08:00,0.978,0.988,0.978,0.987,0.9912761904761905,,,-0.0017626194432972808,0.004250228094474062,0.006012847537771343,52.276570033147095,60.705761152697356,,,,
2025-11-05T13:30:00+08:00,0.988,0.992,0.987,0.989,0.9906666666666666,,,-0.0016954812150817176,0.003893496018919196,0.0055889772340009134,54.28277267957674,59.59731934378715,,,,
2025-11-06T09:30:00+08:00,0.989,0.998,0.988,0.997,0.9912190476190473,,,-0.0011049326754347354,0.004207811389707494,0.00531274406514223,61.29225159292629,59.13954412344397,,,,
2025-11-06T13:30:00+08:00,0.998,0.999,0.995,0.998,0.9919047619047617,,,-0.0006614835046601288,0.004485889684317068,0.005147373188977197,62.07500696423456,58.88943150784072,,,,
2025-11-07T09:30:00+08:00,0.995,1.002,0.995,0.999,0.9926952380952382,,,-0.0003319720520918931,0.0047324081238623306,0.005064380175954224,62.88332431733596,58.54138705019164,,,,
2025-11-07T13:30:00+08:00,1,1.002,0.997,0.998,0.9933523809523809,,,-0.00021802678496811185,0.004791846694744084,0.005009873479712196,61.47234433655206,57.94555156546968,,,,
2025-11-10T09:30:00+08:00,0.998,1.001,0.996,1,0.9943238095238095,,,-0.000053217507259914996,0.004943351595637302,0.004996569102897217,63.24847691607399,57.797315668288455,,,,
2025-11-10T13:30:00+08:00,1,1.003,0.998,1.003,0.9956857142857143,,,0.00019877172949248154,0.005245033764762819,0.005046262035270337,65.79565886526979,58.133274943766544,,,,
2025-11-11T09:30:00+08:00,1.003,1.004,0.994,0.996,0.9960380952380953,,,-0.0001464356957211468,0.004863217415618903,0.00500965311134005,56.03640987956836,58.12214730173651,,,,
2025-11-11T13:30:00+08:00,0.996,1,0.996,0.999,0.9967333333333332,,,-0.0002093476806272138,0.004747968510556033,0.004957316191183247,58.85325240493678,58.3122226972328,,,,
2025-11-12T09:30:00+08:00,0.996,1.002,0.992,0.994,0.9966761904761903,,,-0.000602088567144516,0.004204705482252602,0.004806794049397118,52.78312319885224,58.142026015467046,,,,
2025-11-12T13:30:00+08:00,0.994,0.999,0.993,0.997,0.9969714285714286,,,-0.0006690581009234503,0.003970471423242805,0.004639529524166255,55.7332522654263,57.94897025144247,,,,
2025-11-13T09:30:00+08:00,0.996,1.003,0.995,1.001,0.9977619047619046,,,-0.00046298722585716955,0.004060795491844793,0.004523782717701963,59.377699710449484,58.456193799821214,,,,
2025-11-13T13:30:00+08:00,1.002,1.006,1,1.005,0.9989523809523808,,,-0.00009552724644488596,0.004404373659645855,0.004499900906090741,62.68603949140486,59.199727332553906,,,,
2025-11-14T09:30:00+08:00,0.999,1.006,0.999,1.002,0.9995714285714286,,,-0.000092680483180437,0.004384050302115194,0.004476730785295631,58.81707315432371,59.666906126923664,,,,
2025-11-14T13:30:00+08:00,1.001,1.002,0.995,0.996,0.9992476190476189,,,-0.0005097572059845727,0.0038395342778149155,0.004349291483799488,51.9156719172475,59.497827501043005,,,,
2025-11-17T09:30:00+08:00,0.992,0.994,0.986,0.989,0.9979238095238097,,,-0.0012308258076226238,0.0028107592242712087,0.0040415850318938325,45.24545040369116,58.35162741609764,,,,
2025-11-17T13:30:00+08:00,0.989,0.99,0.986,0.989,0.9966761904761905,,,-0.0016551020742955093,0.001972707439024446,0.003627809513319955,45.24545040369116,57.14951623320168,,,,
2025-11-18T09:30:00+08:00,0.986,0.987,0.979,0.979,0.9941809523809524,,,-0.002505517718009534,0.0004959123658080378,0.0030014300838175716,37.304472198723225,55.322455367586485,,,,
2025-11-18T13:30:00+08:00,0.979,0.983,0.976,0.981,0.9921428571428571,,,-0.002806926526767113,-0.0005072280746413194,0.0022996984521257936,39.58815543331935,53.75929901735558,,,,
2025-11-19T09:30:00+08:00,0.979,0.984,0.978,0.979,0.99,,,-0.0029973012415276355,-0.0014469280997837508,0.0015503731417438847,38.09385173514424,51.962540075860595,,,,
2025-11-19T13:30:00+08:00,0.979,0.985,0.978,0.982,0.9884571428571429,,,-0.0027821824052223195,-0.0019273548647840144,0.0008548275404383048,41.65162534865008,50.237966253244906,,,,
2025-11-20T09:30:00+08:00,0.985,0.988,0.982,0.984,0.9873809523809525,,,-0.002381661459028892,-0.00212224928334781,0.00025941217568108176,43.9637283762196,49.375631860148566,,,,
2025-11-20T13:30:00+08:00,0.984,0.984,0.979,0.981,0.9860190476190476,,,-0.00219959006288496,-0.002490075402925118,-0.0002904853400401583,41.318867848774886,48.123175820422716,,,,
2025-11-21T09:30:00+08:00,0.975,0.977,0.958,0.964,0.9825619047619046,,,-0.0030524170788482777,-0.004106006688600505,-0.0010535896097522276,30.22305784585714,46.51174258092306,,,,
2025-11-21T13:30:00+08:00,0.964,0.969,0.957,0.963,0.9792571428571429,,0.9148499999999999,-0.0034811520717540462,-0.0054050296994447855,-0.0019238776276907393,29.717513990398984,44.65347556127825,,,,
2025-11-24T09:30:00+08:00,0.96,0.961,0.951,0.957,0.9754761904761905,,0.9148499999999999,-0.003932753473208104,-0.00683981946920087,-0.002907065995992765,26.818858171066182,42.32784402275087,,,,
2025-11-24T13:30:00+08:00,0.957,0.959,0.955,0.957,0.9721142857142857,,0.9148499999999999,-0.003983143881258585,-0.007885995847565996,-0.0039028519663074114,26.818858171066182,39.76590249986953,,,,
2025-11-25T09:30:00+08:00,0.958,0.966,0.957,0.961,0.9697428571428571,,0.9148499999999999,-0.003515072417052731,-0.008296692487623325,-0.004781620070570594,31.950839358904773,37.84688580019675,,,,
2025-11-25T13:30:00+08:00,0.962,0.963,0.96,0.962,0.967895238095238,,0.9148499999999999,-0.002930017605585886,-0.008444142077552952,-0.005514124471967066,33.2118250043919,36.510896734992784,,,,
2025-11-26T09:30:00+08:00,0.962,0.965,0.961,0.963,0.966504761904762,,0.9148499999999999,-0.0022956313355694197,-0.00838366364142884,-0.00608803230585942,34.5185681206363,35.744690857631724,,,,
2025-11-26T13:30:00+08:00,0.963,0.964,0.959,0.961,0.965095238095238,,0.9148499999999999,-0.0018498014228717835,-0.00840028408444915,-0.0065504826615773665,33.122741123509414,34.87878305190445,,,,
2025-11-27T09:30:00+08:00,0.962,0.968,0.96,0.966,0.9646190476190476,,0.9148499999999999,-0.0010945864043777889,-0.007918715667049603,-0.006824129262671814,39.68875515162884,35.04908897711199,,,,
2025-11-27T13:30:00+08:00,0.967,0.968,0.963,0.963,0.9638666666666665,,0.9148499999999999,-0.0006930909412730772,-0.0076904929392631605,-0.006997401997990083,37.32112428072272,34.88715818049794,,,,
2025-11-28T09:30:00+08:00,0.962,0.967,0.96,0.965,0.9635523809523812,,0.9148499999999999,-0.00021367908487409347,-0.0072645008540827005,-0.007050821769208607,39.895357891608846,35.01583719167399,,,,
2025-11-28T13:30:00+08:00,0.965,0.967,0.964,0.967,0.9636380952380953,,0.9148499999999999,0.00028992471350453713,-0.006688415877327936,-0.006978340590832473,42.441153449007736,35.072232055985246,,,,
2025-12-01T09:30:00+08:00,0.968,0.972,0.967,0.971,0.9644,,0.9148499999999999,0.0009092663397310356,-0.005841757666168679,-0.006751024005899714,47.25316431114869,35.30719176562304,,,,
2025-12-01T13:30:00+08:00,0.971,0.974,0.969,0.974,0.9656857142857144,0.9656857142857144,0.9148499999999999,0.0015027932170462903,-0.004872532484591852,-0.006375325701638142,50.58957175461168,35.96938490175423,,,,
2025-12-02T09:30:00+08:00,0.973,0.974,0.969,0.969,0.9663714285714285,0.9656857142857144,0.9148499999999999,0.001535059769926509,-0.004456500989230006,-0.0059915607591565145,45.431651455533924,37.05571301673115,,,,
2025-12-02T13:30:00+08:00,0.968,0.971,0.968,0.97,0.9671428571428571,0.9656857142857144,0.9148499999999999,0.0015932550300299768,-0.0039999919716190435,-0.00559324700164902,46.604212070312734,38.26190573672499,,,,
2025-12-03T09:30:00+08:00,0.97,0.972,0.967,0.97,0.967847619047619,0.9656857142857144,0.9148499999999999,0.0015972021954870769,-0.0035967442572901742,-0.005193946452777251,46.604212070312734,39.67514530095689,,,,
2025-12-03T13:30:00+08:00,0.969,0.97,0.964,0.966,0.9678952380952381,0.9656857142857144,0.9148499999999999,0.0013080297870896266,-0.0035589092189152183,-0.004866939006004845,42.37965424287536,40.78663073465754,,,,
2025-12-04T09:30:00+08:00,0.966,0.969,0.962,0.965,0.9677238095238095,0.9656857142857144,0.9148499999999999,0.001038766330933934,-0.0035684810923374277,-0.004607247423271362,41.370014461282636,41.45942895625596,,,,
2025-12-04T13:30:00+08:00,0.965,0.966,0.963,0.966,0.9676476190476191,0.9656857142857144,0.9148499999999999,0.0009213644246975827,-0.003455541892399383,-0.004376906317096966,42.836614428369835,42.14691391511153,,,,
2025-12-05T09:30:00+08:00,0.966,0.969,0.965,0.968,0.9678,0.9656857142857144,0.9148499999999999,0.0009670184857467779,-0.003168133209913493,-0.004135151695660271,45.75897915651145,42.94980041767404,,,,
2025-12-05T13:30:00+08:00,0.967,0.976,0.967,0.975,0.9688380952380953,,,0.0014293638952031298,-0.0023484468266563585,-0.0037778107218594884,54.52228278952997,44.47833910810408,,,,
2025-12-08T09:30:00+08:00,0.975,0.98,0.975,0.98,0.9704095238095237,,,0.0019977533217519217,-0.0012806190696695863,-0.003278372391421508,59.54942686445255,45.89695851616292,,,,
2025-12-08T13:30:00+08:00,0.981,0.982,0.977,0.979,0.9717142857142858,,,0.0022153539040112636,-0.0005091800114074285,-0.002724533915418692,58.16459806855504,47.38577807243666,,,,
2025-12-09T09:30:00+08:00,0.977,0.978,0.974,0.974,0.9722000000000001,,,0.001941359957551452,-0.0002978339684793774,-0.0022391939260308293,51.69176312266366,48.228378446083426,,,,
2025-12-09T13:30:00+08:00,0.974,0.976,0.973,0.973,0.9724666666666666,,,0.0016244532029166374,-0.00020862742238503262,-0.00183308062530167,50.48176414337625,48.80270778139546,,,,
2025-12-12T09:30:00+08:00,0.967,0.969,0.966,0.969,0.9721428571428573,,,0.0011021068583230468,-0.00045544705239786154,-0.0015575539107209083,45.857731413120845,48.703034002964905,,,,
2025-12-12T13:30:00+08:00,0.97,0.971,0.969,0.969,0.9718380952380952,,,0.0007311359480967534,-0.0006436339755999665,-0.0013747699236967199,45.857731413120845,48.36504540714413,,,,
2025-12-15T09:30:00+08:00,0.965,0.973,0.965,0.969,0.9715809523809523,,,0.00047282472889746295,-0.0007837390125748911,-0.001256563741472354,45.85773141312085,48.39547968982891,,,,
2025-12-15T13:30:00+08:00,0.969,0.97,0.966,0.967,0.9710571428571428,,,0.0001699545315674146,-0.0010441205770130857,-0.0012140751085805003,43.37651261286133,48.16492972858238,,,,
2025-12-16T09:30:00+08:00,0.965,0.965,0.954,0.956,0.969095238095238,,,-0.0007197137489054599,-0.002113717294712325,-0.0013940035458068652,32.849068794799834,47.18241949461718,,,,
2025-12-16T13:30:00+08:00,0.956,0.96,0.954,0.958,0.9675333333333331,,,-0.0010992678155083183,-0.002768088315192263,-0.0016688204996839447,35.8954158635628,46.71925961038056,,,,
2025-12-17T09:30:00+08:00,0.957,0.959,0.955,0.957,0.9659142857142855,,,-0.0013281428617997445,-0.0033289990769336253,-0.002000856215133881,35.03948296711317,46.267078789368455,,,,
2025-12-17T13:30:00+08:00,0.957,0.97,0.957,0.969,0.9659714285714286,,,-0.0006179204733056864,-0.002773256806765989,-0.0021553363334603027,50.34181174993019,46.80316431233705,,,,
2025-12-18T09:30:00+08:00,0.965,0.973,0.964,0.972,0.9663999999999999,,,0.00007072835417190702,-0.002066925890745419,-0.002137654244917326,53.30335722966412,47.34204846041939,,,,
2025-12-18T13:30:00+08:00,0.973,0.973,0.969,0.971,0.9666571428571427,,,0.00045432332258219573,-0.0015697500916895812,-0.002024073414271777,52.18611855473842,47.1751795865057,,,,
2025-12-19T09:30:00+08:00,0.969,0.978,0.969,0.975,0.9674857142857144,,,0.000944660584235884,-0.0008432476839769221,-0.001787908268212806,56.14569143078782,46.932055626958224,,,,
2025-12-19T13:30:00+08:00,0.975,0.976,0.972,0.974,0.9682285714285713,,,0.0011549561662077897,-0.0003442130604530691,-0.0014991692266608588,54.921190899033476,46.70038368627811,,,,
2025-12-22T09:30:00+08:00,0.975,0.982,0.975,0.98,0.9698190476190475,,,0.0016227942747574278,0.0005293236167859261,-0.0010934706579715018,60.48913666779367,47.32876751093026,,,,
2025-12-22T13:30:00+08:00,0.981,0.982,0.98,0.98,0.9713523809523809,,,0.0018409255435064378,0.0012076862714115455,-0.0006332392720948923,60.48913666779367,48.043579834102935,,,,
2025-12-23T09:30:00+08:00,0.981,0.986,0.98,0.982,0.9730857142857142,,,0.002014550087081787,0.0018849483367573416,-0.0001296017503244454,62.28978808572999,49.217298167860726,,,,
2025-12-23T13:30:00+08:00,0.982,0.983,0.979,0.981,0.9745619047619049,,,0.001955132433478688,0.0023143137915239143,0.0003591813580452266,60.79783244128492,50.284448241301014,,,,
2025-12-24T09:30:00+08:00,0.98,0.986,0.979,0.985,0.9764571428571428,,,0.00206739539383644,0.0029434256003407766,0.0008760302065043366,64.46430582610674,51.61348927080001,,,,
2025-12-24T13:30:00+08:00,0.985,0.988,0.985,0.987,0.9784666666666666,,,0.0021490320872019223,0.0035623203155067396,0.0014132882283048173,66.16810897709183,53.24146043967362,,,,
2025-12-25T09:30:00+08:00,0.986,0.992,0.985,0.992,0.9809523809523811,,,0.0023937482120034333,0.004405473493309109,0.0020117252813056756,70.03603837103125,55.89767255226157,,,,
2025-12-25T13:30:00+08:00,0.992,0.993,0.99,0.991,0.9829619047619047,,,0.002339489122132479,0.004936086683971275,0.0025965975618387955,68.35288461379923,58.21606317727846,,,,
2025-12-26T09:30:00+08:00,0.991,0.995,0.988,0.992,0.9847904761904762,,,0.0022229856696631533,0.005375329648917737,0.003152343979254584,69.15129080999837,60.65262088034168,,,,
2025-12-26T13:30:00+08:00,0.993,0.994,0.99,0.992,0.9862857142857143,,,0.0020046916622595266,0.005658208557078992,0.0036535168948194654,69.15129080999837,61.99615509891798,,,,
2025-12-29T09:30:00+08:00,0.991,0.996,0.99,0.993,0.9876952380952381,,,0.0017932892056275566,0.005895128401853911,0.004101839196226354,70.02823401636272,63.19078915511074,,,,
2025-12-29T13:30:00+08:00,0.992,0.994,0.989,0.991,0.9886380952380952,,,0.0014017480453128424,0.005854024252867407,0.0044522762075545645,65.9879334157109,64.17663307375163,,,,
2025-12-30T09:30:00+08:00,0.989,0.994,0.987,0.992,0.9895238095238095,,,0.0011060827941242728,0.005834879700209905,0.004728796906085632,67.01273891947233,64.95285075151482,,,,
2025-12-30T13:30:00+08:00,0.993,0.994,0.99,0.992,0.990247619047619,,,0.0008196713161390239,0.005753386051259413,0.004933714735120389,67.01273891947233,65.81653275297472,,,,
2025-12-31T09:30:00+08:00,0.992,0.995,0.989,0.995,0.9912,,,0.0007436588815917123,0.005863288337110029,0.005119629455518316,70.14276943657279,66.50607795074467,,,,
2025-12-31T13:30:00+08:00,0.994,0.995,0.991,0.992,0.9916095238095238,,,0.00041890425686425155,0.00564325977659863,0.005224355519734379,63.639744425421554,66.7311213620038,,,,
2026-01-05T09:30:00+08:00,0.996,1.003,0.995,1.001,0.9931047619047617,,,0.0007201242186034591,0.006124510792988702,0.005404386574385243,72.0204291390238,67.4261671515248,,,,
2026-01-05T13:30:00+08:00,1.002,1.006,1.001,1.004,0.9948190476190476,,,0.0010133551841940772,0.0066710805546278396,0.005657725370433762,74.15855287399278,68.38050432528965,,,,
2026-01-06T09:30:00+08:00,1.006,1.018,1.005,1.017,0.998047619047619,,,0.0019220741467449731,0.008060318053864979,0.006138243907120006,80.9515128487345,69.55816196976306,,,,
2026-01-06T13:30:00+08:00,1.017,1.02,1.013,1.02,1.0013714285714286,,,0.002526375078250198,0.009296212754932753,0.006769837676682555,82.11961715329525,70.69755541092044,,,,
2026-01-07T09:30:00+08:00,1.02,1.024,1.017,1.018,1.0041142857142855,,,0.0025833477931389483,0.00999902241810624,0.007415674624967292,78.65663752851484,71.31331249359785,,,,
2026-01-07T13:30:00+08:00,1.018,1.021,1.016,1.019,1.0067428571428572,,,0.002479844200779617,0.010515479875941813,0.008035635675162196,79.13051860358149,72.083143492868,,,,
2026-01-08T09:30:00+08:00,1.017,1.021,1.015,1.02,1.0092380952380953,,,0.0022755309307684376,0.010880049338622744,0.008604518407854306,79.61786842276294,72.83075617949405,,,,
2026-01-08T13:30:00+08:00,1.021,1.021,1.015,1.017,1.0110666666666668,,,0.0017582854964842513,0.01080237527845962,0.009044089781975368,74.03243207216796,73.17940912679187,,,,
2026-01-09T09:30:00+08:00,1.019,1.028,1.018,1.023,1.013457142857143,,,0.0016423665905579941,0.011097048020172862,0.009454681429614867,77.4410622578091,73.70889685832375,,,,
2026-01-09T13:30:00+08:00,1.023,1.028,1.022,1.027,1.016095238095238,,,0.00165268942490324,0.011520543210743917,0.009867853785840677,79.3839491175099,74.66575512273798,,,,
2026-01-12T09:30:00+08:00,1.028,1.037,1.026,1.036,1.0195904761904762,,,0.002056918501892005,0.012439001913205683,0.010382083411313678,82.94343747948034,75.80366216273853,,,,
2026-01-12T13:30:00+08:00,1.035,1.042,1.034,1.04,1.0232,,,0.002363073571938889,0.01333592537623729,0.010972851804298401,84.24538107066361,77.03456517353791,,,,
2026-01-13T09:30:00+08:00,1.041,1.041,1.031,1.034,1.025552380952381,,,0.001948146038927243,0.013408034352957454,0.011459888314030211,74.99785731066993,77.38135716454485,,,,
2026-01-13T13:30:00+08:00,1.033,1.039,1.027,1.032,1.027266666666667,,,0.0013538395233041525,0.013152187718160402,0.01179834819485625,72.15465892725638,77.98956534324735,,,,
2026-01-14T09:30:00+08:00,1.03,1.042,1.026,1.031,1.0284666666666666,,,0.0007389882558129605,0.012722083514622451,0.01198309525880949,70.7112105137656,77.89604972715746,,,,
2026-01-14T13:30:00+08:00,1.031,1.033,1.022,1.029,1.0291142857142856,,,0.00007798948776958914,0.012080582118521477,0.012002592630751888,67.790294375493,77.44117412012177,,,,
2026-01-15T09:30:00+08:00,1.024,1.031,1.022,1.027,1.0292571428571429,,,-0.0005774607457430855,0.01128076669857303,0.011858227444316116,64.90306870205964,76.29485668107358,,,,
2026-01-15T13:30:00+08:00,1.027,1.028,1.023,1.027,1.029304761904762,,,-0.001066122003500718,0.010525574939940219,0.011591696943440937,64.90306870205964,75.06510322027103,,,,
2026-01-16T09:30:00+08:00,1.031,1.032,1.021,1.025,1.0290190476190475,,,-0.0015498321518233951,0.009654406753661693,0.011204238905485088,61.848085420778304,73.86449235543272,,,,
2026-01-16T13:30:00+08:00,1.025,1.027,1.02,1.024,1.0285333333333333,,,-0.0019377321106124612,0.008782073767219511,0.010719805877831973,60.31927234649912,72.52083190849825,,,,
2026-01-19T09:30:00+08:00,1.021,1.029,1.019,1.028,1.028533333333333,,,-0.001921740939408445,0.008317629703571416,0.010239370642979861,64.13790958896303,71.41512056322684,,,,
2026-01-19T13:30:00+08:00,1.028,1.029,1.023,1.028,1.0284571428571427,,,-0.0019043275351564581,0.007858961224034289,0.009763288759190747,64.13790958896303,70.70836895728362,,,,
2026-01-20T09:30:00+08:00,1.026,1.031,1.019,1.027,1.028142857142857,,,-0.0019464128583674516,0.007330272686231432,0.009276685544598883,62.3968999911794,69.63378593823863,,,,
2026-01-20T13:30:00+08:00,1.027,1.031,1.026,1.031,1.0283238095238096,,,-0.0017000600613737392,0.007151610467881708,0.008851670529255447,66.33356264222103,68.701615475718,,,,
2026-01-21T09:30:00+08:00,1.027,1.033,1.026,1.03,1.0283333333333333,,,-0.0016010475976293102,0.00685036103221881,0.00845140862984812,64.51515606174522,67.3853096601655,,,,
2026-01-21T13:30:00+08:00,1.031,1.033,1.027,1.03,1.0284,,,-0.0015321088221174131,0.006536272602201354,0.008068381424318767,64.51515606174522,65.97600787381417,,,,
2026-01-22T09:30:00+08:00,1.031,1.037,1.03,1.03,1.0285619047619048,,,-0.001482141550374655,0.0062157044863504485,0.007697846036725103,64.51515606174522,65.22724349889099,,,,
2026-01-22T13:30:00+08:00,1.031,1.033,1.03,1.033,1.0291619047619047,,,-0.0012518535247541653,0.006133029130782397,0.007384882655536562,67.82046970917807,64.91765855474253,,,,
2026-01-23T09:30:00+08:00,1.035,1.039,1.035,1.038,1.0304190476190476,,,-0.0007901274677904451,0.006397223320798506,0.007187350788588951,72.42984816958823,65.04041838730129,,,,
2026-01-23T13:30:00+08:00,1.038,1.042,1.035,1.041,1.0320095238095237,,,-0.0003333794466625836,0.006770626480260722,0.0071040059269233055,74.7654271542281,65.53864215721094,,,,
2026-01-26T09:30:00+08:00,1.039,1.044,1.034,1.038,1.0330857142857142,,,-0.00028584119167522366,0.006746704437329276,0.0070325456290045,68.51478833466645,65.79662213096857,,,,
2026-01-26T13:30:00+08:00,1.038,1.039,1.035,1.039,1.0341904761904763,,,-0.0002413575791077125,0.006730848655119859,0.006972206234227571,69.43217321532344,66.12012959620169,,,,
2026-01-27T09:30:00+08:00,1.036,1.039,1.03,1.037,1.034914285714286,,,-0.00039202335041564444,0.006482177046208015,0.00687420039662366,65.33214755930518,66.36899117752505,,,,
2026-01-27T13:30:00+08:00,1.037,1.042,1.037,1.037,1.0355238095238095,,,-0.0005285779980204507,0.0062134778990980966,0.006742055897118547,65.33214755930518,66.72705369272548,,,,
2026-01-28T09:30:00+08:00,1.039,1.047,1.038,1.044,1.0369428571428572,,,-0.00020120126349126074,0.006490554317754471,0.006691755581245732,72.03522897413077,67.29114793452318,,,,
2026-01-28T13:30:00+08:00,1.045,1.047,1.043,1.045,1.038342857142857,,,0.000017349639598990794,0.0067134426307444706,0.00669609299114548,72.84305006906752,67.91294368310206,,,,
2026-01-29T09:30:00+08:00,1.044,1.045,1.039,1.041,1.039047619047619,,,-0.0001628940420546907,0.006492475438577117,0.006655369480631807,64.78181297196977,68.08329461030137,,,,
2026-01-29T13:30:00+08:00,1.041,1.047,1.04,1.047,1.0404190476190476,,,0.00005490213478858037,0.006723997149117533,0.006669095014328953,70.12288227708089,68.35396029850565,,,,
2026-01-30T09:30:00+08:00,1.041,1.044,1.021,1.038,1.0404380952380954,,,-0.00044662534219282873,0.006110813336587917,0.006557438678780746,56.32433838696528,67.76890189316421,,,,
2026-01-30T13:30:00+08:00,1.037,1.039,1.033,1.035,1.0399809523809522,,,-0.0009887961182943605,0.005321443530912795,0.0063102396492071555,52.608212041517234,66.91840589171936,,,,
2026-02-02T09:30:00+08:00,1.027,1.031,1.016,1.017,1.0370761904761905,,,-0.0024830311298135177,0.0032064507369402584,0.005689481866753776,36.884014527491,64.94475292498691,,,,
2026-02-02T13:30:00+08:00,1.016,1.018,1.007,1.008,1.033095238095238,,,-0.003915652986563334,0.0007949156335496088,0.004710568620112943,31.77076173982988,62.36977378431919,,,,
2026-02-03T09:30:00+08:00,1.012,1.014,1.005,1.013,1.0300190476190476,,,-0.00433218464786421,-0.00070466218971732,0.0036275224581468904,36.99636978304611,59.83881104242333,,,,
2026-02-03T13:30:00+08:00,1.013,1.021,1.013,1.021,1.028247619047619,,,-0.003888688465047963,-0.0012333381231630636,0.0026553503418848996,44.341544423811314,57.66567656167927,,,,
2026-02-04T09:30:00+08:00,1.02,1.027,1.019,1.023,1.0269333333333333,,,-0.003303435169086724,-0.0014739436194735056,0.0018294915496132186,46.03537666217212,56.06000429935824,,,,
2026-02-04T13:30:00+08:00,1.024,1.03,1.022,1.03,1.0266952380952379,,,-0.002333393689702412,-0.0010872505625147966,0.0012461431271876154,51.58853659882499,54.78545882675121,,,,
2026-02-05T09:30:00+08:00,1.024,1.028,1.019,1.024,1.025742857142857,,,-0.001997336962214904,-0.0012505280755810144,0.0007468088866338894,47.11333341116185,53.48411495902669,,,,
2026-02-05T13:30:00+08:00,1.024,1.028,1.021,1.027,1.0253142857142856,,,-0.0014973549345376398,-0.0011248847815381602,0.0003724701529994795,49.473452208164055,52.35135100537376,,,,
2026-02-06T09:30:00+08:00,1.017,1.029,1.014,1.027,1.0249809523809523,,,-0.0011088778052073577,-0.0010136271035097177,0.00009525070169764,49.473452208164055,50.73979552209041,,,,
2026-02-06T13:30:00+08:00,1.028,1.03,1.023,1.024,1.0244095238095237,,,-0.0009995800336318563,-0.0011542243403421804,-0.00015464430671032408,47.03892611144433,48.89664381083161,,,,
2026-02-09T09:30:00+08:00,1.029,1.036,1.028,1.035,1.025504761904762,,,-0.00017527050614781384,-0.0003737324393950914,-0.00019846193324727754,55.65555777771791,48.244768439813626,,,,
2026-02-09T13:30:00+08:00,1.035,1.037,1.034,1.037,1.0269238095238096,,,0.00048002337290065837,0.0004015672828785455,-0.00007845609002211292,57.02461779604152,47.30917811973938,,,,
2026-02-10T09:30:00+08:00,1.037,1.039,1.035,1.038,1.0285714285714285,,,0.0009301181957421416,0.001084191654655564,0.00015407345891342252,57.727362090674625,47.40939409857576,,,,
2026-02-10T13:30:00+08:00,1.038,1.039,1.037,1.038,1.0302190476190476,,,0.0011620659198303377,0.0016066558587013446,0.000444589938871007,57.727362090674625,47.77504767351557,,,,
2026-02-11T09:30:00+08:00,1.037,1.043,1.037,1.043,1.032504761904762,,,0.0015615639214546315,0.0023965448406892964,0.0008349809192346649,61.38863503619747,49.525377709851746,,,,
2026-02-11T13:30:00+08:00,1.043,1.043,1.041,1.042,1.034409523809524,,,0.0016586717427110446,0.0029083205976234705,0.001249648854912426,60.26442247157962,51.56063919069101,,,,
2026-02-12T09:30:00+08:00,1.041,1.044,1.039,1.042,1.0359904761904764,,,0.0016211939201322123,0.0032761412550776914,0.001654947334945479,60.26442247157962,53.2226429541577,,,,
2026-02-12T13:30:00+08:00,1.042,1.044,1.041,1.044,1.0375619047619047,,,0.0016252653715008495,0.003686529049321541,0.0020612636778206913,61.88351856141302,54.47564110684353,,,,
2026-02-13T09:30:00+08:00,1.04,1.04,1.032,1.033,1.0374476190476192,,,0.0008218317324595143,0.003088553343395084,0.0022667216109355697,49.85194179141933,54.74825290178976,,,,
2026-02-13T13:30:00+08:00,1.033,1.035,1.028,1.03,1.0368380952380953,,,0.0000630550554756434,0.002345540430280124,0.0022824853748044808,47.15900925667565,54.43185809163624,,,,
2026-02-24T09:30:00+08:00,1.036,1.04,1.033,1.038,1.037295238095238,,,0.00007389541115488882,0.0023748546387480918,0.002300959227593203,54.2553875992984,54.94200481936027,,,,
2026-02-24T13:30:00+08:00,1.038,1.038,1.036,1.037,1.0374857142857143,,,-0.000007978853358361904,0.0022909856608952506,0.0022989645142536125,53.29195320980712,55.21475489090621,,,,
2026-02-25T09:30:00+08:00,1.038,1.049,1.037,1.046,1.0387809523809524,,,0.0004945219622064624,0.0029171169670116903,0.002422595004805228,60.15046277860789,55.97739850308078,,,,
2026-02-25T13:30:00+08:00,1.046,1.047,1.041,1.044,1.0396285714285713,,,0.0006338344160648915,0.003214888024886342,0.0025810536088214505,58.10849066446876,56.76808168543966,,,,
2026-02-26T09:30:00+08:00,1.044,1.045,1.039,1.044,1.0402857142857143,,,0.000664395142688868,0.0034115475371825355,0.0027471523944936674,58.10849066446876,56.94329117735043,,,,
2026-02-26T13:30:00+08:00,1.043,1.044,1.041,1.044,1.040857142857143,,,0.0006236760588411898,0.003526747468045155,0.002903071409203965,58.10849066446876,57.02071066795237,,,,
2026-02-27T09:30:00+08:00,1.041,1.047,1.04,1.047,1.0417619047619049,,,0.0007304462399277656,0.0038161292091136723,0.0030856829691859066,60.61346846064264,57.22686112295009,,,,
2026-02-27T13:30:00+08:00,1.046,1.049,1.046,1.049,1.042847619047619,,,0.0008585802670585821,0.0041589083030091345,0.0033003280359505524,62.234768696520774,57.54881873765339,,,,
2026-03-02T09:30:00+08:00,1.047,1.056,1.042,1.055,1.0446285714285715,,,0.0012467015187393022,0.00485870493437468,0.003612003415635378,66.66766330764285,57.92589218561378,,,,
2026-03-02T13:30:00+08:00,1.055,1.056,1.052,1.056,1.0464285714285715,,,0.0014555019645937067,0.005431380871377511,0.003975878906783805,67.3554276783164,58.43239255752355,,,,
2026-03-03T09:30:00+08:00,1.056,1.06,1.044,1.055,1.0479619047619047,,,0.0014100092279490262,0.005738390441720087,0.004328381213771061,65.89127453174984,58.834310561821425,,,,
2026-03-03T13:30:00+08:00,1.054,1.055,1.041,1.045,1.0480380952380952,,,0.0006299425848146703,0.005115809444789399,0.004485866859974728,53.39223384243684,58.22779022475169,,,,
2026-03-04T09:30:00+08:00,1.036,1.037,1.024,1.027,1.045704761904762,,,-0.0010816254465302044,0.003133835051811973,0.004215460498342177,39.03767363722277,57.45534249945194,,,,
2026-03-04T13:30:00+08:00,1.028,1.035,1.027,1.031,1.0439619047619046,,,-0.001880863430218027,0.0018643812105696433,0.0037452446407876703,42.722906546360626,57.13847802014372,,,,
2026-03-05T09:30:00+08:00,1.036,1.04,1.032,1.04,1.0434095238095238,,,-0.0017429980517160181,0.0015664970761426478,0.003309495127858666,50.040800058819435,56.83743605296665,,,,
2026-03-05T13:30:00+08:00,1.04,1.041,1.033,1.035,1.0421714285714283,,,-0.0019144762197706128,0.0009163998531453998,0.0028308760729160126,46.487335814516356,56.35139195330303,,,,
2026-03-06T09:30:00+08:00,1.033,1.04,1.03,1.039,1.0414857142857141,,,-0.0016921333079803003,0.000715709437940637,0.0024078427459209373,49.57244331632501,55.595819134568536,,,,
2026-03-06T13:30:00+08:00,1.038,1.042,1.038,1.041,1.0411333333333335,,,-0.001358385169308513,0.0007098612842852958,0.002068246453593809,51.09074971357246,55.09455192379023,,,,
2026-03-09T09:30:00+08:00,1.035,1.036,1.025,1.033,1.039742857142857,,,-0.0016073866252299545,0.000059013172056365804,0.0016663997972863203,45.2251049963936,54.174310090356286,,,,
2026-03-09T13:30:00+08:00,1.034,1.038,1.032,1.034,1.0385904761904763,,,-0.0016305686359130332,-0.00037181099760497105,0.0012587576383080621,46.058765178705094,53.313615412801745,,,,
2026-03-10T09:30:00+08:00,1.036,1.041,1.036,1.038,1.0380666666666667,,,-0.0013158267666597031,-0.0003860258200165667,0.0009298009466431363,49.377666504169156,52.51105813019649,,,,
2026-03-10T13:30:00+08:00,1.038,1.041,1.038,1.041,1.0380285714285713,,,-0.0008665986734603527,-0.00015344739518230455,0.0007131512782780482,51.774280646258404,51.7638804123206,,,,
2026-03-11T09:30:00+08:00,1.04,1.044,1.039,1.041,1.0380666666666667,,,-0.0005461043372635306,0.0000305208566986348,0.0005766251939621654,51.774280646258404,50.70006736507885,,,,
2026-03-11T13:30:00+08:00,1.042,1.047,1.041,1.046,1.038904761904762,,,-0.0000027656673254568883,0.0005731681098053443,0.0005759337771308012,55.81747489115255,49.87592788028144,,,,
2026-03-12T09:30:00+08:00,1.044,1.047,1.036,1.037,1.0386380952380954,,,-0.00024167618704520042,0.0002738385433243007,0.0005155147303695011,48.0142638138313,48.59899854328726,,,,
2026-03-12T13:30:00+08:00,1.038,1.045,1.037,1.044,1.0394761904761904,,,0.00006327219006612827,0.0005946049679521614,0.0005313327778860332,53.46351648961663,48.60409016094296,,,,
2026-03-13T09:30:00+08:00,1.04,1.045,1.038,1.041,1.0399238095238097,,,0.000054794041285562796,0.0005998253294929867,0.0005450312882074239,50.99634305751395,49.458280833820886,,,,
2026-03-13T13:30:00+08:00,1.042,1.043,1.034,1.038,1.0398380952380952,,,-0.00014981422997827846,0.00035776350073457586,0.0005075777307128543,48.581982774383206,49.87678627867965,,,,
2026-03-18T09:30:00+08:00,1.017,1.02,1.015,1.016,1.036752380952381,,,-0.0016788213142651949,-0.0015909489121186393,0.00008787240214655555,35.360779470825946,48.82821337953726,,,,
2026-03-18T13:30:00+08:00,1.016,1.026,1.016,1.026,1.0352285714285714,,,-0.0019117912232327287,-0.0023018666268943555,-0.00039007540366162673,42.95950929581005,48.57622577105824,,,,
2026-03-19T09:30:00+08:00,1.018,1.019,1.01,1.011,1.0317904761904761,,,-0.002911301708057952,-0.004029202538734067,-0.001117900830676115,36.1035166736701,47.61415958229718,,,,
2026-03-19T13:30:00+08:00,1.011,1.014,1.005,1.01,1.0284857142857142,,,-0.00343878624530889,-0.005416383637312228,-0.0019775973920033376,35.69453282626604,46.51442980463243,,,,
2026-03-20T09:30:00+08:00,1.009,1.013,1.005,1.008,1.0252095238095238,,,-0.0036987424265827514,-0.006601025425231777,-0.0029022829986490254,34.84436649534483,45.77294848312895,,,,
2026-03-20T13:30:00+08:00,1.007,1.008,0.997,0.999,1.0209714285714286,,,-0.004215683149190767,-0.008171886935137485,-0.003956203785946718,31.238649425997963,44.71436878650701,,,,
2026-03-23T09:30:00+08:00,0.987,0.989,0.966,0.967,1.0128,,0.91865,-0.006324795789970248,-0.011862198523409528,-0.00553740273343928,22.373513258269597,42.78550069751418,,,,
2026-03-23T13:30:00+08:00,0.967,0.97,0.957,0.963,1.0047714285714286,,0.91865,-0.007519977697916234,-0.014937374855834573,-0.007417397157918339,21.550247376317913,40.62664117823272,,,,
2026-03-24T09:30:00+08:00,0.967,0.97,0.96,0.963,0.9974857142857143,,0.91865,-0.007807261912164519,-0.017176474548123988,-0.00936921263595947,21.550247376317913,38.46778165895125,,,,
2026-03-24T13:30:00+08:00,0.962,0.975,0.962,0.975,0.9925428571428572,,0.91865,-0.006726827232722065,-0.01777774667686205,-0.011050919444139985,30.453920473009347,36.65609920051245,,,,
2026-03-25T09:30:00+08:00,0.978,0.986,0.978,0.986,0.9897428571428571,,0.91865,-0.0048942568829196086,-0.017168740547789496,-0.012274483664869888,37.46082061987427,35.902281829515516,,,,
2026-03-25T13:30:00+08:00,0.986,0.987,0.982,0.987,0.9875619047619048,,0.91865,-0.003313350468874484,-0.016416171750962993,-0.01310282128208851,38.071670703522614,34.80286427336594,,,,
2026-03-26T09:30:00+08:00,0.986,0.988,0.976,0.978,0.9847238095238094,,0.91865,-0.0026036807030057375,-0.01635742216084568,-0.013753741457839943,34.77914929778859,33.64449329052842,,,,
2026-03-26T13:30:00+08:00,0.978,0.98,0.975,0.978,0.9824857142857143,,0.91865,-0.0018969939620043143,-0.016124983910345336,-0.014227989948341022,34.77914929778861,32.6585766136288,,,,
2026-03-27T09:30:00+08:00,0.971,0.989,0.969,0.986,0.9818857142857143,,0.91865,-0.0007143576664035249,-0.015120937031345427,-0.014406579364941902,40.117910119779324,32.99837165998262,,,,
2026-03-27T13:30:00+08:00,0.987,0.988,0.983,0.986,0.9815714285714285,,0.91865,0.00019568569559581805,-0.01416197224544713,-0.014357657941042948,40.117910119779324,32.79540029026614,,,,
2026-03-30T09:30:00+08:00,0.977,0.989,0.976,0.988,0.9819047619047618,,0.91865,0.0010143564313572218,-0.01308971240184642,-0.014104068833203642,41.50617832634398,33.18130469402856,,,,
2026-03-30T13:30:00+08:00,0.988,0.99,0.986,0.989,0.9825904761904761,,0.91865,0.0016667109151087718,-0.012020680189317678,-0.01368739110442645,42.22737418426459,33.647936219599885,,,,
2026-03-31T09:30:00+08:00,0.99,0.997,0.986,0.989,0.9834761904761905,,0.91865,0.0021130076590447546,-0.011046131530620507,-0.013159139189665261,42.22737418426459,34.175293911665584,,,,
2026-03-31T13:30:00+08:00,0.99,0.992,0.983,0.983,0.983742857142857,,0.91865,0.0020190338360999965,-0.010635346894540265,-0.012654380730640262,38.89072969719941,34.721871073894256,,,,
2026-04-01T09:30:00+08:00,0.993,0.997,0.99,0.996,0.9858952380952382,,0.91865,0.002799288977712488,-0.009155269508499653,-0.01195455848621214,48.4036086894863,36.581163604695455,,,,
2026-04-01T13:30:00+08:00,0.997,0.998,0.992,0.995,0.9876380952380955,,0.91865,0.003186764194580558,-0.007971103242986444,-0.011157867437567002,47.7873554673372,38.45524275405397,,,,
2026-04-02T09:30:00+08:00,0.994,0.997,0.988,0.99,0.9884095238095238,,0.91865,0.0030452065374037465,-0.007351359265812318,-0.010396565803216065,44.721494490073106,40.110331833607916,,,,
2026-04-02T13:30:00+08:00,0.991,0.991,0.985,0.99,0.9889238095238095,,0.91865,0.002891629687555179,-0.006782028693772091,-0.00967365838132727,44.721494490073106,41.129444263398184,,,,
2026-04-03T09:30:00+08:00,0.99,0.991,0.978,0.98,0.9879619047619048,,0.91865,0.0020938029456821043,-0.007056404699224639,-0.009150207644906743,38.928460790625536,41.23427570416613,,,,
2026-04-03T13:30:00+08:00,0.979,0.984,0.979,0.982,0.9873238095238095,,0.91865,0.001695036014203696,-0.007031412627152123,-0.008726448641355819,40.586109193060594,41.41387845341884,,,,
2026-04-07T09:30:00+08:00,0.981,0.985,0.978,0.978,0.9862000000000002,,0.91865,0.0011805267494336448,-0.007250790204563762,-0.008431316953997407,38.34444434632439,41.66854238545711,,,,
2026-04-07T13:30:00+08:00,0.978,0.982,0.978,0.981,0.9854761904761903,,0.91865,0.0010644768457692723,-0.007100720896785817,-0.00816519774255509,40.97748125822944,42.11128038263145,,,,
2026-04-08T09:30:00+08:00,0.995,1.005,0.991,1.004,0.9877904761904762,0.9877904761904762,0.91865,0.0024781841962190606,-0.005067467497281264,-0.0075456516935003244,56.36349078786054,43.271679001780115,,,,
2026-04-08T13:30:00+08:00,1.003,1.008,1.002,1.007,0.9903333333333333,0.9903333333333333,0.91865,0.0034946033224519035,-0.003177397540435445,-0.006672000862887348,57.90489984858226,44.54217826812318,,,,
2026-04-09T09:30:00+08:00,1.001,1.003,0.997,0.999,0.9916095238095238,0.9903333333333333,0.91865,0.0034987683064955973,-0.002298540479767852,-0.0057973087862634495,52.57186182791565,45.33258423252115,,,,
2026-04-09T13:30:00+08:00,0.999,1.001,0.998,0.999,0.9927809523809524,0.9903333333333333,0.91865,0.003370820579333649,-0.0015837830620963889,-0.004954603641430038,52.57186182791565,46.071476207067654,,,,
2026-04-10T09:30:00+08:00,1.003,1.01,1.003,1.004,0.9945238095238095,0.9945238095238095,0.91865,0.0034781799326590104,-0.0006068787256062746,-0.004085058658265285,55.539962157817016,47.02237534803569,,,,
2026-04-10T13:30:00+08:00,1.005,1.007,1.003,1.004,0.9961238095238095,0.9945238095238095,0.91865,0.0034003814559555425,0.0001654181616791428,-0.0032349632942763997,55.539962157817016,48.21160623807981,,,,
2026-04-13T09:30:00+08:00,0.999,1.002,0.998,1.001,0.9971238095238094,0.9945238095238095,0.91865,0.0030114048145803854,0.0005292927239490819,-0.0024821120906313035,53.222266111026606,48.55579605390411,,,,
2026-04-13T13:30:00+08:00,1.002,1.004,1.001,1.001,0.9980761904761903,0.9945238095238095,0.91865,0.002632367917142265,0.0008083478057965277,-0.0018240201113457373,53.222266111026606,48.94400395702478,,,,
2026-04-14T09:30:00+08:00,1.007,1.008,1.004,1.005,0.9995047619047617,0.9995047619047617,0.91865,0.0025287017554456977,0.0013368570829613846,-0.0011918446724843129,56.05783654312104,49.75374267509964,,,,
2026-04-14T13:30:00+08:00,1.004,1.012,1.003,1.011,1.0015904761904761,1.0015904761904761,0.91865,0.0027249388924215556,0.0022143289430426316,-0.0005106099493789239,59.97694628261726,50.8434178031385,,,,
2026-04-15T09:30:00+08:00,1.015,1.018,1.013,1.014,1.0038761904761904,1.0038761904761904,0.91865,0.0029011988535386714,0.0031158886175444156,0.0002146897640057441,61.81094726046996,52.47788112241311,,,,
2026-04-15T13:30:00+08:00,1.014,1.015,1.011,1.013,1.0057047619047619,1.0038761904761904,0.91865,0.0027938145951224183,0.003706958007908767,0.0009131434127863488,60.81064244075014,53.92249064010522,,,,
2026-04-16T09:30:00+08:00,1.013,1.018,1.013,1.016,1.0076380952380952,1.0076380952380952,0.91865,0.0027631798819521295,0.004367118265226511,0.001603938383274381,62.75783039300225,55.666303929153635,,,,
2026-04-16T13:30:00+08:00,1.015,1.02,1.014,1.02,1.009742857142857,1.009742857142857,0.91865,0.0028397760370749946,0.005153658429618124,0.0023138823925431297,65.23792816626792,57.399192994013525,,,,
2026-04-17T09:30:00+08:00,1.017,1.018,1.014,1.017,1.0110761904761905,1.009742857142857,0.91865,0.0025263710552765077,0.0054718462116387645,0.002945475156362257,61.908060503369235,57.79523368797843,,,,
2026-04-17T13:30:00+08:00,1.016,1.02,1.015,1.018,1.0124190476190476,1.0124190476190476,0.91865,0.0022344626680595578,0.005738553491436704,0.0035040908233771465,62.59345070169557,58.13013017748652,,,,
2026-04-20T09:30:00+08:00,1.018,1.028,1.017,1.025,1.014590476190476,1.014590476190476,0.91865,0.0023491434403820058,0.006440520123854654,0.004091376683472648,67.06125892575483,59.16508711304647,,,,
2026-04-20T13:30:00+08:00,1.025,1.027,1.023,1.027,1.0167809523809523,1.0167809523809523,0.91865,0.0023882121732047507,0.007076641899978586,0.004688429726773836,68.22886473948267,60.283444463872684,,,,
2026-04-21T09:30:00+08:00,1.026,1.028,1.022,1.026,1.0185714285714287,1.0167809523809523,0.91865,0.0021809444869039744,0.007414610335403804,0.00523366584849983,66.95095345151655,61.0985152705655,,,,
2026-04-21T13:30:00+08:00,1.027,1.028,1.025,1.028,1.0204190476190478,1.0204190476190478,0.91865,0.0020166253978428153,0.007754447595803349,0.0057378221979605334,68.23248835235118,62.0051242844608,,,,
2026-04-22T09:30:00+08:00,1.025,1.032,1.025,1.031,1.0224380952380951,1.0224380952380951,0.91865,0.001947060902266845,0.00817164832579409,0.006224587423527245,70.10508713877815,63.21104007215733,,,,
2026-04-22T13:30:00+08:00,1.031,1.035,1.03,1.035,1.0247047619047618,1.0247047619047618,0.91865,0.001999913354165028,0.00872447911623353,0.006724565762068502,72.43798598815457,64.58359149195219,,,,
2026-04-23T09:30:00+08:00,1.034,1.036,1.025,1.028,1.0257142857142856,1.0247047619047618,0.91865,0.0014201712551972709,0.00849977983106509,0.00707960857586782,63.15050054018562,65.09021034888536,,,,
2026-04-23T13:30:00+08:00,1.028,1.033,1.028,1.031,1.026904761904762,1.026904761904762,0.91865,0.0011092619665610424,0.008466186034069123,0.007356924067508081,65.20924986694905,65.46394631919478,,,,
2026-04-24T09:30:00+08:00,1.026,1.027,1.021,1.023,1.0268380952380953,1.026904761904762,0.91865,0.0002786277195505303,0.0077052087169462435,0.007426580997395713,56.193329665484285,65.06268791955294,,,,
2026-04-24T13:30:00+08:00,1.024,1.029,1.023,1.026,1.0270857142857142,1.026904761904762,0.91865,-0.00013285758977643874,0.007260509010175165,0.007393366599951603,58.50997980785964,64.89835487434648,,,,
2026-04-27T09:30:00+08:00,1.024,1.028,1.023,1.027,1.0273428571428571,1.026904761904762,0.91865,-0.00038739024367915546,0.006909128795352659,0.007296519039031815,59.28294510049208,64.65014878202433,,,,
2026-04-27T13:30:00+08:00,1.027,1.028,1.024,1.027,1.027495238095238,1.026904761904762,0.91865,-0.0005931397146189017,0.0065550943957581875,0.007148234110377089,59.28294510049208,64.22479284875462,,,,
2026-04-28T09:30:00+08:00,1.025,1.027,1.023,1.024,1.0271809523809523,1.026904761904762,0.91865,-0.0009476282103764305,0.005963698847406551,0.006911327057782982,55.67416295527164,63.779514452461946,,,,
2026-04-28T13:30:00+08:00,1.024,1.025,1.02,1.024,1.0268,1.026904761904762,0.91865,-0.0011831477447941663,0.005432392376790274,0.00661554012158444,55.67416295527164,63.28527961343166,,,,
2026-04-29T09:30:00+08:00,1.022,1.031,1.021,1.031,1.027295238095238,1.026904761904762,0.91865,-0.0008823332361240777,0.005512623576429343,0.006394956812553421,61.94330507807031,62.9197114814542,,,,
2026-04-29T13:30:00+08:00,1.03,1.034,1.029,1.032,1.0278666666666665,1.026904761904762,0.91865,-0.000642019100363633,0.005592432937098879,0.006234452037462512,62.75374426863654,62.52863144782234,,,,
2026-04-30T09:30:00+08:00,1.031,1.034,1.029,1.03,1.0281238095238097,1.026904761904762,0.91865,-0.0006422127904088621,0.005431686049451434,0.006073898839860296,60.00162617698036,62.032250928212605,,,,
2026-04-30T13:30:00+08:00,1.03,1.034,1.029,1.032,1.0286095238095236,1.026904761904762,0.91865,-0.0005364075845797197,0.005403389359135646,0.005939796943715366,61.80552688281459,61.57318225181713,,,,
2026-05-06T09:30:00+08:00,1.037,1.046,1.036,1.044,1.0306571428571427,1.026904761904762,0.91865,0.0002696884114851035,0.0062769074580717454,0.006007219046586642,70.42423563038635,61.59597857264629,,,,
2026-05-06T13:30:00+08:00,1.044,1.046,1.041,1.045,1.0327142857142857,1.026904761904762,0.91865,0.0007698472474221866,0.006969528105864375,0.006199680858442189,71.01128428090084,61.494071307842454,,,,
2026-05-07T09:30:00+08:00,1.047,1.049,1.046,1.048,1.0350761904761905,1.026904761904762,0.91865,0.001177912135759975,0.007672071028142158,0.006494158892382183,72.7582298701372,62.18033768855328,,,,
2026-05-07T13:30:00+08:00,1.047,1.051,1.047,1.05,1.0375142857142858,1.026904761904762,0.91865,0.0014403605223147426,0.00829460954527561,0.006854249022960868,73.88798473095589,62.800247321696624,,,,
2026-05-08T09:30:00+08:00,1.048,1.051,1.044,1.049,1.0396380952380953,1.026904761904762,0.91865,0.0014030454640753202,0.008608055853055019,0.007205010388979699,72.2740499756913,63.94887020099713,,,,
2026-05-08T13:30:00+08:00,1.05,1.053,1.049,1.053,1.0420476190476191,1.026904761904762,0.91865,0.0014956910977038402,0.009074624261109498,0.007578933163405658,74.6585046195416,65.1023362589744,,,,
2026-05-11T09:30:00+08:00,1.052,1.06,1.051,1.057,1.0447333333333333,1.026904761904762,0.91865,0.0016615279554747855,0.00965584310774914,0.007994315152274355,76.80659171589213,66.35402530293155,,,,
2026-05-11T13:30:00+08:00,1.057,1.062,1.056,1.062,1.0477999999999998,1.026904761904762,0.91865,0.0019245769179866042,0.010400036299757609,0.008475459381771005,79.18207404211122,67.77539165590436,,,,
2026-05-12T09:30:00+08:00,1.061,1.062,1.052,1.056,1.0497333333333332,1.026904761904762,0.91865,0.0015283862810634343,0.010385942233100298,0.008857555952036864,69.926658248414,68.79342703398595,,,,
2026-05-12T13:30:00+08:00,1.056,1.057,1.052,1.056,1.0513619047619047,1.026904761904762,0.91865,0.001119188484079896,0.010256541557136734,0.009137353073056837,69.926658248414,69.81146241206754,,,,
2026-05-13T09:30:00+08:00,1.054,1.062,1.052,1.062,1.0534857142857141,1.026904761904762,0.91865,0.0011036440018085923,0.010516908075317577,0.009413264073508985,73.51678028209676,70.63813921235514,,,,
2026-05-13T13:30:00+08:00,1.061,1.067,1.06,1.067,1.0559809523809525,1.026904761904762,0.91865,0.0012693155665717028,0.010999908531723612,0.00973059296515191,76.07950054217602,71.5899789461794,,,,
2026-05-14T09:30:00+08:00,1.067,1.068,1.049,1.058,1.056942857142857,1.026904761904762,0.91865,0.0006435447413137198,0.01053502389179406,0.00989147915048034,64.06260696592715,71.88004900253274,,,,
2026-05-14T13:30:00+08:00,1.058,1.059,1.048,1.049,1.0564380952380954,1.026904761904762,0.91865,-0.0004469496691662817,0.009332792064022488,0.00977974173318877,54.749595082465795,71.3760538739364,,,,
2026-05-15T09:30:00+08:00,1.048,1.052,1.037,1.044,1.055104761904762,1.026904761904762,0.91865,-0.0015152689567419896,0.007885655537261282,0.009400924494003272,50.36874067440145,69.94351851993748,,,,
2026-05-15T13:30:00+08:00,1.044,1.045,1.033,1.039,1.0531047619047618,1.026904761904762,0.91865,-0.002510232640056797,0.006263133693932277,0.008773366333989074,46.37274172187725,68.18362262286436,,,,
2026-05-18T09:30:00+08:00,1.035,1.039,1.031,1.037,1.050895238095238,1.026904761904762,0.91865,-0.0032098864919682148,0.004761008219028806,0.007970894710997021,44.84032221253492,66.18948636160705,,,,
2026-05-18T13:30:00+08:00,1.037,1.038,1.031,1.037,1.048790476190476,1.026904761904762,0.91865,-0.0035528175433742672,0.0035298727817791864,0.007082690325153454,44.84032221253492,64.11465332457699,,,,
2026-05-19T09:30:00+08:00,1.034,1.039,1.031,1.036,1.0466761904761905,1.026904761904762,0.91865,-0.0037099047158862513,0.002445309430295639,0.00615521414618189,43.997221377450884,62.094879853274094,,,,
2026-05-19T13:30:00+08:00,1.036,1.045,1.036,1.044,1.045752380952381,,,-0.003159459178701483,0.002205890172805036,0.005365349351506519,51.804380516688,60.46244241735599,,,,
2026-05-20T09:30:00+08:00,1.04,1.044,1.037,1.04,1.0443809523809524,,,-0.002953012030143273,0.0016740843138274286,0.0046270963439707016,48.187202688383366,58.4182003439625,,,,
2026-05-20T13:30:00+08:00,1.039,1.043,1.039,1.043,1.0435714285714286,,,-0.002519544549411783,0.0014776656572059732,0.003997210206617756,50.95324971588949,56.401855749232375,,,,
2026-05-21T09:30:00+08:00,1.045,1.052,1.042,1.043,1.0429428571428572,,,-0.002152218643973262,0.001306936901651179,0.003459155545624441,50.95324971588949,55.046612282623485,,,,
2026-05-21T13:30:00+08:00,1.043,1.044,1.023,1.025,1.040038095238095,,,-0.002989417434572739,-0.0002776162475914834,0.002711801186981256,37.15183963645857,52.70555381034096,,,,
2026-05-22T09:30:00+08:00,1.026,1.031,1.022,1.03,1.0380952380952382,,,-0.003063081870282263,-0.001117051150871573,0.00194603071941069,41.86258342656109,50.44453974923126,,,,
2026-05-22T13:30:00+08:00,1.029,1.034,1.029,1.033,1.0368571428571427,,,-0.0027749700974761854,-0.0015226819024345417,0.0012522881950416437,44.54822647096061,48.19230588700159,,,,
2026-05-25T09:30:00+08:00,1.033,1.039,1.033,1.038,1.0366095238095236,,,-0.0021412472553485914,-0.0014242708741440957,0.0007169763812044958,48.793909899833174,47.10168466799488,,,,
2026-05-25T13:30:00+08:00,1.037,1.04,1.033,1.038,1.036552380952381,,,-0.0016383308725945536,-0.0013309372095386962,0.00030739366305585744,48.793909899833174,46.67627858352112,,,,
2026-05-26T09:30:00+08:00,1.037,1.039,1.032,1.034,1.0360666666666667,,,-0.0014953017200595672,-0.0015617334870186017,-0.00006643176695903441,45.55758429674783,46.33262455654586,,,,
2026-05-26T13:30:00+08:00,1.035,1.042,1.03,1.042,1.0367428571428572,,,-0.0008161206748713086,-0.0010865826105481702,-0.00027046193567686156,52.362876773724224,46.760491345963494,,,,
2026-05-27T09:30:00+08:00,1.039,1.045,1.031,1.034,1.0363238095238096,,,-0.0008557163200188681,-0.0013401073357004467,-0.00048439101568157857,46.15033970402212,46.85406402392687,,,,
2026-05-27T13:30:00+08:00,1.034,1.036,1.027,1.034,1.0359333333333334,,,-0.0008312599393748646,-0.0015234659399001593,-0.0006922060005252948,46.15033970402213,46.94763670189024,,,,
2026-05-28T09:30:00+08:00,1.031,1.031,1.023,1.029,1.034904761904762,,,-0.0010851327432839961,-0.00204862192963029,-0.0009634891863462937,42.495736432226316,46.84038777723134,,,,
2026-05-28T13:30:00+08:00,1.029,1.036,1.028,1.032,1.034342857142857,,,-0.000987133908489804,-0.002197406571958549,-0.0012102726634687449,45.294904963918505,46.3754252377478,,,,
2026-05-29T09:30:00+08:00,1.033,1.034,1.027,1.031,1.0337619047619047,,,-0.000926746785714887,-0.0023687061456123537,-0.0014419593598974667,44.5170144766466,46.113268936909456,,,,
2026-05-29T13:30:00+08:00,1.031,1.031,1.021,1.024,1.0323333333333333,,,-0.00127389328765417,-0.003034325969465179,-0.0017604326818110093,39.41425442478591,45.28905498754492,,,,
2026-06-01T09:30:00+08:00,1.023,1.032,1.023,1.026,1.031352380952381,,,-0.001281013542218207,-0.003361699609583768,-0.002080686067365561,41.47826972943426,44.61227070279812,,,,
2026-06-01T13:30:00+08:00,1.027,1.028,1.023,1.024,1.0302666666666664,,,-0.0013269896431062867,-0.0037394231212484197,-0.002412433478142133,40.01035918525357,44.81645067056919,,,,
2026-06-02T09:30:00+08:00,1.023,1.03,1.018,1.029,1.0298571428571428,,,-0.0009451615679843392,-0.003593885438122557,-0.002648723870138218,45.22896614796755,45.056906579241094,,,,
2026-06-02T13:30:00+08:00,1.029,1.031,1.026,1.028,1.0293238095238093,,,-0.0006959619504281248,-0.003518676308173374,-0.0028227143577452493,44.397110983290936,45.046112615836115,,,,
2026-06-03T09:30:00+08:00,1.026,1.032,1.024,1.03,1.029104761904762,,,-0.0003499155068526867,-0.0032601087413111074,-0.0029101932344584207,46.515818885920524,44.883391829128065,,,,
2026-06-03T13:30:00+08:00,1.03,1.033,1.024,1.029,1.0288285714285716,,,-0.0001519631385819972,-0.0031001471576859174,-0.0029481840191039202,45.58061015764643,44.65387041897186,,,,
2026-06-04T09:30:00+08:00,1.024,1.027,1.023,1.025,1.0281047619047619,,,-0.00024831689462024784,-0.00325858013737923,-0.003010263242758982,41.947653418584515,44.396018213388764,,,,
2026-06-04T13:30:00+08:00,1.024,1.025,1.019,1.023,1.0272000000000001,,,-0.0003958837125421417,-0.003505117883436659,-0.0031092341708945175,40.22144797914124,43.52877329948998,,,,
2026-06-05T09:30:00+08:00,1.021,1.027,1.017,1.022,1.026342857142857,,,-0.0005030942261752425,-0.0037381019536135707,-0.003235007727438328,39.34952329479871,43.043000698831165,,,,
2026-06-05T13:30:00+08:00,1.021,1.023,1.012,1.016,1.0248,,,-0.0008973317034112098,-0.00435667235670234,-0.0034593406532911304,34.5148884342117,42.21189703670184,,,,
2026-06-08T09:30:00+08:00,1,1.011,0.996,0.997,1.020895238095238,,0.9471499999999999,-0.0022783899699599635,-0.006307328115741084,-0.004028938145781121,24.32343466780881,40.9138754821006,,,,
2026-06-08T13:30:00+08:00,0.997,1,0.989,0.996,1.0171619047619047,,0.9471499999999999,-0.0030516601726008775,-0.007843513361532217,-0.00479185318893134,23.923050129935007,39.387314422530345,,,,
2026-06-09T09:30:00+08:00,0.999,1.004,0.995,1.002,1.0145714285714285,,0.9471499999999999,-0.002949765492260727,-0.008479060054257248,-0.005529294561996521,31.236865544136634,38.438732355922504,,,,
2026-06-09T13:30:00+08:00,1.002,1.008,1.001,1.008,1.0130571428571427,,0.9471499999999999,-0.0022979527933125535,-0.008401735553637213,-0.0061037827603246594,37.688150542739656,38.31543922149063,,,,
2026-06-10T09:30:00+08:00,1.001,1.006,0.998,1,1.0106285714285714,,0.9471499999999999,-0.0022238410269347867,-0.008883584043993142,-0.006659743017058356,33.21377690742359,37.72511830563271,,,,
2026-06-10T13:30:00+08:00,1,1.005,0.997,1.003,1.008847619047619,,0.9471499999999999,-0.0018086431888911974,-0.008920547003172352,-0.007111903814281155,36.26934357747619,37.4579029050772,,,,
2026-06-11T09:30:00+08:00,1,1.004,0.997,1.001,1.007,,0.9471499999999999,-0.0015163906212248756,-0.00900739209081225,-0.007491001469587374,35.11588520636991,36.73553998067736,,,,
2026-06-11T13:30:00+08:00,1.001,1.003,0.998,1.003,1.0056857142857143,,0.9471499999999999,-0.0010577913134761138,-0.008813240611432516,-0.007755449297956402,37.26450820427121,36.226068353604525,,,,
2026-06-12T09:30:00+08:00,1.008,1.02,1.006,1.015,1.0062095238095239,,0.9471499999999999,0.00012161793332218958,-0.007603426881303665,-0.007725044814625855,48.32214348839813,36.35509153949578,,,,
2026-06-12T13:30:00+08:00,1.016,1.017,1.01,1.014,1.006742857142857,,0.9471499999999999,0.0008610834824083436,-0.006648690461615425,-0.007509773944023769,47.569684792429804,36.49716829912316,,,,
2026-06-15T09:30:00+08:00,1.02,1.028,1.019,1.025,1.0088857142857142,1.0088857142857142,0.9471499999999999,0.002049886221278837,-0.004947416167425223,-0.00699730238870406,55.735021547963235,37.48198030836449,,,,
2026-06-15T13:30:00+08:00,1.024,1.032,1.024,1.032,1.0119619047619048,1.0119619047619048,0.9471499999999999,0.003198063041004901,-0.0029997235874479333,-0.006197786628452834,60.003771454882234,38.895003413774575,,,,
2026-06-16T09:30:00+08:00,1.03,1.031,1.026,1.027,1.0142857142857142,1.0119619047619048,0.9471499999999999,0.003487485997119682,-0.001838429132053232,-0.005325915129172914,55.85998011118376,40.07432175780207,,,,
2026-06-16T13:30:00+08:00,1.028,1.03,1.024,1.028,1.016695238095238,1.016695238095238,0.9471499999999999,0.0035984439356141745,-0.0008278602096551957,-0.00442630414526937,56.5069056799703,41.64518013249911,,,,
2026-06-17T09:30:00+08:00,1.024,1.03,1.024,1.027,1.018857142857143,1.016695238095238,0.9471499999999999,0.0034558899507662875,-0.00010644170681151088,-0.0035623316575777984,55.628880849250436,43.881283431173514,,,,
2026-06-17T13:30:00+08:00,1.026,1.033,1.026,1.033,1.0215333333333332,1.0215333333333332,0.9471499999999999,0.003600759493625371,0.000938617709453915,-0.002662141784171456,59.6773452361236,46.43516165304413,,,,
2026-06-18T09:30:00+08:00,1.03,1.033,1.026,1.03,1.0234571428571428,1.0215333333333332,0.9471499999999999,0.003335620400906513,0.0015073837169616855,-0.0018282366839448274,56.88271137142576,48.267007783564786,,,,
2026-06-18T13:30:00+08:00,1.03,1.031,1.026,1.027,1.0247142857142857,1.0215333333333332,0.9471499999999999,0.002819792314336133,0.0016965037089753388,-0.0011232886053607941,54.15176769267855,49.44298043713185,,,,
2026-06-22T09:30:00+08:00,1.026,1.038,1.023,1.035,1.0268571428571427,1.0268571428571427,0.9471499999999999,0.002869445208660685,0.0024635179054650624,-0.00040592730319562273,59.70714893959499,51.335364153715524,,,,
2026-06-22T13:30:00+08:00,1.035,1.046,1.033,1.044,1.0298666666666667,1.0298666666666667,0.9471499999999999,0.0033282053576128797,0.003754329393820477,0.0004261240362075972,64.8649962614741,53.37791077400108,,,,
2026-06-23T09:30:00+08:00,1.043,1.047,1.036,1.037,1.031552380952381,1.0298666666666667,0.9471499999999999,0.002990668768648748,0.0041644599970185325,0.0011737912283697844,58.583592658987676,55.05417559204521,,,,
2026-06-23T13:30:00+08:00,1.036,1.038,1.024,1.029,1.0318285714285713,1.0298666666666667,0.9471499999999999,0.002101089034044549,0.0038001525209254705,0.0016990634868809217,52.344852310453234,56.13134302820107,,,,
2026-06-24T09:30:00+08:00,1.025,1.031,1.023,1.029,1.0318571428571428,1.0298666666666667,0.9471499999999999,0.0014178850938810798,0.0034714198542322716,0.002053534760351192,52.344852310453234,56.41867937263358,,,,
2026-06-24T13:30:00+08:00,1.029,1.032,1.027,1.032,1.0321523809523807,1.0298666666666667,0.9471499999999999,0.0010880695275094629,0.0034136216697380206,0.0023255521422285578,54.45430076657518,56.91043765650111,,,,
2026-06-25T09:30:00+08:00,1.031,1.036,1.025,1.033,1.0324095238095237,1.0298666666666667,0.9471499999999999,0.0008669251663611646,0.0034092086001800137,0.002542283433818849,55.16669966099019,56.86984323600303,,,,
2026-06-25T13:30:00+08:00,1.033,1.034,1.029,1.034,1.0327238095238094,1.0298666666666667,0.9471499999999999,0.0007235106663556305,0.0034466717667633873,0.0027231611004077567,55.909388114829554,56.57738728314212,,,,
2026-06-26T09:30:00+08:00,1.029,1.03,1.01,1.018,1.0308857142857142,1.0298666666666667,0.9471499999999999,-0.00045021554955159424,0.002160391663468264,0.0026106072130198583,43.49445194285387,55.69413527111856,,,,
2026-06-26T13:30:00+08:00,1.018,1.022,1.012,1.015,1.028733333333333,1.0298666666666667,0.9471499999999999,-0.0013775367588664202,0.0008886862644368332,0.0022662230233032534,41.6279406002094,54.63135205113564,,,,
2026-06-29T09:30:00+08:00,1.011,1.015,1.005,1.014,1.0265714285714285,1.0298666666666667,0.9471499999999999,-0.0019710293610337663,-0.00019756367798895447,0.0017734656830448118,40.9963933469213,53.58617437239784,,,,
2026-06-29T13:30:00+08:00,1.013,1.021,1.012,1.02,1.0253333333333334,1.0298666666666667,0.9471499999999999,-0.0018729567753343404,-0.0005677302861231137,0.0013052264892112267,46.264097826590415,52.62808527171689,,,,
2026-06-30T09:30:00+08:00,1.016,1.023,1.014,1.021,1.024352380952381,1.0298666666666667,0.9471499999999999,-0.0016613851264609958,-0.000771504918865018,0.0008898802075959777,47.11159209628347,51.9301481806353,,,,
2026-06-30T13:30:00+08:00,1.021,1.027,1.019,1.026,1.0241238095238094,,,-0.0011307081110343065,-0.0005235049311969053,0.0006072031798374011,51.25147795047494,51.722984627620754,,,,
2026-07-01T09:30:00+08:00,1.025,1.039,1.024,1.034,1.0249714285714284,,,-0.00023381089604457728,0.00031493955978167953,0.0005487504558262568,57.04504229775467,51.53283415320358,,,,
2026-07-01T13:30:00+08:00,1.034,1.036,1.025,1.031,1.0254285714285714,,,0.00014414781143771906,0.0007289352201234056,0.0005847874086856866,54.432527073820175,50.78765778265688,,,,
2026-07-02T09:30:00+08:00,1.022,1.027,1.017,1.02,1.0245428571428572,,,-0.0003338371566311011,0.0001674909628968102,0.0005013281195279113,46.09640454387302,49.8957157744344,,,,
2026-07-02T13:30:00+08:00,1.019,1.02,1.01,1.015,1.023152380952381,,,-0.0009395874109774831,-0.0006731561441939427,0.0002664312667835405,42.88171015712248,49.21977704919649,,,,
2026-07-03T09:30:00+08:00,1.012,1.023,1.012,1.018,1.022295238095238,,,-0.0010809812219403274,-0.0010847952606418687,-0.0000038140387015413624,45.344581890243,48.71975773346719,,,,
2026-07-03T13:30:00+08:00,1.018,1.024,1.017,1.019,1.0216761904761906,,,-0.0010490848658271476,-0.001315170120985476,-0.00026608525515832833,46.17767299534693,48.12857003552232,,,,
2026-07-06T09:30:00+08:00,1.021,1.023,1.011,1.018,1.0210476190476192,,,-0.0010354899008908037,-0.001560447631271833,-0.0005249577303810293,45.43190303038112,47.43322741905025,,,,
2026-07-06T13:30:00+08:00,1.017,1.021,1.015,1.018,1.0205619047619046,,,-0.0009679008091541404,-0.0017348337418237048,-0.0007669329326695643,45.431903030381115,46.684835627303926,,,,
2026-07-07T09:30:00+08:00,1.014,1.015,1.003,1.007,1.0187619047619048,,,-0.0015698006369174401,-0.0027291837288163645,-0.0011593830918989244,37.67055860072371,46.268843245723204,,,,
2026-07-07T13:30:00+08:00,1.007,1.008,1.002,1.006,1.0169333333333335,,,-0.0019180160343378726,-0.0035569031348212654,-0.0016388871004833928,37.05087992318422,45.941910340221405,,,,
2026-07-08T09:30:00+08:00,1.005,1.01,1,1.004,1.0149238095238096,,,-0.002148419036272685,-0.004324410895824249,-0.002175991859551564,35.78306260492319,45.56952957293583,,,,
2026-07-08T13:30:00+08:00,1.005,1.007,1,1.002,1.0127428571428572,,,-0.0022880047234740074,-0.005035997763894073,-0.002747993040420066,34.5113053521774,44.73004439619204,,,,
2026-07-09T09:30:00+08:00,1.003,1.004,0.992,1,1.0104666666666666,,,-0.002358135739266216,-0.005695662714502836,-0.00333752697523662,33.2390903059528,43.739151411168415,,,,
2026-07-09T13:30:00+08:00,1,1.017,0.998,1.016,1.0105238095238096,,,-0.0012269649117762744,-0.004871233114956963,-0.003644268203180689,49.3312406706862,43.60199160546922,,,,
2026-07-10T09:30:00+08:00,1.013,1.024,1.012,1.02,1.0112095238095238,,,-0.0001651546705379132,-0.00385071154135308,-0.003685556870815167,52.419044405422525,43.27156318458835,,,,
2026-07-10T13:30:00+08:00,1.02,1.022,1.006,1.007,1.0102952380952384,,,-0.0002870040124269913,-0.004044311886348906,-0.0037573078739219145,43.203930269502244,42.469520555708506,,,,
2026-07-13T09:30:00+08:00,1.001,1.004,0.985,0.986,1.0068095238095236,,,-0.0016542478762172474,-0.005825117719193473,-0.004170869842976226,33.08555702229033,41.54017430416688,,,,
2026-07-13T13:30:00+08:00,0.986,0.998,0.985,0.989,1.004047619047619,,,-0.002195013419276824,-0.006914636617072256,-0.004719623197795432,35.412690408271146,41.006672893534635,,,,
2026-07-14T09:30:00+08:00,0.986,0.993,0.978,0.992,1.0019333333333333,,,-0.002184407659520343,-0.007450132772195861,-0.005265725112675518,37.74434854378033,40.46379908307302,,,,
2026-07-14T13:30:00+08:00,0.992,1,0.988,0.999,1.0010000000000001,,,-0.001568519658260761,-0.007226374685501469,-0.005657855027240708,42.922164888118814,40.231262789699585,,,,
2026-07-15T09:30:00+08:00,0.997,1.004,0.996,1.001,1.0005238095238094,,,-0.0009210516865333068,-0.006809169635407342,-0.005888117948874035,44.346387443277564,40.153725962049336,,,,
2026-07-15T13:30:00+08:00,1.001,1.003,0.997,0.997,0.9996761904761906,,,-0.0006685380618933522,-0.006723790526240725,-0.006055252464347373,42.08461749150752,39.91463413784408,,,,
2026-07-16T09:30:00+08:00,0.99,0.994,0.986,0.988,0.9978285714285714,,,-0.0009943759375471463,-0.007298222386281306,-0.006303846448734159,37.45573924689445,39.89928989828485,,,,
2026-07-16T13:30:00+08:00,0.987,0.988,0.976,0.979,0.9949619047619048,,,-0.0016633659852879597,-0.008383053930344109,-0.006719687945056149,33.48895440651509,39.64486664709419,,,,
2026-07-17T09:30:00+08:00,0.975,0.978,0.958,0.961,0.9899523809523809,,0.9129499999999999,-0.0030829354295885047,-0.01057335723204178,-0.007490421802453275,27.26880219247242,39.03670518906199,,,,
2026-07-17T13:30:00+08:00,0.961,0.968,0.95,0.955,0.984552380952381,,0.9129499999999999,-0.004125698723246189,-0.012647545206511013,-0.008521846483264824,25.5643029650294,38.397633589979996,,,,
2026-07-20T09:30:00+08:00,0.96,0.968,0.957,0.96,0.9802666666666666,,0.9129499999999999,-0.004166226242763299,-0.013729629286718947,-0.009563403043955648,29.518077725391194,38.13184697708273,,,,
2026-07-20T13:30:00+08:00,0.96,0.962,0.95,0.961,0.9764952380952381,,0.9129499999999999,-0.003822222258963488,-0.014341180867660008,-0.01051895860869652,30.315306087851837,36.77356593545171,,,,
2026-07-21T09:30:00+08:00,0.964,0.97,0.95,0.968,0.9741809523809523,,0.9129499999999999,-0.0028636170351779774,-0.014098479902668992,-0.011234862867491015,35.790354878412,35.585802397808095,,,,
2026-07-21T13:30:00+08:00,0.969,0.977,0.966,0.977,0.9735619047619046,,0.9129499999999999,-0.0014358812407163132,-0.013029714418386407,-0.011593833177670093,42.09022540812068,35.50625205056655,,,,
2026-07-22T09:30:00+08:00,0.971,0.982,0.97,0.978,0.9733619047619048,,0.9129499999999999,-0.00029621640943618306,-0.011964103689465322,-0.011667887280029139,42.76220551958614,36.197441228944825,,,,
2026-07-22T13:30:00+08:00,0.978,0.979,0.973,0.975,0.9728380952380954,,0.9129499999999999,0.000348552491165886,-0.011232196666071781,-0.011580749157237667,41.216997906288675,36.612034621660364,,,,
2026-07-23T09:30:00+08:00,0.977,0.981,0.975,0.98,0.9731142857142856,,0.9129499999999999,0.001159077247855798,-0.010131902597417919,-0.011290979845273717,44.79730637304718,37.115817323750846,,,,
2026-07-23T13:30:00+08:00,0.979,0.982,0.978,0.982,0.9737714285714285,,0.9129499999999999,0.0018369107538846116,-0.008994841402917952,-0.010831752156802564,46.208627946240156,37.35056468504523,,,,
2026-07-24T09:30:00+08:00,0.977,0.98,0.971,0.976,0.9737904761904763,,0.9129499999999999,0.0018813148004847395,-0.008480108656196639,-0.010361423456681378,42.6830741988983,37.231756596161,,,,
2026-07-24T13:30:00+08:00,0.976,0.976,0.968,0.968,0.9729809523809525,,0.9129499999999999,0.0013944465753693205,-0.008618365237469727,-0.010012811812839048,38.46868161466476,36.9734754621008,,,,
2026-07-27T09:30:00+08:00,0.969,0.973,0.962,0.969,0.9725809523809523,,0.9129499999999999,0.0011712903682152102,-0.008548698852570036,-0.009719989220785246,39.27579735122904,37.10347961241042,,,,
2026-07-27T13:30:00+08:00,0.97,0.978,0.967,0.978,0.9735619047619046,,0.9129499999999999,0.0016329936649599787,-0.0076787471395852736,-0.009311740804545252,46.12519665342378,38.00606834433246,,,,
2026-07-28T09:30:00+08:00,0.969,0.974,0.964,0.966,0.9729523809523809,,0.9129499999999999,0.0011558575180173926,-0.007866918907023512,-0.009022776425040905,39.695947494347045,38.893721580180646,,,,
2026-07-28T13:30:00+08:00,0.966,0.968,0.963,0.967,0.9724285714285714,,0.9129499999999999,0.0009422824579069754,-0.007844923352657185,-0.00878720581056416,40.44097624722708,39.956341100337625,,,,
2026-07-29T09:30:00+08:00,0.966,0.97,0.958,0.97,0.972190476190476,,0.9129499999999999,0.0010305860138729115,-0.007498973293223021,-0.008529559307095933,42.7270084400047,40.89983615138144,,,,
2026-07-29T13:30:00+08:00,0.969,0.974,0.967,0.97,0.9718571428571429,,0.9129499999999999,0.0011096703142715447,-0.0071424714142565016,-0.008252141728528046,42.7270084400047,41.78638631939236,,,,