2026-07-13 18:05:31 | DEBUG    | matplotlib:342 | matplotlib data path: C:\Users\A1\AppData\Roaming\Python\Python313\site-packages\matplotlib\mpl-data
2026-07-13 18:05:31 | DEBUG    | matplotlib:342 | CONFIGDIR=C:\Users\A1\.matplotlib
2026-07-13 18:05:31 | DEBUG    | matplotlib:1560 | interactive is False
2026-07-13 18:05:31 | DEBUG    | matplotlib:1561 | platform is win32
2026-07-13 18:05:31 | DEBUG    | urllib3.connectionpool:1022 | Starting new HTTPS connection (1): flash-api.jin10.com:443
2026-07-13 18:05:31 | INFO     | kline_scheduler:180 | [泡沫监测] 下次自动分析：2026-07-18 10:00:00（111.9h 后）
2026-07-13 18:05:31 | INFO     | kline_scheduler:243 | [研究卡片价格] 启动补拉: 今日 05:00 定时更新尚未完成（缓存 2026-07-10 05:00:00）
2026-07-13 18:05:31 | INFO     | kline_scheduler:309 | [A股盯市收盘] 启动补拉: 缓存 2026-07-10 15:35:02
2026-07-13 18:05:31 | INFO     | kline_scheduler:321 | [A股盯市收盘] 下次更新(北京时间)：2026-07-14 15:35:00（21.5h 后）
2026-07-13 18:05:31 | DEBUG    | urllib3.connectionpool:1022 | Starting new HTTPS connection (1): money.finance.sina.com.cn:443
2026-07-13 18:05:31 | DEBUG    | urllib3.connectionpool:1022 | Starting new HTTPS connection (1): api.hyperliquid.xyz:443
2026-07-13 18:05:31 | DEBUG    | urllib3.connectionpool:1022 | Starting new HTTPS connection (1): api.hyperliquid.xyz:443
2026-07-13 18:05:31 | DEBUG    | urllib3.connectionpool:1022 | Starting new HTTPS connection (1): api.hyperliquid.xyz:443
2026-07-13 18:05:32 | DEBUG    | urllib3.connectionpool:475 | https://flash-api.jin10.com:443 "GET /get_flash_list?channel=-8200&vip=1 HTTP/1.1" 200 None
2026-07-13 18:05:32 | DEBUG    | urllib3.connectionpool:1022 | Starting new HTTPS connection (1): news.10jqka.com.cn:443
2026-07-13 18:05:32 | DEBUG    | urllib3.connectionpool:475 | https://money.finance.sina.com.cn:443 "GET /quotes_service/api/json_v2.php/CN_MarketData.getKLineData?symbol=sz002837&scale=240&ma=no&datalen=30 HTTP/1.1" 200 None
2026-07-13 18:05:32 | INFO     | backpack_quant_trading.core.a_share_strategy_mtm:138 | A股盯市 002837 收盘 66.98 @ 2026-07-13 (sina_daily)
2026-07-13 18:05:32 | DEBUG    | urllib3.connectionpool:1022 | Starting new HTTPS connection (1): money.finance.sina.com.cn:443
2026-07-13 18:05:33 | DEBUG    | urllib3.connectionpool:475 | https://news.10jqka.com.cn:443 "GET /tapp/news/push/stock?page=1&tag=&track=website HTTP/1.1" 200 None
2026-07-13 18:05:33 | DEBUG    | urllib3.connectionpool:1022 | Starting new HTTPS connection (1): np-weblist.eastmoney.com:443
2026-07-13 18:05:33 | DEBUG    | urllib3.connectionpool:475 | https://money.finance.sina.com.cn:443 "GET /quotes_service/api/json_v2.php/CN_MarketData.getKLineData?symbol=sz300308&scale=240&ma=no&datalen=30 HTTP/1.1" 200 None
2026-07-13 18:05:33 | INFO     | backpack_quant_trading.core.a_share_strategy_mtm:138 | A股盯市 300308 收盘 1108.0 @ 2026-07-13 (sina_daily)
2026-07-13 18:05:33 | DEBUG    | urllib3.connectionpool:1022 | Starting new HTTPS connection (1): money.finance.sina.com.cn:443
2026-07-13 18:05:33 | DEBUG    | urllib3.connectionpool:475 | https://np-weblist.eastmoney.com:443 "GET /comm/web/getFastNewsList?client=web&biz=web_724&fastColumn=102&sortEnd=&pageSize=80&req_trace=1710315450384 HTTP/1.1" 200 None
2026-07-13 18:05:33 | DEBUG    | urllib3.connectionpool:1022 | Starting new HTTPS connection (1): zhibo.sina.com.cn:443
2026-07-13 18:05:33 | WARNING  | backpack_quant_trading.core.research_card_prices:293 | Hyperliquid allMids 失败: HTTPSConnectionPool(host='api.hyperliquid.xyz', port=443): Max retries exceeded with url: /info (Caused by ProxyError('Cannot connect to proxy.', NewConnectionError('<urllib3.connection.HTTPSConnection object at 0x0000022850425590>: Failed to establish a new connection: [WinError 10061] 由于目标计算机积极拒绝，无法连接。')))
2026-07-13 18:05:33 | WARNING  | backpack_quant_trading.core.research_card_prices:293 | Hyperliquid allMids 失败: HTTPSConnectionPool(host='api.hyperliquid.xyz', port=443): Max retries exceeded with url: /info (Caused by ProxyError('Cannot connect to proxy.', NewConnectionError('<urllib3.connection.HTTPSConnection object at 0x0000022850425810>: Failed to establish a new connection: [WinError 10061] 由于目标计算机积极拒绝，无法连接。')))
2026-07-13 18:05:33 | INFO     | backpack_quant_trading.core.research_card_prices:698 | [研究卡片价格] 走系统代理: http://127.0.0.1:7891
2026-07-13 18:05:33 | INFO     | backpack_quant_trading.core.research_card_prices:698 | [研究卡片价格] 走系统代理: http://127.0.0.1:7891
2026-07-13 18:05:33 | DEBUG    | urllib3.connectionpool:1022 | Starting new HTTPS connection (1): finance.yahoo.com:443
2026-07-13 18:05:33 | DEBUG    | urllib3.connectionpool:1022 | Starting new HTTPS connection (1): finance.yahoo.com:443
2026-07-13 18:05:33 | WARNING  | backpack_quant_trading.core.hyperliquid_klines:116 | HL K线拉取失败 coin=HYPE interval=4h: HTTPSConnectionPool(host='api.hyperliquid.xyz', port=443): Max retries exceeded with url: /info (Caused by ProxyError('Cannot connect to proxy.', NewConnectionError('<urllib3.connection.HTTPSConnection object at 0x0000022850425950>: Failed to establish a new connection: [WinError 10061] 由于目标计算机积极拒绝，无法连接。')))
2026-07-13 18:05:33 | DEBUG    | urllib3.connectionpool:1022 | Starting new HTTPS connection (1): api.hyperliquid.xyz:443
2026-07-13 18:05:34 | DEBUG    | urllib3.connectionpool:475 | https://money.finance.sina.com.cn:443 "GET /quotes_service/api/json_v2.php/CN_MarketData.getKLineData?symbol=sh603986&scale=240&ma=no&datalen=30 HTTP/1.1" 200 None
2026-07-13 18:05:34 | INFO     | backpack_quant_trading.core.a_share_strategy_mtm:138 | A股盯市 603986 收盘 550.8 @ 2026-07-13 (sina_daily)
2026-07-13 18:05:34 | DEBUG    | urllib3.connectionpool:1022 | Starting new HTTPS connection (1): money.finance.sina.com.cn:443
2026-07-13 18:05:34 | DEBUG    | urllib3.connectionpool:475 | https://zhibo.sina.com.cn:443 "GET /api/zhibo/feed?page=1&page_size=30&zhibo_id=152&tag_id=0&dire=f&dpc=1&pagesize=30&type=1 HTTP/1.1" 200 None
2026-07-13 18:05:34 | DEBUG    | urllib3.connectionpool:1022 | Starting new HTTPS connection (1): news.futunn.com:443
2026-07-13 18:05:34 | DEBUG    | urllib3.connectionpool:475 | https://money.finance.sina.com.cn:443 "GET /quotes_service/api/json_v2.php/CN_MarketData.getKLineData?symbol=sh688146&scale=240&ma=no&datalen=30 HTTP/1.1" 200 None
2026-07-13 18:05:34 | INFO     | backpack_quant_trading.core.a_share_strategy_mtm:138 | A股盯市 688146 收盘 244.5 @ 2026-07-13 (sina_daily)
2026-07-13 18:05:35 | DEBUG    | urllib3.connectionpool:475 | https://news.futunn.com:443 "GET /news-site-api/main/get-flash-list?pageSize=40 HTTP/1.1" 200 58957
2026-07-13 18:05:35 | DEBUG    | urllib3.connectionpool:1022 | Starting new HTTPS connection (1): finance.yahoo.com:443
2026-07-13 18:05:35 | DEBUG    | urllib3.connectionpool:1022 | Starting new HTTPS connection (1): query1.finance.yahoo.com:443
2026-07-13 18:05:35 | DEBUG    | urllib3.connectionpool:1022 | Starting new HTTPS connection (1): query1.finance.yahoo.com:443
2026-07-13 18:05:36 | WARNING  | backpack_quant_trading.core.hyperliquid_klines:116 | HL K线拉取失败 coin=ETH interval=2h: HTTPSConnectionPool(host='api.hyperliquid.xyz', port=443): Max retries exceeded with url: /info (Caused by ProxyError('Cannot connect to proxy.', NewConnectionError('<urllib3.connection.HTTPSConnection object at 0x00000228503A3750>: Failed to establish a new connection: [WinError 10061] 由于目标计算机积极拒绝，无法连接。')))
2026-07-13 18:05:36 | DEBUG    | urllib3.connectionpool:1022 | Starting new HTTPS connection (1): api.polygon.io:443
2026-07-13 18:05:36 | DEBUG    | urllib3.connectionpool:475 | https://finance.yahoo.com:443 "GET / HTTP/1.1" 403 3369
2026-07-13 18:05:36 | DEBUG    | urllib3.connectionpool:1022 | Starting new HTTPS connection (1): query1.finance.yahoo.com:443
2026-07-13 18:05:38 | DEBUG    | backpack_quant_trading.core.research_card_prices:210 | Yahoo batch spark: HTTPSConnectionPool(host='query1.finance.yahoo.com', port=443): Max retries exceeded with url: /v7/finance/spark?symbols=NVDA%2CINTC%2CGOOGL%2CMSFT%2CMU%2CMRVL%2CCRDO%2CSNDK%2CIBM%2CNOK%2CRKLB%2CCRCL%2CETH-USD%2CHYPE-USD%2C603986.SH%2C688146.SH%2C300308.SZ&range=1d&interval=1d (Caused by ProxyError('Cannot connect to proxy.', NewConnectionError('<urllib3.connection.HTTPSConnection object at 0x0000022850425D10>: Failed to establish a new connection: [WinError 10061] 由于目标计算机积极拒绝，无法连接。')))
2026-07-13 18:05:38 | DEBUG    | backpack_quant_trading.core.research_card_prices:210 | Yahoo batch spark: HTTPSConnectionPool(host='query1.finance.yahoo.com', port=443): Max retries exceeded with url: /v7/finance/spark?symbols=NVDA%2CINTC%2CGOOGL%2CMSFT%2CMU%2CMRVL%2CCRDO%2CSNDK%2CIBM%2CNOK%2CRKLB%2CCRCL%2CETH-USD%2CHYPE-USD%2C603986.SH%2C688146.SH%2C300308.SZ&range=1d&interval=1d (Caused by ProxyError('Cannot connect to proxy.', NewConnectionError('<urllib3.connection.HTTPSConnection object at 0x0000022850425090>: Failed to establish a new connection: [WinError 10061] 由于目标计算机积极拒绝，无法连接。')))
2026-07-13 18:05:38 | DEBUG    | urllib3.connectionpool:1022 | Starting new HTTPS connection (1): query2.finance.yahoo.com:443
2026-07-13 18:05:38 | DEBUG    | urllib3.connectionpool:1022 | Starting new HTTPS connection (1): query2.finance.yahoo.com:443
2026-07-13 18:05:38 | WARNING  | backpack_quant_trading.core.massive_klines:269 | Massive 分批 K线失败 NVDA 2026-01-14~2026-02-17: HTTPSConnectionPool(host='api.polygon.io', port=443): Max retries exceeded with url: /v2/aggs/ticker/NVDA/range/2/hour/2026-01-14/2026-02-17?adjusted=true&sort=asc&limit=50000&apiKey=1sSgkUzRRI78x21KfdCjgsY47vlJPOIg (Caused by ProxyError('Cannot connect to proxy.', NewConnectionError('<urllib3.connection.HTTPSConnection object at 0x0000022850424F50>: Failed to establish a new connection: [WinError 10061] 由于目标计算机积极拒绝，无法连接。')))
2026-07-13 18:05:38 | DEBUG    | urllib3.connectionpool:1022 | Starting new HTTPS connection (1): api.polygon.io:443
2026-07-13 18:05:39 | DEBUG    | urllib3.connectionpool:475 | https://query1.finance.yahoo.com:443 "GET /v1/finance/search?q=NVIDIA&quotesCount=0&newsCount=50&enableFuzzyQuery=false HTTP/1.1" 403 3369
2026-07-13 18:05:39 | DEBUG    | urllib3.connectionpool:1022 | Starting new HTTPS connection (1): query2.finance.yahoo.com:443
2026-07-13 18:05:40 | DEBUG    | backpack_quant_trading.core.research_card_prices:210 | Yahoo batch spark: HTTPSConnectionPool(host='query2.finance.yahoo.com', port=443): Max retries exceeded with url: /v7/finance/spark?symbols=NVDA%2CINTC%2CGOOGL%2CMSFT%2CMU%2CMRVL%2CCRDO%2CSNDK%2CIBM%2CNOK%2CRKLB%2CCRCL%2CETH-USD%2CHYPE-USD%2C603986.SH%2C688146.SH%2C300308.SZ&range=1d&interval=1d (Caused by ProxyError('Cannot connect to proxy.', NewConnectionError('<urllib3.connection.HTTPSConnection object at 0x00000228503A2710>: Failed to establish a new connection: [WinError 10061] 由于目标计算机积极拒绝，无法连接。')))
2026-07-13 18:05:40 | DEBUG    | backpack_quant_trading.core.research_card_prices:210 | Yahoo batch spark: HTTPSConnectionPool(host='query2.finance.yahoo.com', port=443): Max retries exceeded with url: /v7/finance/spark?symbols=NVDA%2CINTC%2CGOOGL%2CMSFT%2CMU%2CMRVL%2CCRDO%2CSNDK%2CIBM%2CNOK%2CRKLB%2CCRCL%2CETH-USD%2CHYPE-USD%2C603986.SH%2C688146.SH%2C300308.SZ&range=1d&interval=1d (Caused by ProxyError('Cannot connect to proxy.', NewConnectionError('<urllib3.connection.HTTPSConnection object at 0x00000228503A2350>: Failed to establish a new connection: [WinError 10061] 由于目标计算机积极拒绝，无法连接。')))
2026-07-13 18:05:40 | WARNING  | backpack_quant_trading.core.research_card_prices:212 | Yahoo 批量 spark 失败，chunk=NVDA,INTC,GOOGL,MSFT,MU,MRVL,CRDO,SNDK,IBM,NOK,RKLB,CRCL,ETH-USD,HYPE-USD,603986
2026-07-13 18:05:40 | WARNING  | backpack_quant_trading.core.research_card_prices:212 | Yahoo 批量 spark 失败，chunk=NVDA,INTC,GOOGL,MSFT,MU,MRVL,CRDO,SNDK,IBM,NOK,RKLB,CRCL,ETH-USD,HYPE-USD,603986
2026-07-13 18:05:40 | INFO     | backpack_quant_trading.core.research_card_prices:709 | [研究卡片价格] Yahoo 批量: 请求 17 只, 返回 0 只
2026-07-13 18:05:40 | INFO     | backpack_quant_trading.core.research_card_prices:709 | [研究卡片价格] Yahoo 批量: 请求 17 只, 返回 0 只
2026-07-13 18:05:40 | DEBUG    | urllib3.connectionpool:1022 | Starting new HTTPS connection (1): api.polygon.io:443
2026-07-13 18:05:40 | DEBUG    | urllib3.connectionpool:1022 | Starting new HTTPS connection (1): api.polygon.io:443
2026-07-13 18:05:40 | WARNING  | backpack_quant_trading.core.massive_klines:269 | Massive 分批 K线失败 NVDA 2026-02-18~2026-03-24: HTTPSConnectionPool(host='api.polygon.io', port=443): Max retries exceeded with url: /v2/aggs/ticker/NVDA/range/2/hour/2026-02-18/2026-03-24?adjusted=true&sort=asc&limit=50000&apiKey=1sSgkUzRRI78x21KfdCjgsY47vlJPOIg (Caused by ProxyError('Cannot connect to proxy.', NewConnectionError('<urllib3.connection.HTTPSConnection object at 0x00000228503A1A90>: Failed to establish a new connection: [WinError 10061] 由于目标计算机积极拒绝，无法连接。')))
2026-07-13 18:05:40 | DEBUG    | urllib3.connectionpool:475 | https://query2.finance.yahoo.com:443 "GET /v1/finance/search?q=NVIDIA&quotesCount=0&newsCount=50&enableFuzzyQuery=false HTTP/1.1" 403 3369
2026-07-13 18:05:40 | DEBUG    | urllib3.connectionpool:291 | Resetting dropped connection: query1.finance.yahoo.com
2026-07-13 18:05:40 | DEBUG    | urllib3.connectionpool:1022 | Starting new HTTPS connection (1): api.polygon.io:443
2026-07-13 18:05:41 | DEBUG    | urllib3.connectionpool:475 | https://query1.finance.yahoo.com:443 "GET /v1/finance/search?q=NVDA&quotesCount=0&newsCount=50&enableFuzzyQuery=false HTTP/1.1" 403 3369
2026-07-13 18:05:41 | DEBUG    | urllib3.connectionpool:291 | Resetting dropped connection: query2.finance.yahoo.com
2026-07-13 18:05:42 | DEBUG    | backpack_quant_trading.core.research_card_prices:331 | Massive grouped 2026-07-12: HTTPSConnectionPool(host='api.polygon.io', port=443): Max retries exceeded with url: /v2/aggs/grouped/locale/us/market/stocks/2026-07-12?apiKey=1sSgkUzRRI78x21KfdCjgsY47vlJPOIg (Caused by ProxyError('Cannot connect to proxy.', NewConnectionError('<urllib3.connection.HTTPSConnection object at 0x0000022850424910>: Failed to establish a new connection: [WinError 10061] 由于目标计算机积极拒绝，无法连接。')))
2026-07-13 18:05:42 | DEBUG    | backpack_quant_trading.core.research_card_prices:331 | Massive grouped 2026-07-12: HTTPSConnectionPool(host='api.polygon.io', port=443): Max retries exceeded with url: /v2/aggs/grouped/locale/us/market/stocks/2026-07-12?apiKey=1sSgkUzRRI78x21KfdCjgsY47vlJPOIg (Caused by ProxyError('Cannot connect to proxy.', NewConnectionError('<urllib3.connection.HTTPSConnection object at 0x0000022850425F90>: Failed to establish a new connection: [WinError 10061] 由于目标计算机积极拒绝，无法连接。')))
2026-07-13 18:05:42 | DEBUG    | urllib3.connectionpool:1022 | Starting new HTTPS connection (1): api.polygon.io:443
2026-07-13 18:05:42 | DEBUG    | urllib3.connectionpool:1022 | Starting new HTTPS connection (1): api.polygon.io:443
2026-07-13 18:05:42 | WARNING  | backpack_quant_trading.core.massive_klines:269 | Massive 分批 K线失败 NVDA 2026-03-25~2026-04-28: HTTPSConnectionPool(host='api.polygon.io', port=443): Max retries exceeded with url: /v2/aggs/ticker/NVDA/range/2/hour/2026-03-25/2026-04-28?adjusted=true&sort=asc&limit=50000&apiKey=1sSgkUzRRI78x21KfdCjgsY47vlJPOIg (Caused by ProxyError('Cannot connect to proxy.', NewConnectionError('<urllib3.connection.HTTPSConnection object at 0x0000022850425950>: Failed to establish a new connection: [WinError 10061] 由于目标计算机积极拒绝，无法连接。')))
2026-07-13 18:05:43 | DEBUG    | urllib3.connectionpool:1022 | Starting new HTTPS connection (1): api.polygon.io:443
2026-07-13 18:05:43 | DEBUG    | urllib3.connectionpool:475 | https://query2.finance.yahoo.com:443 "GET /v1/finance/search?q=NVDA&quotesCount=0&newsCount=50&enableFuzzyQuery=false HTTP/1.1" 403 3369
2026-07-13 18:05:43 | DEBUG    | urllib3.connectionpool:291 | Resetting dropped connection: query1.finance.yahoo.com
2026-07-13 18:05:44 | DEBUG    | backpack_quant_trading.core.research_card_prices:331 | Massive grouped 2026-07-11: HTTPSConnectionPool(host='api.polygon.io', port=443): Max retries exceeded with url: /v2/aggs/grouped/locale/us/market/stocks/2026-07-11?apiKey=1sSgkUzRRI78x21KfdCjgsY47vlJPOIg (Caused by ProxyError('Cannot connect to proxy.', NewConnectionError('<urllib3.connection.HTTPSConnection object at 0x00000228504256D0>: Failed to establish a new connection: [WinError 10061] 由于目标计算机积极拒绝，无法连接。')))
2026-07-13 18:05:44 | DEBUG    | backpack_quant_trading.core.research_card_prices:331 | Massive grouped 2026-07-11: HTTPSConnectionPool(host='api.polygon.io', port=443): Max retries exceeded with url: /v2/aggs/grouped/locale/us/market/stocks/2026-07-11?apiKey=1sSgkUzRRI78x21KfdCjgsY47vlJPOIg (Caused by ProxyError('Cannot connect to proxy.', NewConnectionError('<urllib3.connection.HTTPSConnection object at 0x0000022850425450>: Failed to establish a new connection: [WinError 10061] 由于目标计算机积极拒绝，无法连接。')))
2026-07-13 18:05:44 | DEBUG    | urllib3.connectionpool:1022 | Starting new HTTPS connection (1): api.polygon.io:443
2026-07-13 18:05:44 | DEBUG    | urllib3.connectionpool:1022 | Starting new HTTPS connection (1): api.polygon.io:443
2026-07-13 18:05:45 | WARNING  | backpack_quant_trading.core.massive_klines:269 | Massive 分批 K线失败 NVDA 2026-04-29~2026-06-02: HTTPSConnectionPool(host='api.polygon.io', port=443): Max retries exceeded with url: /v2/aggs/ticker/NVDA/range/2/hour/2026-04-29/2026-06-02?adjusted=true&sort=asc&limit=50000&apiKey=1sSgkUzRRI78x21KfdCjgsY47vlJPOIg (Caused by ProxyError('Cannot connect to proxy.', NewConnectionError('<urllib3.connection.HTTPSConnection object at 0x0000022850426710>: Failed to establish a new connection: [WinError 10061] 由于目标计算机积极拒绝，无法连接。')))
2026-07-13 18:05:45 | DEBUG    | urllib3.connectionpool:475 | https://query1.finance.yahoo.com:443 "GET /v1/finance/search?q=MICRON&quotesCount=0&newsCount=50&enableFuzzyQuery=false HTTP/1.1" 403 3369
2026-07-13 18:05:45 | DEBUG    | urllib3.connectionpool:291 | Resetting dropped connection: query2.finance.yahoo.com
2026-07-13 18:05:45 | DEBUG    | urllib3.connectionpool:1022 | Starting new HTTPS connection (1): api.polygon.io:443
2026-07-13 18:05:46 | DEBUG    | backpack_quant_trading.core.research_card_prices:331 | Massive grouped 2026-07-10: HTTPSConnectionPool(host='api.polygon.io', port=443): Max retries exceeded with url: /v2/aggs/grouped/locale/us/market/stocks/2026-07-10?apiKey=1sSgkUzRRI78x21KfdCjgsY47vlJPOIg (Caused by ProxyError('Cannot connect to proxy.', NewConnectionError('<urllib3.connection.HTTPSConnection object at 0x0000022850426C10>: Failed to establish a new connection: [WinError 10061] 由于目标计算机积极拒绝，无法连接。')))
2026-07-13 18:05:46 | DEBUG    | backpack_quant_trading.core.research_card_prices:331 | Massive grouped 2026-07-10: HTTPSConnectionPool(host='api.polygon.io', port=443): Max retries exceeded with url: /v2/aggs/grouped/locale/us/market/stocks/2026-07-10?apiKey=1sSgkUzRRI78x21KfdCjgsY47vlJPOIg (Caused by ProxyError('Cannot connect to proxy.', NewConnectionError('<urllib3.connection.HTTPSConnection object at 0x0000022850426AD0>: Failed to establish a new connection: [WinError 10061] 由于目标计算机积极拒绝，无法连接。')))
2026-07-13 18:05:46 | DEBUG    | urllib3.connectionpool:1022 | Starting new HTTPS connection (1): api.polygon.io:443
2026-07-13 18:05:46 | DEBUG    | urllib3.connectionpool:1022 | Starting new HTTPS connection (1): api.polygon.io:443
2026-07-13 18:05:46 | DEBUG    | urllib3.connectionpool:475 | https://query2.finance.yahoo.com:443 "GET /v1/finance/search?q=MICRON&quotesCount=0&newsCount=50&enableFuzzyQuery=false HTTP/1.1" 403 3369
2026-07-13 18:05:46 | DEBUG    | urllib3.connectionpool:291 | Resetting dropped connection: query1.finance.yahoo.com
2026-07-13 18:05:47 | WARNING  | backpack_quant_trading.core.massive_klines:269 | Massive 分批 K线失败 NVDA 2026-06-03~2026-07-07: HTTPSConnectionPool(host='api.polygon.io', port=443): Max retries exceeded with url: /v2/aggs/ticker/NVDA/range/2/hour/2026-06-03/2026-07-07?adjusted=true&sort=asc&limit=50000&apiKey=1sSgkUzRRI78x21KfdCjgsY47vlJPOIg (Caused by ProxyError('Cannot connect to proxy.', NewConnectionError('<urllib3.connection.HTTPSConnection object at 0x0000022850426FD0>: Failed to establish a new connection: [WinError 10061] 由于目标计算机积极拒绝，无法连接。')))
2026-07-13 18:05:47 | DEBUG    | urllib3.connectionpool:1022 | Starting new HTTPS connection (1): api.polygon.io:443
2026-07-13 18:05:48 | DEBUG    | urllib3.connectionpool:475 | https://query1.finance.yahoo.com:443 "GET /v1/finance/search?q=MU&quotesCount=0&newsCount=50&enableFuzzyQuery=false HTTP/1.1" 403 3369
2026-07-13 18:05:48 | DEBUG    | urllib3.connectionpool:291 | Resetting dropped connection: query2.finance.yahoo.com
2026-07-13 18:05:48 | DEBUG    | backpack_quant_trading.core.research_card_prices:331 | Massive grouped 2026-07-09: HTTPSConnectionPool(host='api.polygon.io', port=443): Max retries exceeded with url: /v2/aggs/grouped/locale/us/market/stocks/2026-07-09?apiKey=1sSgkUzRRI78x21KfdCjgsY47vlJPOIg (Caused by ProxyError('Cannot connect to proxy.', NewConnectionError('<urllib3.connection.HTTPSConnection object at 0x0000022850427390>: Failed to establish a new connection: [WinError 10061] 由于目标计算机积极拒绝，无法连接。')))
2026-07-13 18:05:48 | DEBUG    | backpack_quant_trading.core.research_card_prices:331 | Massive grouped 2026-07-09: HTTPSConnectionPool(host='api.polygon.io', port=443): Max retries exceeded with url: /v2/aggs/grouped/locale/us/market/stocks/2026-07-09?apiKey=1sSgkUzRRI78x21KfdCjgsY47vlJPOIg (Caused by ProxyError('Cannot connect to proxy.', NewConnectionError('<urllib3.connection.HTTPSConnection object at 0x00000228504274D0>: Failed to establish a new connection: [WinError 10061] 由于目标计算机积极拒绝，无法连接。')))
2026-07-13 18:05:48 | DEBUG    | urllib3.connectionpool:1022 | Starting new HTTPS connection (1): api.polygon.io:443
2026-07-13 18:05:48 | DEBUG    | urllib3.connectionpool:1022 | Starting new HTTPS connection (1): api.polygon.io:443
2026-07-13 18:05:49 | DEBUG    | urllib3.connectionpool:475 | https://query2.finance.yahoo.com:443 "GET /v1/finance/search?q=MU&quotesCount=0&newsCount=50&enableFuzzyQuery=false HTTP/1.1" 403 3369
2026-07-13 18:05:49 | DEBUG    | urllib3.connectionpool:291 | Resetting dropped connection: query1.finance.yahoo.com
2026-07-13 18:05:50 | WARNING  | backpack_quant_trading.core.massive_klines:269 | Massive 分批 K线失败 NVDA 2026-07-08~2026-07-13: HTTPSConnectionPool(host='api.polygon.io', port=443): Max retries exceeded with url: /v2/aggs/ticker/NVDA/range/2/hour/2026-07-08/2026-07-13?adjusted=true&sort=asc&limit=50000&apiKey=1sSgkUzRRI78x21KfdCjgsY47vlJPOIg (Caused by ProxyError('Cannot connect to proxy.', NewConnectionError('<urllib3.connection.HTTPSConnection object at 0x0000022850427890>: Failed to establish a new connection: [WinError 10061] 由于目标计算机积极拒绝，无法连接。')))
2026-07-13 18:05:50 | INFO     | backpack_quant_trading.core.massive_klines:277 | Massive 分批 K线 NVDA 2hour: 0 批, 共 0 根
2026-07-13 18:05:50 | DEBUG    | urllib3.connectionpool:1022 | Starting new HTTPS connection (1): api.polygon.io:443
2026-07-13 18:05:50 | DEBUG    | backpack_quant_trading.core.research_card_prices:331 | Massive grouped 2026-07-08: HTTPSConnectionPool(host='api.polygon.io', port=443): Max retries exceeded with url: /v2/aggs/grouped/locale/us/market/stocks/2026-07-08?apiKey=1sSgkUzRRI78x21KfdCjgsY47vlJPOIg (Caused by ProxyError('Cannot connect to proxy.', NewConnectionError('<urllib3.connection.HTTPSConnection object at 0x00000228503A2350>: Failed to establish a new connection: [WinError 10061] 由于目标计算机积极拒绝，无法连接。')))
2026-07-13 18:05:50 | DEBUG    | backpack_quant_trading.core.research_card_prices:331 | Massive grouped 2026-07-08: HTTPSConnectionPool(host='api.polygon.io', port=443): Max retries exceeded with url: /v2/aggs/grouped/locale/us/market/stocks/2026-07-08?apiKey=1sSgkUzRRI78x21KfdCjgsY47vlJPOIg (Caused by ProxyError('Cannot connect to proxy.', NewConnectionError('<urllib3.connection.HTTPSConnection object at 0x00000228503A1A90>: Failed to establish a new connection: [WinError 10061] 由于目标计算机积极拒绝，无法连接。')))
2026-07-13 18:05:50 | DEBUG    | urllib3.connectionpool:1022 | Starting new HTTPS connection (1): api.polygon.io:443
2026-07-13 18:05:50 | DEBUG    | urllib3.connectionpool:1022 | Starting new HTTPS connection (1): api.polygon.io:443
2026-07-13 18:05:50 | DEBUG    | urllib3.connectionpool:475 | https://query1.finance.yahoo.com:443 "GET /v1/finance/search?q=SanDisk&quotesCount=0&newsCount=50&enableFuzzyQuery=false HTTP/1.1" 403 3369
2026-07-13 18:05:51 | DEBUG    | urllib3.connectionpool:291 | Resetting dropped connection: query2.finance.yahoo.com
2026-07-13 18:05:52 | WARNING  | backpack_quant_trading.core.massive_klines:269 | Massive 分批 K线失败 INTC 2026-01-14~2026-02-10: HTTPSConnectionPool(host='api.polygon.io', port=443): Max retries exceeded with url: /v2/aggs/ticker/INTC/range/1/hour/2026-01-14/2026-02-10?adjusted=true&sort=asc&limit=50000&apiKey=1sSgkUzRRI78x21KfdCjgsY47vlJPOIg (Caused by ProxyError('Cannot connect to proxy.', NewConnectionError('<urllib3.connection.HTTPSConnection object at 0x00000228503A1950>: Failed to establish a new connection: [WinError 10061] 由于目标计算机积极拒绝，无法连接。')))
2026-07-13 18:05:52 | DEBUG    | backpack_quant_trading.core.research_card_prices:331 | Massive grouped 2026-07-07: HTTPSConnectionPool(host='api.polygon.io', port=443): Max retries exceeded with url: /v2/aggs/grouped/locale/us/market/stocks/2026-07-07?apiKey=1sSgkUzRRI78x21KfdCjgsY47vlJPOIg (Caused by ProxyError('Cannot connect to proxy.', NewConnectionError('<urllib3.connection.HTTPSConnection object at 0x00000228503A2990>: Failed to establish a new connection: [WinError 10061] 由于目标计算机积极拒绝，无法连接。')))
2026-07-13 18:05:52 | DEBUG    | urllib3.connectionpool:1022 | Starting new HTTPS connection (1): api.polygon.io:443
2026-07-13 18:05:52 | DEBUG    | backpack_quant_trading.core.research_card_prices:331 | Massive grouped 2026-07-07: HTTPSConnectionPool(host='api.polygon.io', port=443): Max retries exceeded with url: /v2/aggs/grouped/locale/us/market/stocks/2026-07-07?apiKey=1sSgkUzRRI78x21KfdCjgsY47vlJPOIg (Caused by ProxyError('Cannot connect to proxy.', NewConnectionError('<urllib3.connection.HTTPSConnection object at 0x0000022850427610>: Failed to establish a new connection: [WinError 10061] 由于目标计算机积极拒绝，无法连接。')))
2026-07-13 18:05:52 | DEBUG    | urllib3.connectionpool:1022 | Starting new HTTPS connection (1): api.polygon.io:443
2026-07-13 18:05:52 | DEBUG    | urllib3.connectionpool:1022 | Starting new HTTPS connection (1): api.polygon.io:443
2026-07-13 18:05:53 | DEBUG    | urllib3.connectionpool:475 | https://query2.finance.yahoo.com:443 "GET /v1/finance/search?q=SanDisk&quotesCount=0&newsCount=50&enableFuzzyQuery=false HTTP/1.1" 403 3369
2026-07-13 18:05:53 | DEBUG    | urllib3.connectionpool:291 | Resetting dropped connection: query1.finance.yahoo.com
2026-07-13 18:05:54 | DEBUG    | backpack_quant_trading.core.research_card_prices:331 | Massive grouped 2026-07-06: HTTPSConnectionPool(host='api.polygon.io', port=443): Max retries exceeded with url: /v2/aggs/grouped/locale/us/market/stocks/2026-07-06?apiKey=1sSgkUzRRI78x21KfdCjgsY47vlJPOIg (Caused by ProxyError('Cannot connect to proxy.', NewConnectionError('<urllib3.connection.HTTPSConnection object at 0x0000022850426AD0>: Failed to establish a new connection: [WinError 10061] 由于目标计算机积极拒绝，无法连接。')))
2026-07-13 18:05:54 | DEBUG    | urllib3.connectionpool:1022 | Starting new HTTPS connection (1): api.polygon.io:443
2026-07-13 18:05:54 | DEBUG    | backpack_quant_trading.core.research_card_prices:331 | Massive grouped 2026-07-06: HTTPSConnectionPool(host='api.polygon.io', port=443): Max retries exceeded with url: /v2/aggs/grouped/locale/us/market/stocks/2026-07-06?apiKey=1sSgkUzRRI78x21KfdCjgsY47vlJPOIg (Caused by ProxyError('Cannot connect to proxy.', NewConnectionError('<urllib3.connection.HTTPSConnection object at 0x0000022850426C10>: Failed to establish a new connection: [WinError 10061] 由于目标计算机积极拒绝，无法连接。')))
2026-07-13 18:05:54 | DEBUG    | urllib3.connectionpool:1022 | Starting new HTTPS connection (1): api.polygon.io:443
2026-07-13 18:05:54 | WARNING  | backpack_quant_trading.core.massive_klines:269 | Massive 分批 K线失败 INTC 2026-02-11~2026-03-10: HTTPSConnectionPool(host='api.polygon.io', port=443): Max retries exceeded with url: /v2/aggs/ticker/INTC/range/1/hour/2026-02-11/2026-03-10?adjusted=true&sort=asc&limit=50000&apiKey=1sSgkUzRRI78x21KfdCjgsY47vlJPOIg (Caused by ProxyError('Cannot connect to proxy.', NewConnectionError('<urllib3.connection.HTTPSConnection object at 0x0000022850426D50>: Failed to establish a new connection: [WinError 10061] 由于目标计算机积极拒绝，无法连接。')))
2026-07-13 18:05:54 | DEBUG    | urllib3.connectionpool:475 | https://query1.finance.yahoo.com:443 "GET /v1/finance/search?q=SNDK&quotesCount=0&newsCount=50&enableFuzzyQuery=false HTTP/1.1" 403 3369
2026-07-13 18:05:54 | DEBUG    | urllib3.connectionpool:291 | Resetting dropped connection: query2.finance.yahoo.com
2026-07-13 18:05:54 | DEBUG    | urllib3.connectionpool:1022 | Starting new HTTPS connection (1): api.polygon.io:443
2026-07-13 18:05:55 | DEBUG    | urllib3.connectionpool:475 | https://query2.finance.yahoo.com:443 "GET /v1/finance/search?q=SNDK&quotesCount=0&newsCount=50&enableFuzzyQuery=false HTTP/1.1" 403 3369
2026-07-13 18:05:55 | DEBUG    | urllib3.connectionpool:291 | Resetting dropped connection: query1.finance.yahoo.com
2026-07-13 18:05:56 | DEBUG    | backpack_quant_trading.core.research_card_prices:331 | Massive grouped 2026-07-05: HTTPSConnectionPool(host='api.polygon.io', port=443): Max retries exceeded with url: /v2/aggs/grouped/locale/us/market/stocks/2026-07-05?apiKey=1sSgkUzRRI78x21KfdCjgsY47vlJPOIg (Caused by ProxyError('Cannot connect to proxy.', NewConnectionError('<urllib3.connection.HTTPSConnection object at 0x0000022850426710>: Failed to establish a new connection: [WinError 10061] 由于目标计算机积极拒绝，无法连接。')))
2026-07-13 18:05:56 | DEBUG    | urllib3.connectionpool:1022 | Starting new HTTPS connection (1): api.polygon.io:443
2026-07-13 18:05:56 | DEBUG    | backpack_quant_trading.core.research_card_prices:331 | Massive grouped 2026-07-05: HTTPSConnectionPool(host='api.polygon.io', port=443): Max retries exceeded with url: /v2/aggs/grouped/locale/us/market/stocks/2026-07-05?apiKey=1sSgkUzRRI78x21KfdCjgsY47vlJPOIg (Caused by ProxyError('Cannot connect to proxy.', NewConnectionError('<urllib3.connection.HTTPSConnection object at 0x0000022850425450>: Failed to establish a new connection: [WinError 10061] 由于目标计算机积极拒绝，无法连接。')))
2026-07-13 18:05:56 | DEBUG    | urllib3.connectionpool:1022 | Starting new HTTPS connection (1): api.polygon.io:443
2026-07-13 18:05:56 | WARNING  | backpack_quant_trading.core.massive_klines:269 | Massive 分批 K线失败 INTC 2026-03-11~2026-04-07: HTTPSConnectionPool(host='api.polygon.io', port=443): Max retries exceeded with url: /v2/aggs/ticker/INTC/range/1/hour/2026-03-11/2026-04-07?adjusted=true&sort=asc&limit=50000&apiKey=1sSgkUzRRI78x21KfdCjgsY47vlJPOIg (Caused by ProxyError('Cannot connect to proxy.', NewConnectionError('<urllib3.connection.HTTPSConnection object at 0x0000022850426490>: Failed to establish a new connection: [WinError 10061] 由于目标计算机积极拒绝，无法连接。')))
2026-07-13 18:05:57 | DEBUG    | urllib3.connectionpool:1022 | Starting new HTTPS connection (1): api.polygon.io:443
2026-07-13 18:05:57 | DEBUG    | urllib3.connectionpool:475 | https://query1.finance.yahoo.com:443 "GET /v1/finance/search?q=WDC&quotesCount=0&newsCount=50&enableFuzzyQuery=false HTTP/1.1" 403 3369
2026-07-13 18:05:57 | DEBUG    | urllib3.connectionpool:291 | Resetting dropped connection: query2.finance.yahoo.com
2026-07-13 18:05:58 | DEBUG    | backpack_quant_trading.core.research_card_prices:331 | Massive grouped 2026-07-04: HTTPSConnectionPool(host='api.polygon.io', port=443): Max retries exceeded with url: /v2/aggs/grouped/locale/us/market/stocks/2026-07-04?apiKey=1sSgkUzRRI78x21KfdCjgsY47vlJPOIg (Caused by ProxyError('Cannot connect to proxy.', NewConnectionError('<urllib3.connection.HTTPSConnection object at 0x0000022850425950>: Failed to establish a new connection: [WinError 10061] 由于目标计算机积极拒绝，无法连接。')))
2026-07-13 18:05:58 | DEBUG    | urllib3.connectionpool:1022 | Starting new HTTPS connection (1): push2.eastmoney.com:443
2026-07-13 18:05:58 | DEBUG    | backpack_quant_trading.core.research_card_prices:331 | Massive grouped 2026-07-04: HTTPSConnectionPool(host='api.polygon.io', port=443): Max retries exceeded with url: /v2/aggs/grouped/locale/us/market/stocks/2026-07-04?apiKey=1sSgkUzRRI78x21KfdCjgsY47vlJPOIg (Caused by ProxyError('Cannot connect to proxy.', NewConnectionError('<urllib3.connection.HTTPSConnection object at 0x0000022850425F90>: Failed to establish a new connection: [WinError 10061] 由于目标计算机积极拒绝，无法连接。')))
2026-07-13 18:05:58 | DEBUG    | urllib3.connectionpool:1022 | Starting new HTTPS connection (1): push2.eastmoney.com:443
2026-07-13 18:05:59 | DEBUG    | urllib3.connectionpool:475 | https://push2.eastmoney.com:443 "GET /api/qt/stock/get?secid=1.603986&fields=f43%2Cf57%2Cf152&ut=fa5fd1943c7b386f172d6893dbfba10b HTTP/1.1" 200 None
2026-07-13 18:05:59 | DEBUG    | urllib3.connectionpool:1022 | Starting new HTTPS connection (1): push2.eastmoney.com:443
2026-07-13 18:05:59 | DEBUG    | urllib3.connectionpool:475 | https://push2.eastmoney.com:443 "GET /api/qt/stock/get?secid=1.603986&fields=f43%2Cf57%2Cf152&ut=fa5fd1943c7b386f172d6893dbfba10b HTTP/1.1" 200 None
2026-07-13 18:05:59 | DEBUG    | urllib3.connectionpool:1022 | Starting new HTTPS connection (1): push2.eastmoney.com:443
2026-07-13 18:05:59 | WARNING  | backpack_quant_trading.core.massive_klines:269 | Massive 分批 K线失败 INTC 2026-04-08~2026-05-05: HTTPSConnectionPool(host='api.polygon.io', port=443): Max retries exceeded with url: /v2/aggs/ticker/INTC/range/1/hour/2026-04-08/2026-05-05?adjusted=true&sort=asc&limit=50000&apiKey=1sSgkUzRRI78x21KfdCjgsY47vlJPOIg (Caused by ProxyError('Cannot connect to proxy.', NewConnectionError('<urllib3.connection.HTTPSConnection object at 0x00000228504251D0>: Failed to establish a new connection: [WinError 10061] 由于目标计算机积极拒绝，无法连接。')))
2026-07-13 18:05:59 | DEBUG    | urllib3.connectionpool:1022 | Starting new HTTPS connection (1): api.polygon.io:443
2026-07-13 18:05:59 | DEBUG    | urllib3.connectionpool:475 | https://push2.eastmoney.com:443 "GET /api/qt/stock/get?secid=1.688146&fields=f43%2Cf57%2Cf152&ut=fa5fd1943c7b386f172d6893dbfba10b HTTP/1.1" 200 None
2026-07-13 18:05:59 | DEBUG    | urllib3.connectionpool:1022 | Starting new HTTPS connection (1): push2.eastmoney.com:443
2026-07-13 18:06:00 | DEBUG    | urllib3.connectionpool:475 | https://push2.eastmoney.com:443 "GET /api/qt/stock/get?secid=1.688146&fields=f43%2Cf57%2Cf152&ut=fa5fd1943c7b386f172d6893dbfba10b HTTP/1.1" 200 None
2026-07-13 18:06:00 | DEBUG    | urllib3.connectionpool:1022 | Starting new HTTPS connection (1): push2.eastmoney.com:443
2026-07-13 18:06:00 | DEBUG    | urllib3.connectionpool:475 | https://query2.finance.yahoo.com:443 "GET /v1/finance/search?q=WDC&quotesCount=0&newsCount=50&enableFuzzyQuery=false HTTP/1.1" 403 3369
2026-07-13 18:06:00 | DEBUG    | urllib3.connectionpool:291 | Resetting dropped connection: query1.finance.yahoo.com
2026-07-13 18:06:00 | DEBUG    | urllib3.connectionpool:475 | https://push2.eastmoney.com:443 "GET /api/qt/stock/get?secid=0.300308&fields=f43%2Cf57%2Cf152&ut=fa5fd1943c7b386f172d6893dbfba10b HTTP/1.1" 200 None
2026-07-13 18:06:00 | INFO     | backpack_quant_trading.core.research_card_prices:763 | [研究卡片价格] Massive prev 补缺 12 只
2026-07-13 18:06:00 | DEBUG    | urllib3.connectionpool:1022 | Starting new HTTPS connection (1): api.polygon.io:443
2026-07-13 18:06:00 | DEBUG    | urllib3.connectionpool:475 | https://push2.eastmoney.com:443 "GET /api/qt/stock/get?secid=0.300308&fields=f43%2Cf57%2Cf152&ut=fa5fd1943c7b386f172d6893dbfba10b HTTP/1.1" 200 None
2026-07-13 18:06:00 | INFO     | backpack_quant_trading.core.research_card_prices:763 | [研究卡片价格] Massive prev 补缺 12 只
2026-07-13 18:06:00 | DEBUG    | urllib3.connectionpool:1022 | Starting new HTTPS connection (1): api.polygon.io:443
2026-07-13 18:06:01 | DEBUG    | urllib3.connectionpool:475 | https://query1.finance.yahoo.com:443 "GET /v1/finance/search?q=INTEL&quotesCount=0&newsCount=50&enableFuzzyQuery=false HTTP/1.1" 403 3369
2026-07-13 18:06:01 | DEBUG    | urllib3.connectionpool:291 | Resetting dropped connection: query2.finance.yahoo.com
2026-07-13 18:06:01 | WARNING  | backpack_quant_trading.core.massive_klines:269 | Massive 分批 K线失败 INTC 2026-05-06~2026-06-02: HTTPSConnectionPool(host='api.polygon.io', port=443): Max retries exceeded with url: /v2/aggs/ticker/INTC/range/1/hour/2026-05-06/2026-06-02?adjusted=true&sort=asc&limit=50000&apiKey=1sSgkUzRRI78x21KfdCjgsY47vlJPOIg (Caused by ProxyError('Cannot connect to proxy.', NewConnectionError('<urllib3.connection.HTTPSConnection object at 0x00000228503A2990>: Failed to establish a new connection: [WinError 10061] 由于目标计算机积极拒绝，无法连接。')))
2026-07-13 18:06:01 | DEBUG    | urllib3.connectionpool:1022 | Starting new HTTPS connection (1): api.polygon.io:443
2026-07-13 18:06:02 | DEBUG    | backpack_quant_trading.core.research_card_prices:351 | Massive prev NVDA: HTTPSConnectionPool(host='api.polygon.io', port=443): Max retries exceeded with url: /v2/aggs/ticker/NVDA/prev?apiKey=1sSgkUzRRI78x21KfdCjgsY47vlJPOIg (Caused by ProxyError('Cannot connect to proxy.', NewConnectionError('<urllib3.connection.HTTPSConnection object at 0x00000228503A1950>: Failed to establish a new connection: [WinError 10061] 由于目标计算机积极拒绝，无法连接。')))
2026-07-13 18:06:02 | DEBUG    | backpack_quant_trading.core.research_card_prices:351 | Massive prev NVDA: HTTPSConnectionPool(host='api.polygon.io', port=443): Max retries exceeded with url: /v2/aggs/ticker/NVDA/prev?apiKey=1sSgkUzRRI78x21KfdCjgsY47vlJPOIg (Caused by ProxyError('Cannot connect to proxy.', NewConnectionError('<urllib3.connection.HTTPSConnection object at 0x00000228503A25D0>: Failed to establish a new connection: [WinError 10061] 由于目标计算机积极拒绝，无法连接。')))
2026-07-13 18:06:03 | DEBUG    | urllib3.connectionpool:475 | https://query2.finance.yahoo.com:443 "GET /v1/finance/search?q=INTEL&quotesCount=0&newsCount=50&enableFuzzyQuery=false HTTP/1.1" 403 3369
2026-07-13 18:06:03 | DEBUG    | urllib3.connectionpool:291 | Resetting dropped connection: finance.yahoo.com
2026-07-13 18:06:04 | WARNING  | backpack_quant_trading.core.massive_klines:269 | Massive 分批 K线失败 INTC 2026-06-03~2026-06-30: HTTPSConnectionPool(host='api.polygon.io', port=443): Max retries exceeded with url: /v2/aggs/ticker/INTC/range/1/hour/2026-06-03/2026-06-30?adjusted=true&sort=asc&limit=50000&apiKey=1sSgkUzRRI78x21KfdCjgsY47vlJPOIg (Caused by ProxyError('Cannot connect to proxy.', NewConnectionError('<urllib3.connection.HTTPSConnection object at 0x00000228503A2350>: Failed to establish a new connection: [WinError 10061] 由于目标计算机积极拒绝，无法连接。')))
2026-07-13 18:06:04 | DEBUG    | urllib3.connectionpool:1022 | Starting new HTTPS connection (1): api.polygon.io:443
2026-07-13 18:06:05 | DEBUG    | urllib3.connectionpool:475 | https://finance.yahoo.com:443 "POST /xhr/ncp?queryRef=latestNews&serviceKey=ncp_fin HTTP/1.1" 403 3369
2026-07-13 18:06:05 | DEBUG    | urllib3.connectionpool:1022 | Starting new HTTPS connection (1): feeds.finance.yahoo.com:443
2026-07-13 18:06:06 | WARNING  | backpack_quant_trading.core.massive_klines:269 | Massive 分批 K线失败 INTC 2026-07-01~2026-07-13: HTTPSConnectionPool(host='api.polygon.io', port=443): Max retries exceeded with url: /v2/aggs/ticker/INTC/range/1/hour/2026-07-01/2026-07-13?adjusted=true&sort=asc&limit=50000&apiKey=1sSgkUzRRI78x21KfdCjgsY47vlJPOIg (Caused by ProxyError('Cannot connect to proxy.', NewConnectionError('<urllib3.connection.HTTPSConnection object at 0x0000022850425D10>: Failed to establish a new connection: [WinError 10061] 由于目标计算机积极拒绝，无法连接。')))
2026-07-13 18:06:06 | INFO     | backpack_quant_trading.core.massive_klines:277 | Massive 分批 K线 INTC 1hour: 0 批, 共 0 根
2026-07-13 18:06:06 | DEBUG    | urllib3.connectionpool:1022 | Starting new HTTPS connection (1): api.polygon.io:443
2026-07-13 18:06:06 | DEBUG    | urllib3.connectionpool:475 | https://feeds.finance.yahoo.com:443 "GET /rss/2.0/headline?s=NVIDIA&region=US&lang=en-US HTTP/1.1" 200 395
2026-07-13 18:06:06 | DEBUG    | urllib3.connectionpool:475 | https://feeds.finance.yahoo.com:443 "GET /rss/2.0/headline?s=NVDA&region=US&lang=en-US HTTP/1.1" 200 4545
2026-07-13 18:06:07 | DEBUG    | urllib3.connectionpool:475 | https://feeds.finance.yahoo.com:443 "GET /rss/2.0/headline?s=MICRON&region=US&lang=en-US HTTP/1.1" 200 394
2026-07-13 18:06:08 | DEBUG    | urllib3.connectionpool:475 | https://feeds.finance.yahoo.com:443 "GET /rss/2.0/headline?s=MU&region=US&lang=en-US HTTP/1.1" 200 5357
2026-07-13 18:06:08 | DEBUG    | backpack_quant_trading.core.stock_news_feeds:786 | [雅虎财经] 直连 Search 获取 39 条
2026-07-13 18:06:08 | INFO     | stock_news_alert:514 | 轮询完成 @ 2026-07-13 18:05:31 | 拉取 228 条 (金十数据=19, 同花顺=20, 东方财富=80, 新浪财经=30, 富途牛牛=40, 雅虎财经=39) | 已推送过 0 | 非最新 1 | 未命中关键词 188 | 非重要快讯 39 | 内容相似去重 0 | 新命中 0 | 待推送 0 | 雅虎搜索词: NVIDIA, NVDA, MICRON, MU, SanDisk, SNDK, WDC, INTEL
2026-07-13 18:06:08 | WARNING  | backpack_quant_trading.core.massive_klines:269 | Massive 分批 K线失败 MU 2025-12-14~2026-01-17: HTTPSConnectionPool(host='api.polygon.io', port=443): Max retries exceeded with url: /v2/aggs/ticker/MU/range/2/hour/2025-12-14/2026-01-17?adjusted=true&sort=asc&limit=50000&apiKey=1sSgkUzRRI78x21KfdCjgsY47vlJPOIg (Caused by ProxyError('Cannot connect to proxy.', NewConnectionError('<urllib3.connection.HTTPSConnection object at 0x0000022850425810>: Failed to establish a new connection: [WinError 10061] 由于目标计算机积极拒绝，无法连接。')))
2026-07-13 18:06:08 | DEBUG    | urllib3.connectionpool:1022 | Starting new HTTPS connection (1): api.polygon.io:443
2026-07-13 18:06:10 | WARNING  | backpack_quant_trading.core.massive_klines:269 | Massive 分批 K线失败 MU 2026-01-18~2026-02-21: HTTPSConnectionPool(host='api.polygon.io', port=443): Max retries exceeded with url: /v2/aggs/ticker/MU/range/2/hour/2026-01-18/2026-02-21?adjusted=true&sort=asc&limit=50000&apiKey=1sSgkUzRRI78x21KfdCjgsY47vlJPOIg (Caused by ProxyError('Cannot connect to proxy.', NewConnectionError('<urllib3.connection.HTTPSConnection object at 0x00000228503A3750>: Failed to establish a new connection: [WinError 10061] 由于目标计算机积极拒绝，无法连接。')))
2026-07-13 18:06:11 | DEBUG    | urllib3.connectionpool:1022 | Starting new HTTPS connection (1): api.polygon.io:443
2026-07-13 18:06:13 | WARNING  | backpack_quant_trading.core.massive_klines:269 | Massive 分批 K线失败 MU 2026-02-22~2026-03-28: HTTPSConnectionPool(host='api.polygon.io', port=443): Max retries exceeded with url: /v2/aggs/ticker/MU/range/2/hour/2026-02-22/2026-03-28?adjusted=true&sort=asc&limit=50000&apiKey=1sSgkUzRRI78x21KfdCjgsY47vlJPOIg (Caused by ProxyError('Cannot connect to proxy.', NewConnectionError('<urllib3.connection.HTTPSConnection object at 0x0000022850424B90>: Failed to establish a new connection: [WinError 10061] 由于目标计算机积极拒绝，无法连接。')))
2026-07-13 18:06:13 | DEBUG    | urllib3.connectionpool:1022 | Starting new HTTPS connection (1): api.polygon.io:443
2026-07-13 18:06:15 | WARNING  | backpack_quant_trading.core.massive_klines:269 | Massive 分批 K线失败 MU 2026-03-29~2026-05-02: HTTPSConnectionPool(host='api.polygon.io', port=443): Max retries exceeded with url: /v2/aggs/ticker/MU/range/2/hour/2026-03-29/2026-05-02?adjusted=true&sort=asc&limit=50000&apiKey=1sSgkUzRRI78x21KfdCjgsY47vlJPOIg (Caused by ProxyError('Cannot connect to proxy.', NewConnectionError('<urllib3.connection.HTTPSConnection object at 0x0000022850425590>: Failed to establish a new connection: [WinError 10061] 由于目标计算机积极拒绝，无法连接。')))
2026-07-13 18:06:15 | DEBUG    | urllib3.connectionpool:1022 | Starting new HTTPS connection (1): api.polygon.io:443
2026-07-13 18:06:15 | DEBUG    | urllib3.connectionpool:1022 | Starting new HTTPS connection (1): api.polygon.io:443
2026-07-13 18:06:15 | DEBUG    | urllib3.connectionpool:1022 | Starting new HTTPS connection (1): api.polygon.io:443
2026-07-13 18:06:17 | DEBUG    | backpack_quant_trading.core.research_card_prices:351 | Massive prev INTC: HTTPSConnectionPool(host='api.polygon.io', port=443): Max retries exceeded with url: /v2/aggs/ticker/INTC/prev?apiKey=1sSgkUzRRI78x21KfdCjgsY47vlJPOIg (Caused by ProxyError('Cannot connect to proxy.', NewConnectionError('<urllib3.connection.HTTPSConnection object at 0x0000022850426490>: Failed to establish a new connection: [WinError 10061] 由于目标计算机积极拒绝，无法连接。')))
2026-07-13 18:06:17 | DEBUG    | backpack_quant_trading.core.research_card_prices:351 | Massive prev INTC: HTTPSConnectionPool(host='api.polygon.io', port=443): Max retries exceeded with url: /v2/aggs/ticker/INTC/prev?apiKey=1sSgkUzRRI78x21KfdCjgsY47vlJPOIg (Caused by ProxyError('Cannot connect to proxy.', NewConnectionError('<urllib3.connection.HTTPSConnection object at 0x0000022850427C50>: Failed to establish a new connection: [WinError 10061] 由于目标计算机积极拒绝，无法连接。')))
2026-07-13 18:06:18 | WARNING  | backpack_quant_trading.core.massive_klines:269 | Massive 分批 K线失败 MU 2026-05-03~2026-06-06: HTTPSConnectionPool(host='api.polygon.io', port=443): Max retries exceeded with url: /v2/aggs/ticker/MU/range/2/hour/2026-05-03/2026-06-06?adjusted=true&sort=asc&limit=50000&apiKey=1sSgkUzRRI78x21KfdCjgsY47vlJPOIg (Caused by ProxyError('Cannot connect to proxy.', NewConnectionError('<urllib3.connection.HTTPSConnection object at 0x0000022850425450>: Failed to establish a new connection: [WinError 10061] 由于目标计算机积极拒绝，无法连接。')))
2026-07-13 18:06:18 | DEBUG    | urllib3.connectionpool:1022 | Starting new HTTPS connection (1): api.polygon.io:443
2026-07-13 18:06:20 | WARNING  | backpack_quant_trading.core.massive_klines:269 | Massive 分批 K线失败 MU 2026-06-07~2026-07-11: HTTPSConnectionPool(host='api.polygon.io', port=443): Max retries exceeded with url: /v2/aggs/ticker/MU/range/2/hour/2026-06-07/2026-07-11?adjusted=true&sort=asc&limit=50000&apiKey=1sSgkUzRRI78x21KfdCjgsY47vlJPOIg (Caused by ProxyError('Cannot connect to proxy.', NewConnectionError('<urllib3.connection.HTTPSConnection object at 0x0000022850426D50>: Failed to establish a new connection: [WinError 10061] 由于目标计算机积极拒绝，无法连接。')))
2026-07-13 18:06:20 | DEBUG    | urllib3.connectionpool:1022 | Starting new HTTPS connection (1): api.polygon.io:443
2026-07-13 18:06:22 | WARNING  | backpack_quant_trading.core.massive_klines:269 | Massive 分批 K线失败 MU 2026-07-12~2026-07-13: HTTPSConnectionPool(host='api.polygon.io', port=443): Max retries exceeded with url: /v2/aggs/ticker/MU/range/2/hour/2026-07-12/2026-07-13?adjusted=true&sort=asc&limit=50000&apiKey=1sSgkUzRRI78x21KfdCjgsY47vlJPOIg (Caused by ProxyError('Cannot connect to proxy.', NewConnectionError('<urllib3.connection.HTTPSConnection object at 0x0000022850426E90>: Failed to establish a new connection: [WinError 10061] 由于目标计算机积极拒绝，无法连接。')))
2026-07-13 18:06:22 | INFO     | backpack_quant_trading.core.massive_klines:277 | Massive 分批 K线 MU 2hour: 0 批, 共 0 根
2026-07-13 18:06:22 | DEBUG    | urllib3.connectionpool:1022 | Starting new HTTPS connection (1): finance.yahoo.com:443
2026-07-13 18:06:24 | DEBUG    | urllib3.connectionpool:1022 | Starting new HTTPS connection (1): query1.finance.yahoo.com:443
2026-07-13 18:06:26 | WARNING  | backpack_quant_trading.core.a_share_strategy_import:812 | Yahoo K线 300308.SZ interval=60m 失败: HTTPSConnectionPool(host='query1.finance.yahoo.com', port=443): Max retries exceeded with url: /v8/finance/chart/300308.SZ?period1=1770773400&period2=1784023582&interval=60m (Caused by ProxyError('Cannot connect to proxy.', NewConnectionError('<urllib3.connection.HTTPSConnection object at 0x00000228503A2850>: Failed to establish a new connection: [WinError 10061] 由于目标计算机积极拒绝，无法连接。')))
2026-07-13 18:06:26 | DEBUG    | urllib3.connectionpool:1022 | Starting new HTTPS connection (1): finance.yahoo.com:443
2026-07-13 18:06:28 | DEBUG    | urllib3.connectionpool:1022 | Starting new HTTPS connection (1): query1.finance.yahoo.com:443
2026-07-13 18:06:30 | DEBUG    | urllib3.connectionpool:1022 | Starting new HTTPS connection (1): api.polygon.io:443
2026-07-13 18:06:30 | DEBUG    | urllib3.connectionpool:1022 | Starting new HTTPS connection (1): api.polygon.io:443
2026-07-13 18:06:30 | WARNING  | backpack_quant_trading.core.a_share_strategy_import:812 | Yahoo K线 300308.SZ interval=1h 失败: HTTPSConnectionPool(host='query1.finance.yahoo.com', port=443): Max retries exceeded with url: /v8/finance/chart/300308.SZ?period1=1770773400&period2=1784023582&interval=1h (Caused by ProxyError('Cannot connect to proxy.', NewConnectionError('<urllib3.connection.HTTPSConnection object at 0x00000228503A25D0>: Failed to establish a new connection: [WinError 10061] 由于目标计算机积极拒绝，无法连接。')))
2026-07-13 18:06:30 | DEBUG    | urllib3.connectionpool:1022 | Starting new HTTPS connection (1): finance.yahoo.com:443
2026-07-13 18:06:32 | DEBUG    | backpack_quant_trading.core.research_card_prices:351 | Massive prev GOOGL: HTTPSConnectionPool(host='api.polygon.io', port=443): Max retries exceeded with url: /v2/aggs/ticker/GOOGL/prev?apiKey=1sSgkUzRRI78x21KfdCjgsY47vlJPOIg (Caused by ProxyError('Cannot connect to proxy.', NewConnectionError('<urllib3.connection.HTTPSConnection object at 0x00000228503A3610>: Failed to establish a new connection: [WinError 10061] 由于目标计算机积极拒绝，无法连接。')))
2026-07-13 18:06:32 | DEBUG    | backpack_quant_trading.core.research_card_prices:351 | Massive prev GOOGL: HTTPSConnectionPool(host='api.polygon.io', port=443): Max retries exceeded with url: /v2/aggs/ticker/GOOGL/prev?apiKey=1sSgkUzRRI78x21KfdCjgsY47vlJPOIg (Caused by ProxyError('Cannot connect to proxy.', NewConnectionError('<urllib3.connection.HTTPSConnection object at 0x00000228503A1950>: Failed to establish a new connection: [WinError 10061] 由于目标计算机积极拒绝，无法连接。')))
2026-07-13 18:06:33 | DEBUG    | urllib3.connectionpool:1022 | Starting new HTTPS connection (1): query1.finance.yahoo.com:443
2026-07-13 18:06:35 | WARNING  | backpack_quant_trading.core.a_share_strategy_import:812 | Yahoo K线 300308.SZ interval=1d 失败: HTTPSConnectionPool(host='query1.finance.yahoo.com', port=443): Max retries exceeded with url: /v8/finance/chart/300308.SZ?period1=1770773400&period2=1784023582&interval=1d (Caused by ProxyError('Cannot connect to proxy.', NewConnectionError('<urllib3.connection.HTTPSConnection object at 0x0000022850426E90>: Failed to establish a new connection: [WinError 10061] 由于目标计算机积极拒绝，无法连接。')))
2026-07-13 18:06:35 | DEBUG    | urllib3.connectionpool:1022 | Starting new HTTPS connection (1): money.finance.sina.com.cn:443
2026-07-13 18:06:35 | DEBUG    | urllib3.connectionpool:475 | https://money.finance.sina.com.cn:443 "GET /quotes_service/api/json_v2.php/CN_MarketData.getKLineData?symbol=sz300308&scale=60&ma=no&datalen=1023 HTTP/1.1" 200 None
2026-07-13 18:06:35 | DEBUG    | urllib3.connectionpool:1022 | Starting new HTTPS connection (1): finance.yahoo.com:443
2026-07-13 18:06:38 | DEBUG    | urllib3.connectionpool:1022 | Starting new HTTPS connection (1): query1.finance.yahoo.com:443
2026-07-13 18:06:38 | DEBUG    | urllib3.connectionpool:1022 | Starting new HTTPS connection (1): flash-api.jin10.com:443
2026-07-13 18:06:38 | DEBUG    | urllib3.connectionpool:475 | https://flash-api.jin10.com:443 "GET /get_flash_list?channel=-8200&vip=1 HTTP/1.1" 200 None
2026-07-13 18:06:38 | DEBUG    | urllib3.connectionpool:1022 | Starting new HTTPS connection (1): news.10jqka.com.cn:443
2026-07-13 18:06:39 | DEBUG    | urllib3.connectionpool:475 | https://news.10jqka.com.cn:443 "GET /tapp/news/push/stock?page=1&tag=&track=website HTTP/1.1" 200 None
2026-07-13 18:06:39 | DEBUG    | urllib3.connectionpool:1022 | Starting new HTTPS connection (1): np-weblist.eastmoney.com:443
2026-07-13 18:06:39 | DEBUG    | urllib3.connectionpool:475 | https://np-weblist.eastmoney.com:443 "GET /comm/web/getFastNewsList?client=web&biz=web_724&fastColumn=102&sortEnd=&pageSize=80&req_trace=1710315450384 HTTP/1.1" 200 None
2026-07-13 18:06:40 | DEBUG    | urllib3.connectionpool:1022 | Starting new HTTPS connection (1): zhibo.sina.com.cn:443
2026-07-13 18:06:40 | WARNING  | backpack_quant_trading.core.a_share_strategy_import:812 | Yahoo K线 603986.SS interval=60m 失败: HTTPSConnectionPool(host='query1.finance.yahoo.com', port=443): Max retries exceeded with url: /v8/finance/chart/603986.SS?period1=1770355800&period2=1784023595&interval=60m (Caused by ProxyError('Cannot connect to proxy.', NewConnectionError('<urllib3.connection.HTTPSConnection object at 0x00000228503A2AD0>: Failed to establish a new connection: [WinError 10061] 由于目标计算机积极拒绝，无法连接。')))
2026-07-13 18:06:40 | DEBUG    | urllib3.connectionpool:1022 | Starting new HTTPS connection (1): finance.yahoo.com:443
2026-07-13 18:06:40 | DEBUG    | urllib3.connectionpool:475 | https://zhibo.sina.com.cn:443 "GET /api/zhibo/feed?page=1&page_size=30&zhibo_id=152&tag_id=0&dire=f&dpc=1&pagesize=30&type=1 HTTP/1.1" 200 None
2026-07-13 18:06:40 | DEBUG    | urllib3.connectionpool:1022 | Starting new HTTPS connection (1): news.futunn.com:443
2026-07-13 18:06:41 | DEBUG    | urllib3.connectionpool:475 | https://news.futunn.com:443 "GET /news-site-api/main/get-flash-list?pageSize=40 HTTP/1.1" 200 58957
2026-07-13 18:06:41 | DEBUG    | urllib3.connectionpool:1022 | Starting new HTTPS connection (1): finance.yahoo.com:443
2026-07-13 18:06:42 | DEBUG    | urllib3.connectionpool:1022 | Starting new HTTPS connection (1): query1.finance.yahoo.com:443
2026-07-13 18:06:44 | WARNING  | backpack_quant_trading.core.a_share_strategy_import:812 | Yahoo K线 603986.SS interval=1h 失败: HTTPSConnectionPool(host='query1.finance.yahoo.com', port=443): Max retries exceeded with url: /v8/finance/chart/603986.SS?period1=1770355800&period2=1784023595&interval=1h (Caused by ProxyError('Cannot connect to proxy.', NewConnectionError('<urllib3.connection.HTTPSConnection object at 0x0000022850426D50>: Failed to establish a new connection: [WinError 10061] 由于目标计算机积极拒绝，无法连接。')))
2026-07-13 18:06:44 | DEBUG    | urllib3.connectionpool:1022 | Starting new HTTPS connection (1): finance.yahoo.com:443
2026-07-13 18:06:44 | DEBUG    | urllib3.connectionpool:475 | https://finance.yahoo.com:443 "GET / HTTP/1.1" 403 3369
2026-07-13 18:06:45 | DEBUG    | urllib3.connectionpool:1022 | Starting new HTTPS connection (1): query1.finance.yahoo.com:443
2026-07-13 18:06:45 | DEBUG    | urllib3.connectionpool:1022 | Starting new HTTPS connection (1): api.polygon.io:443
2026-07-13 18:06:45 | DEBUG    | urllib3.connectionpool:1022 | Starting new HTTPS connection (1): api.polygon.io:443
2026-07-13 18:06:46 | DEBUG    | urllib3.connectionpool:1022 | Starting new HTTPS connection (1): query1.finance.yahoo.com:443
2026-07-13 18:06:46 | DEBUG    | urllib3.connectionpool:475 | https://query1.finance.yahoo.com:443 "GET /v1/finance/search?q=NVIDIA&quotesCount=0&newsCount=50&enableFuzzyQuery=false HTTP/1.1" 403 3369
2026-07-13 18:06:46 | DEBUG    | urllib3.connectionpool:1022 | Starting new HTTPS connection (1): query2.finance.yahoo.com:443
2026-07-13 18:06:47 | DEBUG    | backpack_quant_trading.core.research_card_prices:351 | Massive prev MSFT: HTTPSConnectionPool(host='api.polygon.io', port=443): Max retries exceeded with url: /v2/aggs/ticker/MSFT/prev?apiKey=1sSgkUzRRI78x21KfdCjgsY47vlJPOIg (Caused by ProxyError('Cannot connect to proxy.', NewConnectionError('<urllib3.connection.HTTPSConnection object at 0x0000022850426710>: Failed to establish a new connection: [WinError 10061] 由于目标计算机积极拒绝，无法连接。')))
2026-07-13 18:06:47 | DEBUG    | backpack_quant_trading.core.research_card_prices:351 | Massive prev MSFT: HTTPSConnectionPool(host='api.polygon.io', port=443): Max retries exceeded with url: /v2/aggs/ticker/MSFT/prev?apiKey=1sSgkUzRRI78x21KfdCjgsY47vlJPOIg (Caused by ProxyError('Cannot connect to proxy.', NewConnectionError('<urllib3.connection.HTTPSConnection object at 0x0000022850427C50>: Failed to establish a new connection: [WinError 10061] 由于目标计算机积极拒绝，无法连接。')))
2026-07-13 18:06:48 | DEBUG    | urllib3.connectionpool:475 | https://query2.finance.yahoo.com:443 "GET /v1/finance/search?q=NVIDIA&quotesCount=0&newsCount=50&enableFuzzyQuery=false HTTP/1.1" 403 3369
2026-07-13 18:06:48 | DEBUG    | urllib3.connectionpool:291 | Resetting dropped connection: query1.finance.yahoo.com
2026-07-13 18:06:48 | WARNING  | backpack_quant_trading.core.a_share_strategy_import:812 | Yahoo K线 603986.SS interval=1d 失败: HTTPSConnectionPool(host='query1.finance.yahoo.com', port=443): Max retries exceeded with url: /v8/finance/chart/603986.SS?period1=1770355800&period2=1784023595&interval=1d (Caused by ProxyError('Cannot connect to proxy.', NewConnectionError('<urllib3.connection.HTTPSConnection object at 0x0000022850426490>: Failed to establish a new connection: [WinError 10061] 由于目标计算机积极拒绝，无法连接。')))
2026-07-13 18:06:48 | DEBUG    | urllib3.connectionpool:1022 | Starting new HTTPS connection (1): money.finance.sina.com.cn:443
2026-07-13 18:06:48 | DEBUG    | urllib3.connectionpool:475 | https://money.finance.sina.com.cn:443 "GET /quotes_service/api/json_v2.php/CN_MarketData.getKLineData?symbol=sh603986&scale=60&ma=no&datalen=1023 HTTP/1.1" 200 None
2026-07-13 18:06:49 | DEBUG    | urllib3.connectionpool:1022 | Starting new HTTPS connection (1): finance.yahoo.com:443
2026-07-13 18:06:49 | DEBUG    | urllib3.connectionpool:475 | https://query1.finance.yahoo.com:443 "GET /v1/finance/search?q=NVDA&quotesCount=0&newsCount=50&enableFuzzyQuery=false HTTP/1.1" 403 3369
2026-07-13 18:06:49 | DEBUG    | urllib3.connectionpool:291 | Resetting dropped connection: query2.finance.yahoo.com
2026-07-13 18:06:51 | DEBUG    | urllib3.connectionpool:1022 | Starting new HTTPS connection (1): query1.finance.yahoo.com:443
2026-07-13 18:06:51 | DEBUG    | urllib3.connectionpool:475 | https://query2.finance.yahoo.com:443 "GET /v1/finance/search?q=NVDA&quotesCount=0&newsCount=50&enableFuzzyQuery=false HTTP/1.1" 403 3369
2026-07-13 18:06:51 | DEBUG    | urllib3.connectionpool:291 | Resetting dropped connection: query1.finance.yahoo.com
2026-07-13 18:06:52 | DEBUG    | urllib3.connectionpool:475 | https://query1.finance.yahoo.com:443 "GET /v1/finance/search?q=MICRON&quotesCount=0&newsCount=50&enableFuzzyQuery=false HTTP/1.1" 403 3369
2026-07-13 18:06:52 | DEBUG    | urllib3.connectionpool:291 | Resetting dropped connection: query2.finance.yahoo.com
2026-07-13 18:06:53 | WARNING  | backpack_quant_trading.core.a_share_strategy_import:812 | Yahoo K线 688146.SS interval=60m 失败: HTTPSConnectionPool(host='query1.finance.yahoo.com', port=443): Max retries exceeded with url: /v8/finance/chart/688146.SS?period1=1775871000&period2=1784023609&interval=60m (Caused by ProxyError('Cannot connect to proxy.', NewConnectionError('<urllib3.connection.HTTPSConnection object at 0x00000228503A2AD0>: Failed to establish a new connection: [WinError 10061] 由于目标计算机积极拒绝，无法连接。')))
2026-07-13 18:06:53 | DEBUG    | urllib3.connectionpool:1022 | Starting new HTTPS connection (1): finance.yahoo.com:443
2026-07-13 18:06:54 | DEBUG    | urllib3.connectionpool:475 | https://query2.finance.yahoo.com:443 "GET /v1/finance/search?q=MICRON&quotesCount=0&newsCount=50&enableFuzzyQuery=false HTTP/1.1" 403 3369
2026-07-13 18:06:54 | DEBUG    | urllib3.connectionpool:291 | Resetting dropped connection: query1.finance.yahoo.com
2026-07-13 18:06:55 | DEBUG    | urllib3.connectionpool:1022 | Starting new HTTPS connection (1): query1.finance.yahoo.com:443
2026-07-13 18:06:55 | DEBUG    | urllib3.connectionpool:475 | https://query1.finance.yahoo.com:443 "GET /v1/finance/search?q=MU&quotesCount=0&newsCount=50&enableFuzzyQuery=false HTTP/1.1" 403 3369
2026-07-13 18:06:55 | DEBUG    | urllib3.connectionpool:291 | Resetting dropped connection: query2.finance.yahoo.com
2026-07-13 18:06:57 | WARNING  | backpack_quant_trading.core.a_share_strategy_import:812 | Yahoo K线 688146.SS interval=1h 失败: HTTPSConnectionPool(host='query1.finance.yahoo.com', port=443): Max retries exceeded with url: /v8/finance/chart/688146.SS?period1=1775871000&period2=1784023609&interval=1h (Caused by ProxyError('Cannot connect to proxy.', NewConnectionError('<urllib3.connection.HTTPSConnection object at 0x0000022850425590>: Failed to establish a new connection: [WinError 10061] 由于目标计算机积极拒绝，无法连接。')))
2026-07-13 18:06:57 | DEBUG    | urllib3.connectionpool:1022 | Starting new HTTPS connection (1): finance.yahoo.com:443
2026-07-13 18:06:57 | DEBUG    | urllib3.connectionpool:475 | https://query2.finance.yahoo.com:443 "GET /v1/finance/search?q=MU&quotesCount=0&newsCount=50&enableFuzzyQuery=false HTTP/1.1" 403 3369
2026-07-13 18:06:57 | DEBUG    | urllib3.connectionpool:291 | Resetting dropped connection: query1.finance.yahoo.com
2026-07-13 18:06:58 | DEBUG    | urllib3.connectionpool:475 | https://query1.finance.yahoo.com:443 "GET /v1/finance/search?q=SanDisk&quotesCount=0&newsCount=50&enableFuzzyQuery=false HTTP/1.1" 403 3369
2026-07-13 18:06:58 | DEBUG    | urllib3.connectionpool:291 | Resetting dropped connection: query2.finance.yahoo.com
2026-07-13 18:06:59 | DEBUG    | urllib3.connectionpool:1022 | Starting new HTTPS connection (1): query1.finance.yahoo.com:443
2026-07-13 18:07:00 | DEBUG    | urllib3.connectionpool:475 | https://query2.finance.yahoo.com:443 "GET /v1/finance/search?q=SanDisk&quotesCount=0&newsCount=50&enableFuzzyQuery=false HTTP/1.1" 403 3369
2026-07-13 18:07:00 | DEBUG    | urllib3.connectionpool:291 | Resetting dropped connection: query1.finance.yahoo.com
2026-07-13 18:07:00 | DEBUG    | urllib3.connectionpool:1022 | Starting new HTTPS connection (1): api.polygon.io:443
2026-07-13 18:07:00 | DEBUG    | urllib3.connectionpool:1022 | Starting new HTTPS connection (1): api.polygon.io:443
2026-07-13 18:07:01 | WARNING  | backpack_quant_trading.core.a_share_strategy_import:812 | Yahoo K线 688146.SS interval=1d 失败: HTTPSConnectionPool(host='query1.finance.yahoo.com', port=443): Max retries exceeded with url: /v8/finance/chart/688146.SS?period1=1775871000&period2=1784023609&interval=1d (Caused by ProxyError('Cannot connect to proxy.', NewConnectionError('<urllib3.connection.HTTPSConnection object at 0x00000228504265D0>: Failed to establish a new connection: [WinError 10061] 由于目标计算机积极拒绝，无法连接。')))
2026-07-13 18:07:01 | DEBUG    | urllib3.connectionpool:1022 | Starting new HTTPS connection (1): money.finance.sina.com.cn:443
2026-07-13 18:07:01 | DEBUG    | urllib3.connectionpool:475 | https://money.finance.sina.com.cn:443 "GET /quotes_service/api/json_v2.php/CN_MarketData.getKLineData?symbol=sh688146&scale=60&ma=no&datalen=1023 HTTP/1.1" 200 None
2026-07-13 18:07:02 | DEBUG    | urllib3.connectionpool:1022 | Starting new HTTPS connection (1): finance.yahoo.com:443
2026-07-13 18:07:02 | DEBUG    | urllib3.connectionpool:475 | https://query1.finance.yahoo.com:443 "GET /v1/finance/search?q=SNDK&quotesCount=0&newsCount=50&enableFuzzyQuery=false HTTP/1.1" 403 3369
2026-07-13 18:07:02 | DEBUG    | urllib3.connectionpool:291 | Resetting dropped connection: query2.finance.yahoo.com
2026-07-13 18:07:02 | DEBUG    | backpack_quant_trading.core.research_card_prices:351 | Massive prev MU: HTTPSConnectionPool(host='api.polygon.io', port=443): Max retries exceeded with url: /v2/aggs/ticker/MU/prev?apiKey=1sSgkUzRRI78x21KfdCjgsY47vlJPOIg (Caused by ProxyError('Cannot connect to proxy.', NewConnectionError('<urllib3.connection.HTTPSConnection object at 0x00000228504256D0>: Failed to establish a new connection: [WinError 10061] 由于目标计算机积极拒绝，无法连接。')))
2026-07-13 18:07:02 | DEBUG    | backpack_quant_trading.core.research_card_prices:351 | Massive prev MU: HTTPSConnectionPool(host='api.polygon.io', port=443): Max retries exceeded with url: /v2/aggs/ticker/MU/prev?apiKey=1sSgkUzRRI78x21KfdCjgsY47vlJPOIg (Caused by ProxyError('Cannot connect to proxy.', NewConnectionError('<urllib3.connection.HTTPSConnection object at 0x0000022850426850>: Failed to establish a new connection: [WinError 10061] 由于目标计算机积极拒绝，无法连接。')))
2026-07-13 18:07:04 | DEBUG    | urllib3.connectionpool:475 | https://query2.finance.yahoo.com:443 "GET /v1/finance/search?q=SNDK&quotesCount=0&newsCount=50&enableFuzzyQuery=false HTTP/1.1" 403 3369
2026-07-13 18:07:04 | DEBUG    | urllib3.connectionpool:291 | Resetting dropped connection: query1.finance.yahoo.com
2026-07-13 18:07:04 | DEBUG    | urllib3.connectionpool:1022 | Starting new HTTPS connection (1): query1.finance.yahoo.com:443
2026-07-13 18:07:05 | DEBUG    | urllib3.connectionpool:475 | https://query1.finance.yahoo.com:443 "GET /v1/finance/search?q=WDC&quotesCount=0&newsCount=50&enableFuzzyQuery=false HTTP/1.1" 403 3369
2026-07-13 18:07:05 | DEBUG    | urllib3.connectionpool:291 | Resetting dropped connection: query2.finance.yahoo.com
2026-07-13 18:07:06 | WARNING  | backpack_quant_trading.core.a_share_strategy_import:812 | Yahoo K线 002837.SZ interval=60m 失败: HTTPSConnectionPool(host='query1.finance.yahoo.com', port=443): Max retries exceeded with url: /v8/finance/chart/002837.SZ?period1=1767058200&period2=1784023622&interval=60m (Caused by ProxyError('Cannot connect to proxy.', NewConnectionError('<urllib3.connection.HTTPSConnection object at 0x0000022850426D50>: Failed to establish a new connection: [WinError 10061] 由于目标计算机积极拒绝，无法连接。')))
2026-07-13 18:07:06 | DEBUG    | urllib3.connectionpool:1022 | Starting new HTTPS connection (1): finance.yahoo.com:443
2026-07-13 18:07:07 | DEBUG    | urllib3.connectionpool:475 | https://query2.finance.yahoo.com:443 "GET /v1/finance/search?q=WDC&quotesCount=0&newsCount=50&enableFuzzyQuery=false HTTP/1.1" 403 3369
2026-07-13 18:07:07 | DEBUG    | urllib3.connectionpool:291 | Resetting dropped connection: query1.finance.yahoo.com
2026-07-13 18:07:08 | DEBUG    | urllib3.connectionpool:1022 | Starting new HTTPS connection (1): query1.finance.yahoo.com:443
2026-07-13 18:07:08 | DEBUG    | urllib3.connectionpool:475 | https://query1.finance.yahoo.com:443 "GET /v1/finance/search?q=INTEL&quotesCount=0&newsCount=50&enableFuzzyQuery=false HTTP/1.1" 403 3369
2026-07-13 18:07:08 | DEBUG    | urllib3.connectionpool:291 | Resetting dropped connection: query2.finance.yahoo.com
2026-07-13 18:07:10 | WARNING  | backpack_quant_trading.core.a_share_strategy_import:812 | Yahoo K线 002837.SZ interval=1h 失败: HTTPSConnectionPool(host='query1.finance.yahoo.com', port=443): Max retries exceeded with url: /v8/finance/chart/002837.SZ?period1=1767058200&period2=1784023622&interval=1h (Caused by ProxyError('Cannot connect to proxy.', NewConnectionError('<urllib3.connection.HTTPSConnection object at 0x0000022850427C50>: Failed to establish a new connection: [WinError 10061] 由于目标计算机积极拒绝，无法连接。')))
2026-07-13 18:07:10 | DEBUG    | urllib3.connectionpool:1022 | Starting new HTTPS connection (1): finance.yahoo.com:443
2026-07-13 18:07:10 | DEBUG    | urllib3.connectionpool:475 | https://query2.finance.yahoo.com:443 "GET /v1/finance/search?q=INTEL&quotesCount=0&newsCount=50&enableFuzzyQuery=false HTTP/1.1" 403 3369
2026-07-13 18:07:11 | DEBUG    | urllib3.connectionpool:291 | Resetting dropped connection: finance.yahoo.com
2026-07-13 18:07:12 | DEBUG    | urllib3.connectionpool:1022 | Starting new HTTPS connection (1): query1.finance.yahoo.com:443
2026-07-13 18:07:14 | WARNING  | backpack_quant_trading.core.a_share_strategy_import:812 | Yahoo K线 002837.SZ interval=1d 失败: HTTPSConnectionPool(host='query1.finance.yahoo.com', port=443): Max retries exceeded with url: /v8/finance/chart/002837.SZ?period1=1767058200&period2=1784023622&interval=1d (Caused by ProxyError('Cannot connect to proxy.', NewConnectionError('<urllib3.connection.HTTPSConnection object at 0x0000022850425A90>: Failed to establish a new connection: [WinError 10061] 由于目标计算机积极拒绝，无法连接。')))
2026-07-13 18:07:14 | DEBUG    | urllib3.connectionpool:1022 | Starting new HTTPS connection (1): money.finance.sina.com.cn:443
2026-07-13 18:07:15 | DEBUG    | urllib3.connectionpool:475 | https://money.finance.sina.com.cn:443 "GET /quotes_service/api/json_v2.php/CN_MarketData.getKLineData?symbol=sz002837&scale=60&ma=no&datalen=1023 HTTP/1.1" 200 None
2026-07-13 18:07:15 | DEBUG    | urllib3.connectionpool:475 | https://finance.yahoo.com:443 "POST /xhr/ncp?queryRef=latestNews&serviceKey=ncp_fin HTTP/1.1" 403 3369
2026-07-13 18:07:15 | DEBUG    | urllib3.connectionpool:1022 | Starting new HTTPS connection (1): api.polygon.io:443
2026-07-13 18:07:15 | DEBUG    | urllib3.connectionpool:1022 | Starting new HTTPS connection (1): api.polygon.io:443
2026-07-13 18:07:17 | DEBUG    | urllib3.connectionpool:1022 | Starting new HTTPS connection (1): feeds.finance.yahoo.com:443
2026-07-13 18:07:17 | DEBUG    | backpack_quant_trading.core.research_card_prices:351 | Massive prev MRVL: HTTPSConnectionPool(host='api.polygon.io', port=443): Max retries exceeded with url: /v2/aggs/ticker/MRVL/prev?apiKey=1sSgkUzRRI78x21KfdCjgsY47vlJPOIg (Caused by ProxyError('Cannot connect to proxy.', NewConnectionError('<urllib3.connection.HTTPSConnection object at 0x00000228503A2850>: Failed to establish a new connection: [WinError 10061] 由于目标计算机积极拒绝，无法连接。')))
2026-07-13 18:07:18 | DEBUG    | backpack_quant_trading.core.research_card_prices:351 | Massive prev MRVL: HTTPSConnectionPool(host='api.polygon.io', port=443): Max retries exceeded with url: /v2/aggs/ticker/MRVL/prev?apiKey=1sSgkUzRRI78x21KfdCjgsY47vlJPOIg (Caused by ProxyError('Cannot connect to proxy.', NewConnectionError('<urllib3.connection.HTTPSConnection object at 0x00000228503A1BD0>: Failed to establish a new connection: [WinError 10061] 由于目标计算机积极拒绝，无法连接。')))
2026-07-13 18:07:18 | DEBUG    | urllib3.connectionpool:475 | https://feeds.finance.yahoo.com:443 "GET /rss/2.0/headline?s=NVIDIA&region=US&lang=en-US HTTP/1.1" 200 394
2026-07-13 18:07:19 | DEBUG    | urllib3.connectionpool:475 | https://feeds.finance.yahoo.com:443 "GET /rss/2.0/headline?s=NVDA&region=US&lang=en-US HTTP/1.1" 200 4649
2026-07-13 18:07:20 | DEBUG    | urllib3.connectionpool:475 | https://feeds.finance.yahoo.com:443 "GET /rss/2.0/headline?s=MICRON&region=US&lang=en-US HTTP/1.1" 200 394
2026-07-13 18:07:20 | DEBUG    | urllib3.connectionpool:475 | https://feeds.finance.yahoo.com:443 "GET /rss/2.0/headline?s=MU&region=US&lang=en-US HTTP/1.1" 200 5288
2026-07-13 18:07:20 | DEBUG    | backpack_quant_trading.core.stock_news_feeds:786 | [雅虎财经] 直连 Search 获取 38 条
2026-07-13 18:07:20 | INFO     | stock_news_alert:514 | 轮询完成 @ 2026-07-13 18:06:38 | 拉取 226 条 (金十数据=18, 同花顺=20, 东方财富=80, 新浪财经=30, 富途牛牛=40, 雅虎财经=38) | 已推送过 0 | 非最新 1 | 未命中关键词 187 | 非重要快讯 38 | 内容相似去重 0 | 新命中 0 | 待推送 0 | 雅虎搜索词: NVIDIA, NVDA, MICRON, MU, SanDisk, SNDK, WDC, INTEL
2026-07-13 18:07:30 | DEBUG    | urllib3.connectionpool:1022 | Starting new HTTPS connection (1): api.polygon.io:443
2026-07-13 18:07:31 | DEBUG    | urllib3.connectionpool:1022 | Starting new HTTPS connection (1): api.polygon.io:443
2026-07-13 18:07:33 | DEBUG    | backpack_quant_trading.core.research_card_prices:351 | Massive prev CRDO: HTTPSConnectionPool(host='api.polygon.io', port=443): Max retries exceeded with url: /v2/aggs/ticker/CRDO/prev?apiKey=1sSgkUzRRI78x21KfdCjgsY47vlJPOIg (Caused by ProxyError('Cannot connect to proxy.', NewConnectionError('<urllib3.connection.HTTPSConnection object at 0x00000228503A3750>: Failed to establish a new connection: [WinError 10061] 由于目标计算机积极拒绝，无法连接。')))
2026-07-13 18:07:33 | DEBUG    | backpack_quant_trading.core.research_card_prices:351 | Massive prev CRDO: HTTPSConnectionPool(host='api.polygon.io', port=443): Max retries exceeded with url: /v2/aggs/ticker/CRDO/prev?apiKey=1sSgkUzRRI78x21KfdCjgsY47vlJPOIg (Caused by ProxyError('Cannot connect to proxy.', NewConnectionError('<urllib3.connection.HTTPSConnection object at 0x00000228503A2AD0>: Failed to establish a new connection: [WinError 10061] 由于目标计算机积极拒绝，无法连接。')))
2026-07-13 18:07:46 | DEBUG    | urllib3.connectionpool:1022 | Starting new HTTPS connection (1): api.polygon.io:443
2026-07-13 18:07:46 | DEBUG    | urllib3.connectionpool:1022 | Starting new HTTPS connection (1): api.polygon.io:443
2026-07-13 18:07:48 | DEBUG    | backpack_quant_trading.core.research_card_prices:351 | Massive prev SNDK: HTTPSConnectionPool(host='api.polygon.io', port=443): Max retries exceeded with url: /v2/aggs/ticker/SNDK/prev?apiKey=1sSgkUzRRI78x21KfdCjgsY47vlJPOIg (Caused by ProxyError('Cannot connect to proxy.', NewConnectionError('<urllib3.connection.HTTPSConnection object at 0x0000022850426AD0>: Failed to establish a new connection: [WinError 10061] 由于目标计算机积极拒绝，无法连接。')))
2026-07-13 18:07:48 | DEBUG    | backpack_quant_trading.core.research_card_prices:351 | Massive prev SNDK: HTTPSConnectionPool(host='api.polygon.io', port=443): Max retries exceeded with url: /v2/aggs/ticker/SNDK/prev?apiKey=1sSgkUzRRI78x21KfdCjgsY47vlJPOIg (Caused by ProxyError('Cannot connect to proxy.', NewConnectionError('<urllib3.connection.HTTPSConnection object at 0x0000022850426C10>: Failed to establish a new connection: [WinError 10061] 由于目标计算机积极拒绝，无法连接。')))
2026-07-13 18:07:50 | DEBUG    | urllib3.connectionpool:1022 | Starting new HTTPS connection (1): flash-api.jin10.com:443
2026-07-13 18:07:51 | DEBUG    | urllib3.connectionpool:475 | https://flash-api.jin10.com:443 "GET /get_flash_list?channel=-8200&vip=1 HTTP/1.1" 200 None
2026-07-13 18:07:51 | DEBUG    | urllib3.connectionpool:1022 | Starting new HTTPS connection (1): news.10jqka.com.cn:443
2026-07-13 18:07:51 | DEBUG    | urllib3.connectionpool:475 | https://news.10jqka.com.cn:443 "GET /tapp/news/push/stock?page=1&tag=&track=website HTTP/1.1" 200 None
2026-07-13 18:07:51 | DEBUG    | urllib3.connectionpool:1022 | Starting new HTTPS connection (1): np-weblist.eastmoney.com:443
2026-07-13 18:07:52 | DEBUG    | urllib3.connectionpool:475 | https://np-weblist.eastmoney.com:443 "GET /comm/web/getFastNewsList?client=web&biz=web_724&fastColumn=102&sortEnd=&pageSize=80&req_trace=1710315450384 HTTP/1.1" 200 None
2026-07-13 18:07:52 | DEBUG    | urllib3.connectionpool:1022 | Starting new HTTPS connection (1): zhibo.sina.com.cn:443
2026-07-13 18:07:53 | DEBUG    | urllib3.connectionpool:475 | https://zhibo.sina.com.cn:443 "GET /api/zhibo/feed?page=1&page_size=30&zhibo_id=152&tag_id=0&dire=f&dpc=1&pagesize=30&type=1 HTTP/1.1" 200 None
2026-07-13 18:07:53 | DEBUG    | urllib3.connectionpool:1022 | Starting new HTTPS connection (1): news.futunn.com:443
2026-07-13 18:07:53 | DEBUG    | urllib3.connectionpool:475 | https://news.futunn.com:443 "GET /news-site-api/main/get-flash-list?pageSize=40 HTTP/1.1" 200 58661
2026-07-13 18:07:53 | DEBUG    | urllib3.connectionpool:1022 | Starting new HTTPS connection (1): finance.yahoo.com:443
2026-07-13 18:07:55 | DEBUG    | urllib3.connectionpool:475 | https://finance.yahoo.com:443 "GET / HTTP/1.1" 403 3369
2026-07-13 18:07:58 | DEBUG    | urllib3.connectionpool:1022 | Starting new HTTPS connection (1): query1.finance.yahoo.com:443
2026-07-13 18:08:00 | DEBUG    | urllib3.connectionpool:475 | https://query1.finance.yahoo.com:443 "GET /v1/finance/search?q=NVIDIA&quotesCount=0&newsCount=50&enableFuzzyQuery=false HTTP/1.1" 403 3369
2026-07-13 18:08:00 | DEBUG    | urllib3.connectionpool:1022 | Starting new HTTPS connection (1): query2.finance.yahoo.com:443
2026-07-13 18:08:01 | DEBUG    | urllib3.connectionpool:1022 | Starting new HTTPS connection (1): api.polygon.io:443
2026-07-13 18:08:01 | DEBUG    | urllib3.connectionpool:1022 | Starting new HTTPS connection (1): api.polygon.io:443
2026-07-13 18:08:01 | DEBUG    | urllib3.connectionpool:475 | https://query2.finance.yahoo.com:443 "GET /v1/finance/search?q=NVIDIA&quotesCount=0&newsCount=50&enableFuzzyQuery=false HTTP/1.1" 403 3369
2026-07-13 18:08:01 | DEBUG    | urllib3.connectionpool:291 | Resetting dropped connection: query1.finance.yahoo.com
2026-07-13 18:08:03 | DEBUG    | backpack_quant_trading.core.research_card_prices:351 | Massive prev IBM: HTTPSConnectionPool(host='api.polygon.io', port=443): Max retries exceeded with url: /v2/aggs/ticker/IBM/prev?apiKey=1sSgkUzRRI78x21KfdCjgsY47vlJPOIg (Caused by ProxyError('Cannot connect to proxy.', NewConnectionError('<urllib3.connection.HTTPSConnection object at 0x0000022850426E90>: Failed to establish a new connection: [WinError 10061] 由于目标计算机积极拒绝，无法连接。')))
2026-07-13 18:08:03 | DEBUG    | backpack_quant_trading.core.research_card_prices:351 | Massive prev IBM: HTTPSConnectionPool(host='api.polygon.io', port=443): Max retries exceeded with url: /v2/aggs/ticker/IBM/prev?apiKey=1sSgkUzRRI78x21KfdCjgsY47vlJPOIg (Caused by ProxyError('Cannot connect to proxy.', NewConnectionError('<urllib3.connection.HTTPSConnection object at 0x0000022850426D50>: Failed to establish a new connection: [WinError 10061] 由于目标计算机积极拒绝，无法连接。')))
2026-07-13 18:08:03 | DEBUG    | urllib3.connectionpool:475 | https://query1.finance.yahoo.com:443 "GET /v1/finance/search?q=NVDA&quotesCount=0&newsCount=50&enableFuzzyQuery=false HTTP/1.1" 403 3369
2026-07-13 18:08:06 | DEBUG    | urllib3.connectionpool:291 | Resetting dropped connection: query2.finance.yahoo.com
2026-07-13 18:08:10 | DEBUG    | urllib3.connectionpool:475 | https://query2.finance.yahoo.com:443 "GET /v1/finance/search?q=NVDA&quotesCount=0&newsCount=50&enableFuzzyQuery=false HTTP/1.1" 403 3369
2026-07-13 18:08:10 | DEBUG    | urllib3.connectionpool:291 | Resetting dropped connection: query1.finance.yahoo.com
2026-07-13 18:08:13 | DEBUG    | urllib3.connectionpool:475 | https://query1.finance.yahoo.com:443 "GET /v1/finance/search?q=MICRON&quotesCount=0&newsCount=50&enableFuzzyQuery=false HTTP/1.1" 403 3369
2026-07-13 18:08:13 | DEBUG    | urllib3.connectionpool:291 | Resetting dropped connection: query2.finance.yahoo.com
2026-07-13 18:08:14 | DEBUG    | urllib3.connectionpool:475 | https://query2.finance.yahoo.com:443 "GET /v1/finance/search?q=MICRON&quotesCount=0&newsCount=50&enableFuzzyQuery=false HTTP/1.1" 403 3369
2026-07-13 18:08:14 | DEBUG    | urllib3.connectionpool:291 | Resetting dropped connection: query1.finance.yahoo.com
2026-07-13 18:08:16 | DEBUG    | urllib3.connectionpool:1022 | Starting new HTTPS connection (1): api.polygon.io:443
2026-07-13 18:08:16 | DEBUG    | urllib3.connectionpool:1022 | Starting new HTTPS connection (1): api.polygon.io:443
2026-07-13 18:08:18 | DEBUG    | backpack_quant_trading.core.research_card_prices:351 | Massive prev NOK: HTTPSConnectionPool(host='api.polygon.io', port=443): Max retries exceeded with url: /v2/aggs/ticker/NOK/prev?apiKey=1sSgkUzRRI78x21KfdCjgsY47vlJPOIg (Caused by ProxyError('Cannot connect to proxy.', NewConnectionError('<urllib3.connection.HTTPSConnection object at 0x00000228504256D0>: Failed to establish a new connection: [WinError 10061] 由于目标计算机积极拒绝，无法连接。')))
2026-07-13 18:08:18 | DEBUG    | urllib3.connectionpool:475 | https://query1.finance.yahoo.com:443 "GET /v1/finance/search?q=MU&quotesCount=0&newsCount=50&enableFuzzyQuery=false HTTP/1.1" 403 3369
2026-07-13 18:08:18 | DEBUG    | urllib3.connectionpool:291 | Resetting dropped connection: query2.finance.yahoo.com
2026-07-13 18:08:18 | DEBUG    | backpack_quant_trading.core.research_card_prices:351 | Massive prev NOK: HTTPSConnectionPool(host='api.polygon.io', port=443): Max retries exceeded with url: /v2/aggs/ticker/NOK/prev?apiKey=1sSgkUzRRI78x21KfdCjgsY47vlJPOIg (Caused by ProxyError('Cannot connect to proxy.', NewConnectionError('<urllib3.connection.HTTPSConnection object at 0x0000022850424B90>: Failed to establish a new connection: [WinError 10061] 由于目标计算机积极拒绝，无法连接。')))
2026-07-13 18:08:19 | DEBUG    | urllib3.connectionpool:475 | https://query2.finance.yahoo.com:443 "GET /v1/finance/search?q=MU&quotesCount=0&newsCount=50&enableFuzzyQuery=false HTTP/1.1" 403 3369
2026-07-13 18:08:19 | DEBUG    | urllib3.connectionpool:291 | Resetting dropped connection: query1.finance.yahoo.com
2026-07-13 18:08:20 | DEBUG    | urllib3.connectionpool:475 | https://query1.finance.yahoo.com:443 "GET /v1/finance/search?q=SanDisk&quotesCount=0&newsCount=50&enableFuzzyQuery=false HTTP/1.1" 403 3369
2026-07-13 18:08:20 | DEBUG    | urllib3.connectionpool:291 | Resetting dropped connection: query2.finance.yahoo.com
2026-07-13 18:08:22 | DEBUG    | urllib3.connectionpool:475 | https://query2.finance.yahoo.com:443 "GET /v1/finance/search?q=SanDisk&quotesCount=0&newsCount=50&enableFuzzyQuery=false HTTP/1.1" 403 3369
2026-07-13 18:08:22 | DEBUG    | urllib3.connectionpool:291 | Resetting dropped connection: query1.finance.yahoo.com
2026-07-13 18:08:24 | DEBUG    | urllib3.connectionpool:475 | https://query1.finance.yahoo.com:443 "GET /v1/finance/search?q=SNDK&quotesCount=0&newsCount=50&enableFuzzyQuery=false HTTP/1.1" 403 3369
2026-07-13 18:08:24 | DEBUG    | urllib3.connectionpool:291 | Resetting dropped connection: query2.finance.yahoo.com
2026-07-13 18:08:25 | DEBUG    | urllib3.connectionpool:475 | https://query2.finance.yahoo.com:443 "GET /v1/finance/search?q=SNDK&quotesCount=0&newsCount=50&enableFuzzyQuery=false HTTP/1.1" 403 3369
2026-07-13 18:08:25 | DEBUG    | urllib3.connectionpool:291 | Resetting dropped connection: query1.finance.yahoo.com
2026-07-13 18:08:27 | DEBUG    | urllib3.connectionpool:475 | https://query1.finance.yahoo.com:443 "GET /v1/finance/search?q=WDC&quotesCount=0&newsCount=50&enableFuzzyQuery=false HTTP/1.1" 403 3369
2026-07-13 18:08:27 | DEBUG    | urllib3.connectionpool:291 | Resetting dropped connection: query2.finance.yahoo.com
2026-07-13 18:08:28 | DEBUG    | urllib3.connectionpool:475 | https://query2.finance.yahoo.com:443 "GET /v1/finance/search?q=WDC&quotesCount=0&newsCount=50&enableFuzzyQuery=false HTTP/1.1" 403 3369
2026-07-13 18:08:28 | DEBUG    | urllib3.connectionpool:291 | Resetting dropped connection: query1.finance.yahoo.com
2026-07-13 18:08:30 | DEBUG    | urllib3.connectionpool:475 | https://query1.finance.yahoo.com:443 "GET /v1/finance/search?q=INTEL&quotesCount=0&newsCount=50&enableFuzzyQuery=false HTTP/1.1" 403 3369
2026-07-13 18:08:30 | DEBUG    | urllib3.connectionpool:291 | Resetting dropped connection: query2.finance.yahoo.com
2026-07-13 18:08:31 | DEBUG    | urllib3.connectionpool:1022 | Starting new HTTPS connection (1): api.polygon.io:443
2026-07-13 18:08:31 | DEBUG    | urllib3.connectionpool:1022 | Starting new HTTPS connection (1): api.polygon.io:443
2026-07-13 18:08:32 | DEBUG    | urllib3.connectionpool:475 | https://query2.finance.yahoo.com:443 "GET /v1/finance/search?q=INTEL&quotesCount=0&newsCount=50&enableFuzzyQuery=false HTTP/1.1" 403 3369
2026-07-13 18:08:32 | DEBUG    | urllib3.connectionpool:291 | Resetting dropped connection: finance.yahoo.com
2026-07-13 18:08:33 | DEBUG    | backpack_quant_trading.core.research_card_prices:351 | Massive prev RKLB: HTTPSConnectionPool(host='api.polygon.io', port=443): Max retries exceeded with url: /v2/aggs/ticker/RKLB/prev?apiKey=1sSgkUzRRI78x21KfdCjgsY47vlJPOIg (Caused by ProxyError('Cannot connect to proxy.', NewConnectionError('<urllib3.connection.HTTPSConnection object at 0x0000022850425F90>: Failed to establish a new connection: [WinError 10061] 由于目标计算机积极拒绝，无法连接。')))
2026-07-13 18:08:33 | DEBUG    | backpack_quant_trading.core.research_card_prices:351 | Massive prev RKLB: HTTPSConnectionPool(host='api.polygon.io', port=443): Max retries exceeded with url: /v2/aggs/ticker/RKLB/prev?apiKey=1sSgkUzRRI78x21KfdCjgsY47vlJPOIg (Caused by ProxyError('Cannot connect to proxy.', NewConnectionError('<urllib3.connection.HTTPSConnection object at 0x0000022850425950>: Failed to establish a new connection: [WinError 10061] 由于目标计算机积极拒绝，无法连接。')))
2026-07-13 18:08:33 | DEBUG    | urllib3.connectionpool:475 | https://finance.yahoo.com:443 "POST /xhr/ncp?queryRef=latestNews&serviceKey=ncp_fin HTTP/1.1" 403 3369
2026-07-13 18:08:33 | DEBUG    | urllib3.connectionpool:1022 | Starting new HTTPS connection (1): feeds.finance.yahoo.com:443
2026-07-13 18:08:35 | DEBUG    | urllib3.connectionpool:475 | https://feeds.finance.yahoo.com:443 "GET /rss/2.0/headline?s=NVIDIA&region=US&lang=en-US HTTP/1.1" 200 394
2026-07-13 18:08:35 | DEBUG    | urllib3.connectionpool:475 | https://feeds.finance.yahoo.com:443 "GET /rss/2.0/headline?s=NVDA&region=US&lang=en-US HTTP/1.1" 200 4649
2026-07-13 18:08:36 | DEBUG    | urllib3.connectionpool:475 | https://feeds.finance.yahoo.com:443 "GET /rss/2.0/headline?s=MICRON&region=US&lang=en-US HTTP/1.1" 200 394
2026-07-13 18:08:36 | DEBUG    | urllib3.connectionpool:475 | https://feeds.finance.yahoo.com:443 "GET /rss/2.0/headline?s=MU&region=US&lang=en-US HTTP/1.1" 200 5289
2026-07-13 18:08:36 | DEBUG    | backpack_quant_trading.core.stock_news_feeds:786 | [雅虎财经] 直连 Search 获取 38 条
2026-07-13 18:08:36 | INFO     | stock_news_alert:514 | 轮询完成 @ 2026-07-13 18:07:50 | 拉取 226 条 (金十数据=18, 同花顺=20, 东方财富=80, 新浪财经=30, 富途牛牛=40, 雅虎财经=38) | 已推送过 0 | 非最新 1 | 未命中关键词 187 | 非重要快讯 38 | 内容相似去重 0 | 新命中 0 | 待推送 0 | 雅虎搜索词: NVIDIA, NVDA, MICRON, MU, SanDisk, SNDK, WDC, INTEL
2026-07-13 18:08:46 | DEBUG    | urllib3.connectionpool:1022 | Starting new HTTPS connection (1): api.polygon.io:443
2026-07-13 18:08:46 | DEBUG    | urllib3.connectionpool:1022 | Starting new HTTPS connection (1): api.polygon.io:443
2026-07-13 18:08:48 | DEBUG    | backpack_quant_trading.core.research_card_prices:351 | Massive prev CRCL: HTTPSConnectionPool(host='api.polygon.io', port=443): Max retries exceeded with url: /v2/aggs/ticker/CRCL/prev?apiKey=1sSgkUzRRI78x21KfdCjgsY47vlJPOIg (Caused by ProxyError('Cannot connect to proxy.', NewConnectionError('<urllib3.connection.HTTPSConnection object at 0x0000022850425450>: Failed to establish a new connection: [WinError 10061] 由于目标计算机积极拒绝，无法连接。')))
2026-07-13 18:08:48 | WARNING  | backpack_quant_trading.core.research_card_prices:797 | research_price NVDA (NVDA) 拉价失败，保留缓存 208.19 [massive]
2026-07-13 18:08:48 | WARNING  | backpack_quant_trading.core.research_card_prices:797 | research_price INTC (INTC) 拉价失败，保留缓存 107.92 [massive]
2026-07-13 18:08:48 | WARNING  | backpack_quant_trading.core.research_card_prices:797 | research_price GOOGL (GOOGL) 拉价失败，保留缓存 364.26 [massive]
2026-07-13 18:08:48 | WARNING  | backpack_quant_trading.core.research_card_prices:797 | research_price MSFT (MSFT) 拉价失败，保留缓存 397.36 [yahoo]
2026-07-13 18:08:48 | WARNING  | backpack_quant_trading.core.research_card_prices:797 | research_price MU (MU) 拉价失败，保留缓存 891.88 [yahoo]
2026-07-13 18:08:48 | WARNING  | backpack_quant_trading.core.research_card_prices:797 | research_price MRVL (MRVL) 拉价失败，保留缓存 252.59 [yahoo]
2026-07-13 18:08:48 | WARNING  | backpack_quant_trading.core.research_card_prices:797 | research_price CRDO (CRDO) 拉价失败，保留缓存 237.68 [yahoo]
2026-07-13 18:08:48 | WARNING  | backpack_quant_trading.core.research_card_prices:797 | research_price SNDK (SNDK) 拉价失败，保留缓存 1643.23 [yahoo]
2026-07-13 18:08:48 | WARNING  | backpack_quant_trading.core.research_card_prices:797 | research_price IBM (IBM) 拉价失败，保留缓存 272.36 [yahoo]
2026-07-13 18:08:48 | WARNING  | backpack_quant_trading.core.research_card_prices:797 | research_price NOK (NOK) 拉价失败，保留缓存 13.4 [yahoo]
2026-07-13 18:08:48 | WARNING  | backpack_quant_trading.core.research_card_prices:797 | research_price RKLB (RKLB) 拉价失败，保留缓存 105.05 [yahoo]
2026-07-13 18:08:48 | WARNING  | backpack_quant_trading.core.research_card_prices:797 | research_price CRCL (CRCL) 拉价失败，保留缓存 78.93 [yahoo]
2026-07-13 18:08:48 | WARNING  | backpack_quant_trading.core.research_card_prices:797 | research_price ETH (ETH-USD) 拉价失败，保留缓存 1627.35 [hyperliquid]
2026-07-13 18:08:48 | WARNING  | backpack_quant_trading.core.research_card_prices:797 | research_price HYPE (HYPE-USD) 拉价失败，保留缓存 53.6025 [hyperliquid]
2026-07-13 18:08:48 | INFO     | backpack_quant_trading.core.research_card_prices:783 | research_price 603986 (603986.SH) [eastmoney] => 550.8
2026-07-13 18:08:48 | INFO     | backpack_quant_trading.core.research_card_prices:783 | research_price 688146 (688146.SH) [eastmoney] => 244.5
2026-07-13 18:08:48 | INFO     | backpack_quant_trading.core.research_card_prices:783 | research_price 300308 (300308.SZ) [eastmoney] => 1108.0
2026-07-13 18:08:48 | DEBUG    | backpack_quant_trading.core.research_card_prices:351 | Massive prev CRCL: HTTPSConnectionPool(host='api.polygon.io', port=443): Max retries exceeded with url: /v2/aggs/ticker/CRCL/prev?apiKey=1sSgkUzRRI78x21KfdCjgsY47vlJPOIg (Caused by ProxyError('Cannot connect to proxy.', NewConnectionError('<urllib3.connection.HTTPSConnection object at 0x0000022850570050>: Failed to establish a new connection: [WinError 10061] 由于目标计算机积极拒绝，无法连接。')))
2026-07-13 18:08:48 | WARNING  | backpack_quant_trading.core.research_card_prices:797 | research_price NVDA (NVDA) 拉价失败，保留缓存 208.19 [massive]
2026-07-13 18:08:48 | WARNING  | backpack_quant_trading.core.research_card_prices:797 | research_price INTC (INTC) 拉价失败，保留缓存 107.92 [massive]
2026-07-13 18:08:48 | WARNING  | backpack_quant_trading.core.research_card_prices:797 | research_price GOOGL (GOOGL) 拉价失败，保留缓存 364.26 [massive]
2026-07-13 18:08:48 | WARNING  | backpack_quant_trading.core.research_card_prices:797 | research_price MSFT (MSFT) 拉价失败，保留缓存 397.36 [yahoo]
2026-07-13 18:08:48 | WARNING  | backpack_quant_trading.core.research_card_prices:797 | research_price MU (MU) 拉价失败，保留缓存 891.88 [yahoo]
2026-07-13 18:08:48 | WARNING  | backpack_quant_trading.core.research_card_prices:797 | research_price MRVL (MRVL) 拉价失败，保留缓存 252.59 [yahoo]
2026-07-13 18:08:48 | WARNING  | backpack_quant_trading.core.research_card_prices:797 | research_price CRDO (CRDO) 拉价失败，保留缓存 237.68 [yahoo]
2026-07-13 18:08:48 | WARNING  | backpack_quant_trading.core.research_card_prices:797 | research_price SNDK (SNDK) 拉价失败，保留缓存 1643.23 [yahoo]
2026-07-13 18:08:48 | WARNING  | backpack_quant_trading.core.research_card_prices:797 | research_price IBM (IBM) 拉价失败，保留缓存 272.36 [yahoo]
2026-07-13 18:08:48 | WARNING  | backpack_quant_trading.core.research_card_prices:797 | research_price NOK (NOK) 拉价失败，保留缓存 13.4 [yahoo]
2026-07-13 18:08:48 | WARNING  | backpack_quant_trading.core.research_card_prices:797 | research_price RKLB (RKLB) 拉价失败，保留缓存 105.05 [yahoo]
2026-07-13 18:08:48 | WARNING  | backpack_quant_trading.core.research_card_prices:797 | research_price CRCL (CRCL) 拉价失败，保留缓存 78.93 [yahoo]
2026-07-13 18:08:48 | WARNING  | backpack_quant_trading.core.research_card_prices:797 | research_price ETH (ETH-USD) 拉价失败，保留缓存 1627.35 [hyperliquid]
2026-07-13 18:08:48 | WARNING  | backpack_quant_trading.core.research_card_prices:797 | research_price HYPE (HYPE-USD) 拉价失败，保留缓存 53.6025 [hyperliquid]
2026-07-13 18:08:48 | INFO     | backpack_quant_trading.core.research_card_prices:783 | research_price 603986 (603986.SH) [eastmoney] => 550.8
2026-07-13 18:08:48 | INFO     | backpack_quant_trading.core.research_card_prices:783 | research_price 688146 (688146.SH) [eastmoney] => 244.5
2026-07-13 18:08:48 | INFO     | backpack_quant_trading.core.research_card_prices:783 | research_price 300308 (300308.SZ) [eastmoney] => 1108.0
2026-07-13 18:10:30 | DEBUG    | matplotlib:342 | matplotlib data path: C:\Users\A1\AppData\Roaming\Python\Python313\site-packages\matplotlib\mpl-data
2026-07-13 18:10:30 | DEBUG    | matplotlib:342 | CONFIGDIR=C:\Users\A1\.matplotlib
2026-07-13 18:10:30 | DEBUG    | matplotlib:1560 | interactive is False
2026-07-13 18:10:30 | DEBUG    | matplotlib:1561 | platform is win32
2026-07-13 18:10:31 | DEBUG    | urllib3.connectionpool:1022 | Starting new HTTPS connection (1): flash-api.jin10.com:443
2026-07-13 18:10:31 | INFO     | kline_scheduler:180 | [泡沫监测] 下次自动分析：2026-07-18 10:00:00（111.8h 后）
2026-07-13 18:10:31 | INFO     | kline_scheduler:254 | [研究卡片价格] 使用有效缓存: 2026-07-13 18:05:31
2026-07-13 18:10:31 | INFO     | kline_scheduler:271 | [研究卡片价格] 下次更新(北京时间)：2026-07-14 05:00:00（10.8h 后）
2026-07-13 18:10:31 | INFO     | kline_scheduler:321 | [A股盯市收盘] 下次更新(北京时间)：2026-07-14 15:35:00（21.4h 后）
2026-07-13 18:10:31 | DEBUG    | urllib3.connectionpool:1022 | Starting new HTTPS connection (1): api.hyperliquid.xyz:443
2026-07-13 18:10:31 | DEBUG    | urllib3.connectionpool:475 | https://flash-api.jin10.com:443 "GET /get_flash_list?channel=-8200&vip=1 HTTP/1.1" 200 None
2026-07-13 18:10:31 | DEBUG    | urllib3.connectionpool:1022 | Starting new HTTPS connection (1): news.10jqka.com.cn:443
2026-07-13 18:10:32 | DEBUG    | urllib3.connectionpool:475 | https://news.10jqka.com.cn:443 "GET /tapp/news/push/stock?page=1&tag=&track=website HTTP/1.1" 200 None
2026-07-13 18:10:32 | DEBUG    | urllib3.connectionpool:1022 | Starting new HTTPS connection (1): np-weblist.eastmoney.com:443
2026-07-13 18:10:33 | DEBUG    | urllib3.connectionpool:475 | https://np-weblist.eastmoney.com:443 "GET /comm/web/getFastNewsList?client=web&biz=web_724&fastColumn=102&sortEnd=&pageSize=80&req_trace=1710315450384 HTTP/1.1" 200 None
2026-07-13 18:10:33 | DEBUG    | urllib3.connectionpool:1022 | Starting new HTTPS connection (1): zhibo.sina.com.cn:443
2026-07-13 18:10:33 | WARNING  | backpack_quant_trading.core.hyperliquid_klines:116 | HL K线拉取失败 coin=HYPE interval=4h: HTTPSConnectionPool(host='api.hyperliquid.xyz', port=443): Max retries exceeded with url: /info (Caused by ProxyError('Cannot connect to proxy.', NewConnectionError('<urllib3.connection.HTTPSConnection object at 0x0000015A89C9CB90>: Failed to establish a new connection: [WinError 10061] 由于目标计算机积极拒绝，无法连接。')))
2026-07-13 18:10:33 | DEBUG    | urllib3.connectionpool:1022 | Starting new HTTPS connection (1): api.hyperliquid.xyz:443
2026-07-13 18:10:34 | DEBUG    | urllib3.connectionpool:475 | https://zhibo.sina.com.cn:443 "GET /api/zhibo/feed?page=1&page_size=30&zhibo_id=152&tag_id=0&dire=f&dpc=1&pagesize=30&type=1 HTTP/1.1" 200 None
2026-07-13 18:10:34 | DEBUG    | urllib3.connectionpool:1022 | Starting new HTTPS connection (1): news.futunn.com:443
2026-07-13 18:10:34 | DEBUG    | urllib3.connectionpool:475 | https://news.futunn.com:443 "GET /news-site-api/main/get-flash-list?pageSize=40 HTTP/1.1" 200 58144
2026-07-13 18:10:34 | DEBUG    | urllib3.connectionpool:1022 | Starting new HTTPS connection (1): finance.yahoo.com:443
2026-07-13 18:10:35 | WARNING  | backpack_quant_trading.core.hyperliquid_klines:116 | HL K线拉取失败 coin=ETH interval=2h: HTTPSConnectionPool(host='api.hyperliquid.xyz', port=443): Max retries exceeded with url: /info (Caused by ProxyError('Cannot connect to proxy.', NewConnectionError('<urllib3.connection.HTTPSConnection object at 0x0000015A89C1A210>: Failed to establish a new connection: [WinError 10061] 由于目标计算机积极拒绝，无法连接。')))
2026-07-13 18:10:35 | DEBUG    | urllib3.connectionpool:1022 | Starting new HTTPS connection (1): api.polygon.io:443
2026-07-13 18:10:36 | DEBUG    | urllib3.connectionpool:475 | https://finance.yahoo.com:443 "GET / HTTP/1.1" 403 3369
2026-07-13 18:10:36 | DEBUG    | urllib3.connectionpool:1022 | Starting new HTTPS connection (1): query1.finance.yahoo.com:443
2026-07-13 18:10:37 | WARNING  | backpack_quant_trading.core.massive_klines:269 | Massive 分批 K线失败 NVDA 2026-01-14~2026-02-17: HTTPSConnectionPool(host='api.polygon.io', port=443): Max retries exceeded with url: /v2/aggs/ticker/NVDA/range/2/hour/2026-01-14/2026-02-17?adjusted=true&sort=asc&limit=50000&apiKey=1sSgkUzRRI78x21KfdCjgsY47vlJPOIg (Caused by ProxyError('Cannot connect to proxy.', NewConnectionError('<urllib3.connection.HTTPSConnection object at 0x0000015A89C9D6D0>: Failed to establish a new connection: [WinError 10061] 由于目标计算机积极拒绝，无法连接。')))
2026-07-13 18:10:37 | DEBUG    | urllib3.connectionpool:1022 | Starting new HTTPS connection (1): api.polygon.io:443
2026-07-13 18:10:38 | DEBUG    | urllib3.connectionpool:475 | https://query1.finance.yahoo.com:443 "GET /v1/finance/search?q=NVIDIA&quotesCount=0&newsCount=50&enableFuzzyQuery=false HTTP/1.1" 403 3369
2026-07-13 18:10:38 | DEBUG    | urllib3.connectionpool:1022 | Starting new HTTPS connection (1): query2.finance.yahoo.com:443
2026-07-13 18:10:39 | WARNING  | backpack_quant_trading.core.massive_klines:269 | Massive 分批 K线失败 NVDA 2026-02-18~2026-03-24: HTTPSConnectionPool(host='api.polygon.io', port=443): Max retries exceeded with url: /v2/aggs/ticker/NVDA/range/2/hour/2026-02-18/2026-03-24?adjusted=true&sort=asc&limit=50000&apiKey=1sSgkUzRRI78x21KfdCjgsY47vlJPOIg (Caused by ProxyError('Cannot connect to proxy.', NewConnectionError('<urllib3.connection.HTTPSConnection object at 0x0000015A89C9DBD0>: Failed to establish a new connection: [WinError 10061] 由于目标计算机积极拒绝，无法连接。')))
2026-07-13 18:10:40 | DEBUG    | urllib3.connectionpool:1022 | Starting new HTTPS connection (1): api.polygon.io:443
2026-07-13 18:10:41 | DEBUG    | urllib3.connectionpool:475 | https://query2.finance.yahoo.com:443 "GET /v1/finance/search?q=NVIDIA&quotesCount=0&newsCount=50&enableFuzzyQuery=false HTTP/1.1" 403 3369
2026-07-13 18:10:41 | DEBUG    | urllib3.connectionpool:291 | Resetting dropped connection: query1.finance.yahoo.com
2026-07-13 18:10:42 | WARNING  | backpack_quant_trading.core.massive_klines:269 | Massive 分批 K线失败 NVDA 2026-03-25~2026-04-28: HTTPSConnectionPool(host='api.polygon.io', port=443): Max retries exceeded with url: /v2/aggs/ticker/NVDA/range/2/hour/2026-03-25/2026-04-28?adjusted=true&sort=asc&limit=50000&apiKey=1sSgkUzRRI78x21KfdCjgsY47vlJPOIg (Caused by ProxyError('Cannot connect to proxy.', NewConnectionError('<urllib3.connection.HTTPSConnection object at 0x0000015A89C9E350>: Failed to establish a new connection: [WinError 10061] 由于目标计算机积极拒绝，无法连接。')))
2026-07-13 18:10:42 | DEBUG    | urllib3.connectionpool:1022 | Starting new HTTPS connection (1): api.polygon.io:443
2026-07-13 18:10:43 | DEBUG    | urllib3.connectionpool:475 | https://query1.finance.yahoo.com:443 "GET /v1/finance/search?q=NVDA&quotesCount=0&newsCount=50&enableFuzzyQuery=false HTTP/1.1" 403 3369
2026-07-13 18:10:43 | DEBUG    | urllib3.connectionpool:291 | Resetting dropped connection: query2.finance.yahoo.com
2026-07-13 18:10:44 | WARNING  | backpack_quant_trading.core.massive_klines:269 | Massive 分批 K线失败 NVDA 2026-04-29~2026-06-02: HTTPSConnectionPool(host='api.polygon.io', port=443): Max retries exceeded with url: /v2/aggs/ticker/NVDA/range/2/hour/2026-04-29/2026-06-02?adjusted=true&sort=asc&limit=50000&apiKey=1sSgkUzRRI78x21KfdCjgsY47vlJPOIg (Caused by ProxyError('Cannot connect to proxy.', NewConnectionError('<urllib3.connection.HTTPSConnection object at 0x0000015A89C9E710>: Failed to establish a new connection: [WinError 10061] 由于目标计算机积极拒绝，无法连接。')))
2026-07-13 18:10:44 | DEBUG    | urllib3.connectionpool:1022 | Starting new HTTPS connection (1): api.polygon.io:443
2026-07-13 18:10:45 | DEBUG    | urllib3.connectionpool:475 | https://query2.finance.yahoo.com:443 "GET /v1/finance/search?q=NVDA&quotesCount=0&newsCount=50&enableFuzzyQuery=false HTTP/1.1" 403 3369
2026-07-13 18:10:45 | DEBUG    | urllib3.connectionpool:291 | Resetting dropped connection: query1.finance.yahoo.com
2026-07-13 18:10:46 | DEBUG    | urllib3.connectionpool:475 | https://query1.finance.yahoo.com:443 "GET /v1/finance/search?q=MICRON&quotesCount=0&newsCount=50&enableFuzzyQuery=false HTTP/1.1" 403 3369
2026-07-13 18:10:46 | DEBUG    | urllib3.connectionpool:291 | Resetting dropped connection: query2.finance.yahoo.com
2026-07-13 18:10:46 | WARNING  | backpack_quant_trading.core.massive_klines:269 | Massive 分批 K线失败 NVDA 2026-06-03~2026-07-07: HTTPSConnectionPool(host='api.polygon.io', port=443): Max retries exceeded with url: /v2/aggs/ticker/NVDA/range/2/hour/2026-06-03/2026-07-07?adjusted=true&sort=asc&limit=50000&apiKey=1sSgkUzRRI78x21KfdCjgsY47vlJPOIg (Caused by ProxyError('Cannot connect to proxy.', NewConnectionError('<urllib3.connection.HTTPSConnection object at 0x0000015A89C9EAD0>: Failed to establish a new connection: [WinError 10061] 由于目标计算机积极拒绝，无法连接。')))
2026-07-13 18:10:47 | DEBUG    | urllib3.connectionpool:1022 | Starting new HTTPS connection (1): api.polygon.io:443
2026-07-13 18:10:49 | WARNING  | backpack_quant_trading.core.massive_klines:269 | Massive 分批 K线失败 NVDA 2026-07-08~2026-07-13: HTTPSConnectionPool(host='api.polygon.io', port=443): Max retries exceeded with url: /v2/aggs/ticker/NVDA/range/2/hour/2026-07-08/2026-07-13?adjusted=true&sort=asc&limit=50000&apiKey=1sSgkUzRRI78x21KfdCjgsY47vlJPOIg (Caused by ProxyError('Cannot connect to proxy.', NewConnectionError('<urllib3.connection.HTTPSConnection object at 0x0000015A89C9EE90>: Failed to establish a new connection: [WinError 10061] 由于目标计算机积极拒绝，无法连接。')))
2026-07-13 18:10:49 | INFO     | backpack_quant_trading.core.massive_klines:277 | Massive 分批 K线 NVDA 2hour: 0 批, 共 0 根
2026-07-13 18:10:49 | DEBUG    | urllib3.connectionpool:1022 | Starting new HTTPS connection (1): api.polygon.io:443
2026-07-13 18:10:50 | DEBUG    | urllib3.connectionpool:475 | https://query2.finance.yahoo.com:443 "GET /v1/finance/search?q=MICRON&quotesCount=0&newsCount=50&enableFuzzyQuery=false HTTP/1.1" 403 3369
2026-07-13 18:10:50 | DEBUG    | urllib3.connectionpool:291 | Resetting dropped connection: query1.finance.yahoo.com
2026-07-13 18:10:51 | WARNING  | backpack_quant_trading.core.massive_klines:269 | Massive 分批 K线失败 INTC 2026-01-14~2026-02-10: HTTPSConnectionPool(host='api.polygon.io', port=443): Max retries exceeded with url: /v2/aggs/ticker/INTC/range/1/hour/2026-01-14/2026-02-10?adjusted=true&sort=asc&limit=50000&apiKey=1sSgkUzRRI78x21KfdCjgsY47vlJPOIg (Caused by ProxyError('Cannot connect to proxy.', NewConnectionError('<urllib3.connection.HTTPSConnection object at 0x0000015A89C1A710>: Failed to establish a new connection: [WinError 10061] 由于目标计算机积极拒绝，无法连接。')))
2026-07-13 18:10:51 | DEBUG    | urllib3.connectionpool:1022 | Starting new HTTPS connection (1): api.polygon.io:443
2026-07-13 18:10:52 | DEBUG    | urllib3.connectionpool:475 | https://query1.finance.yahoo.com:443 "GET /v1/finance/search?q=MU&quotesCount=0&newsCount=50&enableFuzzyQuery=false HTTP/1.1" 403 3369
2026-07-13 18:10:52 | DEBUG    | urllib3.connectionpool:291 | Resetting dropped connection: query2.finance.yahoo.com
2026-07-13 18:10:53 | WARNING  | backpack_quant_trading.core.massive_klines:269 | Massive 分批 K线失败 INTC 2026-02-11~2026-03-10: HTTPSConnectionPool(host='api.polygon.io', port=443): Max retries exceeded with url: /v2/aggs/ticker/INTC/range/1/hour/2026-02-11/2026-03-10?adjusted=true&sort=asc&limit=50000&apiKey=1sSgkUzRRI78x21KfdCjgsY47vlJPOIg (Caused by ProxyError('Cannot connect to proxy.', NewConnectionError('<urllib3.connection.HTTPSConnection object at 0x0000015A89C1A210>: Failed to establish a new connection: [WinError 10061] 由于目标计算机积极拒绝，无法连接。')))
2026-07-13 18:10:53 | DEBUG    | urllib3.connectionpool:475 | https://query2.finance.yahoo.com:443 "GET /v1/finance/search?q=MU&quotesCount=0&newsCount=50&enableFuzzyQuery=false HTTP/1.1" 403 3369
2026-07-13 18:10:53 | DEBUG    | urllib3.connectionpool:291 | Resetting dropped connection: query1.finance.yahoo.com
2026-07-13 18:10:54 | DEBUG    | urllib3.connectionpool:1022 | Starting new HTTPS connection (1): api.polygon.io:443
2026-07-13 18:10:56 | WARNING  | backpack_quant_trading.core.massive_klines:269 | Massive 分批 K线失败 INTC 2026-03-11~2026-04-07: HTTPSConnectionPool(host='api.polygon.io', port=443): Max retries exceeded with url: /v2/aggs/ticker/INTC/range/1/hour/2026-03-11/2026-04-07?adjusted=true&sort=asc&limit=50000&apiKey=1sSgkUzRRI78x21KfdCjgsY47vlJPOIg (Caused by ProxyError('Cannot connect to proxy.', NewConnectionError('<urllib3.connection.HTTPSConnection object at 0x0000015A89C19BD0>: Failed to establish a new connection: [WinError 10061] 由于目标计算机积极拒绝，无法连接。')))
2026-07-13 18:10:56 | DEBUG    | urllib3.connectionpool:1022 | Starting new HTTPS connection (1): api.polygon.io:443
2026-07-13 18:10:58 | DEBUG    | urllib3.connectionpool:475 | https://query1.finance.yahoo.com:443 "GET /v1/finance/search?q=SanDisk&quotesCount=0&newsCount=50&enableFuzzyQuery=false HTTP/1.1" 403 3369
2026-07-13 18:10:58 | DEBUG    | urllib3.connectionpool:291 | Resetting dropped connection: query2.finance.yahoo.com
2026-07-13 18:10:58 | WARNING  | backpack_quant_trading.core.massive_klines:269 | Massive 分批 K线失败 INTC 2026-04-08~2026-05-05: HTTPSConnectionPool(host='api.polygon.io', port=443): Max retries exceeded with url: /v2/aggs/ticker/INTC/range/1/hour/2026-04-08/2026-05-05?adjusted=true&sort=asc&limit=50000&apiKey=1sSgkUzRRI78x21KfdCjgsY47vlJPOIg (Caused by ProxyError('Cannot connect to proxy.', NewConnectionError('<urllib3.connection.HTTPSConnection object at 0x0000015A89C9EFD0>: Failed to establish a new connection: [WinError 10061] 由于目标计算机积极拒绝，无法连接。')))
2026-07-13 18:10:58 | DEBUG    | urllib3.connectionpool:1022 | Starting new HTTPS connection (1): api.polygon.io:443
2026-07-13 18:11:00 | DEBUG    | urllib3.connectionpool:475 | https://query2.finance.yahoo.com:443 "GET /v1/finance/search?q=SanDisk&quotesCount=0&newsCount=50&enableFuzzyQuery=false HTTP/1.1" 403 3369
2026-07-13 18:11:00 | DEBUG    | urllib3.connectionpool:291 | Resetting dropped connection: query1.finance.yahoo.com
2026-07-13 18:11:00 | WARNING  | backpack_quant_trading.core.massive_klines:269 | Massive 分批 K线失败 INTC 2026-05-06~2026-06-02: HTTPSConnectionPool(host='api.polygon.io', port=443): Max retries exceeded with url: /v2/aggs/ticker/INTC/range/1/hour/2026-05-06/2026-06-02?adjusted=true&sort=asc&limit=50000&apiKey=1sSgkUzRRI78x21KfdCjgsY47vlJPOIg (Caused by ProxyError('Cannot connect to proxy.', NewConnectionError('<urllib3.connection.HTTPSConnection object at 0x0000015A89C9EC10>: Failed to establish a new connection: [WinError 10061] 由于目标计算机积极拒绝，无法连接。')))
2026-07-13 18:11:01 | DEBUG    | urllib3.connectionpool:1022 | Starting new HTTPS connection (1): api.polygon.io:443
2026-07-13 18:11:01 | DEBUG    | urllib3.connectionpool:475 | https://query1.finance.yahoo.com:443 "GET /v1/finance/search?q=SNDK&quotesCount=0&newsCount=50&enableFuzzyQuery=false HTTP/1.1" 403 3369
2026-07-13 18:11:01 | DEBUG    | urllib3.connectionpool:291 | Resetting dropped connection: query2.finance.yahoo.com
2026-07-13 18:11:03 | WARNING  | backpack_quant_trading.core.massive_klines:269 | Massive 分批 K线失败 INTC 2026-06-03~2026-06-30: HTTPSConnectionPool(host='api.polygon.io', port=443): Max retries exceeded with url: /v2/aggs/ticker/INTC/range/1/hour/2026-06-03/2026-06-30?adjusted=true&sort=asc&limit=50000&apiKey=1sSgkUzRRI78x21KfdCjgsY47vlJPOIg (Caused by ProxyError('Cannot connect to proxy.', NewConnectionError('<urllib3.connection.HTTPSConnection object at 0x0000015A89C9E850>: Failed to establish a new connection: [WinError 10061] 由于目标计算机积极拒绝，无法连接。')))
2026-07-13 18:11:03 | DEBUG    | urllib3.connectionpool:475 | https://query2.finance.yahoo.com:443 "GET /v1/finance/search?q=SNDK&quotesCount=0&newsCount=50&enableFuzzyQuery=false HTTP/1.1" 403 3369
2026-07-13 18:11:03 | DEBUG    | urllib3.connectionpool:291 | Resetting dropped connection: query1.finance.yahoo.com
2026-07-13 18:11:03 | DEBUG    | urllib3.connectionpool:1022 | Starting new HTTPS connection (1): api.polygon.io:443
2026-07-13 18:11:05 | WARNING  | backpack_quant_trading.core.massive_klines:269 | Massive 分批 K线失败 INTC 2026-07-01~2026-07-13: HTTPSConnectionPool(host='api.polygon.io', port=443): Max retries exceeded with url: /v2/aggs/ticker/INTC/range/1/hour/2026-07-01/2026-07-13?adjusted=true&sort=asc&limit=50000&apiKey=1sSgkUzRRI78x21KfdCjgsY47vlJPOIg (Caused by ProxyError('Cannot connect to proxy.', NewConnectionError('<urllib3.connection.HTTPSConnection object at 0x0000015A89C9E490>: Failed to establish a new connection: [WinError 10061] 由于目标计算机积极拒绝，无法连接。')))
2026-07-13 18:11:05 | INFO     | backpack_quant_trading.core.massive_klines:277 | Massive 分批 K线 INTC 1hour: 0 批, 共 0 根
2026-07-13 18:11:05 | DEBUG    | urllib3.connectionpool:1022 | Starting new HTTPS connection (1): api.polygon.io:443
2026-07-13 18:11:05 | DEBUG    | urllib3.connectionpool:475 | https://query1.finance.yahoo.com:443 "GET /v1/finance/search?q=WDC&quotesCount=0&newsCount=50&enableFuzzyQuery=false HTTP/1.1" 403 3369
2026-07-13 18:11:07 | WARNING  | backpack_quant_trading.core.massive_klines:269 | Massive 分批 K线失败 MU 2025-12-14~2026-01-17: HTTPSConnectionPool(host='api.polygon.io', port=443): Max retries exceeded with url: /v2/aggs/ticker/MU/range/2/hour/2025-12-14/2026-01-17?adjusted=true&sort=asc&limit=50000&apiKey=1sSgkUzRRI78x21KfdCjgsY47vlJPOIg (Caused by ProxyError('Cannot connect to proxy.', NewConnectionError('<urllib3.connection.HTTPSConnection object at 0x0000015A89C9E0D0>: Failed to establish a new connection: [WinError 10061] 由于目标计算机积极拒绝，无法连接。')))
2026-07-13 18:11:08 | DEBUG    | urllib3.connectionpool:1022 | Starting new HTTPS connection (1): api.polygon.io:443
2026-07-13 18:11:09 | DEBUG    | urllib3.connectionpool:291 | Resetting dropped connection: query2.finance.yahoo.com
2026-07-13 18:11:10 | WARNING  | backpack_quant_trading.core.massive_klines:269 | Massive 分批 K线失败 MU 2026-01-18~2026-02-21: HTTPSConnectionPool(host='api.polygon.io', port=443): Max retries exceeded with url: /v2/aggs/ticker/MU/range/2/hour/2026-01-18/2026-02-21?adjusted=true&sort=asc&limit=50000&apiKey=1sSgkUzRRI78x21KfdCjgsY47vlJPOIg (Caused by ProxyError('Cannot connect to proxy.', NewConnectionError('<urllib3.connection.HTTPSConnection object at 0x0000015A89C9D950>: Failed to establish a new connection: [WinError 10061] 由于目标计算机积极拒绝，无法连接。')))
2026-07-13 18:11:10 | DEBUG    | urllib3.connectionpool:1022 | Starting new HTTPS connection (1): api.polygon.io:443
2026-07-13 18:11:10 | DEBUG    | urllib3.connectionpool:475 | https://query2.finance.yahoo.com:443 "GET /v1/finance/search?q=WDC&quotesCount=0&newsCount=50&enableFuzzyQuery=false HTTP/1.1" 403 3369
2026-07-13 18:11:11 | DEBUG    | urllib3.connectionpool:291 | Resetting dropped connection: query1.finance.yahoo.com
2026-07-13 18:11:12 | WARNING  | backpack_quant_trading.core.massive_klines:269 | Massive 分批 K线失败 MU 2026-02-22~2026-03-28: HTTPSConnectionPool(host='api.polygon.io', port=443): Max retries exceeded with url: /v2/aggs/ticker/MU/range/2/hour/2026-02-22/2026-03-28?adjusted=true&sort=asc&limit=50000&apiKey=1sSgkUzRRI78x21KfdCjgsY47vlJPOIg (Caused by ProxyError('Cannot connect to proxy.', NewConnectionError('<urllib3.connection.HTTPSConnection object at 0x0000015A89C9CF50>: Failed to establish a new connection: [WinError 10061] 由于目标计算机积极拒绝，无法连接。')))
2026-07-13 18:11:12 | DEBUG    | urllib3.connectionpool:475 | https://query1.finance.yahoo.com:443 "GET /v1/finance/search?q=INTEL&quotesCount=0&newsCount=50&enableFuzzyQuery=false HTTP/1.1" 403 3369
2026-07-13 18:11:12 | DEBUG    | urllib3.connectionpool:291 | Resetting dropped connection: query2.finance.yahoo.com
2026-07-13 18:11:13 | DEBUG    | urllib3.connectionpool:1022 | Starting new HTTPS connection (1): api.polygon.io:443
2026-07-13 18:11:14 | DEBUG    | urllib3.connectionpool:475 | https://query2.finance.yahoo.com:443 "GET /v1/finance/search?q=INTEL&quotesCount=0&newsCount=50&enableFuzzyQuery=false HTTP/1.1" 403 3369
2026-07-13 18:11:14 | DEBUG    | urllib3.connectionpool:291 | Resetting dropped connection: finance.yahoo.com
2026-07-13 18:11:15 | WARNING  | backpack_quant_trading.core.massive_klines:269 | Massive 分批 K线失败 MU 2026-03-29~2026-05-02: HTTPSConnectionPool(host='api.polygon.io', port=443): Max retries exceeded with url: /v2/aggs/ticker/MU/range/2/hour/2026-03-29/2026-05-02?adjusted=true&sort=asc&limit=50000&apiKey=1sSgkUzRRI78x21KfdCjgsY47vlJPOIg (Caused by ProxyError('Cannot connect to proxy.', NewConnectionError('<urllib3.connection.HTTPSConnection object at 0x0000015A89C9C910>: Failed to establish a new connection: [WinError 10061] 由于目标计算机积极拒绝，无法连接。')))
2026-07-13 18:11:15 | DEBUG    | urllib3.connectionpool:1022 | Starting new HTTPS connection (1): api.polygon.io:443
2026-07-13 18:11:15 | DEBUG    | urllib3.connectionpool:1022 | Starting new HTTPS connection (1): feeds.finance.yahoo.com:443
2026-07-13 18:11:17 | DEBUG    | urllib3.connectionpool:475 | https://feeds.finance.yahoo.com:443 "GET /rss/2.0/headline?s=NVIDIA&region=US&lang=en-US HTTP/1.1" 200 394
2026-07-13 18:11:17 | WARNING  | backpack_quant_trading.core.massive_klines:269 | Massive 分批 K线失败 MU 2026-05-03~2026-06-06: HTTPSConnectionPool(host='api.polygon.io', port=443): Max retries exceeded with url: /v2/aggs/ticker/MU/range/2/hour/2026-05-03/2026-06-06?adjusted=true&sort=asc&limit=50000&apiKey=1sSgkUzRRI78x21KfdCjgsY47vlJPOIg (Caused by ProxyError('Cannot connect to proxy.', NewConnectionError('<urllib3.connection.HTTPSConnection object at 0x0000015A89C9C410>: Failed to establish a new connection: [WinError 10061] 由于目标计算机积极拒绝，无法连接。')))
2026-07-13 18:11:17 | DEBUG    | urllib3.connectionpool:475 | https://feeds.finance.yahoo.com:443 "GET /rss/2.0/headline?s=NVDA&region=US&lang=en-US HTTP/1.1" 200 4649
2026-07-13 18:11:17 | DEBUG    | urllib3.connectionpool:1022 | Starting new HTTPS connection (1): api.polygon.io:443
2026-07-13 18:11:17 | DEBUG    | urllib3.connectionpool:475 | https://feeds.finance.yahoo.com:443 "GET /rss/2.0/headline?s=MICRON&region=US&lang=en-US HTTP/1.1" 200 394
2026-07-13 18:11:18 | DEBUG    | urllib3.connectionpool:475 | https://feeds.finance.yahoo.com:443 "GET /rss/2.0/headline?s=MU&region=US&lang=en-US HTTP/1.1" 200 5288
2026-07-13 18:11:18 | DEBUG    | backpack_quant_trading.core.stock_news_feeds:786 | [雅虎财经] 直连 Search 获取 38 条
2026-07-13 18:11:18 | INFO     | stock_news_alert:514 | 轮询完成 @ 2026-07-13 18:10:31 | 拉取 227 条 (金十数据=19, 同花顺=20, 东方财富=80, 新浪财经=30, 富途牛牛=40, 雅虎财经=38) | 已推送过 0 | 非最新 1 | 未命中关键词 189 | 非重要快讯 37 | 内容相似去重 0 | 新命中 0 | 待推送 0 | 雅虎搜索词: NVIDIA, NVDA, MICRON, MU, SanDisk, SNDK, WDC, INTEL
2026-07-13 18:11:19 | WARNING  | backpack_quant_trading.core.massive_klines:269 | Massive 分批 K线失败 MU 2026-06-07~2026-07-11: HTTPSConnectionPool(host='api.polygon.io', port=443): Max retries exceeded with url: /v2/aggs/ticker/MU/range/2/hour/2026-06-07/2026-07-11?adjusted=true&sort=asc&limit=50000&apiKey=1sSgkUzRRI78x21KfdCjgsY47vlJPOIg (Caused by ProxyError('Cannot connect to proxy.', NewConnectionError('<urllib3.connection.HTTPSConnection object at 0x0000015A89C9FB10>: Failed to establish a new connection: [WinError 10061] 由于目标计算机积极拒绝，无法连接。')))
2026-07-13 18:11:20 | DEBUG    | urllib3.connectionpool:1022 | Starting new HTTPS connection (1): api.polygon.io:443
2026-07-13 18:11:22 | WARNING  | backpack_quant_trading.core.massive_klines:269 | Massive 分批 K线失败 MU 2026-07-12~2026-07-13: HTTPSConnectionPool(host='api.polygon.io', port=443): Max retries exceeded with url: /v2/aggs/ticker/MU/range/2/hour/2026-07-12/2026-07-13?adjusted=true&sort=asc&limit=50000&apiKey=1sSgkUzRRI78x21KfdCjgsY47vlJPOIg (Caused by ProxyError('Cannot connect to proxy.', NewConnectionError('<urllib3.connection.HTTPSConnection object at 0x0000015A89C1AD50>: Failed to establish a new connection: [WinError 10061] 由于目标计算机积极拒绝，无法连接。')))
2026-07-13 18:11:22 | INFO     | backpack_quant_trading.core.massive_klines:277 | Massive 分批 K线 MU 2hour: 0 批, 共 0 根
2026-07-13 18:11:22 | DEBUG    | urllib3.connectionpool:1022 | Starting new HTTPS connection (1): finance.yahoo.com:443
2026-07-13 18:11:24 | DEBUG    | urllib3.connectionpool:1022 | Starting new HTTPS connection (1): query1.finance.yahoo.com:443
2026-07-13 18:11:26 | WARNING  | backpack_quant_trading.core.a_share_strategy_import:812 | Yahoo K线 300308.SZ interval=60m 失败: HTTPSConnectionPool(host='query1.finance.yahoo.com', port=443): Max retries exceeded with url: /v8/finance/chart/300308.SZ?period1=1770773400&period2=1784023882&interval=60m (Caused by ProxyError('Cannot connect to proxy.', NewConnectionError('<urllib3.connection.HTTPSConnection object at 0x0000015A89C1A210>: Failed to establish a new connection: [WinError 10061] 由于目标计算机积极拒绝，无法连接。')))
2026-07-13 18:11:26 | DEBUG    | urllib3.connectionpool:1022 | Starting new HTTPS connection (1): finance.yahoo.com:443
2026-07-13 18:11:28 | DEBUG    | urllib3.connectionpool:1022 | Starting new HTTPS connection (1): query1.finance.yahoo.com:443
2026-07-13 18:11:30 | WARNING  | backpack_quant_trading.core.a_share_strategy_import:812 | Yahoo K线 300308.SZ interval=1h 失败: HTTPSConnectionPool(host='query1.finance.yahoo.com', port=443): Max retries exceeded with url: /v8/finance/chart/300308.SZ?period1=1770773400&period2=1784023882&interval=1h (Caused by ProxyError('Cannot connect to proxy.', NewConnectionError('<urllib3.connection.HTTPSConnection object at 0x0000015A89C9D090>: Failed to establish a new connection: [WinError 10061] 由于目标计算机积极拒绝，无法连接。')))
2026-07-13 18:11:30 | DEBUG    | urllib3.connectionpool:1022 | Starting new HTTPS connection (1): finance.yahoo.com:443
2026-07-13 18:11:32 | DEBUG    | urllib3.connectionpool:1022 | Starting new HTTPS connection (1): query1.finance.yahoo.com:443
2026-07-13 18:11:34 | WARNING  | backpack_quant_trading.core.a_share_strategy_import:812 | Yahoo K线 300308.SZ interval=1d 失败: HTTPSConnectionPool(host='query1.finance.yahoo.com', port=443): Max retries exceeded with url: /v8/finance/chart/300308.SZ?period1=1770773400&period2=1784023882&interval=1d (Caused by ProxyError('Cannot connect to proxy.', NewConnectionError('<urllib3.connection.HTTPSConnection object at 0x0000015A89C9DF90>: Failed to establish a new connection: [WinError 10061] 由于目标计算机积极拒绝，无法连接。')))
2026-07-13 18:11:34 | DEBUG    | urllib3.connectionpool:1022 | Starting new HTTPS connection (1): money.finance.sina.com.cn:443
2026-07-13 18:11:35 | DEBUG    | urllib3.connectionpool:475 | https://money.finance.sina.com.cn:443 "GET /quotes_service/api/json_v2.php/CN_MarketData.getKLineData?symbol=sz300308&scale=60&ma=no&datalen=1023 HTTP/1.1" 200 None
2026-07-13 18:11:35 | DEBUG    | urllib3.connectionpool:1022 | Starting new HTTPS connection (1): finance.yahoo.com:443
2026-07-13 18:11:37 | DEBUG    | urllib3.connectionpool:1022 | Starting new HTTPS connection (1): query1.finance.yahoo.com:443
2026-07-13 18:11:39 | WARNING  | backpack_quant_trading.core.a_share_strategy_import:812 | Yahoo K线 603986.SS interval=60m 失败: HTTPSConnectionPool(host='query1.finance.yahoo.com', port=443): Max retries exceeded with url: /v8/finance/chart/603986.SS?period1=1770355800&period2=1784023895&interval=60m (Caused by ProxyError('Cannot connect to proxy.', NewConnectionError('<urllib3.connection.HTTPSConnection object at 0x0000015A89C19D10>: Failed to establish a new connection: [WinError 10061] 由于目标计算机积极拒绝，无法连接。')))
2026-07-13 18:11:39 | DEBUG    | urllib3.connectionpool:1022 | Starting new HTTPS connection (1): finance.yahoo.com:443
2026-07-13 18:11:41 | DEBUG    | urllib3.connectionpool:1022 | Starting new HTTPS connection (1): query1.finance.yahoo.com:443
2026-07-13 18:11:43 | WARNING  | backpack_quant_trading.core.a_share_strategy_import:812 | Yahoo K线 603986.SS interval=1h 失败: HTTPSConnectionPool(host='query1.finance.yahoo.com', port=443): Max retries exceeded with url: /v8/finance/chart/603986.SS?period1=1770355800&period2=1784023895&interval=1h (Caused by ProxyError('Cannot connect to proxy.', NewConnectionError('<urllib3.connection.HTTPSConnection object at 0x0000015A89C9F390>: Failed to establish a new connection: [WinError 10061] 由于目标计算机积极拒绝，无法连接。')))
2026-07-13 18:11:43 | DEBUG    | urllib3.connectionpool:1022 | Starting new HTTPS connection (1): finance.yahoo.com:443
2026-07-13 18:11:45 | DEBUG    | urllib3.connectionpool:1022 | Starting new HTTPS connection (1): query1.finance.yahoo.com:443
2026-07-13 18:11:47 | WARNING  | backpack_quant_trading.core.a_share_strategy_import:812 | Yahoo K线 603986.SS interval=1d 失败: HTTPSConnectionPool(host='query1.finance.yahoo.com', port=443): Max retries exceeded with url: /v8/finance/chart/603986.SS?period1=1770355800&period2=1784023895&interval=1d (Caused by ProxyError('Cannot connect to proxy.', NewConnectionError('<urllib3.connection.HTTPSConnection object at 0x0000015A89C9FB10>: Failed to establish a new connection: [WinError 10061] 由于目标计算机积极拒绝，无法连接。')))
2026-07-13 18:11:47 | DEBUG    | urllib3.connectionpool:1022 | Starting new HTTPS connection (1): money.finance.sina.com.cn:443
2026-07-13 18:11:48 | DEBUG    | urllib3.connectionpool:1022 | Starting new HTTPS connection (1): flash-api.jin10.com:443
2026-07-13 18:11:48 | DEBUG    | urllib3.connectionpool:475 | https://money.finance.sina.com.cn:443 "GET /quotes_service/api/json_v2.php/CN_MarketData.getKLineData?symbol=sh603986&scale=60&ma=no&datalen=1023 HTTP/1.1" 200 None
2026-07-13 18:11:48 | DEBUG    | urllib3.connectionpool:1022 | Starting new HTTPS connection (1): finance.yahoo.com:443
2026-07-13 18:11:48 | DEBUG    | urllib3.connectionpool:475 | https://flash-api.jin10.com:443 "GET /get_flash_list?channel=-8200&vip=1 HTTP/1.1" 200 None
2026-07-13 18:11:48 | DEBUG    | urllib3.connectionpool:1022 | Starting new HTTPS connection (1): news.10jqka.com.cn:443
2026-07-13 18:11:49 | DEBUG    | urllib3.connectionpool:475 | https://news.10jqka.com.cn:443 "GET /tapp/news/push/stock?page=1&tag=&track=website HTTP/1.1" 200 None
2026-07-13 18:11:49 | DEBUG    | urllib3.connectionpool:1022 | Starting new HTTPS connection (1): np-weblist.eastmoney.com:443
2026-07-13 18:11:50 | DEBUG    | urllib3.connectionpool:475 | https://np-weblist.eastmoney.com:443 "GET /comm/web/getFastNewsList?client=web&biz=web_724&fastColumn=102&sortEnd=&pageSize=80&req_trace=1710315450384 HTTP/1.1" 200 None
2026-07-13 18:11:50 | DEBUG    | urllib3.connectionpool:1022 | Starting new HTTPS connection (1): zhibo.sina.com.cn:443
2026-07-13 18:11:50 | DEBUG    | urllib3.connectionpool:1022 | Starting new HTTPS connection (1): query1.finance.yahoo.com:443
2026-07-13 18:11:50 | DEBUG    | urllib3.connectionpool:475 | https://zhibo.sina.com.cn:443 "GET /api/zhibo/feed?page=1&page_size=30&zhibo_id=152&tag_id=0&dire=f&dpc=1&pagesize=30&type=1 HTTP/1.1" 200 None
2026-07-13 18:11:50 | DEBUG    | urllib3.connectionpool:1022 | Starting new HTTPS connection (1): news.futunn.com:443
2026-07-13 18:11:51 | DEBUG    | urllib3.connectionpool:475 | https://news.futunn.com:443 "GET /news-site-api/main/get-flash-list?pageSize=40 HTTP/1.1" 200 57679
2026-07-13 18:11:51 | DEBUG    | urllib3.connectionpool:1022 | Starting new HTTPS connection (1): finance.yahoo.com:443
2026-07-13 18:11:52 | WARNING  | backpack_quant_trading.core.a_share_strategy_import:812 | Yahoo K线 688146.SS interval=60m 失败: HTTPSConnectionPool(host='query1.finance.yahoo.com', port=443): Max retries exceeded with url: /v8/finance/chart/688146.SS?period1=1775871000&period2=1784023908&interval=60m (Caused by ProxyError('Cannot connect to proxy.', NewConnectionError('<urllib3.connection.HTTPSConnection object at 0x0000015A89C9F9D0>: Failed to establish a new connection: [WinError 10061] 由于目标计算机积极拒绝，无法连接。')))
2026-07-13 18:11:52 | DEBUG    | urllib3.connectionpool:1022 | Starting new HTTPS connection (1): finance.yahoo.com:443
2026-07-13 18:11:53 | DEBUG    | urllib3.connectionpool:475 | https://finance.yahoo.com:443 "GET / HTTP/1.1" 403 3369
2026-07-13 18:11:53 | DEBUG    | urllib3.connectionpool:1022 | Starting new HTTPS connection (1): query1.finance.yahoo.com:443
2026-07-13 18:11:54 | DEBUG    | urllib3.connectionpool:1022 | Starting new HTTPS connection (1): query1.finance.yahoo.com:443
2026-07-13 18:11:55 | DEBUG    | urllib3.connectionpool:475 | https://query1.finance.yahoo.com:443 "GET /v1/finance/search?q=NVIDIA&quotesCount=0&newsCount=50&enableFuzzyQuery=false HTTP/1.1" 403 3369
2026-07-13 18:11:55 | DEBUG    | urllib3.connectionpool:1022 | Starting new HTTPS connection (1): query2.finance.yahoo.com:443
2026-07-13 18:11:56 | DEBUG    | urllib3.connectionpool:475 | https://query2.finance.yahoo.com:443 "GET /v1/finance/search?q=NVIDIA&quotesCount=0&newsCount=50&enableFuzzyQuery=false HTTP/1.1" 403 3369
2026-07-13 18:11:56 | DEBUG    | urllib3.connectionpool:291 | Resetting dropped connection: query1.finance.yahoo.com
2026-07-13 18:11:56 | WARNING  | backpack_quant_trading.core.a_share_strategy_import:812 | Yahoo K线 688146.SS interval=1h 失败: HTTPSConnectionPool(host='query1.finance.yahoo.com', port=443): Max retries exceeded with url: /v8/finance/chart/688146.SS?period1=1775871000&period2=1784023908&interval=1h (Caused by ProxyError('Cannot connect to proxy.', NewConnectionError('<urllib3.connection.HTTPSConnection object at 0x0000015A89C9C410>: Failed to establish a new connection: [WinError 10061] 由于目标计算机积极拒绝，无法连接。')))
2026-07-13 18:11:56 | DEBUG    | urllib3.connectionpool:1022 | Starting new HTTPS connection (1): finance.yahoo.com:443
2026-07-13 18:11:57 | DEBUG    | urllib3.connectionpool:475 | https://query1.finance.yahoo.com:443 "GET /v1/finance/search?q=NVDA&quotesCount=0&newsCount=50&enableFuzzyQuery=false HTTP/1.1" 403 3369
2026-07-13 18:11:57 | DEBUG    | urllib3.connectionpool:291 | Resetting dropped connection: query2.finance.yahoo.com
2026-07-13 18:11:58 | DEBUG    | urllib3.connectionpool:1022 | Starting new HTTPS connection (1): query1.finance.yahoo.com:443
2026-07-13 18:11:59 | DEBUG    | urllib3.connectionpool:475 | https://query2.finance.yahoo.com:443 "GET /v1/finance/search?q=NVDA&quotesCount=0&newsCount=50&enableFuzzyQuery=false HTTP/1.1" 403 3369
2026-07-13 18:12:00 | WARNING  | backpack_quant_trading.core.a_share_strategy_import:812 | Yahoo K线 688146.SS interval=1d 失败: HTTPSConnectionPool(host='query1.finance.yahoo.com', port=443): Max retries exceeded with url: /v8/finance/chart/688146.SS?period1=1775871000&period2=1784023908&interval=1d (Caused by ProxyError('Cannot connect to proxy.', NewConnectionError('<urllib3.connection.HTTPSConnection object at 0x0000015A89C9C7D0>: Failed to establish a new connection: [WinError 10061] 由于目标计算机积极拒绝，无法连接。')))
2026-07-13 18:12:00 | DEBUG    | urllib3.connectionpool:1022 | Starting new HTTPS connection (1): money.finance.sina.com.cn:443
2026-07-13 18:12:01 | DEBUG    | urllib3.connectionpool:475 | https://money.finance.sina.com.cn:443 "GET /quotes_service/api/json_v2.php/CN_MarketData.getKLineData?symbol=sh688146&scale=60&ma=no&datalen=1023 HTTP/1.1" 200 None
2026-07-13 18:12:01 | DEBUG    | urllib3.connectionpool:1022 | Starting new HTTPS connection (1): finance.yahoo.com:443
2026-07-13 18:12:02 | DEBUG    | urllib3.connectionpool:291 | Resetting dropped connection: query1.finance.yahoo.com
2026-07-13 18:12:03 | DEBUG    | urllib3.connectionpool:475 | https://query1.finance.yahoo.com:443 "GET /v1/finance/search?q=MICRON&quotesCount=0&newsCount=50&enableFuzzyQuery=false HTTP/1.1" 403 3369
2026-07-13 18:12:03 | DEBUG    | urllib3.connectionpool:291 | Resetting dropped connection: query2.finance.yahoo.com
2026-07-13 18:12:03 | DEBUG    | urllib3.connectionpool:1022 | Starting new HTTPS connection (1): query1.finance.yahoo.com:443
2026-07-13 18:12:05 | WARNING  | backpack_quant_trading.core.a_share_strategy_import:812 | Yahoo K线 002837.SZ interval=60m 失败: HTTPSConnectionPool(host='query1.finance.yahoo.com', port=443): Max retries exceeded with url: /v8/finance/chart/002837.SZ?period1=1767058200&period2=1784023921&interval=60m (Caused by ProxyError('Cannot connect to proxy.', NewConnectionError('<urllib3.connection.HTTPSConnection object at 0x0000015A89C9CF50>: Failed to establish a new connection: [WinError 10061] 由于目标计算机积极拒绝，无法连接。')))
2026-07-13 18:12:05 | DEBUG    | urllib3.connectionpool:1022 | Starting new HTTPS connection (1): finance.yahoo.com:443
2026-07-13 18:12:05 | DEBUG    | urllib3.connectionpool:475 | https://query2.finance.yahoo.com:443 "GET /v1/finance/search?q=MICRON&quotesCount=0&newsCount=50&enableFuzzyQuery=false HTTP/1.1" 403 3369
2026-07-13 18:12:05 | DEBUG    | urllib3.connectionpool:291 | Resetting dropped connection: query1.finance.yahoo.com
2026-07-13 18:12:07 | DEBUG    | urllib3.connectionpool:475 | https://query1.finance.yahoo.com:443 "GET /v1/finance/search?q=MU&quotesCount=0&newsCount=50&enableFuzzyQuery=false HTTP/1.1" 403 3369
2026-07-13 18:12:07 | DEBUG    | urllib3.connectionpool:291 | Resetting dropped connection: query2.finance.yahoo.com
2026-07-13 18:12:07 | DEBUG    | urllib3.connectionpool:1022 | Starting new HTTPS connection (1): query1.finance.yahoo.com:443
2026-07-13 18:12:09 | WARNING  | backpack_quant_trading.core.a_share_strategy_import:812 | Yahoo K线 002837.SZ interval=1h 失败: HTTPSConnectionPool(host='query1.finance.yahoo.com', port=443): Max retries exceeded with url: /v8/finance/chart/002837.SZ?period1=1767058200&period2=1784023921&interval=1h (Caused by ProxyError('Cannot connect to proxy.', NewConnectionError('<urllib3.connection.HTTPSConnection object at 0x0000015A89C9C910>: Failed to establish a new connection: [WinError 10061] 由于目标计算机积极拒绝，无法连接。')))
2026-07-13 18:12:09 | DEBUG    | urllib3.connectionpool:1022 | Starting new HTTPS connection (1): finance.yahoo.com:443
2026-07-13 18:12:09 | DEBUG    | urllib3.connectionpool:475 | https://query2.finance.yahoo.com:443 "GET /v1/finance/search?q=MU&quotesCount=0&newsCount=50&enableFuzzyQuery=false HTTP/1.1" 403 3369
2026-07-13 18:12:09 | DEBUG    | urllib3.connectionpool:291 | Resetting dropped connection: query1.finance.yahoo.com
2026-07-13 18:12:11 | DEBUG    | urllib3.connectionpool:475 | https://query1.finance.yahoo.com:443 "GET /v1/finance/search?q=SanDisk&quotesCount=0&newsCount=50&enableFuzzyQuery=false HTTP/1.1" 403 3369
2026-07-13 18:12:11 | DEBUG    | urllib3.connectionpool:291 | Resetting dropped connection: query2.finance.yahoo.com
2026-07-13 18:12:11 | DEBUG    | urllib3.connectionpool:1022 | Starting new HTTPS connection (1): query1.finance.yahoo.com:443
2026-07-13 18:12:12 | DEBUG    | urllib3.connectionpool:475 | https://query2.finance.yahoo.com:443 "GET /v1/finance/search?q=SanDisk&quotesCount=0&newsCount=50&enableFuzzyQuery=false HTTP/1.1" 403 3369
2026-07-13 18:12:12 | DEBUG    | urllib3.connectionpool:291 | Resetting dropped connection: query1.finance.yahoo.com
2026-07-13 18:12:13 | WARNING  | backpack_quant_trading.core.a_share_strategy_import:812 | Yahoo K线 002837.SZ interval=1d 失败: HTTPSConnectionPool(host='query1.finance.yahoo.com', port=443): Max retries exceeded with url: /v8/finance/chart/002837.SZ?period1=1767058200&period2=1784023921&interval=1d (Caused by ProxyError('Cannot connect to proxy.', NewConnectionError('<urllib3.connection.HTTPSConnection object at 0x0000015A89C9F250>: Failed to establish a new connection: [WinError 10061] 由于目标计算机积极拒绝，无法连接。')))
2026-07-13 18:12:13 | DEBUG    | urllib3.connectionpool:1022 | Starting new HTTPS connection (1): money.finance.sina.com.cn:443
2026-07-13 18:12:14 | DEBUG    | urllib3.connectionpool:475 | https://query1.finance.yahoo.com:443 "GET /v1/finance/search?q=SNDK&quotesCount=0&newsCount=50&enableFuzzyQuery=false HTTP/1.1" 403 3369
2026-07-13 18:12:14 | DEBUG    | urllib3.connectionpool:291 | Resetting dropped connection: query2.finance.yahoo.com
2026-07-13 18:12:14 | DEBUG    | urllib3.connectionpool:475 | https://money.finance.sina.com.cn:443 "GET /quotes_service/api/json_v2.php/CN_MarketData.getKLineData?symbol=sz002837&scale=60&ma=no&datalen=1023 HTTP/1.1" 200 None
