2026-07-10 13:47:15 | INFO     | stock_news_alert:514 | 轮询完成 @ 2026-07-10 13:46:21 | 拉取 225 条 (金十数据=18, 同花顺=20, 东方财富=80, 新浪财经=30, 富途牛牛=40, 雅虎财经=37) | 已推送过 0 | 非最新 0 | 未命中关键词 188 | 非重要快讯 37 | 内容相似去重 0 | 新命中 0 | 待推送 0 | 雅虎搜索词: NVIDIA, NVDA, MICRON, MU, SanDisk, SNDK, WDC, INTEL
2026-07-10 13:47:46 | DEBUG    | urllib3.connectionpool:1022 | Starting new HTTPS connection (1): flash-api.jin10.com:443
2026-07-10 13:47:46 | DEBUG    | urllib3.connectionpool:475 | https://flash-api.jin10.com:443 "GET /get_flash_list?channel=-8200&vip=1 HTTP/1.1" 200 None
2026-07-10 13:47:46 | DEBUG    | urllib3.connectionpool:1022 | Starting new HTTPS connection (1): news.10jqka.com.cn:443
2026-07-10 13:47:46 | DEBUG    | urllib3.connectionpool:475 | https://news.10jqka.com.cn:443 "GET /tapp/news/push/stock?page=1&tag=&track=website HTTP/1.1" 200 None
2026-07-10 13:47:46 | DEBUG    | urllib3.connectionpool:1022 | Starting new HTTPS connection (1): np-weblist.eastmoney.com:443
2026-07-10 13:47:47 | DEBUG    | urllib3.connectionpool:475 | https://np-weblist.eastmoney.com:443 "GET /comm/web/getFastNewsList?client=web&biz=web_724&fastColumn=102&sortEnd=&pageSize=80&req_trace=1710315450384 HTTP/1.1" 200 None
2026-07-10 13:47:47 | DEBUG    | urllib3.connectionpool:1022 | Starting new HTTPS connection (1): zhibo.sina.com.cn:443
2026-07-10 13:47:48 | DEBUG    | urllib3.connectionpool:475 | https://zhibo.sina.com.cn:443 "GET /api/zhibo/feed?page=1&page_size=30&zhibo_id=152&tag_id=0&dire=f&dpc=1&pagesize=30&type=1 HTTP/1.1" 200 None
2026-07-10 13:47:48 | DEBUG    | urllib3.connectionpool:1022 | Starting new HTTPS connection (1): news.futunn.com:443
2026-07-10 13:47:48 | DEBUG    | urllib3.connectionpool:475 | https://news.futunn.com:443 "GET /news-site-api/main/get-flash-list?pageSize=40 HTTP/1.1" 200 64520
2026-07-10 13:47:48 | DEBUG    | urllib3.connectionpool:1022 | Starting new HTTPS connection (1): finance.yahoo.com:443
2026-07-10 13:47:53 | DEBUG    | urllib3.connectionpool:475 | https://finance.yahoo.com:443 "GET / HTTP/1.1" 403 3369
2026-07-10 13:47:53 | DEBUG    | urllib3.connectionpool:1022 | Starting new HTTPS connection (1): query1.finance.yahoo.com:443
2026-07-10 13:48:00 | DEBUG    | urllib3.connectionpool:475 | https://query1.finance.yahoo.com:443 "GET /v1/finance/search?q=NVIDIA&quotesCount=0&newsCount=50&enableFuzzyQuery=false HTTP/1.1" 403 3369
2026-07-10 13:48:00 | DEBUG    | urllib3.connectionpool:1022 | Starting new HTTPS connection (1): query2.finance.yahoo.com:443
2026-07-10 13:48:02 | DEBUG    | urllib3.connectionpool:475 | https://query2.finance.yahoo.com:443 "GET /v1/finance/search?q=NVIDIA&quotesCount=0&newsCount=50&enableFuzzyQuery=false HTTP/1.1" 403 3369
2026-07-10 13:48:02 | DEBUG    | urllib3.connectionpool:291 | Resetting dropped connection: query1.finance.yahoo.com
2026-07-10 13:48:04 | DEBUG    | urllib3.connectionpool:475 | https://query1.finance.yahoo.com:443 "GET /v1/finance/search?q=NVDA&quotesCount=0&newsCount=50&enableFuzzyQuery=false HTTP/1.1" 403 3369
2026-07-10 13:48:04 | DEBUG    | urllib3.connectionpool:291 | Resetting dropped connection: query2.finance.yahoo.com
2026-07-10 13:48:08 | DEBUG    | urllib3.connectionpool:475 | https://query2.finance.yahoo.com:443 "GET /v1/finance/search?q=NVDA&quotesCount=0&newsCount=50&enableFuzzyQuery=false HTTP/1.1" 403 3369
2026-07-10 13:48:08 | DEBUG    | urllib3.connectionpool:291 | Resetting dropped connection: query1.finance.yahoo.com
2026-07-10 13:48:10 | DEBUG    | urllib3.connectionpool:475 | https://query1.finance.yahoo.com:443 "GET /v1/finance/search?q=MICRON&quotesCount=0&newsCount=50&enableFuzzyQuery=false HTTP/1.1" 403 3369
2026-07-10 13:48:10 | DEBUG    | urllib3.connectionpool:291 | Resetting dropped connection: query2.finance.yahoo.com
2026-07-10 13:48:12 | DEBUG    | urllib3.connectionpool:475 | https://query2.finance.yahoo.com:443 "GET /v1/finance/search?q=MICRON&quotesCount=0&newsCount=50&enableFuzzyQuery=false HTTP/1.1" 403 3369
2026-07-10 13:48:12 | DEBUG    | urllib3.connectionpool:291 | Resetting dropped connection: query1.finance.yahoo.com
2026-07-10 13:48:14 | DEBUG    | urllib3.connectionpool:475 | https://query1.finance.yahoo.com:443 "GET /v1/finance/search?q=MU&quotesCount=0&newsCount=50&enableFuzzyQuery=false HTTP/1.1" 403 3369
2026-07-10 13:48:14 | DEBUG    | urllib3.connectionpool:291 | Resetting dropped connection: query2.finance.yahoo.com
2026-07-10 13:48:17 | DEBUG    | urllib3.connectionpool:475 | https://query2.finance.yahoo.com:443 "GET /v1/finance/search?q=MU&quotesCount=0&newsCount=50&enableFuzzyQuery=false HTTP/1.1" 403 3369
2026-07-10 13:48:18 | DEBUG    | urllib3.connectionpool:291 | Resetting dropped connection: query1.finance.yahoo.com
2026-07-10 13:48:19 | DEBUG    | urllib3.connectionpool:475 | https://query1.finance.yahoo.com:443 "GET /v1/finance/search?q=SanDisk&quotesCount=0&newsCount=50&enableFuzzyQuery=false HTTP/1.1" 403 3369
2026-07-10 13:48:19 | DEBUG    | urllib3.connectionpool:291 | Resetting dropped connection: query2.finance.yahoo.com
2026-07-10 13:48:21 | DEBUG    | urllib3.connectionpool:475 | https://query2.finance.yahoo.com:443 "GET /v1/finance/search?q=SanDisk&quotesCount=0&newsCount=50&enableFuzzyQuery=false HTTP/1.1" 403 3369
2026-07-10 13:48:21 | DEBUG    | urllib3.connectionpool:291 | Resetting dropped connection: query1.finance.yahoo.com
2026-07-10 13:48:23 | DEBUG    | urllib3.connectionpool:475 | https://query1.finance.yahoo.com:443 "GET /v1/finance/search?q=SNDK&quotesCount=0&newsCount=50&enableFuzzyQuery=false HTTP/1.1" 403 3369
2026-07-10 13:48:23 | DEBUG    | urllib3.connectionpool:291 | Resetting dropped connection: query2.finance.yahoo.com
2026-07-10 13:48:25 | DEBUG    | urllib3.connectionpool:475 | https://query2.finance.yahoo.com:443 "GET /v1/finance/search?q=SNDK&quotesCount=0&newsCount=50&enableFuzzyQuery=false HTTP/1.1" 403 3369
2026-07-10 13:48:25 | DEBUG    | urllib3.connectionpool:291 | Resetting dropped connection: query1.finance.yahoo.com
2026-07-10 13:48:27 | DEBUG    | urllib3.connectionpool:475 | https://query1.finance.yahoo.com:443 "GET /v1/finance/search?q=WDC&quotesCount=0&newsCount=50&enableFuzzyQuery=false HTTP/1.1" 403 3369
2026-07-10 13:48:27 | DEBUG    | urllib3.connectionpool:291 | Resetting dropped connection: query2.finance.yahoo.com
2026-07-10 13:48:29 | DEBUG    | urllib3.connectionpool:475 | https://query2.finance.yahoo.com:443 "GET /v1/finance/search?q=WDC&quotesCount=0&newsCount=50&enableFuzzyQuery=false HTTP/1.1" 403 3369
2026-07-10 13:48:29 | DEBUG    | urllib3.connectionpool:291 | Resetting dropped connection: query1.finance.yahoo.com
2026-07-10 13:48:30 | DEBUG    | urllib3.connectionpool:475 | https://query1.finance.yahoo.com:443 "GET /v1/finance/search?q=INTEL&quotesCount=0&newsCount=50&enableFuzzyQuery=false HTTP/1.1" 403 3369
2026-07-10 13:48:30 | DEBUG    | urllib3.connectionpool:291 | Resetting dropped connection: query2.finance.yahoo.com
2026-07-10 13:48:31 | DEBUG    | urllib3.connectionpool:475 | https://query2.finance.yahoo.com:443 "GET /v1/finance/search?q=INTEL&quotesCount=0&newsCount=50&enableFuzzyQuery=false HTTP/1.1" 403 3369
2026-07-10 13:48:32 | DEBUG    | urllib3.connectionpool:291 | Resetting dropped connection: finance.yahoo.com
2026-07-10 13:48:34 | DEBUG    | urllib3.connectionpool:475 | https://finance.yahoo.com:443 "POST /xhr/ncp?queryRef=latestNews&serviceKey=ncp_fin HTTP/1.1" 403 3369
2026-07-10 13:48:34 | DEBUG    | urllib3.connectionpool:1022 | Starting new HTTPS connection (1): feeds.finance.yahoo.com:443
2026-07-10 13:48:37 | DEBUG    | urllib3.connectionpool:475 | https://feeds.finance.yahoo.com:443 "GET /rss/2.0/headline?s=NVIDIA&region=US&lang=en-US HTTP/1.1" 200 394
2026-07-10 13:48:37 | DEBUG    | urllib3.connectionpool:475 | https://feeds.finance.yahoo.com:443 "GET /rss/2.0/headline?s=NVDA&region=US&lang=en-US HTTP/1.1" 200 4194
2026-07-10 13:48:38 | DEBUG    | urllib3.connectionpool:475 | https://feeds.finance.yahoo.com:443 "GET /rss/2.0/headline?s=MICRON&region=US&lang=en-US HTTP/1.1" 200 394
2026-07-10 13:48:38 | DEBUG    | urllib3.connectionpool:475 | https://feeds.finance.yahoo.com:443 "GET /rss/2.0/headline?s=MU&region=US&lang=en-US HTTP/1.1" 200 5368
2026-07-10 13:48:38 | DEBUG    | backpack_quant_trading.core.stock_news_feeds:786 | [雅虎财经] 直连 Search 获取 37 条
2026-07-10 13:48:38 | INFO     | stock_news_alert:514 | 轮询完成 @ 2026-07-10 13:47:46 | 拉取 224 条 (金十数据=17, 同花顺=20, 东方财富=80, 新浪财经=30, 富途牛牛=40, 雅虎财经=37) | 已推送过 0 | 非最新 0 | 未命中关键词 187 | 非重要快讯 37 | 内容相似去重 0 | 新命中 0 | 待推送 0 | 雅虎搜索词: NVIDIA, NVDA, MICRON, MU, SanDisk, SNDK, WDC, INTEL
2026-07-10 13:49:08 | DEBUG    | urllib3.connectionpool:1022 | Starting new HTTPS connection (1): flash-api.jin10.com:443
2026-07-10 13:49:09 | DEBUG    | urllib3.connectionpool:475 | https://flash-api.jin10.com:443 "GET /get_flash_list?channel=-8200&vip=1 HTTP/1.1" 200 None
2026-07-10 13:49:09 | DEBUG    | urllib3.connectionpool:1022 | Starting new HTTPS connection (1): news.10jqka.com.cn:443
2026-07-10 13:49:09 | DEBUG    | urllib3.connectionpool:475 | https://news.10jqka.com.cn:443 "GET /tapp/news/push/stock?page=1&tag=&track=website HTTP/1.1" 200 None
2026-07-10 13:49:09 | DEBUG    | urllib3.connectionpool:1022 | Starting new HTTPS connection (1): np-weblist.eastmoney.com:443
2026-07-10 13:49:10 | DEBUG    | urllib3.connectionpool:475 | https://np-weblist.eastmoney.com:443 "GET /comm/web/getFastNewsList?client=web&biz=web_724&fastColumn=102&sortEnd=&pageSize=80&req_trace=1710315450384 HTTP/1.1" 200 None
2026-07-10 13:49:10 | DEBUG    | urllib3.connectionpool:1022 | Starting new HTTPS connection (1): zhibo.sina.com.cn:443
2026-07-10 13:49:10 | DEBUG    | urllib3.connectionpool:475 | https://zhibo.sina.com.cn:443 "GET /api/zhibo/feed?page=1&page_size=30&zhibo_id=152&tag_id=0&dire=f&dpc=1&pagesize=30&type=1 HTTP/1.1" 200 None
2026-07-10 13:49:10 | DEBUG    | urllib3.connectionpool:1022 | Starting new HTTPS connection (1): news.futunn.com:443
2026-07-10 13:49:11 | DEBUG    | urllib3.connectionpool:475 | https://news.futunn.com:443 "GET /news-site-api/main/get-flash-list?pageSize=40 HTTP/1.1" 200 61664
2026-07-10 13:49:11 | DEBUG    | urllib3.connectionpool:1022 | Starting new HTTPS connection (1): finance.yahoo.com:443
2026-07-10 13:49:13 | DEBUG    | urllib3.connectionpool:475 | https://finance.yahoo.com:443 "GET / HTTP/1.1" 403 3369
2026-07-10 13:49:13 | DEBUG    | urllib3.connectionpool:1022 | Starting new HTTPS connection (1): query1.finance.yahoo.com:443
2026-07-10 13:49:14 | DEBUG    | urllib3.connectionpool:475 | https://query1.finance.yahoo.com:443 "GET /v1/finance/search?q=NVIDIA&quotesCount=0&newsCount=50&enableFuzzyQuery=false HTTP/1.1" 403 3369
2026-07-10 13:49:14 | DEBUG    | urllib3.connectionpool:1022 | Starting new HTTPS connection (1): query2.finance.yahoo.com:443
2026-07-10 13:49:16 | DEBUG    | urllib3.connectionpool:475 | https://query2.finance.yahoo.com:443 "GET /v1/finance/search?q=NVIDIA&quotesCount=0&newsCount=50&enableFuzzyQuery=false HTTP/1.1" 403 3369
2026-07-10 13:49:16 | DEBUG    | urllib3.connectionpool:291 | Resetting dropped connection: query1.finance.yahoo.com
2026-07-10 13:49:19 | DEBUG    | urllib3.connectionpool:475 | https://query1.finance.yahoo.com:443 "GET /v1/finance/search?q=NVDA&quotesCount=0&newsCount=50&enableFuzzyQuery=false HTTP/1.1" 403 3369
2026-07-10 13:49:19 | DEBUG    | urllib3.connectionpool:291 | Resetting dropped connection: query2.finance.yahoo.com
2026-07-10 13:49:21 | DEBUG    | urllib3.connectionpool:475 | https://query2.finance.yahoo.com:443 "GET /v1/finance/search?q=NVDA&quotesCount=0&newsCount=50&enableFuzzyQuery=false HTTP/1.1" 403 3369
2026-07-10 13:49:21 | DEBUG    | urllib3.connectionpool:291 | Resetting dropped connection: query1.finance.yahoo.com
2026-07-10 13:49:23 | DEBUG    | urllib3.connectionpool:475 | https://query1.finance.yahoo.com:443 "GET /v1/finance/search?q=MICRON&quotesCount=0&newsCount=50&enableFuzzyQuery=false HTTP/1.1" 403 3369
2026-07-10 13:49:23 | DEBUG    | urllib3.connectionpool:291 | Resetting dropped connection: query2.finance.yahoo.com
2026-07-10 13:49:24 | DEBUG    | urllib3.connectionpool:475 | https://query2.finance.yahoo.com:443 "GET /v1/finance/search?q=MICRON&quotesCount=0&newsCount=50&enableFuzzyQuery=false HTTP/1.1" 403 3369
2026-07-10 13:49:24 | DEBUG    | urllib3.connectionpool:291 | Resetting dropped connection: query1.finance.yahoo.com
2026-07-10 13:49:25 | DEBUG    | urllib3.connectionpool:475 | https://query1.finance.yahoo.com:443 "GET /v1/finance/search?q=MU&quotesCount=0&newsCount=50&enableFuzzyQuery=false HTTP/1.1" 403 3369
2026-07-10 13:49:25 | DEBUG    | urllib3.connectionpool:291 | Resetting dropped connection: query2.finance.yahoo.com
2026-07-10 13:49:30 | DEBUG    | urllib3.connectionpool:475 | https://query2.finance.yahoo.com:443 "GET /v1/finance/search?q=MU&quotesCount=0&newsCount=50&enableFuzzyQuery=false HTTP/1.1" 403 3369
2026-07-10 13:49:30 | DEBUG    | urllib3.connectionpool:291 | Resetting dropped connection: query1.finance.yahoo.com
2026-07-10 13:49:32 | DEBUG    | urllib3.connectionpool:475 | https://query1.finance.yahoo.com:443 "GET /v1/finance/search?q=SanDisk&quotesCount=0&newsCount=50&enableFuzzyQuery=false HTTP/1.1" 403 3369
2026-07-10 13:49:35 | DEBUG    | urllib3.connectionpool:291 | Resetting dropped connection: query2.finance.yahoo.com
2026-07-10 13:49:36 | DEBUG    | urllib3.connectionpool:475 | https://query2.finance.yahoo.com:443 "GET /v1/finance/search?q=SanDisk&quotesCount=0&newsCount=50&enableFuzzyQuery=false HTTP/1.1" 403 3369
2026-07-10 13:49:37 | DEBUG    | urllib3.connectionpool:291 | Resetting dropped connection: query1.finance.yahoo.com
2026-07-10 13:49:40 | DEBUG    | urllib3.connectionpool:475 | https://query1.finance.yahoo.com:443 "GET /v1/finance/search?q=SNDK&quotesCount=0&newsCount=50&enableFuzzyQuery=false HTTP/1.1" 403 3369
2026-07-10 13:49:40 | DEBUG    | urllib3.connectionpool:291 | Resetting dropped connection: query2.finance.yahoo.com
2026-07-10 13:49:42 | DEBUG    | urllib3.connectionpool:475 | https://query2.finance.yahoo.com:443 "GET /v1/finance/search?q=SNDK&quotesCount=0&newsCount=50&enableFuzzyQuery=false HTTP/1.1" 403 3369
2026-07-10 13:49:42 | DEBUG    | urllib3.connectionpool:291 | Resetting dropped connection: query1.finance.yahoo.com
2026-07-10 13:49:46 | DEBUG    | urllib3.connectionpool:475 | https://query1.finance.yahoo.com:443 "GET /v1/finance/search?q=WDC&quotesCount=0&newsCount=50&enableFuzzyQuery=false HTTP/1.1" 403 3369
2026-07-10 13:49:49 | DEBUG    | urllib3.connectionpool:291 | Resetting dropped connection: query2.finance.yahoo.com
2026-07-10 13:49:54 | DEBUG    | urllib3.connectionpool:475 | https://query2.finance.yahoo.com:443 "GET /v1/finance/search?q=WDC&quotesCount=0&newsCount=50&enableFuzzyQuery=false HTTP/1.1" 403 3369
2026-07-10 13:49:54 | DEBUG    | urllib3.connectionpool:291 | Resetting dropped connection: query1.finance.yahoo.com
2026-07-10 13:49:55 | DEBUG    | urllib3.connectionpool:475 | https://query1.finance.yahoo.com:443 "GET /v1/finance/search?q=INTEL&quotesCount=0&newsCount=50&enableFuzzyQuery=false HTTP/1.1" 403 3369
2026-07-10 13:49:59 | DEBUG    | urllib3.connectionpool:291 | Resetting dropped connection: query2.finance.yahoo.com
2026-07-10 13:50:00 | DEBUG    | urllib3.connectionpool:475 | https://query2.finance.yahoo.com:443 "GET /v1/finance/search?q=INTEL&quotesCount=0&newsCount=50&enableFuzzyQuery=false HTTP/1.1" 403 3369
2026-07-10 13:50:03 | DEBUG    | urllib3.connectionpool:291 | Resetting dropped connection: finance.yahoo.com
2026-07-10 13:50:05 | DEBUG    | urllib3.connectionpool:475 | https://finance.yahoo.com:443 "POST /xhr/ncp?queryRef=latestNews&serviceKey=ncp_fin HTTP/1.1" 403 3369
2026-07-10 13:50:05 | DEBUG    | urllib3.connectionpool:1022 | Starting new HTTPS connection (1): feeds.finance.yahoo.com:443
2026-07-10 13:50:06 | DEBUG    | urllib3.connectionpool:475 | https://feeds.finance.yahoo.com:443 "GET /rss/2.0/headline?s=NVIDIA&region=US&lang=en-US HTTP/1.1" 200 394
2026-07-10 13:50:06 | DEBUG    | urllib3.connectionpool:475 | https://feeds.finance.yahoo.com:443 "GET /rss/2.0/headline?s=NVDA&region=US&lang=en-US HTTP/1.1" 200 4192
2026-07-10 13:50:08 | DEBUG    | urllib3.connectionpool:475 | https://feeds.finance.yahoo.com:443 "GET /rss/2.0/headline?s=MICRON&region=US&lang=en-US HTTP/1.1" 200 394
2026-07-10 13:50:10 | DEBUG    | urllib3.connectionpool:475 | https://feeds.finance.yahoo.com:443 "GET /rss/2.0/headline?s=MU&region=US&lang=en-US HTTP/1.1" 200 5370
2026-07-10 13:50:10 | DEBUG    | backpack_quant_trading.core.stock_news_feeds:786 | [雅虎财经] 直连 Search 获取 37 条
2026-07-10 13:50:10 | INFO     | stock_news_alert:514 | 轮询完成 @ 2026-07-10 13:49:08 | 拉取 224 条 (金十数据=17, 同花顺=20, 东方财富=80, 新浪财经=30, 富途牛牛=40, 雅虎财经=37) | 已推送过 0 | 非最新 0 | 未命中关键词 187 | 非重要快讯 37 | 内容相似去重 0 | 新命中 0 | 待推送 0 | 雅虎搜索词: NVIDIA, NVDA, MICRON, MU, SanDisk, SNDK, WDC, INTEL
2026-07-10 13:50:40 | DEBUG    | urllib3.connectionpool:1022 | Starting new HTTPS connection (1): flash-api.jin10.com:443
2026-07-10 13:50:41 | DEBUG    | urllib3.connectionpool:475 | https://flash-api.jin10.com:443 "GET /get_flash_list?channel=-8200&vip=1 HTTP/1.1" 200 None
2026-07-10 13:50:41 | DEBUG    | urllib3.connectionpool:1022 | Starting new HTTPS connection (1): news.10jqka.com.cn:443
2026-07-10 13:50:41 | DEBUG    | urllib3.connectionpool:475 | https://news.10jqka.com.cn:443 "GET /tapp/news/push/stock?page=1&tag=&track=website HTTP/1.1" 200 None
2026-07-10 13:50:41 | DEBUG    | urllib3.connectionpool:1022 | Starting new HTTPS connection (1): np-weblist.eastmoney.com:443
2026-07-10 13:50:42 | DEBUG    | urllib3.connectionpool:475 | https://np-weblist.eastmoney.com:443 "GET /comm/web/getFastNewsList?client=web&biz=web_724&fastColumn=102&sortEnd=&pageSize=80&req_trace=1710315450384 HTTP/1.1" 200 None
2026-07-10 13:50:42 | DEBUG    | urllib3.connectionpool:1022 | Starting new HTTPS connection (1): zhibo.sina.com.cn:443
2026-07-10 13:50:42 | DEBUG    | urllib3.connectionpool:475 | https://zhibo.sina.com.cn:443 "GET /api/zhibo/feed?page=1&page_size=30&zhibo_id=152&tag_id=0&dire=f&dpc=1&pagesize=30&type=1 HTTP/1.1" 200 None
2026-07-10 13:50:42 | DEBUG    | urllib3.connectionpool:1022 | Starting new HTTPS connection (1): news.futunn.com:443
2026-07-10 13:50:43 | DEBUG    | urllib3.connectionpool:475 | https://news.futunn.com:443 "GET /news-site-api/main/get-flash-list?pageSize=40 HTTP/1.1" 200 61664
2026-07-10 13:50:43 | DEBUG    | urllib3.connectionpool:1022 | Starting new HTTPS connection (1): finance.yahoo.com:443
2026-07-10 13:50:45 | DEBUG    | urllib3.connectionpool:475 | https://finance.yahoo.com:443 "GET / HTTP/1.1" 403 3369
2026-07-10 13:50:45 | DEBUG    | urllib3.connectionpool:1022 | Starting new HTTPS connection (1): query1.finance.yahoo.com:443
2026-07-10 13:50:47 | DEBUG    | urllib3.connectionpool:475 | https://query1.finance.yahoo.com:443 "GET /v1/finance/search?q=NVIDIA&quotesCount=0&newsCount=50&enableFuzzyQuery=false HTTP/1.1" 403 3369
2026-07-10 13:50:47 | DEBUG    | urllib3.connectionpool:1022 | Starting new HTTPS connection (1): query2.finance.yahoo.com:443
2026-07-10 13:50:48 | DEBUG    | urllib3.connectionpool:475 | https://query2.finance.yahoo.com:443 "GET /v1/finance/search?q=NVIDIA&quotesCount=0&newsCount=50&enableFuzzyQuery=false HTTP/1.1" 403 3369
2026-07-10 13:50:48 | DEBUG    | urllib3.connectionpool:291 | Resetting dropped connection: query1.finance.yahoo.com
2026-07-10 13:50:50 | DEBUG    | urllib3.connectionpool:475 | https://query1.finance.yahoo.com:443 "GET /v1/finance/search?q=NVDA&quotesCount=0&newsCount=50&enableFuzzyQuery=false HTTP/1.1" 403 3369
2026-07-10 13:50:51 | DEBUG    | urllib3.connectionpool:291 | Resetting dropped connection: query2.finance.yahoo.com
2026-07-10 13:50:53 | DEBUG    | urllib3.connectionpool:475 | https://query2.finance.yahoo.com:443 "GET /v1/finance/search?q=NVDA&quotesCount=0&newsCount=50&enableFuzzyQuery=false HTTP/1.1" 403 3369
2026-07-10 13:51:08 | DEBUG    | urllib3.connectionpool:291 | Resetting dropped connection: query1.finance.yahoo.com
2026-07-10 13:51:09 | DEBUG    | urllib3.connectionpool:475 | https://query1.finance.yahoo.com:443 "GET /v1/finance/search?q=MICRON&quotesCount=0&newsCount=50&enableFuzzyQuery=false HTTP/1.1" 403 3369
2026-07-10 13:51:09 | DEBUG    | urllib3.connectionpool:291 | Resetting dropped connection: query2.finance.yahoo.com
2026-07-10 13:51:11 | DEBUG    | urllib3.connectionpool:475 | https://query2.finance.yahoo.com:443 "GET /v1/finance/search?q=MICRON&quotesCount=0&newsCount=50&enableFuzzyQuery=false HTTP/1.1" 403 3369
2026-07-10 13:51:11 | DEBUG    | urllib3.connectionpool:291 | Resetting dropped connection: query1.finance.yahoo.com
2026-07-10 13:51:13 | DEBUG    | urllib3.connectionpool:475 | https://query1.finance.yahoo.com:443 "GET /v1/finance/search?q=MU&quotesCount=0&newsCount=50&enableFuzzyQuery=false HTTP/1.1" 403 3369
2026-07-10 13:51:13 | DEBUG    | urllib3.connectionpool:291 | Resetting dropped connection: query2.finance.yahoo.com
2026-07-10 13:51:15 | DEBUG    | urllib3.connectionpool:475 | https://query2.finance.yahoo.com:443 "GET /v1/finance/search?q=MU&quotesCount=0&newsCount=50&enableFuzzyQuery=false HTTP/1.1" 403 3369
2026-07-10 13:51:17 | DEBUG    | urllib3.connectionpool:291 | Resetting dropped connection: query1.finance.yahoo.com
2026-07-10 13:51:19 | DEBUG    | urllib3.connectionpool:475 | https://query1.finance.yahoo.com:443 "GET /v1/finance/search?q=SanDisk&quotesCount=0&newsCount=50&enableFuzzyQuery=false HTTP/1.1" 403 3369
2026-07-10 13:51:19 | DEBUG    | urllib3.connectionpool:291 | Resetting dropped connection: query2.finance.yahoo.com
2026-07-10 13:51:20 | DEBUG    | urllib3.connectionpool:475 | https://query2.finance.yahoo.com:443 "GET /v1/finance/search?q=SanDisk&quotesCount=0&newsCount=50&enableFuzzyQuery=false HTTP/1.1" 403 3369
2026-07-10 13:51:20 | DEBUG    | urllib3.connectionpool:291 | Resetting dropped connection: query1.finance.yahoo.com
2026-07-10 13:51:22 | DEBUG    | urllib3.connectionpool:475 | https://query1.finance.yahoo.com:443 "GET /v1/finance/search?q=SNDK&quotesCount=0&newsCount=50&enableFuzzyQuery=false HTTP/1.1" 403 3369
2026-07-10 13:51:22 | DEBUG    | urllib3.connectionpool:291 | Resetting dropped connection: query2.finance.yahoo.com
2026-07-10 13:51:25 | DEBUG    | urllib3.connectionpool:475 | https://query2.finance.yahoo.com:443 "GET /v1/finance/search?q=SNDK&quotesCount=0&newsCount=50&enableFuzzyQuery=false HTTP/1.1" 403 3369
2026-07-10 13:51:25 | DEBUG    | urllib3.connectionpool:291 | Resetting dropped connection: query1.finance.yahoo.com
2026-07-10 13:51:27 | DEBUG    | urllib3.connectionpool:475 | https://query1.finance.yahoo.com:443 "GET /v1/finance/search?q=WDC&quotesCount=0&newsCount=50&enableFuzzyQuery=false HTTP/1.1" 403 3369
2026-07-10 13:51:27 | DEBUG    | urllib3.connectionpool:291 | Resetting dropped connection: query2.finance.yahoo.com
2026-07-10 13:51:29 | DEBUG    | urllib3.connectionpool:475 | https://query2.finance.yahoo.com:443 "GET /v1/finance/search?q=WDC&quotesCount=0&newsCount=50&enableFuzzyQuery=false HTTP/1.1" 403 3369
2026-07-10 13:51:29 | DEBUG    | urllib3.connectionpool:291 | Resetting dropped connection: query1.finance.yahoo.com
2026-07-10 13:51:30 | DEBUG    | urllib3.connectionpool:475 | https://query1.finance.yahoo.com:443 "GET /v1/finance/search?q=INTEL&quotesCount=0&newsCount=50&enableFuzzyQuery=false HTTP/1.1" 403 3369
2026-07-10 13:51:30 | DEBUG    | urllib3.connectionpool:291 | Resetting dropped connection: query2.finance.yahoo.com
2026-07-10 13:51:32 | DEBUG    | urllib3.connectionpool:475 | https://query2.finance.yahoo.com:443 "GET /v1/finance/search?q=INTEL&quotesCount=0&newsCount=50&enableFuzzyQuery=false HTTP/1.1" 403 3369
2026-07-10 13:51:32 | DEBUG    | urllib3.connectionpool:291 | Resetting dropped connection: finance.yahoo.com
2026-07-10 13:51:33 | DEBUG    | urllib3.connectionpool:1022 | Starting new HTTPS connection (1): feeds.finance.yahoo.com:443
2026-07-10 13:51:35 | DEBUG    | urllib3.connectionpool:475 | https://feeds.finance.yahoo.com:443 "GET /rss/2.0/headline?s=NVIDIA&region=US&lang=en-US HTTP/1.1" 200 394
2026-07-10 13:51:36 | DEBUG    | urllib3.connectionpool:475 | https://feeds.finance.yahoo.com:443 "GET /rss/2.0/headline?s=NVDA&region=US&lang=en-US HTTP/1.1" 200 4193
2026-07-10 13:51:37 | DEBUG    | urllib3.connectionpool:475 | https://feeds.finance.yahoo.com:443 "GET /rss/2.0/headline?s=MICRON&region=US&lang=en-US HTTP/1.1" 200 394
2026-07-10 13:51:37 | DEBUG    | urllib3.connectionpool:475 | https://feeds.finance.yahoo.com:443 "GET /rss/2.0/headline?s=MU&region=US&lang=en-US HTTP/1.1" 200 5368
2026-07-10 13:51:37 | DEBUG    | backpack_quant_trading.core.stock_news_feeds:786 | [雅虎财经] 直连 Search 获取 37 条
2026-07-10 13:51:37 | INFO     | stock_news_alert:514 | 轮询完成 @ 2026-07-10 13:50:40 | 拉取 224 条 (金十数据=17, 同花顺=20, 东方财富=80, 新浪财经=30, 富途牛牛=40, 雅虎财经=37) | 已推送过 0 | 非最新 0 | 未命中关键词 187 | 非重要快讯 37 | 内容相似去重 0 | 新命中 0 | 待推送 0 | 雅虎搜索词: NVIDIA, NVDA, MICRON, MU, SanDisk, SNDK, WDC, INTEL
2026-07-10 13:52:07 | DEBUG    | urllib3.connectionpool:1022 | Starting new HTTPS connection (1): flash-api.jin10.com:443
2026-07-10 13:52:08 | DEBUG    | urllib3.connectionpool:475 | https://flash-api.jin10.com:443 "GET /get_flash_list?channel=-8200&vip=1 HTTP/1.1" 200 None
2026-07-10 13:52:08 | DEBUG    | urllib3.connectionpool:1022 | Starting new HTTPS connection (1): news.10jqka.com.cn:443
2026-07-10 13:52:08 | DEBUG    | urllib3.connectionpool:475 | https://news.10jqka.com.cn:443 "GET /tapp/news/push/stock?page=1&tag=&track=website HTTP/1.1" 200 None
2026-07-10 13:52:08 | DEBUG    | urllib3.connectionpool:1022 | Starting new HTTPS connection (1): np-weblist.eastmoney.com:443
2026-07-10 13:52:09 | DEBUG    | urllib3.connectionpool:475 | https://np-weblist.eastmoney.com:443 "GET /comm/web/getFastNewsList?client=web&biz=web_724&fastColumn=102&sortEnd=&pageSize=80&req_trace=1710315450384 HTTP/1.1" 200 None
2026-07-10 13:52:09 | DEBUG    | urllib3.connectionpool:1022 | Starting new HTTPS connection (1): zhibo.sina.com.cn:443
2026-07-10 13:52:10 | DEBUG    | urllib3.connectionpool:475 | https://zhibo.sina.com.cn:443 "GET /api/zhibo/feed?page=1&page_size=30&zhibo_id=152&tag_id=0&dire=f&dpc=1&pagesize=30&type=1 HTTP/1.1" 200 None
2026-07-10 13:52:10 | DEBUG    | urllib3.connectionpool:1022 | Starting new HTTPS connection (1): news.futunn.com:443
2026-07-10 13:52:10 | DEBUG    | urllib3.connectionpool:475 | https://news.futunn.com:443 "GET /news-site-api/main/get-flash-list?pageSize=40 HTTP/1.1" 200 61705
2026-07-10 13:52:10 | DEBUG    | urllib3.connectionpool:1022 | Starting new HTTPS connection (1): finance.yahoo.com:443
2026-07-10 13:52:12 | DEBUG    | urllib3.connectionpool:475 | https://finance.yahoo.com:443 "GET / HTTP/1.1" 403 3369
2026-07-10 13:52:12 | DEBUG    | urllib3.connectionpool:1022 | Starting new HTTPS connection (1): query1.finance.yahoo.com:443
2026-07-10 13:52:13 | DEBUG    | urllib3.connectionpool:475 | https://query1.finance.yahoo.com:443 "GET /v1/finance/search?q=NVIDIA&quotesCount=0&newsCount=50&enableFuzzyQuery=false HTTP/1.1" 403 3369
2026-07-10 13:52:14 | DEBUG    | urllib3.connectionpool:1022 | Starting new HTTPS connection (1): query2.finance.yahoo.com:443
2026-07-10 13:52:15 | DEBUG    | urllib3.connectionpool:475 | https://query2.finance.yahoo.com:443 "GET /v1/finance/search?q=NVIDIA&quotesCount=0&newsCount=50&enableFuzzyQuery=false HTTP/1.1" 403 3369
2026-07-10 13:52:19 | DEBUG    | urllib3.connectionpool:291 | Resetting dropped connection: query1.finance.yahoo.com
2026-07-10 13:52:21 | DEBUG    | urllib3.connectionpool:475 | https://query1.finance.yahoo.com:443 "GET /v1/finance/search?q=NVDA&quotesCount=0&newsCount=50&enableFuzzyQuery=false HTTP/1.1" 403 3369
2026-07-10 13:52:21 | DEBUG    | urllib3.connectionpool:291 | Resetting dropped connection: query2.finance.yahoo.com
2026-07-10 13:52:23 | DEBUG    | urllib3.connectionpool:475 | https://query2.finance.yahoo.com:443 "GET /v1/finance/search?q=NVDA&quotesCount=0&newsCount=50&enableFuzzyQuery=false HTTP/1.1" 403 3369
2026-07-10 13:52:23 | DEBUG    | urllib3.connectionpool:291 | Resetting dropped connection: query1.finance.yahoo.com
2026-07-10 13:52:24 | DEBUG    | urllib3.connectionpool:475 | https://query1.finance.yahoo.com:443 "GET /v1/finance/search?q=MICRON&quotesCount=0&newsCount=50&enableFuzzyQuery=false HTTP/1.1" 403 3369
2026-07-10 13:52:24 | DEBUG    | urllib3.connectionpool:291 | Resetting dropped connection: query2.finance.yahoo.com
2026-07-10 13:52:26 | DEBUG    | urllib3.connectionpool:475 | https://query2.finance.yahoo.com:443 "GET /v1/finance/search?q=MICRON&quotesCount=0&newsCount=50&enableFuzzyQuery=false HTTP/1.1" 403 3369
2026-07-10 13:52:26 | DEBUG    | urllib3.connectionpool:291 | Resetting dropped connection: query1.finance.yahoo.com
2026-07-10 13:52:27 | DEBUG    | urllib3.connectionpool:475 | https://query1.finance.yahoo.com:443 "GET /v1/finance/search?q=MU&quotesCount=0&newsCount=50&enableFuzzyQuery=false HTTP/1.1" 403 3369
2026-07-10 13:52:27 | DEBUG    | urllib3.connectionpool:291 | Resetting dropped connection: query2.finance.yahoo.com
2026-07-10 13:52:28 | DEBUG    | urllib3.connectionpool:475 | https://query2.finance.yahoo.com:443 "GET /v1/finance/search?q=MU&quotesCount=0&newsCount=50&enableFuzzyQuery=false HTTP/1.1" 403 3369
2026-07-10 13:52:28 | DEBUG    | urllib3.connectionpool:291 | Resetting dropped connection: query1.finance.yahoo.com
2026-07-10 13:52:30 | DEBUG    | urllib3.connectionpool:475 | https://query1.finance.yahoo.com:443 "GET /v1/finance/search?q=SanDisk&quotesCount=0&newsCount=50&enableFuzzyQuery=false HTTP/1.1" 403 3369
2026-07-10 13:52:30 | DEBUG    | urllib3.connectionpool:291 | Resetting dropped connection: query2.finance.yahoo.com
2026-07-10 13:52:31 | DEBUG    | urllib3.connectionpool:475 | https://query2.finance.yahoo.com:443 "GET /v1/finance/search?q=SanDisk&quotesCount=0&newsCount=50&enableFuzzyQuery=false HTTP/1.1" 403 3369
2026-07-10 13:52:31 | DEBUG    | urllib3.connectionpool:291 | Resetting dropped connection: query1.finance.yahoo.com
2026-07-10 13:52:33 | DEBUG    | urllib3.connectionpool:475 | https://query1.finance.yahoo.com:443 "GET /v1/finance/search?q=SNDK&quotesCount=0&newsCount=50&enableFuzzyQuery=false HTTP/1.1" 403 3369
2026-07-10 13:52:33 | DEBUG    | urllib3.connectionpool:291 | Resetting dropped connection: query2.finance.yahoo.com
2026-07-10 13:52:35 | DEBUG    | urllib3.connectionpool:475 | https://query2.finance.yahoo.com:443 "GET /v1/finance/search?q=SNDK&quotesCount=0&newsCount=50&enableFuzzyQuery=false HTTP/1.1" 403 3369
2026-07-10 13:52:35 | DEBUG    | urllib3.connectionpool:291 | Resetting dropped connection: query1.finance.yahoo.com
2026-07-10 13:52:36 | DEBUG    | urllib3.connectionpool:475 | https://query1.finance.yahoo.com:443 "GET /v1/finance/search?q=WDC&quotesCount=0&newsCount=50&enableFuzzyQuery=false HTTP/1.1" 403 3369
2026-07-10 13:52:36 | DEBUG    | urllib3.connectionpool:291 | Resetting dropped connection: query2.finance.yahoo.com
2026-07-10 13:52:38 | DEBUG    | urllib3.connectionpool:475 | https://query2.finance.yahoo.com:443 "GET /v1/finance/search?q=WDC&quotesCount=0&newsCount=50&enableFuzzyQuery=false HTTP/1.1" 403 3369
2026-07-10 13:52:38 | DEBUG    | urllib3.connectionpool:291 | Resetting dropped connection: query1.finance.yahoo.com
2026-07-10 13:52:40 | DEBUG    | urllib3.connectionpool:475 | https://query1.finance.yahoo.com:443 "GET /v1/finance/search?q=INTEL&quotesCount=0&newsCount=50&enableFuzzyQuery=false HTTP/1.1" 403 3369
2026-07-10 13:52:40 | DEBUG    | urllib3.connectionpool:291 | Resetting dropped connection: query2.finance.yahoo.com
2026-07-10 13:52:42 | DEBUG    | urllib3.connectionpool:475 | https://query2.finance.yahoo.com:443 "GET /v1/finance/search?q=INTEL&quotesCount=0&newsCount=50&enableFuzzyQuery=false HTTP/1.1" 403 3369
2026-07-10 13:52:42 | DEBUG    | urllib3.connectionpool:291 | Resetting dropped connection: finance.yahoo.com
2026-07-10 13:52:44 | DEBUG    | urllib3.connectionpool:475 | https://finance.yahoo.com:443 "POST /xhr/ncp?queryRef=latestNews&serviceKey=ncp_fin HTTP/1.1" 403 3369
2026-07-10 13:52:44 | DEBUG    | urllib3.connectionpool:1022 | Starting new HTTPS connection (1): feeds.finance.yahoo.com:443
2026-07-10 13:52:46 | DEBUG    | urllib3.connectionpool:475 | https://feeds.finance.yahoo.com:443 "GET /rss/2.0/headline?s=NVIDIA&region=US&lang=en-US HTTP/1.1" 200 394
2026-07-10 13:52:46 | DEBUG    | urllib3.connectionpool:475 | https://feeds.finance.yahoo.com:443 "GET /rss/2.0/headline?s=NVDA&region=US&lang=en-US HTTP/1.1" 200 4194
2026-07-10 13:52:46 | DEBUG    | urllib3.connectionpool:475 | https://feeds.finance.yahoo.com:443 "GET /rss/2.0/headline?s=MICRON&region=US&lang=en-US HTTP/1.1" 200 394
2026-07-10 13:52:47 | DEBUG    | urllib3.connectionpool:475 | https://feeds.finance.yahoo.com:443 "GET /rss/2.0/headline?s=MU&region=US&lang=en-US HTTP/1.1" 200 5369
2026-07-10 13:52:47 | DEBUG    | backpack_quant_trading.core.stock_news_feeds:786 | [雅虎财经] 直连 Search 获取 37 条
2026-07-10 13:52:47 | INFO     | stock_news_alert:514 | 轮询完成 @ 2026-07-10 13:52:07 | 拉取 224 条 (金十数据=17, 同花顺=20, 东方财富=80, 新浪财经=30, 富途牛牛=40, 雅虎财经=37) | 已推送过 0 | 非最新 0 | 未命中关键词 187 | 非重要快讯 37 | 内容相似去重 0 | 新命中 0 | 待推送 0 | 雅虎搜索词: NVIDIA, NVDA, MICRON, MU, SanDisk, SNDK, WDC, INTEL
2026-07-10 13:53:17 | DEBUG    | urllib3.connectionpool:1022 | Starting new HTTPS connection (1): flash-api.jin10.com:443
2026-07-10 13:53:17 | DEBUG    | urllib3.connectionpool:475 | https://flash-api.jin10.com:443 "GET /get_flash_list?channel=-8200&vip=1 HTTP/1.1" 200 None
2026-07-10 13:53:17 | DEBUG    | urllib3.connectionpool:1022 | Starting new HTTPS connection (1): news.10jqka.com.cn:443
2026-07-10 13:53:18 | DEBUG    | urllib3.connectionpool:475 | https://news.10jqka.com.cn:443 "GET /tapp/news/push/stock?page=1&tag=&track=website HTTP/1.1" 200 None
2026-07-10 13:53:18 | DEBUG    | urllib3.connectionpool:1022 | Starting new HTTPS connection (1): np-weblist.eastmoney.com:443
2026-07-10 13:53:18 | DEBUG    | urllib3.connectionpool:475 | https://np-weblist.eastmoney.com:443 "GET /comm/web/getFastNewsList?client=web&biz=web_724&fastColumn=102&sortEnd=&pageSize=80&req_trace=1710315450384 HTTP/1.1" 200 None
2026-07-10 13:53:18 | DEBUG    | urllib3.connectionpool:1022 | Starting new HTTPS connection (1): zhibo.sina.com.cn:443
2026-07-10 13:53:19 | DEBUG    | urllib3.connectionpool:475 | https://zhibo.sina.com.cn:443 "GET /api/zhibo/feed?page=1&page_size=30&zhibo_id=152&tag_id=0&dire=f&dpc=1&pagesize=30&type=1 HTTP/1.1" 200 None
2026-07-10 13:53:19 | DEBUG    | urllib3.connectionpool:1022 | Starting new HTTPS connection (1): news.futunn.com:443
2026-07-10 13:53:19 | DEBUG    | urllib3.connectionpool:475 | https://news.futunn.com:443 "GET /news-site-api/main/get-flash-list?pageSize=40 HTTP/1.1" 200 61704
2026-07-10 13:53:19 | DEBUG    | urllib3.connectionpool:1022 | Starting new HTTPS connection (1): finance.yahoo.com:443
2026-07-10 13:53:21 | DEBUG    | urllib3.connectionpool:475 | https://finance.yahoo.com:443 "GET / HTTP/1.1" 403 3369
2026-07-10 13:53:24 | DEBUG    | urllib3.connectionpool:1022 | Starting new HTTPS connection (1): query1.finance.yahoo.com:443
2026-07-10 13:53:25 | DEBUG    | urllib3.connectionpool:475 | https://query1.finance.yahoo.com:443 "GET /v1/finance/search?q=NVIDIA&quotesCount=0&newsCount=50&enableFuzzyQuery=false HTTP/1.1" 403 3369
2026-07-10 13:53:25 | DEBUG    | urllib3.connectionpool:1022 | Starting new HTTPS connection (1): query2.finance.yahoo.com:443
2026-07-10 13:53:27 | DEBUG    | urllib3.connectionpool:475 | https://query2.finance.yahoo.com:443 "GET /v1/finance/search?q=NVIDIA&quotesCount=0&newsCount=50&enableFuzzyQuery=false HTTP/1.1" 403 3369
2026-07-10 13:53:27 | DEBUG    | urllib3.connectionpool:291 | Resetting dropped connection: query1.finance.yahoo.com
2026-07-10 13:53:28 | DEBUG    | urllib3.connectionpool:475 | https://query1.finance.yahoo.com:443 "GET /v1/finance/search?q=NVDA&quotesCount=0&newsCount=50&enableFuzzyQuery=false HTTP/1.1" 403 3369
2026-07-10 13:53:31 | DEBUG    | urllib3.connectionpool:291 | Resetting dropped connection: query2.finance.yahoo.com
2026-07-10 13:53:32 | DEBUG    | urllib3.connectionpool:475 | https://query2.finance.yahoo.com:443 "GET /v1/finance/search?q=NVDA&quotesCount=0&newsCount=50&enableFuzzyQuery=false HTTP/1.1" 403 3369
2026-07-10 13:53:32 | DEBUG    | urllib3.connectionpool:291 | Resetting dropped connection: query1.finance.yahoo.com
2026-07-10 13:53:34 | DEBUG    | urllib3.connectionpool:475 | https://query1.finance.yahoo.com:443 "GET /v1/finance/search?q=MICRON&quotesCount=0&newsCount=50&enableFuzzyQuery=false HTTP/1.1" 403 3369
2026-07-10 13:53:34 | DEBUG    | urllib3.connectionpool:291 | Resetting dropped connection: query2.finance.yahoo.com
2026-07-10 13:53:37 | DEBUG    | urllib3.connectionpool:475 | https://query2.finance.yahoo.com:443 "GET /v1/finance/search?q=MICRON&quotesCount=0&newsCount=50&enableFuzzyQuery=false HTTP/1.1" 403 3369
2026-07-10 13:53:37 | DEBUG    | urllib3.connectionpool:291 | Resetting dropped connection: query1.finance.yahoo.com
2026-07-10 13:53:38 | DEBUG    | urllib3.connectionpool:475 | https://query1.finance.yahoo.com:443 "GET /v1/finance/search?q=MU&quotesCount=0&newsCount=50&enableFuzzyQuery=false HTTP/1.1" 403 3369
2026-07-10 13:53:38 | DEBUG    | urllib3.connectionpool:291 | Resetting dropped connection: query2.finance.yahoo.com
2026-07-10 13:53:40 | DEBUG    | urllib3.connectionpool:475 | https://query2.finance.yahoo.com:443 "GET /v1/finance/search?q=MU&quotesCount=0&newsCount=50&enableFuzzyQuery=false HTTP/1.1" 403 3369
2026-07-10 13:53:40 | DEBUG    | urllib3.connectionpool:291 | Resetting dropped connection: query1.finance.yahoo.com
2026-07-10 13:53:41 | DEBUG    | urllib3.connectionpool:475 | https://query1.finance.yahoo.com:443 "GET /v1/finance/search?q=SanDisk&quotesCount=0&newsCount=50&enableFuzzyQuery=false HTTP/1.1" 403 3369
2026-07-10 13:53:42 | DEBUG    | urllib3.connectionpool:291 | Resetting dropped connection: query2.finance.yahoo.com
2026-07-10 13:53:44 | DEBUG    | urllib3.connectionpool:475 | https://query2.finance.yahoo.com:443 "GET /v1/finance/search?q=SanDisk&quotesCount=0&newsCount=50&enableFuzzyQuery=false HTTP/1.1" 403 3369
2026-07-10 13:53:44 | DEBUG    | urllib3.connectionpool:291 | Resetting dropped connection: query1.finance.yahoo.com
2026-07-10 13:53:45 | DEBUG    | urllib3.connectionpool:475 | https://query1.finance.yahoo.com:443 "GET /v1/finance/search?q=SNDK&quotesCount=0&newsCount=50&enableFuzzyQuery=false HTTP/1.1" 403 3369
2026-07-10 13:53:45 | DEBUG    | urllib3.connectionpool:291 | Resetting dropped connection: query2.finance.yahoo.com
2026-07-10 13:53:46 | DEBUG    | urllib3.connectionpool:475 | https://query2.finance.yahoo.com:443 "GET /v1/finance/search?q=SNDK&quotesCount=0&newsCount=50&enableFuzzyQuery=false HTTP/1.1" 403 3369
2026-07-10 13:53:46 | DEBUG    | urllib3.connectionpool:291 | Resetting dropped connection: query1.finance.yahoo.com
2026-07-10 13:53:48 | DEBUG    | urllib3.connectionpool:475 | https://query1.finance.yahoo.com:443 "GET /v1/finance/search?q=WDC&quotesCount=0&newsCount=50&enableFuzzyQuery=false HTTP/1.1" 403 3369
2026-07-10 13:53:50 | DEBUG    | urllib3.connectionpool:291 | Resetting dropped connection: query2.finance.yahoo.com
2026-07-10 13:53:51 | DEBUG    | urllib3.connectionpool:475 | https://query2.finance.yahoo.com:443 "GET /v1/finance/search?q=WDC&quotesCount=0&newsCount=50&enableFuzzyQuery=false HTTP/1.1" 403 3369
2026-07-10 13:53:53 | DEBUG    | urllib3.connectionpool:291 | Resetting dropped connection: query1.finance.yahoo.com
2026-07-10 13:53:54 | DEBUG    | urllib3.connectionpool:475 | https://query1.finance.yahoo.com:443 "GET /v1/finance/search?q=INTEL&quotesCount=0&newsCount=50&enableFuzzyQuery=false HTTP/1.1" 403 3369
2026-07-10 13:53:54 | DEBUG    | urllib3.connectionpool:291 | Resetting dropped connection: query2.finance.yahoo.com
2026-07-10 13:53:56 | DEBUG    | urllib3.connectionpool:475 | https://query2.finance.yahoo.com:443 "GET /v1/finance/search?q=INTEL&quotesCount=0&newsCount=50&enableFuzzyQuery=false HTTP/1.1" 403 3369
2026-07-10 13:53:56 | DEBUG    | urllib3.connectionpool:291 | Resetting dropped connection: finance.yahoo.com
2026-07-10 13:53:57 | DEBUG    | urllib3.connectionpool:1022 | Starting new HTTPS connection (1): feeds.finance.yahoo.com:443
2026-07-10 13:53:59 | DEBUG    | urllib3.connectionpool:475 | https://feeds.finance.yahoo.com:443 "GET /rss/2.0/headline?s=NVIDIA&region=US&lang=en-US HTTP/1.1" 200 394
2026-07-10 13:53:59 | DEBUG    | urllib3.connectionpool:475 | https://feeds.finance.yahoo.com:443 "GET /rss/2.0/headline?s=NVDA&region=US&lang=en-US HTTP/1.1" 200 4192
2026-07-10 13:53:59 | DEBUG    | urllib3.connectionpool:475 | https://feeds.finance.yahoo.com:443 "GET /rss/2.0/headline?s=MICRON&region=US&lang=en-US HTTP/1.1" 200 394
2026-07-10 13:54:00 | DEBUG    | urllib3.connectionpool:475 | https://feeds.finance.yahoo.com:443 "GET /rss/2.0/headline?s=MU&region=US&lang=en-US HTTP/1.1" 200 5366
2026-07-10 13:54:00 | DEBUG    | backpack_quant_trading.core.stock_news_feeds:786 | [雅虎财经] 直连 Search 获取 37 条
2026-07-10 13:54:00 | INFO     | stock_news_alert:514 | 轮询完成 @ 2026-07-10 13:53:17 | 拉取 223 条 (金十数据=16, 同花顺=20, 东方财富=80, 新浪财经=30, 富途牛牛=40, 雅虎财经=37) | 已推送过 0 | 非最新 0 | 未命中关键词 186 | 非重要快讯 37 | 内容相似去重 0 | 新命中 0 | 待推送 0 | 雅虎搜索词: NVIDIA, NVDA, MICRON, MU, SanDisk, SNDK, WDC, INTEL
2026-07-10 13:54:30 | DEBUG    | urllib3.connectionpool:1022 | Starting new HTTPS connection (1): flash-api.jin10.com:443
2026-07-10 13:54:30 | DEBUG    | urllib3.connectionpool:475 | https://flash-api.jin10.com:443 "GET /get_flash_list?channel=-8200&vip=1 HTTP/1.1" 200 None
2026-07-10 13:54:30 | DEBUG    | urllib3.connectionpool:1022 | Starting new HTTPS connection (1): news.10jqka.com.cn:443
2026-07-10 13:54:31 | DEBUG    | urllib3.connectionpool:475 | https://news.10jqka.com.cn:443 "GET /tapp/news/push/stock?page=1&tag=&track=website HTTP/1.1" 200 None
2026-07-10 13:54:31 | DEBUG    | urllib3.connectionpool:1022 | Starting new HTTPS connection (1): np-weblist.eastmoney.com:443
2026-07-10 13:54:31 | DEBUG    | urllib3.connectionpool:475 | https://np-weblist.eastmoney.com:443 "GET /comm/web/getFastNewsList?client=web&biz=web_724&fastColumn=102&sortEnd=&pageSize=80&req_trace=1710315450384 HTTP/1.1" 200 None
2026-07-10 13:54:31 | DEBUG    | urllib3.connectionpool:1022 | Starting new HTTPS connection (1): zhibo.sina.com.cn:443
2026-07-10 13:54:32 | DEBUG    | urllib3.connectionpool:475 | https://zhibo.sina.com.cn:443 "GET /api/zhibo/feed?page=1&page_size=30&zhibo_id=152&tag_id=0&dire=f&dpc=1&pagesize=30&type=1 HTTP/1.1" 200 None
2026-07-10 13:54:32 | DEBUG    | urllib3.connectionpool:1022 | Starting new HTTPS connection (1): news.futunn.com:443
2026-07-10 13:54:33 | DEBUG    | urllib3.connectionpool:475 | https://news.futunn.com:443 "GET /news-site-api/main/get-flash-list?pageSize=40 HTTP/1.1" 200 61705
2026-07-10 13:54:33 | DEBUG    | urllib3.connectionpool:1022 | Starting new HTTPS connection (1): finance.yahoo.com:443
2026-07-10 13:54:37 | DEBUG    | urllib3.connectionpool:475 | https://finance.yahoo.com:443 "GET / HTTP/1.1" 403 3369
2026-07-10 13:54:37 | DEBUG    | urllib3.connectionpool:1022 | Starting new HTTPS connection (1): query1.finance.yahoo.com:443
2026-07-10 13:54:39 | DEBUG    | urllib3.connectionpool:475 | https://query1.finance.yahoo.com:443 "GET /v1/finance/search?q=NVIDIA&quotesCount=0&newsCount=50&enableFuzzyQuery=false HTTP/1.1" 403 3369
2026-07-10 13:54:39 | DEBUG    | urllib3.connectionpool:1022 | Starting new HTTPS connection (1): query2.finance.yahoo.com:443
2026-07-10 13:54:40 | DEBUG    | urllib3.connectionpool:475 | https://query2.finance.yahoo.com:443 "GET /v1/finance/search?q=NVIDIA&quotesCount=0&newsCount=50&enableFuzzyQuery=false HTTP/1.1" 403 3369
2026-07-10 13:54:40 | DEBUG    | urllib3.connectionpool:291 | Resetting dropped connection: query1.finance.yahoo.com
2026-07-10 13:54:41 | DEBUG    | urllib3.connectionpool:475 | https://query1.finance.yahoo.com:443 "GET /v1/finance/search?q=NVDA&quotesCount=0&newsCount=50&enableFuzzyQuery=false HTTP/1.1" 403 3369
2026-07-10 13:54:41 | DEBUG    | urllib3.connectionpool:291 | Resetting dropped connection: query2.finance.yahoo.com
2026-07-10 13:54:43 | DEBUG    | urllib3.connectionpool:475 | https://query2.finance.yahoo.com:443 "GET /v1/finance/search?q=NVDA&quotesCount=0&newsCount=50&enableFuzzyQuery=false HTTP/1.1" 403 3369
2026-07-10 13:54:43 | DEBUG    | urllib3.connectionpool:291 | Resetting dropped connection: query1.finance.yahoo.com
2026-07-10 13:54:45 | DEBUG    | urllib3.connectionpool:475 | https://query1.finance.yahoo.com:443 "GET /v1/finance/search?q=MICRON&quotesCount=0&newsCount=50&enableFuzzyQuery=false HTTP/1.1" 403 3369
2026-07-10 13:54:45 | DEBUG    | urllib3.connectionpool:291 | Resetting dropped connection: query2.finance.yahoo.com
2026-07-10 13:54:48 | DEBUG    | urllib3.connectionpool:475 | https://query2.finance.yahoo.com:443 "GET /v1/finance/search?q=MICRON&quotesCount=0&newsCount=50&enableFuzzyQuery=false HTTP/1.1" 403 3369
2026-07-10 13:54:48 | DEBUG    | urllib3.connectionpool:291 | Resetting dropped connection: query1.finance.yahoo.com
2026-07-10 13:54:49 | DEBUG    | urllib3.connectionpool:475 | https://query1.finance.yahoo.com:443 "GET /v1/finance/search?q=MU&quotesCount=0&newsCount=50&enableFuzzyQuery=false HTTP/1.1" 403 3369
2026-07-10 13:54:55 | DEBUG    | urllib3.connectionpool:291 | Resetting dropped connection: query2.finance.yahoo.com
2026-07-10 13:55:01 | DEBUG    | urllib3.connectionpool:475 | https://query2.finance.yahoo.com:443 "GET /v1/finance/search?q=MU&quotesCount=0&newsCount=50&enableFuzzyQuery=false HTTP/1.1" 403 3369
2026-07-10 13:55:01 | DEBUG    | urllib3.connectionpool:291 | Resetting dropped connection: query1.finance.yahoo.com
2026-07-10 13:55:03 | DEBUG    | urllib3.connectionpool:475 | https://query1.finance.yahoo.com:443 "GET /v1/finance/search?q=SanDisk&quotesCount=0&newsCount=50&enableFuzzyQuery=false HTTP/1.1" 403 3369
2026-07-10 13:55:03 | DEBUG    | urllib3.connectionpool:291 | Resetting dropped connection: query2.finance.yahoo.com
2026-07-10 13:55:04 | DEBUG    | urllib3.connectionpool:475 | https://query2.finance.yahoo.com:443 "GET /v1/finance/search?q=SanDisk&quotesCount=0&newsCount=50&enableFuzzyQuery=false HTTP/1.1" 403 3369
2026-07-10 13:55:05 | DEBUG    | urllib3.connectionpool:1022 | Starting new HTTPS connection (1): api.hyperliquid.xyz:443
2026-07-10 13:55:07 | DEBUG    | urllib3.connectionpool:291 | Resetting dropped connection: query1.finance.yahoo.com
2026-07-10 13:55:07 | ERROR    | backpack_quant_trading.core.hyperliquid_klines:225 | HL metaAndAssetCtxs 失败: HTTPSConnectionPool(host='api.hyperliquid.xyz', port=443): Max retries exceeded with url: /info (Caused by ProxyError('Cannot connect to proxy.', NewConnectionError('<urllib3.connection.HTTPSConnection object at 0x000001E9A7BD2FD0>: Failed to establish a new connection: [WinError 10061] 由于目标计算机积极拒绝，无法连接。')))
2026-07-10 13:55:07 | INFO     | kline_scheduler:208 | [上涨扫描] 定时完成: 2026-07-10 05:55:07 UTC · 通过 0 个 · 耗时 2.1s
2026-07-10 13:55:07 | INFO     | kline_scheduler:218 | [上涨扫描] 下次扫描约 1.0h 后
2026-07-10 13:55:10 | DEBUG    | urllib3.connectionpool:475 | https://query1.finance.yahoo.com:443 "GET /v1/finance/search?q=SNDK&quotesCount=0&newsCount=50&enableFuzzyQuery=false HTTP/1.1" 403 3369
2026-07-10 13:55:10 | DEBUG    | urllib3.connectionpool:291 | Resetting dropped connection: query2.finance.yahoo.com
2026-07-10 13:55:11 | DEBUG    | urllib3.connectionpool:475 | https://query2.finance.yahoo.com:443 "GET /v1/finance/search?q=SNDK&quotesCount=0&newsCount=50&enableFuzzyQuery=false HTTP/1.1" 403 3369
2026-07-10 13:55:11 | DEBUG    | urllib3.connectionpool:291 | Resetting dropped connection: query1.finance.yahoo.com
2026-07-10 13:55:13 | DEBUG    | urllib3.connectionpool:475 | https://query1.finance.yahoo.com:443 "GET /v1/finance/search?q=WDC&quotesCount=0&newsCount=50&enableFuzzyQuery=false HTTP/1.1" 403 3369
2026-07-10 13:55:13 | DEBUG    | urllib3.connectionpool:291 | Resetting dropped connection: query2.finance.yahoo.com
2026-07-10 13:55:15 | DEBUG    | urllib3.connectionpool:475 | https://query2.finance.yahoo.com:443 "GET /v1/finance/search?q=WDC&quotesCount=0&newsCount=50&enableFuzzyQuery=false HTTP/1.1" 403 3369
2026-07-10 13:55:15 | DEBUG    | urllib3.connectionpool:291 | Resetting dropped connection: query1.finance.yahoo.com
2026-07-10 13:55:17 | DEBUG    | urllib3.connectionpool:475 | https://query1.finance.yahoo.com:443 "GET /v1/finance/search?q=INTEL&quotesCount=0&newsCount=50&enableFuzzyQuery=false HTTP/1.1" 403 3369
2026-07-10 13:55:17 | DEBUG    | urllib3.connectionpool:291 | Resetting dropped connection: query2.finance.yahoo.com
2026-07-10 13:55:18 | DEBUG    | urllib3.connectionpool:475 | https://query2.finance.yahoo.com:443 "GET /v1/finance/search?q=INTEL&quotesCount=0&newsCount=50&enableFuzzyQuery=false HTTP/1.1" 403 3369
2026-07-10 13:55:22 | DEBUG    | urllib3.connectionpool:291 | Resetting dropped connection: finance.yahoo.com
2026-07-10 13:55:23 | DEBUG    | urllib3.connectionpool:475 | https://finance.yahoo.com:443 "POST /xhr/ncp?queryRef=latestNews&serviceKey=ncp_fin HTTP/1.1" 403 3369
2026-07-10 13:55:23 | DEBUG    | urllib3.connectionpool:1022 | Starting new HTTPS connection (1): feeds.finance.yahoo.com:443
2026-07-10 13:55:25 | DEBUG    | urllib3.connectionpool:475 | https://feeds.finance.yahoo.com:443 "GET /rss/2.0/headline?s=NVIDIA&region=US&lang=en-US HTTP/1.1" 200 394
2026-07-10 13:55:25 | DEBUG    | urllib3.connectionpool:475 | https://feeds.finance.yahoo.com:443 "GET /rss/2.0/headline?s=NVDA&region=US&lang=en-US HTTP/1.1" 200 4190
2026-07-10 13:55:27 | DEBUG    | urllib3.connectionpool:475 | https://feeds.finance.yahoo.com:443 "GET /rss/2.0/headline?s=MICRON&region=US&lang=en-US HTTP/1.1" 200 394
2026-07-10 13:55:27 | DEBUG    | urllib3.connectionpool:475 | https://feeds.finance.yahoo.com:443 "GET /rss/2.0/headline?s=MU&region=US&lang=en-US HTTP/1.1" 200 5368
2026-07-10 13:55:29 | DEBUG    | backpack_quant_trading.core.stock_news_feeds:786 | [雅虎财经] 直连 Search 获取 37 条
2026-07-10 13:55:29 | INFO     | stock_news_alert:514 | 轮询完成 @ 2026-07-10 13:54:30 | 拉取 224 条 (金十数据=17, 同花顺=20, 东方财富=80, 新浪财经=30, 富途牛牛=40, 雅虎财经=37) | 已推送过 0 | 非最新 0 | 未命中关键词 187 | 非重要快讯 37 | 内容相似去重 0 | 新命中 0 | 待推送 0 | 雅虎搜索词: NVIDIA, NVDA, MICRON, MU, SanDisk, SNDK, WDC, INTEL
2026-07-10 13:55:59 | DEBUG    | urllib3.connectionpool:1022 | Starting new HTTPS connection (1): flash-api.jin10.com:443
2026-07-10 13:55:59 | DEBUG    | urllib3.connectionpool:475 | https://flash-api.jin10.com:443 "GET /get_flash_list?channel=-8200&vip=1 HTTP/1.1" 200 None
2026-07-10 13:55:59 | DEBUG    | urllib3.connectionpool:1022 | Starting new HTTPS connection (1): news.10jqka.com.cn:443
2026-07-10 13:56:00 | DEBUG    | urllib3.connectionpool:475 | https://news.10jqka.com.cn:443 "GET /tapp/news/push/stock?page=1&tag=&track=website HTTP/1.1" 200 None
2026-07-10 13:56:00 | DEBUG    | urllib3.connectionpool:1022 | Starting new HTTPS connection (1): np-weblist.eastmoney.com:443
2026-07-10 13:56:00 | DEBUG    | urllib3.connectionpool:475 | https://np-weblist.eastmoney.com:443 "GET /comm/web/getFastNewsList?client=web&biz=web_724&fastColumn=102&sortEnd=&pageSize=80&req_trace=1710315450384 HTTP/1.1" 200 None
2026-07-10 13:56:00 | DEBUG    | urllib3.connectionpool:1022 | Starting new HTTPS connection (1): zhibo.sina.com.cn:443
2026-07-10 13:56:01 | DEBUG    | urllib3.connectionpool:475 | https://zhibo.sina.com.cn:443 "GET /api/zhibo/feed?page=1&page_size=30&zhibo_id=152&tag_id=0&dire=f&dpc=1&pagesize=30&type=1 HTTP/1.1" 200 None
2026-07-10 13:56:01 | DEBUG    | urllib3.connectionpool:1022 | Starting new HTTPS connection (1): news.futunn.com:443
2026-07-10 13:56:02 | DEBUG    | urllib3.connectionpool:475 | https://news.futunn.com:443 "GET /news-site-api/main/get-flash-list?pageSize=40 HTTP/1.1" 200 61706
2026-07-10 13:56:02 | DEBUG    | urllib3.connectionpool:1022 | Starting new HTTPS connection (1): finance.yahoo.com:443
2026-07-10 13:56:03 | DEBUG    | urllib3.connectionpool:475 | https://finance.yahoo.com:443 "GET / HTTP/1.1" 403 3369
2026-07-10 13:56:03 | DEBUG    | urllib3.connectionpool:1022 | Starting new HTTPS connection (1): query1.finance.yahoo.com:443
2026-07-10 13:56:05 | DEBUG    | urllib3.connectionpool:475 | https://query1.finance.yahoo.com:443 "GET /v1/finance/search?q=NVIDIA&quotesCount=0&newsCount=50&enableFuzzyQuery=false HTTP/1.1" 403 3369
2026-07-10 13:56:05 | DEBUG    | urllib3.connectionpool:1022 | Starting new HTTPS connection (1): query2.finance.yahoo.com:443
2026-07-10 13:56:07 | DEBUG    | urllib3.connectionpool:475 | https://query2.finance.yahoo.com:443 "GET /v1/finance/search?q=NVIDIA&quotesCount=0&newsCount=50&enableFuzzyQuery=false HTTP/1.1" 403 3369
2026-07-10 13:56:07 | DEBUG    | urllib3.connectionpool:291 | Resetting dropped connection: query1.finance.yahoo.com
2026-07-10 13:56:08 | DEBUG    | urllib3.connectionpool:475 | https://query1.finance.yahoo.com:443 "GET /v1/finance/search?q=NVDA&quotesCount=0&newsCount=50&enableFuzzyQuery=false HTTP/1.1" 403 3369
2026-07-10 13:56:08 | DEBUG    | urllib3.connectionpool:291 | Resetting dropped connection: query2.finance.yahoo.com
2026-07-10 13:56:10 | DEBUG    | urllib3.connectionpool:475 | https://query2.finance.yahoo.com:443 "GET /v1/finance/search?q=NVDA&quotesCount=0&newsCount=50&enableFuzzyQuery=false HTTP/1.1" 403 3369
2026-07-10 13:56:11 | DEBUG    | urllib3.connectionpool:291 | Resetting dropped connection: query1.finance.yahoo.com
2026-07-10 13:56:13 | DEBUG    | urllib3.connectionpool:475 | https://query1.finance.yahoo.com:443 "GET /v1/finance/search?q=MICRON&quotesCount=0&newsCount=50&enableFuzzyQuery=false HTTP/1.1" 403 3369
2026-07-10 13:56:13 | DEBUG    | urllib3.connectionpool:291 | Resetting dropped connection: query2.finance.yahoo.com
2026-07-10 13:56:14 | DEBUG    | urllib3.connectionpool:475 | https://query2.finance.yahoo.com:443 "GET /v1/finance/search?q=MICRON&quotesCount=0&newsCount=50&enableFuzzyQuery=false HTTP/1.1" 403 3369
2026-07-10 13:56:14 | DEBUG    | urllib3.connectionpool:291 | Resetting dropped connection: query1.finance.yahoo.com
2026-07-10 13:56:16 | DEBUG    | urllib3.connectionpool:475 | https://query1.finance.yahoo.com:443 "GET /v1/finance/search?q=MU&quotesCount=0&newsCount=50&enableFuzzyQuery=false HTTP/1.1" 403 3369
2026-07-10 13:56:20 | DEBUG    | urllib3.connectionpool:291 | Resetting dropped connection: query2.finance.yahoo.com
2026-07-10 13:56:21 | DEBUG    | urllib3.connectionpool:475 | https://query2.finance.yahoo.com:443 "GET /v1/finance/search?q=MU&quotesCount=0&newsCount=50&enableFuzzyQuery=false HTTP/1.1" 403 3369
2026-07-10 13:56:21 | DEBUG    | urllib3.connectionpool:291 | Resetting dropped connection: query1.finance.yahoo.com
2026-07-10 13:56:22 | DEBUG    | urllib3.connectionpool:475 | https://query1.finance.yahoo.com:443 "GET /v1/finance/search?q=SanDisk&quotesCount=0&newsCount=50&enableFuzzyQuery=false HTTP/1.1" 403 3369
2026-07-10 13:56:22 | DEBUG    | urllib3.connectionpool:291 | Resetting dropped connection: query2.finance.yahoo.com
2026-07-10 13:56:24 | DEBUG    | urllib3.connectionpool:475 | https://query2.finance.yahoo.com:443 "GET /v1/finance/search?q=SanDisk&quotesCount=0&newsCount=50&enableFuzzyQuery=false HTTP/1.1" 403 3369
2026-07-10 13:56:24 | DEBUG    | urllib3.connectionpool:291 | Resetting dropped connection: query1.finance.yahoo.com
2026-07-10 13:56:26 | DEBUG    | urllib3.connectionpool:475 | https://query1.finance.yahoo.com:443 "GET /v1/finance/search?q=SNDK&quotesCount=0&newsCount=50&enableFuzzyQuery=false HTTP/1.1" 403 3369
2026-07-10 13:56:26 | DEBUG    | urllib3.connectionpool:291 | Resetting dropped connection: query2.finance.yahoo.com
2026-07-10 13:56:28 | DEBUG    | urllib3.connectionpool:475 | https://query2.finance.yahoo.com:443 "GET /v1/finance/search?q=SNDK&quotesCount=0&newsCount=50&enableFuzzyQuery=false HTTP/1.1" 403 3369
2026-07-10 13:56:28 | DEBUG    | urllib3.connectionpool:291 | Resetting dropped connection: query1.finance.yahoo.com
2026-07-10 13:56:30 | DEBUG    | urllib3.connectionpool:475 | https://query1.finance.yahoo.com:443 "GET /v1/finance/search?q=WDC&quotesCount=0&newsCount=50&enableFuzzyQuery=false HTTP/1.1" 403 3369
2026-07-10 13:56:30 | DEBUG    | urllib3.connectionpool:291 | Resetting dropped connection: query2.finance.yahoo.com
2026-07-10 13:56:32 | DEBUG    | urllib3.connectionpool:475 | https://query2.finance.yahoo.com:443 "GET /v1/finance/search?q=WDC&quotesCount=0&newsCount=50&enableFuzzyQuery=false HTTP/1.1" 403 3369
2026-07-10 13:56:32 | DEBUG    | urllib3.connectionpool:291 | Resetting dropped connection: query1.finance.yahoo.com
2026-07-10 13:56:33 | DEBUG    | urllib3.connectionpool:475 | https://query1.finance.yahoo.com:443 "GET /v1/finance/search?q=INTEL&quotesCount=0&newsCount=50&enableFuzzyQuery=false HTTP/1.1" 403 3369
2026-07-10 13:56:33 | DEBUG    | urllib3.connectionpool:291 | Resetting dropped connection: query2.finance.yahoo.com
2026-07-10 13:56:35 | DEBUG    | urllib3.connectionpool:475 | https://query2.finance.yahoo.com:443 "GET /v1/finance/search?q=INTEL&quotesCount=0&newsCount=50&enableFuzzyQuery=false HTTP/1.1" 403 3369
2026-07-10 13:56:35 | DEBUG    | urllib3.connectionpool:291 | Resetting dropped connection: finance.yahoo.com
2026-07-10 13:56:37 | DEBUG    | urllib3.connectionpool:1022 | Starting new HTTPS connection (1): feeds.finance.yahoo.com:443
2026-07-10 13:56:38 | DEBUG    | urllib3.connectionpool:475 | https://feeds.finance.yahoo.com:443 "GET /rss/2.0/headline?s=NVIDIA&region=US&lang=en-US HTTP/1.1" 200 394
2026-07-10 13:56:40 | DEBUG    | urllib3.connectionpool:475 | https://feeds.finance.yahoo.com:443 "GET /rss/2.0/headline?s=NVDA&region=US&lang=en-US HTTP/1.1" 200 4192
2026-07-10 13:56:42 | DEBUG    | urllib3.connectionpool:475 | https://feeds.finance.yahoo.com:443 "GET /rss/2.0/headline?s=MICRON&region=US&lang=en-US HTTP/1.1" 200 394
2026-07-10 13:56:43 | DEBUG    | urllib3.connectionpool:475 | https://feeds.finance.yahoo.com:443 "GET /rss/2.0/headline?s=MU&region=US&lang=en-US HTTP/1.1" 200 5368
2026-07-10 13:56:43 | DEBUG    | backpack_quant_trading.core.stock_news_feeds:786 | [雅虎财经] 直连 Search 获取 37 条
2026-07-10 13:56:43 | INFO     | stock_news_alert:514 | 轮询完成 @ 2026-07-10 13:55:59 | 拉取 224 条 (金十数据=17, 同花顺=20, 东方财富=80, 新浪财经=30, 富途牛牛=40, 雅虎财经=37) | 已推送过 0 | 非最新 0 | 未命中关键词 187 | 非重要快讯 37 | 内容相似去重 0 | 新命中 0 | 待推送 0 | 雅虎搜索词: NVIDIA, NVDA, MICRON, MU, SanDisk, SNDK, WDC, INTEL
2026-07-10 13:57:13 | DEBUG    | urllib3.connectionpool:1022 | Starting new HTTPS connection (1): flash-api.jin10.com:443
2026-07-10 13:57:13 | DEBUG    | urllib3.connectionpool:475 | https://flash-api.jin10.com:443 "GET /get_flash_list?channel=-8200&vip=1 HTTP/1.1" 200 None
2026-07-10 13:57:13 | DEBUG    | urllib3.connectionpool:1022 | Starting new HTTPS connection (1): news.10jqka.com.cn:443
2026-07-10 13:57:14 | DEBUG    | urllib3.connectionpool:475 | https://news.10jqka.com.cn:443 "GET /tapp/news/push/stock?page=1&tag=&track=website HTTP/1.1" 200 None
2026-07-10 13:57:14 | DEBUG    | urllib3.connectionpool:1022 | Starting new HTTPS connection (1): np-weblist.eastmoney.com:443
2026-07-10 13:57:14 | DEBUG    | urllib3.connectionpool:475 | https://np-weblist.eastmoney.com:443 "GET /comm/web/getFastNewsList?client=web&biz=web_724&fastColumn=102&sortEnd=&pageSize=80&req_trace=1710315450384 HTTP/1.1" 200 None
2026-07-10 13:57:14 | DEBUG    | urllib3.connectionpool:1022 | Starting new HTTPS connection (1): zhibo.sina.com.cn:443
2026-07-10 13:57:15 | DEBUG    | urllib3.connectionpool:475 | https://zhibo.sina.com.cn:443 "GET /api/zhibo/feed?page=1&page_size=30&zhibo_id=152&tag_id=0&dire=f&dpc=1&pagesize=30&type=1 HTTP/1.1" 200 None
2026-07-10 13:57:15 | DEBUG    | urllib3.connectionpool:1022 | Starting new HTTPS connection (1): news.futunn.com:443
2026-07-10 13:57:16 | DEBUG    | urllib3.connectionpool:475 | https://news.futunn.com:443 "GET /news-site-api/main/get-flash-list?pageSize=40 HTTP/1.1" 200 61707
2026-07-10 13:57:16 | DEBUG    | urllib3.connectionpool:1022 | Starting new HTTPS connection (1): finance.yahoo.com:443
2026-07-10 13:57:20 | DEBUG    | urllib3.connectionpool:1022 | Starting new HTTPS connection (1): query1.finance.yahoo.com:443
2026-07-10 13:57:22 | DEBUG    | urllib3.connectionpool:475 | https://query1.finance.yahoo.com:443 "GET /v1/finance/search?q=NVIDIA&quotesCount=0&newsCount=50&enableFuzzyQuery=false HTTP/1.1" 403 3369
2026-07-10 13:57:22 | DEBUG    | urllib3.connectionpool:1022 | Starting new HTTPS connection (1): query2.finance.yahoo.com:443
2026-07-10 13:57:23 | DEBUG    | urllib3.connectionpool:475 | https://query2.finance.yahoo.com:443 "GET /v1/finance/search?q=NVIDIA&quotesCount=0&newsCount=50&enableFuzzyQuery=false HTTP/1.1" 403 3369
2026-07-10 13:57:23 | DEBUG    | urllib3.connectionpool:291 | Resetting dropped connection: query1.finance.yahoo.com
2026-07-10 13:57:25 | DEBUG    | urllib3.connectionpool:475 | https://query1.finance.yahoo.com:443 "GET /v1/finance/search?q=NVDA&quotesCount=0&newsCount=50&enableFuzzyQuery=false HTTP/1.1" 403 3369
2026-07-10 13:57:25 | DEBUG    | urllib3.connectionpool:291 | Resetting dropped connection: query2.finance.yahoo.com
2026-07-10 13:57:27 | DEBUG    | urllib3.connectionpool:475 | https://query2.finance.yahoo.com:443 "GET /v1/finance/search?q=NVDA&quotesCount=0&newsCount=50&enableFuzzyQuery=false HTTP/1.1" 403 3369
2026-07-10 13:57:27 | DEBUG    | urllib3.connectionpool:291 | Resetting dropped connection: query1.finance.yahoo.com
2026-07-10 13:57:28 | DEBUG    | urllib3.connectionpool:475 | https://query1.finance.yahoo.com:443 "GET /v1/finance/search?q=MICRON&quotesCount=0&newsCount=50&enableFuzzyQuery=false HTTP/1.1" 403 3369
2026-07-10 13:57:28 | DEBUG    | urllib3.connectionpool:291 | Resetting dropped connection: query2.finance.yahoo.com
2026-07-10 13:57:32 | DEBUG    | urllib3.connectionpool:475 | https://query2.finance.yahoo.com:443 "GET /v1/finance/search?q=MICRON&quotesCount=0&newsCount=50&enableFuzzyQuery=false HTTP/1.1" 403 3369
2026-07-10 13:57:32 | DEBUG    | urllib3.connectionpool:291 | Resetting dropped connection: query1.finance.yahoo.com
2026-07-10 13:57:35 | DEBUG    | urllib3.connectionpool:475 | https://query1.finance.yahoo.com:443 "GET /v1/finance/search?q=MU&quotesCount=0&newsCount=50&enableFuzzyQuery=false HTTP/1.1" 403 3369
2026-07-10 13:57:35 | DEBUG    | urllib3.connectionpool:291 | Resetting dropped connection: query2.finance.yahoo.com
2026-07-10 13:57:37 | DEBUG    | urllib3.connectionpool:475 | https://query2.finance.yahoo.com:443 "GET /v1/finance/search?q=MU&quotesCount=0&newsCount=50&enableFuzzyQuery=false HTTP/1.1" 403 3369
2026-07-10 13:57:37 | DEBUG    | urllib3.connectionpool:291 | Resetting dropped connection: query1.finance.yahoo.com
2026-07-10 13:57:39 | DEBUG    | urllib3.connectionpool:475 | https://query1.finance.yahoo.com:443 "GET /v1/finance/search?q=SanDisk&quotesCount=0&newsCount=50&enableFuzzyQuery=false HTTP/1.1" 403 3369
2026-07-10 13:57:39 | DEBUG    | urllib3.connectionpool:291 | Resetting dropped connection: query2.finance.yahoo.com
2026-07-10 13:57:40 | DEBUG    | urllib3.connectionpool:475 | https://query2.finance.yahoo.com:443 "GET /v1/finance/search?q=SanDisk&quotesCount=0&newsCount=50&enableFuzzyQuery=false HTTP/1.1" 403 3369
2026-07-10 13:57:40 | DEBUG    | urllib3.connectionpool:291 | Resetting dropped connection: query1.finance.yahoo.com
2026-07-10 13:57:43 | DEBUG    | urllib3.connectionpool:475 | https://query1.finance.yahoo.com:443 "GET /v1/finance/search?q=SNDK&quotesCount=0&newsCount=50&enableFuzzyQuery=false HTTP/1.1" 403 3369
2026-07-10 13:57:43 | DEBUG    | urllib3.connectionpool:291 | Resetting dropped connection: query2.finance.yahoo.com
2026-07-10 13:57:45 | DEBUG    | urllib3.connectionpool:475 | https://query2.finance.yahoo.com:443 "GET /v1/finance/search?q=SNDK&quotesCount=0&newsCount=50&enableFuzzyQuery=false HTTP/1.1" 403 3369
2026-07-10 13:57:45 | DEBUG    | urllib3.connectionpool:291 | Resetting dropped connection: query1.finance.yahoo.com
2026-07-10 13:57:49 | DEBUG    | urllib3.connectionpool:475 | https://query1.finance.yahoo.com:443 "GET /v1/finance/search?q=WDC&quotesCount=0&newsCount=50&enableFuzzyQuery=false HTTP/1.1" 403 3369
2026-07-10 13:57:49 | DEBUG    | urllib3.connectionpool:291 | Resetting dropped connection: query2.finance.yahoo.com
2026-07-10 13:57:51 | DEBUG    | urllib3.connectionpool:475 | https://query2.finance.yahoo.com:443 "GET /v1/finance/search?q=WDC&quotesCount=0&newsCount=50&enableFuzzyQuery=false HTTP/1.1" 403 3369
2026-07-10 13:57:51 | DEBUG    | urllib3.connectionpool:291 | Resetting dropped connection: query1.finance.yahoo.com
2026-07-10 13:57:53 | DEBUG    | urllib3.connectionpool:475 | https://query1.finance.yahoo.com:443 "GET /v1/finance/search?q=INTEL&quotesCount=0&newsCount=50&enableFuzzyQuery=false HTTP/1.1" 403 3369
2026-07-10 13:57:53 | DEBUG    | urllib3.connectionpool:291 | Resetting dropped connection: query2.finance.yahoo.com
2026-07-10 13:57:55 | DEBUG    | urllib3.connectionpool:475 | https://query2.finance.yahoo.com:443 "GET /v1/finance/search?q=INTEL&quotesCount=0&newsCount=50&enableFuzzyQuery=false HTTP/1.1" 403 3369
2026-07-10 13:57:55 | DEBUG    | urllib3.connectionpool:1022 | Starting new HTTPS connection (2): finance.yahoo.com:443
2026-07-10 13:58:00 | DEBUG    | urllib3.connectionpool:1022 | Starting new HTTPS connection (1): feeds.finance.yahoo.com:443
2026-07-10 13:58:01 | DEBUG    | urllib3.connectionpool:475 | https://feeds.finance.yahoo.com:443 "GET /rss/2.0/headline?s=NVIDIA&region=US&lang=en-US HTTP/1.1" 200 394
2026-07-10 13:58:01 | DEBUG    | urllib3.connectionpool:475 | https://feeds.finance.yahoo.com:443 "GET /rss/2.0/headline?s=NVDA&region=US&lang=en-US HTTP/1.1" 200 4192
2026-07-10 13:58:02 | DEBUG    | urllib3.connectionpool:475 | https://feeds.finance.yahoo.com:443 "GET /rss/2.0/headline?s=MICRON&region=US&lang=en-US HTTP/1.1" 200 394
2026-07-10 13:58:02 | DEBUG    | urllib3.connectionpool:475 | https://feeds.finance.yahoo.com:443 "GET /rss/2.0/headline?s=MU&region=US&lang=en-US HTTP/1.1" 200 5369
2026-07-10 13:58:02 | DEBUG    | backpack_quant_trading.core.stock_news_feeds:786 | [雅虎财经] 直连 Search 获取 37 条
2026-07-10 13:58:02 | INFO     | stock_news_alert:514 | 轮询完成 @ 2026-07-10 13:57:13 | 拉取 224 条 (金十数据=17, 同花顺=20, 东方财富=80, 新浪财经=30, 富途牛牛=40, 雅虎财经=37) | 已推送过 0 | 非最新 0 | 未命中关键词 187 | 非重要快讯 37 | 内容相似去重 0 | 新命中 0 | 待推送 0 | 雅虎搜索词: NVIDIA, NVDA, MICRON, MU, SanDisk, SNDK, WDC, INTEL
2026-07-10 13:58:32 | DEBUG    | urllib3.connectionpool:1022 | Starting new HTTPS connection (1): flash-api.jin10.com:443
2026-07-10 13:58:32 | DEBUG    | urllib3.connectionpool:475 | https://flash-api.jin10.com:443 "GET /get_flash_list?channel=-8200&vip=1 HTTP/1.1" 200 None
2026-07-10 13:58:32 | DEBUG    | urllib3.connectionpool:1022 | Starting new HTTPS connection (1): news.10jqka.com.cn:443
2026-07-10 13:58:33 | DEBUG    | urllib3.connectionpool:475 | https://news.10jqka.com.cn:443 "GET /tapp/news/push/stock?page=1&tag=&track=website HTTP/1.1" 200 None
2026-07-10 13:58:33 | DEBUG    | urllib3.connectionpool:1022 | Starting new HTTPS connection (1): np-weblist.eastmoney.com:443
2026-07-10 13:58:33 | DEBUG    | urllib3.connectionpool:475 | https://np-weblist.eastmoney.com:443 "GET /comm/web/getFastNewsList?client=web&biz=web_724&fastColumn=102&sortEnd=&pageSize=80&req_trace=1710315450384 HTTP/1.1" 200 None
2026-07-10 13:58:33 | DEBUG    | urllib3.connectionpool:1022 | Starting new HTTPS connection (1): zhibo.sina.com.cn:443
2026-07-10 13:58:34 | DEBUG    | urllib3.connectionpool:475 | https://zhibo.sina.com.cn:443 "GET /api/zhibo/feed?page=1&page_size=30&zhibo_id=152&tag_id=0&dire=f&dpc=1&pagesize=30&type=1 HTTP/1.1" 200 None
2026-07-10 13:58:34 | DEBUG    | urllib3.connectionpool:1022 | Starting new HTTPS connection (1): news.futunn.com:443
2026-07-10 13:58:35 | DEBUG    | urllib3.connectionpool:475 | https://news.futunn.com:443 "GET /news-site-api/main/get-flash-list?pageSize=40 HTTP/1.1" 200 61704
2026-07-10 13:58:35 | DEBUG    | urllib3.connectionpool:1022 | Starting new HTTPS connection (1): finance.yahoo.com:443
2026-07-10 13:58:37 | DEBUG    | urllib3.connectionpool:475 | https://finance.yahoo.com:443 "GET / HTTP/1.1" 403 3369
2026-07-10 13:58:37 | DEBUG    | urllib3.connectionpool:1022 | Starting new HTTPS connection (1): query1.finance.yahoo.com:443
2026-07-10 13:58:39 | DEBUG    | urllib3.connectionpool:475 | https://query1.finance.yahoo.com:443 "GET /v1/finance/search?q=NVIDIA&quotesCount=0&newsCount=50&enableFuzzyQuery=false HTTP/1.1" 403 3369
2026-07-10 13:58:39 | DEBUG    | urllib3.connectionpool:1022 | Starting new HTTPS connection (1): query2.finance.yahoo.com:443
2026-07-10 13:58:40 | DEBUG    | urllib3.connectionpool:475 | https://query2.finance.yahoo.com:443 "GET /v1/finance/search?q=NVIDIA&quotesCount=0&newsCount=50&enableFuzzyQuery=false HTTP/1.1" 403 3369
2026-07-10 13:58:40 | DEBUG    | urllib3.connectionpool:291 | Resetting dropped connection: query1.finance.yahoo.com
2026-07-10 13:58:42 | DEBUG    | urllib3.connectionpool:475 | https://query1.finance.yahoo.com:443 "GET /v1/finance/search?q=NVDA&quotesCount=0&newsCount=50&enableFuzzyQuery=false HTTP/1.1" 403 3369
2026-07-10 13:58:42 | DEBUG    | urllib3.connectionpool:291 | Resetting dropped connection: query2.finance.yahoo.com
2026-07-10 13:58:44 | DEBUG    | urllib3.connectionpool:475 | https://query2.finance.yahoo.com:443 "GET /v1/finance/search?q=NVDA&quotesCount=0&newsCount=50&enableFuzzyQuery=false HTTP/1.1" 403 3369
2026-07-10 13:58:44 | DEBUG    | urllib3.connectionpool:291 | Resetting dropped connection: query1.finance.yahoo.com
2026-07-10 13:58:46 | DEBUG    | urllib3.connectionpool:475 | https://query1.finance.yahoo.com:443 "GET /v1/finance/search?q=MICRON&quotesCount=0&newsCount=50&enableFuzzyQuery=false HTTP/1.1" 403 3369
2026-07-10 13:58:46 | DEBUG    | urllib3.connectionpool:291 | Resetting dropped connection: query2.finance.yahoo.com
2026-07-10 13:58:48 | DEBUG    | urllib3.connectionpool:475 | https://query2.finance.yahoo.com:443 "GET /v1/finance/search?q=MICRON&quotesCount=0&newsCount=50&enableFuzzyQuery=false HTTP/1.1" 403 3369
2026-07-10 13:58:48 | DEBUG    | urllib3.connectionpool:291 | Resetting dropped connection: query1.finance.yahoo.com
2026-07-10 13:58:49 | DEBUG    | urllib3.connectionpool:475 | https://query1.finance.yahoo.com:443 "GET /v1/finance/search?q=MU&quotesCount=0&newsCount=50&enableFuzzyQuery=false HTTP/1.1" 403 3369
2026-07-10 13:58:52 | DEBUG    | urllib3.connectionpool:291 | Resetting dropped connection: query2.finance.yahoo.com
2026-07-10 13:58:54 | DEBUG    | urllib3.connectionpool:475 | https://query2.finance.yahoo.com:443 "GET /v1/finance/search?q=MU&quotesCount=0&newsCount=50&enableFuzzyQuery=false HTTP/1.1" 403 3369
2026-07-10 13:58:54 | DEBUG    | urllib3.connectionpool:291 | Resetting dropped connection: query1.finance.yahoo.com
2026-07-10 13:58:56 | DEBUG    | urllib3.connectionpool:475 | https://query1.finance.yahoo.com:443 "GET /v1/finance/search?q=SanDisk&quotesCount=0&newsCount=50&enableFuzzyQuery=false HTTP/1.1" 403 3369
2026-07-10 13:58:56 | DEBUG    | urllib3.connectionpool:291 | Resetting dropped connection: query2.finance.yahoo.com
2026-07-10 13:58:57 | DEBUG    | urllib3.connectionpool:475 | https://query2.finance.yahoo.com:443 "GET /v1/finance/search?q=SanDisk&quotesCount=0&newsCount=50&enableFuzzyQuery=false HTTP/1.1" 403 3369
2026-07-10 13:58:57 | DEBUG    | urllib3.connectionpool:291 | Resetting dropped connection: query1.finance.yahoo.com
2026-07-10 13:59:02 | DEBUG    | urllib3.connectionpool:475 | https://query1.finance.yahoo.com:443 "GET /v1/finance/search?q=SNDK&quotesCount=0&newsCount=50&enableFuzzyQuery=false HTTP/1.1" 403 3369
2026-07-10 13:59:02 | DEBUG    | urllib3.connectionpool:291 | Resetting dropped connection: query2.finance.yahoo.com
2026-07-10 13:59:04 | DEBUG    | urllib3.connectionpool:475 | https://query2.finance.yahoo.com:443 "GET /v1/finance/search?q=SNDK&quotesCount=0&newsCount=50&enableFuzzyQuery=false HTTP/1.1" 403 3369
2026-07-10 13:59:06 | DEBUG    | urllib3.connectionpool:291 | Resetting dropped connection: query1.finance.yahoo.com
2026-07-10 13:59:08 | DEBUG    | urllib3.connectionpool:475 | https://query1.finance.yahoo.com:443 "GET /v1/finance/search?q=WDC&quotesCount=0&newsCount=50&enableFuzzyQuery=false HTTP/1.1" 403 3369
2026-07-10 13:59:08 | DEBUG    | urllib3.connectionpool:291 | Resetting dropped connection: query2.finance.yahoo.com
2026-07-10 13:59:09 | DEBUG    | urllib3.connectionpool:475 | https://query2.finance.yahoo.com:443 "GET /v1/finance/search?q=WDC&quotesCount=0&newsCount=50&enableFuzzyQuery=false HTTP/1.1" 403 3369
2026-07-10 13:59:09 | DEBUG    | urllib3.connectionpool:291 | Resetting dropped connection: query1.finance.yahoo.com
2026-07-10 13:59:11 | DEBUG    | urllib3.connectionpool:475 | https://query1.finance.yahoo.com:443 "GET /v1/finance/search?q=INTEL&quotesCount=0&newsCount=50&enableFuzzyQuery=false HTTP/1.1" 403 3369
2026-07-10 13:59:11 | DEBUG    | urllib3.connectionpool:291 | Resetting dropped connection: query2.finance.yahoo.com
2026-07-10 13:59:15 | DEBUG    | urllib3.connectionpool:475 | https://query2.finance.yahoo.com:443 "GET /v1/finance/search?q=INTEL&quotesCount=0&newsCount=50&enableFuzzyQuery=false HTTP/1.1" 403 3369
2026-07-10 13:59:15 | DEBUG    | urllib3.connectionpool:291 | Resetting dropped connection: finance.yahoo.com
2026-07-10 13:59:16 | DEBUG    | urllib3.connectionpool:475 | https://finance.yahoo.com:443 "POST /xhr/ncp?queryRef=latestNews&serviceKey=ncp_fin HTTP/1.1" 403 3369
2026-07-10 13:59:16 | DEBUG    | urllib3.connectionpool:1022 | Starting new HTTPS connection (1): feeds.finance.yahoo.com:443
2026-07-10 13:59:18 | DEBUG    | urllib3.connectionpool:475 | https://feeds.finance.yahoo.com:443 "GET /rss/2.0/headline?s=NVIDIA&region=US&lang=en-US HTTP/1.1" 200 394
2026-07-10 13:59:18 | DEBUG    | urllib3.connectionpool:475 | https://feeds.finance.yahoo.com:443 "GET /rss/2.0/headline?s=NVDA&region=US&lang=en-US HTTP/1.1" 200 4192
2026-07-10 13:59:19 | DEBUG    | urllib3.connectionpool:475 | https://feeds.finance.yahoo.com:443 "GET /rss/2.0/headline?s=MICRON&region=US&lang=en-US HTTP/1.1" 200 394
2026-07-10 13:59:20 | DEBUG    | urllib3.connectionpool:475 | https://feeds.finance.yahoo.com:443 "GET /rss/2.0/headline?s=MU&region=US&lang=en-US HTTP/1.1" 200 5367
2026-07-10 13:59:20 | DEBUG    | backpack_quant_trading.core.stock_news_feeds:786 | [雅虎财经] 直连 Search 获取 37 条
2026-07-10 13:59:20 | INFO     | stock_news_alert:514 | 轮询完成 @ 2026-07-10 13:58:32 | 拉取 224 条 (金十数据=17, 同花顺=20, 东方财富=80, 新浪财经=30, 富途牛牛=40, 雅虎财经=37) | 已推送过 0 | 非最新 0 | 未命中关键词 187 | 非重要快讯 37 | 内容相似去重 0 | 新命中 0 | 待推送 0 | 雅虎搜索词: NVIDIA, NVDA, MICRON, MU, SanDisk, SNDK, WDC, INTEL
2026-07-10 13:59:50 | DEBUG    | urllib3.connectionpool:1022 | Starting new HTTPS connection (1): flash-api.jin10.com:443
2026-07-10 13:59:50 | DEBUG    | urllib3.connectionpool:475 | https://flash-api.jin10.com:443 "GET /get_flash_list?channel=-8200&vip=1 HTTP/1.1" 200 None
2026-07-10 13:59:50 | DEBUG    | urllib3.connectionpool:1022 | Starting new HTTPS connection (1): news.10jqka.com.cn:443
2026-07-10 13:59:51 | DEBUG    | urllib3.connectionpool:475 | https://news.10jqka.com.cn:443 "GET /tapp/news/push/stock?page=1&tag=&track=website HTTP/1.1" 200 None
2026-07-10 13:59:51 | DEBUG    | urllib3.connectionpool:1022 | Starting new HTTPS connection (1): np-weblist.eastmoney.com:443
2026-07-10 13:59:51 | DEBUG    | urllib3.connectionpool:475 | https://np-weblist.eastmoney.com:443 "GET /comm/web/getFastNewsList?client=web&biz=web_724&fastColumn=102&sortEnd=&pageSize=80&req_trace=1710315450384 HTTP/1.1" 200 None
2026-07-10 13:59:51 | DEBUG    | urllib3.connectionpool:1022 | Starting new HTTPS connection (1): zhibo.sina.com.cn:443
2026-07-10 13:59:52 | DEBUG    | urllib3.connectionpool:475 | https://zhibo.sina.com.cn:443 "GET /api/zhibo/feed?page=1&page_size=30&zhibo_id=152&tag_id=0&dire=f&dpc=1&pagesize=30&type=1 HTTP/1.1" 200 None
2026-07-10 13:59:52 | DEBUG    | urllib3.connectionpool:1022 | Starting new HTTPS connection (1): news.futunn.com:443
2026-07-10 13:59:53 | DEBUG    | urllib3.connectionpool:475 | https://news.futunn.com:443 "GET /news-site-api/main/get-flash-list?pageSize=40 HTTP/1.1" 200 61704
2026-07-10 13:59:53 | DEBUG    | urllib3.connectionpool:1022 | Starting new HTTPS connection (1): finance.yahoo.com:443
2026-07-10 13:59:56 | DEBUG    | urllib3.connectionpool:475 | https://finance.yahoo.com:443 "GET / HTTP/1.1" 403 3369
2026-07-10 13:59:56 | DEBUG    | urllib3.connectionpool:1022 | Starting new HTTPS connection (1): query1.finance.yahoo.com:443
2026-07-10 13:59:57 | DEBUG    | urllib3.connectionpool:475 | https://query1.finance.yahoo.com:443 "GET /v1/finance/search?q=NVIDIA&quotesCount=0&newsCount=50&enableFuzzyQuery=false HTTP/1.1" 403 3369
2026-07-10 13:59:57 | DEBUG    | urllib3.connectionpool:1022 | Starting new HTTPS connection (1): query2.finance.yahoo.com:443
2026-07-10 13:59:59 | DEBUG    | urllib3.connectionpool:475 | https://query2.finance.yahoo.com:443 "GET /v1/finance/search?q=NVIDIA&quotesCount=0&newsCount=50&enableFuzzyQuery=false HTTP/1.1" 403 3369
2026-07-10 14:00:00 | DEBUG    | urllib3.connectionpool:291 | Resetting dropped connection: query1.finance.yahoo.com
2026-07-10 14:00:02 | DEBUG    | urllib3.connectionpool:475 | https://query1.finance.yahoo.com:443 "GET /v1/finance/search?q=NVDA&quotesCount=0&newsCount=50&enableFuzzyQuery=false HTTP/1.1" 403 3369
2026-07-10 14:00:04 | DEBUG    | urllib3.connectionpool:291 | Resetting dropped connection: query2.finance.yahoo.com
2026-07-10 14:00:06 | DEBUG    | urllib3.connectionpool:475 | https://query2.finance.yahoo.com:443 "GET /v1/finance/search?q=NVDA&quotesCount=0&newsCount=50&enableFuzzyQuery=false HTTP/1.1" 403 3369
2026-07-10 14:00:06 | DEBUG    | urllib3.connectionpool:291 | Resetting dropped connection: query1.finance.yahoo.com
2026-07-10 14:00:09 | DEBUG    | urllib3.connectionpool:475 | https://query1.finance.yahoo.com:443 "GET /v1/finance/search?q=MICRON&quotesCount=0&newsCount=50&enableFuzzyQuery=false HTTP/1.1" 403 3369
2026-07-10 14:00:09 | DEBUG    | urllib3.connectionpool:291 | Resetting dropped connection: query2.finance.yahoo.com
2026-07-10 14:00:10 | DEBUG    | urllib3.connectionpool:475 | https://query2.finance.yahoo.com:443 "GET /v1/finance/search?q=MICRON&quotesCount=0&newsCount=50&enableFuzzyQuery=false HTTP/1.1" 403 3369
2026-07-10 14:00:10 | DEBUG    | urllib3.connectionpool:291 | Resetting dropped connection: query1.finance.yahoo.com
2026-07-10 14:00:12 | DEBUG    | urllib3.connectionpool:475 | https://query1.finance.yahoo.com:443 "GET /v1/finance/search?q=MU&quotesCount=0&newsCount=50&enableFuzzyQuery=false HTTP/1.1" 403 3369
2026-07-10 14:00:12 | DEBUG    | urllib3.connectionpool:291 | Resetting dropped connection: query2.finance.yahoo.com
2026-07-10 14:00:14 | DEBUG    | urllib3.connectionpool:475 | https://query2.finance.yahoo.com:443 "GET /v1/finance/search?q=MU&quotesCount=0&newsCount=50&enableFuzzyQuery=false HTTP/1.1" 403 3369
2026-07-10 14:00:14 | DEBUG    | urllib3.connectionpool:291 | Resetting dropped connection: query1.finance.yahoo.com
2026-07-10 14:00:19 | DEBUG    | urllib3.connectionpool:475 | https://query1.finance.yahoo.com:443 "GET /v1/finance/search?q=SanDisk&quotesCount=0&newsCount=50&enableFuzzyQuery=false HTTP/1.1" 403 3369
2026-07-10 14:00:21 | DEBUG    | urllib3.connectionpool:291 | Resetting dropped connection: query2.finance.yahoo.com
2026-07-10 14:00:22 | DEBUG    | urllib3.connectionpool:475 | https://query2.finance.yahoo.com:443 "GET /v1/finance/search?q=SanDisk&quotesCount=0&newsCount=50&enableFuzzyQuery=false HTTP/1.1" 403 3369
2026-07-10 14:00:22 | DEBUG    | urllib3.connectionpool:291 | Resetting dropped connection: query1.finance.yahoo.com
2026-07-10 14:00:24 | DEBUG    | urllib3.connectionpool:475 | https://query1.finance.yahoo.com:443 "GET /v1/finance/search?q=SNDK&quotesCount=0&newsCount=50&enableFuzzyQuery=false HTTP/1.1" 403 3369
2026-07-10 14:00:24 | DEBUG    | urllib3.connectionpool:291 | Resetting dropped connection: query2.finance.yahoo.com
2026-07-10 14:00:25 | DEBUG    | urllib3.connectionpool:475 | https://query2.finance.yahoo.com:443 "GET /v1/finance/search?q=SNDK&quotesCount=0&newsCount=50&enableFuzzyQuery=false HTTP/1.1" 403 3369
2026-07-10 14:00:25 | DEBUG    | urllib3.connectionpool:291 | Resetting dropped connection: query1.finance.yahoo.com
2026-07-10 14:00:28 | DEBUG    | urllib3.connectionpool:475 | https://query1.finance.yahoo.com:443 "GET /v1/finance/search?q=WDC&quotesCount=0&newsCount=50&enableFuzzyQuery=false HTTP/1.1" 403 3369
2026-07-10 14:00:28 | DEBUG    | urllib3.connectionpool:291 | Resetting dropped connection: query2.finance.yahoo.com
2026-07-10 14:00:29 | DEBUG    | urllib3.connectionpool:475 | https://query2.finance.yahoo.com:443 "GET /v1/finance/search?q=WDC&quotesCount=0&newsCount=50&enableFuzzyQuery=false HTTP/1.1" 403 3369
2026-07-10 14:00:29 | DEBUG    | urllib3.connectionpool:291 | Resetting dropped connection: query1.finance.yahoo.com
2026-07-10 14:00:31 | DEBUG    | urllib3.connectionpool:475 | https://query1.finance.yahoo.com:443 "GET /v1/finance/search?q=INTEL&quotesCount=0&newsCount=50&enableFuzzyQuery=false HTTP/1.1" 403 3369
2026-07-10 14:00:31 | DEBUG    | urllib3.connectionpool:291 | Resetting dropped connection: query2.finance.yahoo.com
2026-07-10 14:00:34 | DEBUG    | urllib3.connectionpool:475 | https://query2.finance.yahoo.com:443 "GET /v1/finance/search?q=INTEL&quotesCount=0&newsCount=50&enableFuzzyQuery=false HTTP/1.1" 403 3369
2026-07-10 14:00:34 | DEBUG    | urllib3.connectionpool:291 | Resetting dropped connection: finance.yahoo.com
2026-07-10 14:00:36 | DEBUG    | urllib3.connectionpool:475 | https://finance.yahoo.com:443 "POST /xhr/ncp?queryRef=latestNews&serviceKey=ncp_fin HTTP/1.1" 403 3369
2026-07-10 14:00:36 | DEBUG    | urllib3.connectionpool:1022 | Starting new HTTPS connection (1): feeds.finance.yahoo.com:443
2026-07-10 14:00:38 | DEBUG    | urllib3.connectionpool:475 | https://feeds.finance.yahoo.com:443 "GET /rss/2.0/headline?s=NVIDIA&region=US&lang=en-US HTTP/1.1" 200 394
2026-07-10 14:00:38 | DEBUG    | urllib3.connectionpool:475 | https://feeds.finance.yahoo.com:443 "GET /rss/2.0/headline?s=NVDA&region=US&lang=en-US HTTP/1.1" 200 4191
2026-07-10 14:00:38 | DEBUG    | urllib3.connectionpool:475 | https://feeds.finance.yahoo.com:443 "GET /rss/2.0/headline?s=MICRON&region=US&lang=en-US HTTP/1.1" 200 394
2026-07-10 14:00:39 | DEBUG    | urllib3.connectionpool:475 | https://feeds.finance.yahoo.com:443 "GET /rss/2.0/headline?s=MU&region=US&lang=en-US HTTP/1.1" 200 5369
2026-07-10 14:00:39 | DEBUG    | backpack_quant_trading.core.stock_news_feeds:786 | [雅虎财经] 直连 Search 获取 37 条
2026-07-10 14:00:39 | INFO     | stock_news_alert:514 | 轮询完成 @ 2026-07-10 13:59:50 | 拉取 224 条 (金十数据=17, 同花顺=20, 东方财富=80, 新浪财经=30, 富途牛牛=40, 雅虎财经=37) | 已推送过 0 | 非最新 0 | 未命中关键词 187 | 非重要快讯 37 | 内容相似去重 0 | 新命中 0 | 待推送 0 | 雅虎搜索词: NVIDIA, NVDA, MICRON, MU, SanDisk, SNDK, WDC, INTEL
2026-07-10 14:01:09 | DEBUG    | urllib3.connectionpool:1022 | Starting new HTTPS connection (1): flash-api.jin10.com:443
2026-07-10 14:01:09 | DEBUG    | urllib3.connectionpool:475 | https://flash-api.jin10.com:443 "GET /get_flash_list?channel=-8200&vip=1 HTTP/1.1" 200 None
2026-07-10 14:01:09 | DEBUG    | urllib3.connectionpool:1022 | Starting new HTTPS connection (1): news.10jqka.com.cn:443
2026-07-10 14:01:10 | DEBUG    | urllib3.connectionpool:475 | https://news.10jqka.com.cn:443 "GET /tapp/news/push/stock?page=1&tag=&track=website HTTP/1.1" 200 None
2026-07-10 14:01:10 | DEBUG    | urllib3.connectionpool:1022 | Starting new HTTPS connection (1): np-weblist.eastmoney.com:443
2026-07-10 14:01:10 | DEBUG    | urllib3.connectionpool:475 | https://np-weblist.eastmoney.com:443 "GET /comm/web/getFastNewsList?client=web&biz=web_724&fastColumn=102&sortEnd=&pageSize=80&req_trace=1710315450384 HTTP/1.1" 200 None
2026-07-10 14:01:10 | DEBUG    | urllib3.connectionpool:1022 | Starting new HTTPS connection (1): zhibo.sina.com.cn:443
2026-07-10 14:01:11 | DEBUG    | urllib3.connectionpool:475 | https://zhibo.sina.com.cn:443 "GET /api/zhibo/feed?page=1&page_size=30&zhibo_id=152&tag_id=0&dire=f&dpc=1&pagesize=30&type=1 HTTP/1.1" 200 None
2026-07-10 14:01:11 | DEBUG    | urllib3.connectionpool:1022 | Starting new HTTPS connection (1): news.futunn.com:443
2026-07-10 14:01:12 | DEBUG    | urllib3.connectionpool:475 | https://news.futunn.com:443 "GET /news-site-api/main/get-flash-list?pageSize=40 HTTP/1.1" 200 59838
2026-07-10 14:01:12 | DEBUG    | urllib3.connectionpool:1022 | Starting new HTTPS connection (1): finance.yahoo.com:443
2026-07-10 14:01:14 | DEBUG    | urllib3.connectionpool:475 | https://finance.yahoo.com:443 "GET / HTTP/1.1" 403 3369
2026-07-10 14:01:14 | DEBUG    | urllib3.connectionpool:1022 | Starting new HTTPS connection (1): query1.finance.yahoo.com:443
2026-07-10 14:01:15 | DEBUG    | urllib3.connectionpool:475 | https://query1.finance.yahoo.com:443 "GET /v1/finance/search?q=NVIDIA&quotesCount=0&newsCount=50&enableFuzzyQuery=false HTTP/1.1" 403 3369
2026-07-10 14:01:15 | DEBUG    | urllib3.connectionpool:1022 | Starting new HTTPS connection (1): query2.finance.yahoo.com:443
2026-07-10 14:01:16 | DEBUG    | urllib3.connectionpool:475 | https://query2.finance.yahoo.com:443 "GET /v1/finance/search?q=NVIDIA&quotesCount=0&newsCount=50&enableFuzzyQuery=false HTTP/1.1" 403 3369
2026-07-10 14:01:17 | DEBUG    | urllib3.connectionpool:291 | Resetting dropped connection: query1.finance.yahoo.com
2026-07-10 14:01:21 | DEBUG    | urllib3.connectionpool:475 | https://query1.finance.yahoo.com:443 "GET /v1/finance/search?q=NVDA&quotesCount=0&newsCount=50&enableFuzzyQuery=false HTTP/1.1" 403 3369
2026-07-10 14:01:21 | DEBUG    | urllib3.connectionpool:291 | Resetting dropped connection: query2.finance.yahoo.com
2026-07-10 14:01:22 | DEBUG    | urllib3.connectionpool:475 | https://query2.finance.yahoo.com:443 "GET /v1/finance/search?q=NVDA&quotesCount=0&newsCount=50&enableFuzzyQuery=false HTTP/1.1" 403 3369
2026-07-10 14:01:22 | DEBUG    | urllib3.connectionpool:291 | Resetting dropped connection: query1.finance.yahoo.com
2026-07-10 14:01:24 | DEBUG    | urllib3.connectionpool:475 | https://query1.finance.yahoo.com:443 "GET /v1/finance/search?q=MICRON&quotesCount=0&newsCount=50&enableFuzzyQuery=false HTTP/1.1" 403 3369
2026-07-10 14:01:24 | DEBUG    | urllib3.connectionpool:291 | Resetting dropped connection: query2.finance.yahoo.com
2026-07-10 14:01:26 | DEBUG    | urllib3.connectionpool:475 | https://query2.finance.yahoo.com:443 "GET /v1/finance/search?q=MICRON&quotesCount=0&newsCount=50&enableFuzzyQuery=false HTTP/1.1" 403 3369
2026-07-10 14:01:26 | DEBUG    | urllib3.connectionpool:291 | Resetting dropped connection: query1.finance.yahoo.com
2026-07-10 14:01:27 | DEBUG    | urllib3.connectionpool:475 | https://query1.finance.yahoo.com:443 "GET /v1/finance/search?q=MU&quotesCount=0&newsCount=50&enableFuzzyQuery=false HTTP/1.1" 403 3369
2026-07-10 14:01:27 | DEBUG    | urllib3.connectionpool:291 | Resetting dropped connection: query2.finance.yahoo.com
2026-07-10 14:01:31 | DEBUG    | urllib3.connectionpool:475 | https://query2.finance.yahoo.com:443 "GET /v1/finance/search?q=MU&quotesCount=0&newsCount=50&enableFuzzyQuery=false HTTP/1.1" 403 3369
2026-07-10 14:01:31 | DEBUG    | urllib3.connectionpool:291 | Resetting dropped connection: query1.finance.yahoo.com
2026-07-10 14:01:33 | DEBUG    | urllib3.connectionpool:475 | https://query1.finance.yahoo.com:443 "GET /v1/finance/search?q=SanDisk&quotesCount=0&newsCount=50&enableFuzzyQuery=false HTTP/1.1" 403 3369
2026-07-10 14:01:33 | DEBUG    | urllib3.connectionpool:291 | Resetting dropped connection: query2.finance.yahoo.com
2026-07-10 14:01:35 | DEBUG    | urllib3.connectionpool:475 | https://query2.finance.yahoo.com:443 "GET /v1/finance/search?q=SanDisk&quotesCount=0&newsCount=50&enableFuzzyQuery=false HTTP/1.1" 403 3369
2026-07-10 14:01:35 | DEBUG    | urllib3.connectionpool:291 | Resetting dropped connection: query1.finance.yahoo.com
2026-07-10 14:01:36 | DEBUG    | urllib3.connectionpool:475 | https://query1.finance.yahoo.com:443 "GET /v1/finance/search?q=SNDK&quotesCount=0&newsCount=50&enableFuzzyQuery=false HTTP/1.1" 403 3369
2026-07-10 14:01:36 | DEBUG    | urllib3.connectionpool:291 | Resetting dropped connection: query2.finance.yahoo.com
2026-07-10 14:01:37 | DEBUG    | urllib3.connectionpool:475 | https://query2.finance.yahoo.com:443 "GET /v1/finance/search?q=SNDK&quotesCount=0&newsCount=50&enableFuzzyQuery=false HTTP/1.1" 403 3369
2026-07-10 14:01:37 | DEBUG    | urllib3.connectionpool:291 | Resetting dropped connection: query1.finance.yahoo.com
2026-07-10 14:01:42 | DEBUG    | urllib3.connectionpool:475 | https://query1.finance.yahoo.com:443 "GET /v1/finance/search?q=WDC&quotesCount=0&newsCount=50&enableFuzzyQuery=false HTTP/1.1" 403 3369
2026-07-10 14:01:44 | DEBUG    | urllib3.connectionpool:291 | Resetting dropped connection: query2.finance.yahoo.com
2026-07-10 14:01:45 | DEBUG    | urllib3.connectionpool:475 | https://query2.finance.yahoo.com:443 "GET /v1/finance/search?q=WDC&quotesCount=0&newsCount=50&enableFuzzyQuery=false HTTP/1.1" 403 3369
2026-07-10 14:01:45 | DEBUG    | urllib3.connectionpool:291 | Resetting dropped connection: query1.finance.yahoo.com
2026-07-10 14:01:47 | DEBUG    | urllib3.connectionpool:475 | https://query1.finance.yahoo.com:443 "GET /v1/finance/search?q=INTEL&quotesCount=0&newsCount=50&enableFuzzyQuery=false HTTP/1.1" 403 3369
2026-07-10 14:01:47 | DEBUG    | urllib3.connectionpool:291 | Resetting dropped connection: query2.finance.yahoo.com
2026-07-10 14:01:48 | DEBUG    | urllib3.connectionpool:475 | https://query2.finance.yahoo.com:443 "GET /v1/finance/search?q=INTEL&quotesCount=0&newsCount=50&enableFuzzyQuery=false HTTP/1.1" 403 3369
2026-07-10 14:01:48 | DEBUG    | urllib3.connectionpool:291 | Resetting dropped connection: finance.yahoo.com
2026-07-10 14:01:50 | DEBUG    | urllib3.connectionpool:1022 | Starting new HTTPS connection (1): feeds.finance.yahoo.com:443
2026-07-10 14:01:51 | DEBUG    | urllib3.connectionpool:475 | https://feeds.finance.yahoo.com:443 "GET /rss/2.0/headline?s=NVIDIA&region=US&lang=en-US HTTP/1.1" 200 394
2026-07-10 14:01:53 | DEBUG    | urllib3.connectionpool:475 | https://feeds.finance.yahoo.com:443 "GET /rss/2.0/headline?s=NVDA&region=US&lang=en-US HTTP/1.1" 200 4191
2026-07-10 14:01:53 | DEBUG    | urllib3.connectionpool:475 | https://feeds.finance.yahoo.com:443 "GET /rss/2.0/headline?s=MICRON&region=US&lang=en-US HTTP/1.1" 200 394
2026-07-10 14:01:53 | DEBUG    | urllib3.connectionpool:475 | https://feeds.finance.yahoo.com:443 "GET /rss/2.0/headline?s=MU&region=US&lang=en-US HTTP/1.1" 200 5369
2026-07-10 14:01:54 | DEBUG    | backpack_quant_trading.core.stock_news_feeds:786 | [雅虎财经] 直连 Search 获取 37 条
2026-07-10 14:01:54 | INFO     | stock_news_alert:514 | 轮询完成 @ 2026-07-10 14:01:09 | 拉取 221 条 (金十数据=14, 同花顺=20, 东方财富=80, 新浪财经=30, 富途牛牛=40, 雅虎财经=37) | 已推送过 0 | 非最新 0 | 未命中关键词 184 | 非重要快讯 37 | 内容相似去重 0 | 新命中 0 | 待推送 0 | 雅虎搜索词: NVIDIA, NVDA, MICRON, MU, SanDisk, SNDK, WDC, INTEL
2026-07-10 14:02:24 | DEBUG    | urllib3.connectionpool:1022 | Starting new HTTPS connection (1): flash-api.jin10.com:443
2026-07-10 14:02:24 | DEBUG    | urllib3.connectionpool:475 | https://flash-api.jin10.com:443 "GET /get_flash_list?channel=-8200&vip=1 HTTP/1.1" 200 None
2026-07-10 14:02:24 | DEBUG    | urllib3.connectionpool:1022 | Starting new HTTPS connection (1): news.10jqka.com.cn:443
2026-07-10 14:02:25 | DEBUG    | urllib3.connectionpool:475 | https://news.10jqka.com.cn:443 "GET /tapp/news/push/stock?page=1&tag=&track=website HTTP/1.1" 200 None
2026-07-10 14:02:25 | DEBUG    | urllib3.connectionpool:1022 | Starting new HTTPS connection (1): np-weblist.eastmoney.com:443
2026-07-10 14:02:25 | DEBUG    | urllib3.connectionpool:475 | https://np-weblist.eastmoney.com:443 "GET /comm/web/getFastNewsList?client=web&biz=web_724&fastColumn=102&sortEnd=&pageSize=80&req_trace=1710315450384 HTTP/1.1" 200 None
2026-07-10 14:02:25 | DEBUG    | urllib3.connectionpool:1022 | Starting new HTTPS connection (1): zhibo.sina.com.cn:443
2026-07-10 14:02:26 | DEBUG    | urllib3.connectionpool:475 | https://zhibo.sina.com.cn:443 "GET /api/zhibo/feed?page=1&page_size=30&zhibo_id=152&tag_id=0&dire=f&dpc=1&pagesize=30&type=1 HTTP/1.1" 200 None
2026-07-10 14:02:26 | DEBUG    | urllib3.connectionpool:1022 | Starting new HTTPS connection (1): news.futunn.com:443
2026-07-10 14:02:27 | DEBUG    | urllib3.connectionpool:475 | https://news.futunn.com:443 "GET /news-site-api/main/get-flash-list?pageSize=40 HTTP/1.1" 200 59840
2026-07-10 14:02:27 | DEBUG    | urllib3.connectionpool:1022 | Starting new HTTPS connection (1): finance.yahoo.com:443
2026-07-10 14:02:28 | DEBUG    | urllib3.connectionpool:475 | https://finance.yahoo.com:443 "GET / HTTP/1.1" 403 3369
2026-07-10 14:02:28 | DEBUG    | urllib3.connectionpool:1022 | Starting new HTTPS connection (1): query1.finance.yahoo.com:443
2026-07-10 14:02:30 | DEBUG    | urllib3.connectionpool:475 | https://query1.finance.yahoo.com:443 "GET /v1/finance/search?q=NVIDIA&quotesCount=0&newsCount=50&enableFuzzyQuery=false HTTP/1.1" 403 3369
2026-07-10 14:02:30 | DEBUG    | urllib3.connectionpool:1022 | Starting new HTTPS connection (1): query2.finance.yahoo.com:443
2026-07-10 14:02:33 | DEBUG    | urllib3.connectionpool:475 | https://query2.finance.yahoo.com:443 "GET /v1/finance/search?q=NVIDIA&quotesCount=0&newsCount=50&enableFuzzyQuery=false HTTP/1.1" 403 3369
2026-07-10 14:02:33 | DEBUG    | urllib3.connectionpool:291 | Resetting dropped connection: query1.finance.yahoo.com
2026-07-10 14:02:34 | DEBUG    | urllib3.connectionpool:475 | https://query1.finance.yahoo.com:443 "GET /v1/finance/search?q=NVDA&quotesCount=0&newsCount=50&enableFuzzyQuery=false HTTP/1.1" 403 3369
2026-07-10 14:02:34 | DEBUG    | urllib3.connectionpool:291 | Resetting dropped connection: query2.finance.yahoo.com
2026-07-10 14:02:37 | DEBUG    | urllib3.connectionpool:475 | https://query2.finance.yahoo.com:443 "GET /v1/finance/search?q=NVDA&quotesCount=0&newsCount=50&enableFuzzyQuery=false HTTP/1.1" 403 3369
2026-07-10 14:02:37 | DEBUG    | urllib3.connectionpool:291 | Resetting dropped connection: query1.finance.yahoo.com
2026-07-10 14:02:38 | DEBUG    | urllib3.connectionpool:475 | https://query1.finance.yahoo.com:443 "GET /v1/finance/search?q=MICRON&quotesCount=0&newsCount=50&enableFuzzyQuery=false HTTP/1.1" 403 3369
2026-07-10 14:02:38 | DEBUG    | urllib3.connectionpool:291 | Resetting dropped connection: query2.finance.yahoo.com
2026-07-10 14:02:40 | DEBUG    | urllib3.connectionpool:475 | https://query2.finance.yahoo.com:443 "GET /v1/finance/search?q=MICRON&quotesCount=0&newsCount=50&enableFuzzyQuery=false HTTP/1.1" 403 3369
2026-07-10 14:02:40 | DEBUG    | urllib3.connectionpool:291 | Resetting dropped connection: query1.finance.yahoo.com
2026-07-10 14:02:41 | DEBUG    | urllib3.connectionpool:475 | https://query1.finance.yahoo.com:443 "GET /v1/finance/search?q=MU&quotesCount=0&newsCount=50&enableFuzzyQuery=false HTTP/1.1" 403 3369
2026-07-10 14:02:42 | DEBUG    | urllib3.connectionpool:291 | Resetting dropped connection: query2.finance.yahoo.com
2026-07-10 14:02:43 | DEBUG    | urllib3.connectionpool:475 | https://query2.finance.yahoo.com:443 "GET /v1/finance/search?q=MU&quotesCount=0&newsCount=50&enableFuzzyQuery=false HTTP/1.1" 403 3369
2026-07-10 14:02:47 | DEBUG    | urllib3.connectionpool:291 | Resetting dropped connection: query1.finance.yahoo.com
2026-07-10 14:02:48 | DEBUG    | urllib3.connectionpool:475 | https://query1.finance.yahoo.com:443 "GET /v1/finance/search?q=SanDisk&quotesCount=0&newsCount=50&enableFuzzyQuery=false HTTP/1.1" 403 3369
2026-07-10 14:02:48 | DEBUG    | urllib3.connectionpool:291 | Resetting dropped connection: query2.finance.yahoo.com
2026-07-10 14:02:50 | DEBUG    | urllib3.connectionpool:475 | https://query2.finance.yahoo.com:443 "GET /v1/finance/search?q=SanDisk&quotesCount=0&newsCount=50&enableFuzzyQuery=false HTTP/1.1" 403 3369
2026-07-10 14:02:50 | DEBUG    | urllib3.connectionpool:291 | Resetting dropped connection: query1.finance.yahoo.com
2026-07-10 14:02:52 | DEBUG    | urllib3.connectionpool:475 | https://query1.finance.yahoo.com:443 "GET /v1/finance/search?q=SNDK&quotesCount=0&newsCount=50&enableFuzzyQuery=false HTTP/1.1" 403 3369
2026-07-10 14:02:52 | DEBUG    | urllib3.connectionpool:291 | Resetting dropped connection: query2.finance.yahoo.com
2026-07-10 14:02:54 | DEBUG    | urllib3.connectionpool:475 | https://query2.finance.yahoo.com:443 "GET /v1/finance/search?q=SNDK&quotesCount=0&newsCount=50&enableFuzzyQuery=false HTTP/1.1" 403 3369
2026-07-10 14:02:54 | DEBUG    | urllib3.connectionpool:291 | Resetting dropped connection: query1.finance.yahoo.com
2026-07-10 14:02:56 | DEBUG    | urllib3.connectionpool:475 | https://query1.finance.yahoo.com:443 "GET /v1/finance/search?q=WDC&quotesCount=0&newsCount=50&enableFuzzyQuery=false HTTP/1.1" 403 3369
2026-07-10 14:02:58 | DEBUG    | urllib3.connectionpool:291 | Resetting dropped connection: query2.finance.yahoo.com
2026-07-10 14:03:00 | DEBUG    | urllib3.connectionpool:475 | https://query2.finance.yahoo.com:443 "GET /v1/finance/search?q=WDC&quotesCount=0&newsCount=50&enableFuzzyQuery=false HTTP/1.1" 403 3369
2026-07-10 14:03:00 | DEBUG    | urllib3.connectionpool:291 | Resetting dropped connection: query1.finance.yahoo.com
2026-07-10 14:03:02 | DEBUG    | urllib3.connectionpool:475 | https://query1.finance.yahoo.com:443 "GET /v1/finance/search?q=INTEL&quotesCount=0&newsCount=50&enableFuzzyQuery=false HTTP/1.1" 403 3369
2026-07-10 14:03:04 | DEBUG    | urllib3.connectionpool:291 | Resetting dropped connection: query2.finance.yahoo.com
2026-07-10 14:03:06 | DEBUG    | urllib3.connectionpool:475 | https://query2.finance.yahoo.com:443 "GET /v1/finance/search?q=INTEL&quotesCount=0&newsCount=50&enableFuzzyQuery=false HTTP/1.1" 403 3369
2026-07-10 14:03:06 | DEBUG    | urllib3.connectionpool:291 | Resetting dropped connection: finance.yahoo.com
2026-07-10 14:03:07 | DEBUG    | urllib3.connectionpool:475 | https://finance.yahoo.com:443 "POST /xhr/ncp?queryRef=latestNews&serviceKey=ncp_fin HTTP/1.1" 403 3369
2026-07-10 14:03:07 | DEBUG    | urllib3.connectionpool:1022 | Starting new HTTPS connection (1): feeds.finance.yahoo.com:443
2026-07-10 14:03:10 | DEBUG    | urllib3.connectionpool:475 | https://feeds.finance.yahoo.com:443 "GET /rss/2.0/headline?s=NVIDIA&region=US&lang=en-US HTTP/1.1" 200 394
2026-07-10 14:03:11 | DEBUG    | urllib3.connectionpool:475 | https://feeds.finance.yahoo.com:443 "GET /rss/2.0/headline?s=NVDA&region=US&lang=en-US HTTP/1.1" 200 4192
2026-07-10 14:03:15 | DEBUG    | urllib3.connectionpool:475 | https://feeds.finance.yahoo.com:443 "GET /rss/2.0/headline?s=MICRON&region=US&lang=en-US HTTP/1.1" 200 394
2026-07-10 14:03:15 | DEBUG    | urllib3.connectionpool:475 | https://feeds.finance.yahoo.com:443 "GET /rss/2.0/headline?s=MU&region=US&lang=en-US HTTP/1.1" 200 5370
2026-07-10 14:03:16 | DEBUG    | backpack_quant_trading.core.stock_news_feeds:786 | [雅虎财经] 直连 Search 获取 37 条
2026-07-10 14:03:16 | INFO     | stock_news_alert:514 | 轮询完成 @ 2026-07-10 14:02:24 | 拉取 221 条 (金十数据=14, 同花顺=20, 东方财富=80, 新浪财经=30, 富途牛牛=40, 雅虎财经=37) | 已推送过 0 | 非最新 0 | 未命中关键词 184 | 非重要快讯 37 | 内容相似去重 0 | 新命中 0 | 待推送 0 | 雅虎搜索词: NVIDIA, NVDA, MICRON, MU, SanDisk, SNDK, WDC, INTEL
2026-07-10 14:03:46 | DEBUG    | urllib3.connectionpool:1022 | Starting new HTTPS connection (1): flash-api.jin10.com:443
2026-07-10 14:03:47 | DEBUG    | urllib3.connectionpool:475 | https://flash-api.jin10.com:443 "GET /get_flash_list?channel=-8200&vip=1 HTTP/1.1" 200 None
2026-07-10 14:03:47 | DEBUG    | urllib3.connectionpool:1022 | Starting new HTTPS connection (1): news.10jqka.com.cn:443
2026-07-10 14:03:47 | DEBUG    | urllib3.connectionpool:475 | https://news.10jqka.com.cn:443 "GET /tapp/news/push/stock?page=1&tag=&track=website HTTP/1.1" 200 None
2026-07-10 14:03:47 | DEBUG    | urllib3.connectionpool:1022 | Starting new HTTPS connection (1): np-weblist.eastmoney.com:443
2026-07-10 14:03:48 | DEBUG    | urllib3.connectionpool:475 | https://np-weblist.eastmoney.com:443 "GET /comm/web/getFastNewsList?client=web&biz=web_724&fastColumn=102&sortEnd=&pageSize=80&req_trace=1710315450384 HTTP/1.1" 200 None
2026-07-10 14:03:48 | DEBUG    | urllib3.connectionpool:1022 | Starting new HTTPS connection (1): zhibo.sina.com.cn:443
2026-07-10 14:03:48 | DEBUG    | urllib3.connectionpool:475 | https://zhibo.sina.com.cn:443 "GET /api/zhibo/feed?page=1&page_size=30&zhibo_id=152&tag_id=0&dire=f&dpc=1&pagesize=30&type=1 HTTP/1.1" 200 None
2026-07-10 14:03:48 | DEBUG    | urllib3.connectionpool:1022 | Starting new HTTPS connection (1): news.futunn.com:443
2026-07-10 14:03:49 | DEBUG    | urllib3.connectionpool:475 | https://news.futunn.com:443 "GET /news-site-api/main/get-flash-list?pageSize=40 HTTP/1.1" 200 58311
2026-07-10 14:03:49 | DEBUG    | urllib3.connectionpool:1022 | Starting new HTTPS connection (1): finance.yahoo.com:443
2026-07-10 14:03:52 | DEBUG    | urllib3.connectionpool:475 | https://finance.yahoo.com:443 "GET / HTTP/1.1" 403 3369
2026-07-10 14:03:52 | DEBUG    | urllib3.connectionpool:1022 | Starting new HTTPS connection (1): query1.finance.yahoo.com:443
2026-07-10 14:03:55 | DEBUG    | urllib3.connectionpool:475 | https://query1.finance.yahoo.com:443 "GET /v1/finance/search?q=NVIDIA&quotesCount=0&newsCount=50&enableFuzzyQuery=false HTTP/1.1" 403 3369
2026-07-10 14:03:55 | DEBUG    | urllib3.connectionpool:1022 | Starting new HTTPS connection (1): query2.finance.yahoo.com:443
2026-07-10 14:03:57 | DEBUG    | urllib3.connectionpool:475 | https://query2.finance.yahoo.com:443 "GET /v1/finance/search?q=NVIDIA&quotesCount=0&newsCount=50&enableFuzzyQuery=false HTTP/1.1" 403 3369
2026-07-10 14:03:57 | DEBUG    | urllib3.connectionpool:291 | Resetting dropped connection: query1.finance.yahoo.com
2026-07-10 14:03:58 | DEBUG    | urllib3.connectionpool:475 | https://query1.finance.yahoo.com:443 "GET /v1/finance/search?q=NVDA&quotesCount=0&newsCount=50&enableFuzzyQuery=false HTTP/1.1" 403 3369
2026-07-10 14:04:01 | DEBUG    | urllib3.connectionpool:291 | Resetting dropped connection: query2.finance.yahoo.com
2026-07-10 14:04:02 | DEBUG    | urllib3.connectionpool:475 | https://query2.finance.yahoo.com:443 "GET /v1/finance/search?q=NVDA&quotesCount=0&newsCount=50&enableFuzzyQuery=false HTTP/1.1" 403 3369
2026-07-10 14:04:02 | DEBUG    | urllib3.connectionpool:291 | Resetting dropped connection: query1.finance.yahoo.com
2026-07-10 14:04:04 | DEBUG    | urllib3.connectionpool:475 | https://query1.finance.yahoo.com:443 "GET /v1/finance/search?q=MICRON&quotesCount=0&newsCount=50&enableFuzzyQuery=false HTTP/1.1" 403 3369
2026-07-10 14:04:04 | DEBUG    | urllib3.connectionpool:291 | Resetting dropped connection: query2.finance.yahoo.com
2026-07-10 14:04:05 | DEBUG    | urllib3.connectionpool:475 | https://query2.finance.yahoo.com:443 "GET /v1/finance/search?q=MICRON&quotesCount=0&newsCount=50&enableFuzzyQuery=false HTTP/1.1" 403 3369
2026-07-10 14:04:05 | DEBUG    | urllib3.connectionpool:291 | Resetting dropped connection: query1.finance.yahoo.com
2026-07-10 14:04:07 | DEBUG    | urllib3.connectionpool:475 | https://query1.finance.yahoo.com:443 "GET /v1/finance/search?q=MU&quotesCount=0&newsCount=50&enableFuzzyQuery=false HTTP/1.1" 403 3369
2026-07-10 14:04:07 | DEBUG    | urllib3.connectionpool:291 | Resetting dropped connection: query2.finance.yahoo.com
2026-07-10 14:04:08 | DEBUG    | urllib3.connectionpool:475 | https://query2.finance.yahoo.com:443 "GET /v1/finance/search?q=MU&quotesCount=0&newsCount=50&enableFuzzyQuery=false HTTP/1.1" 403 3369
2026-07-10 14:04:11 | DEBUG    | urllib3.connectionpool:291 | Resetting dropped connection: query1.finance.yahoo.com
2026-07-10 14:04:13 | DEBUG    | urllib3.connectionpool:475 | https://query1.finance.yahoo.com:443 "GET /v1/finance/search?q=SanDisk&quotesCount=0&newsCount=50&enableFuzzyQuery=false HTTP/1.1" 403 3369
2026-07-10 14:04:13 | DEBUG    | urllib3.connectionpool:291 | Resetting dropped connection: query2.finance.yahoo.com
2026-07-10 14:04:15 | DEBUG    | urllib3.connectionpool:475 | https://query2.finance.yahoo.com:443 "GET /v1/finance/search?q=SanDisk&quotesCount=0&newsCount=50&enableFuzzyQuery=false HTTP/1.1" 403 3369
2026-07-10 14:04:15 | DEBUG    | urllib3.connectionpool:291 | Resetting dropped connection: query1.finance.yahoo.com
2026-07-10 14:04:16 | DEBUG    | urllib3.connectionpool:475 | https://query1.finance.yahoo.com:443 "GET /v1/finance/search?q=SNDK&quotesCount=0&newsCount=50&enableFuzzyQuery=false HTTP/1.1" 403 3369
2026-07-10 14:04:16 | DEBUG    | urllib3.connectionpool:291 | Resetting dropped connection: query2.finance.yahoo.com
2026-07-10 14:04:21 | DEBUG    | urllib3.connectionpool:475 | https://query2.finance.yahoo.com:443 "GET /v1/finance/search?q=SNDK&quotesCount=0&newsCount=50&enableFuzzyQuery=false HTTP/1.1" 403 3369
2026-07-10 14:04:24 | DEBUG    | urllib3.connectionpool:291 | Resetting dropped connection: query1.finance.yahoo.com
2026-07-10 14:04:26 | DEBUG    | urllib3.connectionpool:475 | https://query1.finance.yahoo.com:443 "GET /v1/finance/search?q=WDC&quotesCount=0&newsCount=50&enableFuzzyQuery=false HTTP/1.1" 403 3369
2026-07-10 14:04:26 | DEBUG    | urllib3.connectionpool:291 | Resetting dropped connection: query2.finance.yahoo.com
2026-07-10 14:04:28 | DEBUG    | urllib3.connectionpool:475 | https://query2.finance.yahoo.com:443 "GET /v1/finance/search?q=WDC&quotesCount=0&newsCount=50&enableFuzzyQuery=false HTTP/1.1" 403 3369
2026-07-10 14:04:28 | DEBUG    | urllib3.connectionpool:291 | Resetting dropped connection: query1.finance.yahoo.com
2026-07-10 14:04:31 | DEBUG    | urllib3.connectionpool:475 | https://query1.finance.yahoo.com:443 "GET /v1/finance/search?q=INTEL&quotesCount=0&newsCount=50&enableFuzzyQuery=false HTTP/1.1" 403 3369
2026-07-10 14:04:31 | DEBUG    | urllib3.connectionpool:291 | Resetting dropped connection: query2.finance.yahoo.com
2026-07-10 14:04:32 | DEBUG    | urllib3.connectionpool:475 | https://query2.finance.yahoo.com:443 "GET /v1/finance/search?q=INTEL&quotesCount=0&newsCount=50&enableFuzzyQuery=false HTTP/1.1" 403 3369
2026-07-10 14:04:32 | DEBUG    | urllib3.connectionpool:291 | Resetting dropped connection: finance.yahoo.com
2026-07-10 14:04:34 | DEBUG    | urllib3.connectionpool:475 | https://finance.yahoo.com:443 "POST /xhr/ncp?queryRef=latestNews&serviceKey=ncp_fin HTTP/1.1" 403 3369
2026-07-10 14:04:34 | DEBUG    | urllib3.connectionpool:1022 | Starting new HTTPS connection (1): feeds.finance.yahoo.com:443
2026-07-10 14:04:36 | DEBUG    | urllib3.connectionpool:475 | https://feeds.finance.yahoo.com:443 "GET /rss/2.0/headline?s=NVIDIA&region=US&lang=en-US HTTP/1.1" 200 394
2026-07-10 14:04:36 | DEBUG    | urllib3.connectionpool:475 | https://feeds.finance.yahoo.com:443 "GET /rss/2.0/headline?s=NVDA&region=US&lang=en-US HTTP/1.1" 200 4194
2026-07-10 14:04:39 | DEBUG    | urllib3.connectionpool:475 | https://feeds.finance.yahoo.com:443 "GET /rss/2.0/headline?s=MICRON&region=US&lang=en-US HTTP/1.1" 200 394
2026-07-10 14:04:39 | DEBUG    | urllib3.connectionpool:475 | https://feeds.finance.yahoo.com:443 "GET /rss/2.0/headline?s=MU&region=US&lang=en-US HTTP/1.1" 200 5370
2026-07-10 14:04:40 | DEBUG    | backpack_quant_trading.core.stock_news_feeds:786 | [雅虎财经] 直连 Search 获取 37 条
2026-07-10 14:04:40 | INFO     | stock_news_alert:514 | 轮询完成 @ 2026-07-10 14:03:46 | 拉取 222 条 (金十数据=15, 同花顺=20, 东方财富=80, 新浪财经=30, 富途牛牛=40, 雅虎财经=37) | 已推送过 0 | 非最新 0 | 未命中关键词 185 | 非重要快讯 37 | 内容相似去重 0 | 新命中 0 | 待推送 0 | 雅虎搜索词: NVIDIA, NVDA, MICRON, MU, SanDisk, SNDK, WDC, INTEL
2026-07-10 14:05:10 | DEBUG    | urllib3.connectionpool:1022 | Starting new HTTPS connection (1): flash-api.jin10.com:443
2026-07-10 14:05:10 | DEBUG    | urllib3.connectionpool:475 | https://flash-api.jin10.com:443 "GET /get_flash_list?channel=-8200&vip=1 HTTP/1.1" 200 None
2026-07-10 14:05:10 | DEBUG    | urllib3.connectionpool:1022 | Starting new HTTPS connection (1): news.10jqka.com.cn:443
2026-07-10 14:05:11 | DEBUG    | urllib3.connectionpool:475 | https://news.10jqka.com.cn:443 "GET /tapp/news/push/stock?page=1&tag=&track=website HTTP/1.1" 200 None
2026-07-10 14:05:11 | DEBUG    | urllib3.connectionpool:1022 | Starting new HTTPS connection (1): np-weblist.eastmoney.com:443
2026-07-10 14:05:11 | DEBUG    | urllib3.connectionpool:475 | https://np-weblist.eastmoney.com:443 "GET /comm/web/getFastNewsList?client=web&biz=web_724&fastColumn=102&sortEnd=&pageSize=80&req_trace=1710315450384 HTTP/1.1" 200 None
2026-07-10 14:05:11 | DEBUG    | urllib3.connectionpool:1022 | Starting new HTTPS connection (1): zhibo.sina.com.cn:443
2026-07-10 14:05:12 | DEBUG    | urllib3.connectionpool:475 | https://zhibo.sina.com.cn:443 "GET /api/zhibo/feed?page=1&page_size=30&zhibo_id=152&tag_id=0&dire=f&dpc=1&pagesize=30&type=1 HTTP/1.1" 200 None
2026-07-10 14:05:12 | DEBUG    | urllib3.connectionpool:1022 | Starting new HTTPS connection (1): news.futunn.com:443
2026-07-10 14:05:13 | DEBUG    | urllib3.connectionpool:475 | https://news.futunn.com:443 "GET /news-site-api/main/get-flash-list?pageSize=40 HTTP/1.1" 200 58311
2026-07-10 14:05:13 | DEBUG    | urllib3.connectionpool:1022 | Starting new HTTPS connection (1): finance.yahoo.com:443
2026-07-10 14:05:17 | DEBUG    | urllib3.connectionpool:475 | https://finance.yahoo.com:443 "GET / HTTP/1.1" 403 3369
2026-07-10 14:05:17 | DEBUG    | urllib3.connectionpool:1022 | Starting new HTTPS connection (1): query1.finance.yahoo.com:443
2026-07-10 14:05:18 | DEBUG    | urllib3.connectionpool:475 | https://query1.finance.yahoo.com:443 "GET /v1/finance/search?q=NVIDIA&quotesCount=0&newsCount=50&enableFuzzyQuery=false HTTP/1.1" 403 3369
2026-07-10 14:05:22 | DEBUG    | urllib3.connectionpool:1022 | Starting new HTTPS connection (1): query2.finance.yahoo.com:443
2026-07-10 14:05:23 | DEBUG    | urllib3.connectionpool:475 | https://query2.finance.yahoo.com:443 "GET /v1/finance/search?q=NVIDIA&quotesCount=0&newsCount=50&enableFuzzyQuery=false HTTP/1.1" 403 3369
2026-07-10 14:05:23 | DEBUG    | urllib3.connectionpool:291 | Resetting dropped connection: query1.finance.yahoo.com
2026-07-10 14:05:25 | DEBUG    | urllib3.connectionpool:475 | https://query1.finance.yahoo.com:443 "GET /v1/finance/search?q=NVDA&quotesCount=0&newsCount=50&enableFuzzyQuery=false HTTP/1.1" 403 3369
2026-07-10 14:05:25 | DEBUG    | urllib3.connectionpool:291 | Resetting dropped connection: query2.finance.yahoo.com
2026-07-10 14:05:26 | DEBUG    | urllib3.connectionpool:475 | https://query2.finance.yahoo.com:443 "GET /v1/finance/search?q=NVDA&quotesCount=0&newsCount=50&enableFuzzyQuery=false HTTP/1.1" 403 3369
2026-07-10 14:05:26 | DEBUG    | urllib3.connectionpool:291 | Resetting dropped connection: query1.finance.yahoo.com
2026-07-10 14:05:28 | DEBUG    | urllib3.connectionpool:475 | https://query1.finance.yahoo.com:443 "GET /v1/finance/search?q=MICRON&quotesCount=0&newsCount=50&enableFuzzyQuery=false HTTP/1.1" 403 3369
2026-07-10 14:05:28 | DEBUG    | urllib3.connectionpool:291 | Resetting dropped connection: query2.finance.yahoo.com
2026-07-10 14:05:30 | DEBUG    | urllib3.connectionpool:475 | https://query2.finance.yahoo.com:443 "GET /v1/finance/search?q=MICRON&quotesCount=0&newsCount=50&enableFuzzyQuery=false HTTP/1.1" 403 3369
2026-07-10 14:05:32 | DEBUG    | urllib3.connectionpool:291 | Resetting dropped connection: query1.finance.yahoo.com
2026-07-10 14:05:34 | DEBUG    | urllib3.connectionpool:475 | https://query1.finance.yahoo.com:443 "GET /v1/finance/search?q=MU&quotesCount=0&newsCount=50&enableFuzzyQuery=false HTTP/1.1" 403 3369
2026-07-10 14:05:34 | DEBUG    | urllib3.connectionpool:291 | Resetting dropped connection: query2.finance.yahoo.com
2026-07-10 14:05:36 | DEBUG    | urllib3.connectionpool:475 | https://query2.finance.yahoo.com:443 "GET /v1/finance/search?q=MU&quotesCount=0&newsCount=50&enableFuzzyQuery=false HTTP/1.1" 403 3369
2026-07-10 14:05:36 | DEBUG    | urllib3.connectionpool:291 | Resetting dropped connection: query1.finance.yahoo.com
2026-07-10 14:05:38 | DEBUG    | urllib3.connectionpool:475 | https://query1.finance.yahoo.com:443 "GET /v1/finance/search?q=SanDisk&quotesCount=0&newsCount=50&enableFuzzyQuery=false HTTP/1.1" 403 3369
2026-07-10 14:05:39 | DEBUG    | urllib3.connectionpool:291 | Resetting dropped connection: query2.finance.yahoo.com
2026-07-10 14:05:40 | DEBUG    | urllib3.connectionpool:475 | https://query2.finance.yahoo.com:443 "GET /v1/finance/search?q=SanDisk&quotesCount=0&newsCount=50&enableFuzzyQuery=false HTTP/1.1" 403 3369
2026-07-10 14:05:41 | DEBUG    | urllib3.connectionpool:291 | Resetting dropped connection: query1.finance.yahoo.com
2026-07-10 14:05:43 | DEBUG    | urllib3.connectionpool:475 | https://query1.finance.yahoo.com:443 "GET /v1/finance/search?q=SNDK&quotesCount=0&newsCount=50&enableFuzzyQuery=false HTTP/1.1" 403 3369
2026-07-10 14:05:43 | DEBUG    | urllib3.connectionpool:291 | Resetting dropped connection: query2.finance.yahoo.com
2026-07-10 14:05:44 | DEBUG    | urllib3.connectionpool:475 | https://query2.finance.yahoo.com:443 "GET /v1/finance/search?q=SNDK&quotesCount=0&newsCount=50&enableFuzzyQuery=false HTTP/1.1" 403 3369
2026-07-10 14:05:44 | DEBUG    | urllib3.connectionpool:291 | Resetting dropped connection: query1.finance.yahoo.com
2026-07-10 14:05:48 | DEBUG    | urllib3.connectionpool:475 | https://query1.finance.yahoo.com:443 "GET /v1/finance/search?q=WDC&quotesCount=0&newsCount=50&enableFuzzyQuery=false HTTP/1.1" 403 3369
2026-07-10 14:05:48 | DEBUG    | urllib3.connectionpool:291 | Resetting dropped connection: query2.finance.yahoo.com
2026-07-10 14:05:50 | DEBUG    | urllib3.connectionpool:475 | https://query2.finance.yahoo.com:443 "GET /v1/finance/search?q=WDC&quotesCount=0&newsCount=50&enableFuzzyQuery=false HTTP/1.1" 403 3369
2026-07-10 14:05:50 | DEBUG    | urllib3.connectionpool:291 | Resetting dropped connection: query1.finance.yahoo.com
2026-07-10 14:05:52 | DEBUG    | urllib3.connectionpool:475 | https://query1.finance.yahoo.com:443 "GET /v1/finance/search?q=INTEL&quotesCount=0&newsCount=50&enableFuzzyQuery=false HTTP/1.1" 403 3369
2026-07-10 14:05:52 | DEBUG    | urllib3.connectionpool:291 | Resetting dropped connection: query2.finance.yahoo.com
2026-07-10 14:05:53 | DEBUG    | urllib3.connectionpool:475 | https://query2.finance.yahoo.com:443 "GET /v1/finance/search?q=INTEL&quotesCount=0&newsCount=50&enableFuzzyQuery=false HTTP/1.1" 403 3369
2026-07-10 14:05:53 | DEBUG    | urllib3.connectionpool:291 | Resetting dropped connection: finance.yahoo.com
2026-07-10 14:05:55 | DEBUG    | urllib3.connectionpool:475 | https://finance.yahoo.com:443 "POST /xhr/ncp?queryRef=latestNews&serviceKey=ncp_fin HTTP/1.1" 403 3369
2026-07-10 14:05:55 | DEBUG    | urllib3.connectionpool:1022 | Starting new HTTPS connection (1): feeds.finance.yahoo.com:443
2026-07-10 14:05:58 | DEBUG    | urllib3.connectionpool:475 | https://feeds.finance.yahoo.com:443 "GET /rss/2.0/headline?s=NVIDIA&region=US&lang=en-US HTTP/1.1" 200 394
2026-07-10 14:05:58 | DEBUG    | urllib3.connectionpool:475 | https://feeds.finance.yahoo.com:443 "GET /rss/2.0/headline?s=NVDA&region=US&lang=en-US HTTP/1.1" 200 4193
2026-07-10 14:05:59 | DEBUG    | urllib3.connectionpool:475 | https://feeds.finance.yahoo.com:443 "GET /rss/2.0/headline?s=MICRON&region=US&lang=en-US HTTP/1.1" 200 394
2026-07-10 14:05:59 | DEBUG    | urllib3.connectionpool:475 | https://feeds.finance.yahoo.com:443 "GET /rss/2.0/headline?s=MU&region=US&lang=en-US HTTP/1.1" 200 5368
2026-07-10 14:05:59 | DEBUG    | backpack_quant_trading.core.stock_news_feeds:786 | [雅虎财经] 直连 Search 获取 37 条
2026-07-10 14:05:59 | INFO     | stock_news_alert:514 | 轮询完成 @ 2026-07-10 14:05:10 | 拉取 222 条 (金十数据=15, 同花顺=20, 东方财富=80, 新浪财经=30, 富途牛牛=40, 雅虎财经=37) | 已推送过 0 | 非最新 0 | 未命中关键词 185 | 非重要快讯 37 | 内容相似去重 0 | 新命中 0 | 待推送 0 | 雅虎搜索词: NVIDIA, NVDA, MICRON, MU, SanDisk, SNDK, WDC, INTEL
2026-07-10 14:06:29 | DEBUG    | urllib3.connectionpool:1022 | Starting new HTTPS connection (1): flash-api.jin10.com:443
2026-07-10 14:06:30 | DEBUG    | urllib3.connectionpool:475 | https://flash-api.jin10.com:443 "GET /get_flash_list?channel=-8200&vip=1 HTTP/1.1" 200 None
2026-07-10 14:06:30 | DEBUG    | urllib3.connectionpool:1022 | Starting new HTTPS connection (1): news.10jqka.com.cn:443
2026-07-10 14:06:30 | DEBUG    | urllib3.connectionpool:475 | https://news.10jqka.com.cn:443 "GET /tapp/news/push/stock?page=1&tag=&track=website HTTP/1.1" 200 None
2026-07-10 14:06:30 | DEBUG    | urllib3.connectionpool:1022 | Starting new HTTPS connection (1): np-weblist.eastmoney.com:443
2026-07-10 14:06:31 | DEBUG    | urllib3.connectionpool:475 | https://np-weblist.eastmoney.com:443 "GET /comm/web/getFastNewsList?client=web&biz=web_724&fastColumn=102&sortEnd=&pageSize=80&req_trace=1710315450384 HTTP/1.1" 200 None
2026-07-10 14:06:31 | DEBUG    | urllib3.connectionpool:1022 | Starting new HTTPS connection (1): zhibo.sina.com.cn:443
2026-07-10 14:06:31 | DEBUG    | urllib3.connectionpool:475 | https://zhibo.sina.com.cn:443 "GET /api/zhibo/feed?page=1&page_size=30&zhibo_id=152&tag_id=0&dire=f&dpc=1&pagesize=30&type=1 HTTP/1.1" 200 None
2026-07-10 14:06:31 | DEBUG    | urllib3.connectionpool:1022 | Starting new HTTPS connection (1): news.futunn.com:443
2026-07-10 14:06:32 | DEBUG    | urllib3.connectionpool:475 | https://news.futunn.com:443 "GET /news-site-api/main/get-flash-list?pageSize=40 HTTP/1.1" 200 58310
2026-07-10 14:06:32 | DEBUG    | urllib3.connectionpool:1022 | Starting new HTTPS connection (1): finance.yahoo.com:443
2026-07-10 14:06:34 | DEBUG    | urllib3.connectionpool:475 | https://finance.yahoo.com:443 "GET / HTTP/1.1" 403 3369
2026-07-10 14:06:34 | DEBUG    | urllib3.connectionpool:1022 | Starting new HTTPS connection (1): query1.finance.yahoo.com:443
2026-07-10 14:06:36 | DEBUG    | urllib3.connectionpool:475 | https://query1.finance.yahoo.com:443 "GET /v1/finance/search?q=NVIDIA&quotesCount=0&newsCount=50&enableFuzzyQuery=false HTTP/1.1" 403 3369
2026-07-10 14:06:36 | DEBUG    | urllib3.connectionpool:1022 | Starting new HTTPS connection (1): query2.finance.yahoo.com:443
2026-07-10 14:06:37 | DEBUG    | urllib3.connectionpool:475 | https://query2.finance.yahoo.com:443 "GET /v1/finance/search?q=NVIDIA&quotesCount=0&newsCount=50&enableFuzzyQuery=false HTTP/1.1" 403 3369
2026-07-10 14:06:37 | DEBUG    | urllib3.connectionpool:291 | Resetting dropped connection: query1.finance.yahoo.com
2026-07-10 14:06:39 | DEBUG    | urllib3.connectionpool:475 | https://query1.finance.yahoo.com:443 "GET /v1/finance/search?q=NVDA&quotesCount=0&newsCount=50&enableFuzzyQuery=false HTTP/1.1" 403 3369
2026-07-10 14:06:39 | DEBUG    | urllib3.connectionpool:291 | Resetting dropped connection: query2.finance.yahoo.com
2026-07-10 14:06:40 | DEBUG    | urllib3.connectionpool:475 | https://query2.finance.yahoo.com:443 "GET /v1/finance/search?q=NVDA&quotesCount=0&newsCount=50&enableFuzzyQuery=false HTTP/1.1" 403 3369
2026-07-10 14:06:40 | DEBUG    | urllib3.connectionpool:291 | Resetting dropped connection: query1.finance.yahoo.com
2026-07-10 14:06:44 | DEBUG    | urllib3.connectionpool:475 | https://query1.finance.yahoo.com:443 "GET /v1/finance/search?q=MICRON&quotesCount=0&newsCount=50&enableFuzzyQuery=false HTTP/1.1" 403 3369
2026-07-10 14:06:44 | DEBUG    | urllib3.connectionpool:291 | Resetting dropped connection: query2.finance.yahoo.com
2026-07-10 14:06:47 | DEBUG    | urllib3.connectionpool:475 | https://query2.finance.yahoo.com:443 "GET /v1/finance/search?q=MICRON&quotesCount=0&newsCount=50&enableFuzzyQuery=false HTTP/1.1" 403 3369
2026-07-10 14:06:47 | DEBUG    | urllib3.connectionpool:291 | Resetting dropped connection: query1.finance.yahoo.com
2026-07-10 14:06:48 | DEBUG    | urllib3.connectionpool:475 | https://query1.finance.yahoo.com:443 "GET /v1/finance/search?q=MU&quotesCount=0&newsCount=50&enableFuzzyQuery=false HTTP/1.1" 403 3369
2026-07-10 14:06:54 | DEBUG    | urllib3.connectionpool:291 | Resetting dropped connection: query2.finance.yahoo.com
2026-07-10 14:06:56 | DEBUG    | urllib3.connectionpool:475 | https://query2.finance.yahoo.com:443 "GET /v1/finance/search?q=MU&quotesCount=0&newsCount=50&enableFuzzyQuery=false HTTP/1.1" 403 3369
2026-07-10 14:06:56 | DEBUG    | urllib3.connectionpool:291 | Resetting dropped connection: query1.finance.yahoo.com
2026-07-10 14:07:00 | DEBUG    | urllib3.connectionpool:475 | https://query1.finance.yahoo.com:443 "GET /v1/finance/search?q=SanDisk&quotesCount=0&newsCount=50&enableFuzzyQuery=false HTTP/1.1" 403 3369
2026-07-10 14:07:00 | DEBUG    | urllib3.connectionpool:291 | Resetting dropped connection: query2.finance.yahoo.com
2026-07-10 14:07:02 | DEBUG    | urllib3.connectionpool:475 | https://query2.finance.yahoo.com:443 "GET /v1/finance/search?q=SanDisk&quotesCount=0&newsCount=50&enableFuzzyQuery=false HTTP/1.1" 403 3369
2026-07-10 14:07:02 | DEBUG    | urllib3.connectionpool:291 | Resetting dropped connection: query1.finance.yahoo.com
2026-07-10 14:07:03 | DEBUG    | urllib3.connectionpool:475 | https://query1.finance.yahoo.com:443 "GET /v1/finance/search?q=SNDK&quotesCount=0&newsCount=50&enableFuzzyQuery=false HTTP/1.1" 403 3369
2026-07-10 14:07:05 | DEBUG    | urllib3.connectionpool:291 | Resetting dropped connection: query2.finance.yahoo.com
2026-07-10 14:07:09 | DEBUG    | urllib3.connectionpool:475 | https://query2.finance.yahoo.com:443 "GET /v1/finance/search?q=SNDK&quotesCount=0&newsCount=50&enableFuzzyQuery=false HTTP/1.1" 403 3369
2026-07-10 14:07:09 | DEBUG    | urllib3.connectionpool:291 | Resetting dropped connection: query1.finance.yahoo.com
2026-07-10 14:07:11 | DEBUG    | urllib3.connectionpool:475 | https://query1.finance.yahoo.com:443 "GET /v1/finance/search?q=WDC&quotesCount=0&newsCount=50&enableFuzzyQuery=false HTTP/1.1" 403 3369
2026-07-10 14:07:12 | DEBUG    | urllib3.connectionpool:291 | Resetting dropped connection: query2.finance.yahoo.com
2026-07-10 14:07:13 | DEBUG    | urllib3.connectionpool:475 | https://query2.finance.yahoo.com:443 "GET /v1/finance/search?q=WDC&quotesCount=0&newsCount=50&enableFuzzyQuery=false HTTP/1.1" 403 3369
2026-07-10 14:07:13 | DEBUG    | urllib3.connectionpool:291 | Resetting dropped connection: query1.finance.yahoo.com
2026-07-10 14:07:14 | DEBUG    | urllib3.connectionpool:475 | https://query1.finance.yahoo.com:443 "GET /v1/finance/search?q=INTEL&quotesCount=0&newsCount=50&enableFuzzyQuery=false HTTP/1.1" 403 3369
2026-07-10 14:07:14 | DEBUG    | urllib3.connectionpool:291 | Resetting dropped connection: query2.finance.yahoo.com
2026-07-10 14:07:18 | DEBUG    | urllib3.connectionpool:475 | https://query2.finance.yahoo.com:443 "GET /v1/finance/search?q=INTEL&quotesCount=0&newsCount=50&enableFuzzyQuery=false HTTP/1.1" 403 3369
2026-07-10 14:07:18 | DEBUG    | urllib3.connectionpool:291 | Resetting dropped connection: finance.yahoo.com
2026-07-10 14:07:19 | DEBUG    | urllib3.connectionpool:1022 | Starting new HTTPS connection (1): feeds.finance.yahoo.com:443
2026-07-10 14:07:21 | DEBUG    | urllib3.connectionpool:475 | https://feeds.finance.yahoo.com:443 "GET /rss/2.0/headline?s=NVIDIA&region=US&lang=en-US HTTP/1.1" 200 394
2026-07-10 14:07:21 | DEBUG    | urllib3.connectionpool:475 | https://feeds.finance.yahoo.com:443 "GET /rss/2.0/headline?s=NVDA&region=US&lang=en-US HTTP/1.1" 200 4193
2026-07-10 14:07:24 | DEBUG    | urllib3.connectionpool:475 | https://feeds.finance.yahoo.com:443 "GET /rss/2.0/headline?s=MICRON&region=US&lang=en-US HTTP/1.1" 200 394
2026-07-10 14:07:24 | DEBUG    | urllib3.connectionpool:475 | https://feeds.finance.yahoo.com:443 "GET /rss/2.0/headline?s=MU&region=US&lang=en-US HTTP/1.1" 200 5369
2026-07-10 14:07:24 | DEBUG    | backpack_quant_trading.core.stock_news_feeds:786 | [雅虎财经] 直连 Search 获取 37 条
2026-07-10 14:07:25 | INFO     | stock_news_alert:514 | 轮询完成 @ 2026-07-10 14:06:29 | 拉取 222 条 (金十数据=15, 同花顺=20, 东方财富=80, 新浪财经=30, 富途牛牛=40, 雅虎财经=37) | 已推送过 0 | 非最新 0 | 未命中关键词 185 | 非重要快讯 37 | 内容相似去重 0 | 新命中 0 | 待推送 0 | 雅虎搜索词: NVIDIA, NVDA, MICRON, MU, SanDisk, SNDK, WDC, INTEL
2026-07-10 14:07:55 | DEBUG    | urllib3.connectionpool:1022 | Starting new HTTPS connection (1): flash-api.jin10.com:443
2026-07-10 14:07:55 | DEBUG    | urllib3.connectionpool:475 | https://flash-api.jin10.com:443 "GET /get_flash_list?channel=-8200&vip=1 HTTP/1.1" 200 None
2026-07-10 14:07:55 | DEBUG    | urllib3.connectionpool:1022 | Starting new HTTPS connection (1): news.10jqka.com.cn:443
2026-07-10 14:07:56 | DEBUG    | urllib3.connectionpool:475 | https://news.10jqka.com.cn:443 "GET /tapp/news/push/stock?page=1&tag=&track=website HTTP/1.1" 200 None
2026-07-10 14:07:56 | DEBUG    | urllib3.connectionpool:1022 | Starting new HTTPS connection (1): np-weblist.eastmoney.com:443
2026-07-10 14:07:56 | DEBUG    | urllib3.connectionpool:475 | https://np-weblist.eastmoney.com:443 "GET /comm/web/getFastNewsList?client=web&biz=web_724&fastColumn=102&sortEnd=&pageSize=80&req_trace=1710315450384 HTTP/1.1" 200 None
2026-07-10 14:07:56 | DEBUG    | urllib3.connectionpool:1022 | Starting new HTTPS connection (1): zhibo.sina.com.cn:443
2026-07-10 14:07:57 | DEBUG    | urllib3.connectionpool:475 | https://zhibo.sina.com.cn:443 "GET /api/zhibo/feed?page=1&page_size=30&zhibo_id=152&tag_id=0&dire=f&dpc=1&pagesize=30&type=1 HTTP/1.1" 200 None
2026-07-10 14:07:57 | DEBUG    | urllib3.connectionpool:1022 | Starting new HTTPS connection (1): news.futunn.com:443
2026-07-10 14:07:58 | DEBUG    | urllib3.connectionpool:475 | https://news.futunn.com:443 "GET /news-site-api/main/get-flash-list?pageSize=40 HTTP/1.1" 200 56692
2026-07-10 14:07:58 | DEBUG    | urllib3.connectionpool:1022 | Starting new HTTPS connection (1): finance.yahoo.com:443
2026-07-10 14:08:00 | DEBUG    | urllib3.connectionpool:475 | https://finance.yahoo.com:443 "GET / HTTP/1.1" 403 3369
2026-07-10 14:08:00 | DEBUG    | urllib3.connectionpool:1022 | Starting new HTTPS connection (1): query1.finance.yahoo.com:443
2026-07-10 14:08:01 | DEBUG    | urllib3.connectionpool:475 | https://query1.finance.yahoo.com:443 "GET /v1/finance/search?q=NVIDIA&quotesCount=0&newsCount=50&enableFuzzyQuery=false HTTP/1.1" 403 3369
2026-07-10 14:08:01 | DEBUG    | urllib3.connectionpool:1022 | Starting new HTTPS connection (1): query2.finance.yahoo.com:443
2026-07-10 14:08:02 | DEBUG    | urllib3.connectionpool:475 | https://query2.finance.yahoo.com:443 "GET /v1/finance/search?q=NVIDIA&quotesCount=0&newsCount=50&enableFuzzyQuery=false HTTP/1.1" 403 3369
2026-07-10 14:08:02 | DEBUG    | urllib3.connectionpool:291 | Resetting dropped connection: query1.finance.yahoo.com
2026-07-10 14:08:04 | DEBUG    | urllib3.connectionpool:475 | https://query1.finance.yahoo.com:443 "GET /v1/finance/search?q=NVDA&quotesCount=0&newsCount=50&enableFuzzyQuery=false HTTP/1.1" 403 3369
2026-07-10 14:08:04 | DEBUG    | urllib3.connectionpool:291 | Resetting dropped connection: query2.finance.yahoo.com
2026-07-10 14:08:05 | DEBUG    | urllib3.connectionpool:475 | https://query2.finance.yahoo.com:443 "GET /v1/finance/search?q=NVDA&quotesCount=0&newsCount=50&enableFuzzyQuery=false HTTP/1.1" 403 3369
2026-07-10 14:08:05 | DEBUG    | urllib3.connectionpool:291 | Resetting dropped connection: query1.finance.yahoo.com
2026-07-10 14:08:07 | DEBUG    | urllib3.connectionpool:475 | https://query1.finance.yahoo.com:443 "GET /v1/finance/search?q=MICRON&quotesCount=0&newsCount=50&enableFuzzyQuery=false HTTP/1.1" 403 3369
2026-07-10 14:08:07 | DEBUG    | urllib3.connectionpool:291 | Resetting dropped connection: query2.finance.yahoo.com
2026-07-10 14:08:09 | DEBUG    | urllib3.connectionpool:475 | https://query2.finance.yahoo.com:443 "GET /v1/finance/search?q=MICRON&quotesCount=0&newsCount=50&enableFuzzyQuery=false HTTP/1.1" 403 3369
2026-07-10 14:08:13 | DEBUG    | urllib3.connectionpool:291 | Resetting dropped connection: query1.finance.yahoo.com
2026-07-10 14:08:14 | DEBUG    | urllib3.connectionpool:475 | https://query1.finance.yahoo.com:443 "GET /v1/finance/search?q=MU&quotesCount=0&newsCount=50&enableFuzzyQuery=false HTTP/1.1" 403 3369
2026-07-10 14:08:14 | DEBUG    | urllib3.connectionpool:291 | Resetting dropped connection: query2.finance.yahoo.com
2026-07-10 14:08:16 | DEBUG    | urllib3.connectionpool:475 | https://query2.finance.yahoo.com:443 "GET /v1/finance/search?q=MU&quotesCount=0&newsCount=50&enableFuzzyQuery=false HTTP/1.1" 403 3369
2026-07-10 14:08:19 | DEBUG    | urllib3.connectionpool:291 | Resetting dropped connection: query1.finance.yahoo.com
2026-07-10 14:08:20 | DEBUG    | urllib3.connectionpool:475 | https://query1.finance.yahoo.com:443 "GET /v1/finance/search?q=SanDisk&quotesCount=0&newsCount=50&enableFuzzyQuery=false HTTP/1.1" 403 3369
2026-07-10 14:08:20 | DEBUG    | urllib3.connectionpool:291 | Resetting dropped connection: query2.finance.yahoo.com
2026-07-10 14:08:22 | DEBUG    | urllib3.connectionpool:475 | https://query2.finance.yahoo.com:443 "GET /v1/finance/search?q=SanDisk&quotesCount=0&newsCount=50&enableFuzzyQuery=false HTTP/1.1" 403 3369
2026-07-10 14:08:22 | DEBUG    | urllib3.connectionpool:291 | Resetting dropped connection: query1.finance.yahoo.com
2026-07-10 14:08:26 | DEBUG    | urllib3.connectionpool:475 | https://query1.finance.yahoo.com:443 "GET /v1/finance/search?q=SNDK&quotesCount=0&newsCount=50&enableFuzzyQuery=false HTTP/1.1" 403 3369
2026-07-10 14:08:26 | DEBUG    | urllib3.connectionpool:291 | Resetting dropped connection: query2.finance.yahoo.com
2026-07-10 14:08:28 | DEBUG    | urllib3.connectionpool:475 | https://query2.finance.yahoo.com:443 "GET /v1/finance/search?q=SNDK&quotesCount=0&newsCount=50&enableFuzzyQuery=false HTTP/1.1" 403 3369
2026-07-10 14:08:28 | DEBUG    | urllib3.connectionpool:291 | Resetting dropped connection: query1.finance.yahoo.com
2026-07-10 14:08:30 | DEBUG    | urllib3.connectionpool:475 | https://query1.finance.yahoo.com:443 "GET /v1/finance/search?q=WDC&quotesCount=0&newsCount=50&enableFuzzyQuery=false HTTP/1.1" 403 3369
2026-07-10 14:08:30 | DEBUG    | urllib3.connectionpool:291 | Resetting dropped connection: query2.finance.yahoo.com
2026-07-10 14:08:33 | DEBUG    | urllib3.connectionpool:475 | https://query2.finance.yahoo.com:443 "GET /v1/finance/search?q=WDC&quotesCount=0&newsCount=50&enableFuzzyQuery=false HTTP/1.1" 403 3369
2026-07-10 14:08:34 | DEBUG    | urllib3.connectionpool:291 | Resetting dropped connection: query1.finance.yahoo.com
2026-07-10 14:08:39 | DEBUG    | urllib3.connectionpool:475 | https://query1.finance.yahoo.com:443 "GET /v1/finance/search?q=INTEL&quotesCount=0&newsCount=50&enableFuzzyQuery=false HTTP/1.1" 403 3369
2026-07-10 14:08:39 | DEBUG    | urllib3.connectionpool:291 | Resetting dropped connection: query2.finance.yahoo.com
2026-07-10 14:08:41 | DEBUG    | urllib3.connectionpool:475 | https://query2.finance.yahoo.com:443 "GET /v1/finance/search?q=INTEL&quotesCount=0&newsCount=50&enableFuzzyQuery=false HTTP/1.1" 403 3369
2026-07-10 14:08:41 | DEBUG    | urllib3.connectionpool:291 | Resetting dropped connection: finance.yahoo.com
2026-07-10 14:08:42 | DEBUG    | urllib3.connectionpool:475 | https://finance.yahoo.com:443 "POST /xhr/ncp?queryRef=latestNews&serviceKey=ncp_fin HTTP/1.1" 403 3369
2026-07-10 14:08:42 | DEBUG    | urllib3.connectionpool:1022 | Starting new HTTPS connection (1): feeds.finance.yahoo.com:443
2026-07-10 14:08:44 | DEBUG    | urllib3.connectionpool:475 | https://feeds.finance.yahoo.com:443 "GET /rss/2.0/headline?s=NVIDIA&region=US&lang=en-US HTTP/1.1" 200 394
2026-07-10 14:08:44 | DEBUG    | urllib3.connectionpool:475 | https://feeds.finance.yahoo.com:443 "GET /rss/2.0/headline?s=NVDA&region=US&lang=en-US HTTP/1.1" 200 4191
2026-07-10 14:08:44 | DEBUG    | urllib3.connectionpool:475 | https://feeds.finance.yahoo.com:443 "GET /rss/2.0/headline?s=MICRON&region=US&lang=en-US HTTP/1.1" 200 394
2026-07-10 14:08:45 | DEBUG    | urllib3.connectionpool:475 | https://feeds.finance.yahoo.com:443 "GET /rss/2.0/headline?s=MU&region=US&lang=en-US HTTP/1.1" 200 5368
2026-07-10 14:08:47 | DEBUG    | backpack_quant_trading.core.stock_news_feeds:786 | [雅虎财经] 直连 Search 获取 37 条
2026-07-10 14:08:47 | INFO     | stock_news_alert:514 | 轮询完成 @ 2026-07-10 14:07:55 | 拉取 222 条 (金十数据=15, 同花顺=20, 东方财富=80, 新浪财经=30, 富途牛牛=40, 雅虎财经=37) | 已推送过 0 | 非最新 0 | 未命中关键词 185 | 非重要快讯 37 | 内容相似去重 0 | 新命中 0 | 待推送 0 | 雅虎搜索词: NVIDIA, NVDA, MICRON, MU, SanDisk, SNDK, WDC, INTEL
2026-07-10 14:09:17 | DEBUG    | urllib3.connectionpool:1022 | Starting new HTTPS connection (1): flash-api.jin10.com:443
2026-07-10 14:09:17 | DEBUG    | urllib3.connectionpool:475 | https://flash-api.jin10.com:443 "GET /get_flash_list?channel=-8200&vip=1 HTTP/1.1" 200 None
2026-07-10 14:09:17 | DEBUG    | urllib3.connectionpool:1022 | Starting new HTTPS connection (1): news.10jqka.com.cn:443
2026-07-10 14:09:18 | DEBUG    | urllib3.connectionpool:475 | https://news.10jqka.com.cn:443 "GET /tapp/news/push/stock?page=1&tag=&track=website HTTP/1.1" 200 None
2026-07-10 14:09:18 | DEBUG    | urllib3.connectionpool:1022 | Starting new HTTPS connection (1): np-weblist.eastmoney.com:443
2026-07-10 14:09:18 | DEBUG    | urllib3.connectionpool:475 | https://np-weblist.eastmoney.com:443 "GET /comm/web/getFastNewsList?client=web&biz=web_724&fastColumn=102&sortEnd=&pageSize=80&req_trace=1710315450384 HTTP/1.1" 200 None
2026-07-10 14:09:18 | DEBUG    | urllib3.connectionpool:1022 | Starting new HTTPS connection (1): zhibo.sina.com.cn:443
2026-07-10 14:09:20 | DEBUG    | urllib3.connectionpool:475 | https://zhibo.sina.com.cn:443 "GET /api/zhibo/feed?page=1&page_size=30&zhibo_id=152&tag_id=0&dire=f&dpc=1&pagesize=30&type=1 HTTP/1.1" 200 None
2026-07-10 14:09:20 | DEBUG    | urllib3.connectionpool:1022 | Starting new HTTPS connection (1): news.futunn.com:443
2026-07-10 14:09:21 | DEBUG    | urllib3.connectionpool:475 | https://news.futunn.com:443 "GET /news-site-api/main/get-flash-list?pageSize=40 HTTP/1.1" 200 56691
2026-07-10 14:09:21 | DEBUG    | urllib3.connectionpool:1022 | Starting new HTTPS connection (1): finance.yahoo.com:443
2026-07-10 14:09:22 | DEBUG    | urllib3.connectionpool:475 | https://finance.yahoo.com:443 "GET / HTTP/1.1" 403 3369
2026-07-10 14:09:22 | DEBUG    | urllib3.connectionpool:1022 | Starting new HTTPS connection (1): query1.finance.yahoo.com:443
2026-07-10 14:09:24 | DEBUG    | urllib3.connectionpool:475 | https://query1.finance.yahoo.com:443 "GET /v1/finance/search?q=NVIDIA&quotesCount=0&newsCount=50&enableFuzzyQuery=false HTTP/1.1" 403 3369
2026-07-10 14:09:27 | DEBUG    | urllib3.connectionpool:1022 | Starting new HTTPS connection (1): query2.finance.yahoo.com:443
2026-07-10 14:09:28 | DEBUG    | urllib3.connectionpool:475 | https://query2.finance.yahoo.com:443 "GET /v1/finance/search?q=NVIDIA&quotesCount=0&newsCount=50&enableFuzzyQuery=false HTTP/1.1" 403 3369
2026-07-10 14:09:32 | DEBUG    | urllib3.connectionpool:291 | Resetting dropped connection: query1.finance.yahoo.com
2026-07-10 14:09:33 | DEBUG    | urllib3.connectionpool:475 | https://query1.finance.yahoo.com:443 "GET /v1/finance/search?q=NVDA&quotesCount=0&newsCount=50&enableFuzzyQuery=false HTTP/1.1" 403 3369
2026-07-10 14:09:33 | DEBUG    | urllib3.connectionpool:291 | Resetting dropped connection: query2.finance.yahoo.com
2026-07-10 14:09:34 | DEBUG    | urllib3.connectionpool:475 | https://query2.finance.yahoo.com:443 "GET /v1/finance/search?q=NVDA&quotesCount=0&newsCount=50&enableFuzzyQuery=false HTTP/1.1" 403 3369
2026-07-10 14:09:34 | DEBUG    | urllib3.connectionpool:291 | Resetting dropped connection: query1.finance.yahoo.com
2026-07-10 14:09:36 | DEBUG    | urllib3.connectionpool:475 | https://query1.finance.yahoo.com:443 "GET /v1/finance/search?q=MICRON&quotesCount=0&newsCount=50&enableFuzzyQuery=false HTTP/1.1" 403 3369
2026-07-10 14:09:36 | DEBUG    | urllib3.connectionpool:291 | Resetting dropped connection: query2.finance.yahoo.com
2026-07-10 14:09:38 | DEBUG    | urllib3.connectionpool:475 | https://query2.finance.yahoo.com:443 "GET /v1/finance/search?q=MICRON&quotesCount=0&newsCount=50&enableFuzzyQuery=false HTTP/1.1" 403 3369
2026-07-10 14:09:38 | DEBUG    | urllib3.connectionpool:291 | Resetting dropped connection: query1.finance.yahoo.com
2026-07-10 14:09:39 | DEBUG    | urllib3.connectionpool:475 | https://query1.finance.yahoo.com:443 "GET /v1/finance/search?q=MU&quotesCount=0&newsCount=50&enableFuzzyQuery=false HTTP/1.1" 403 3369
2026-07-10 14:09:39 | DEBUG    | urllib3.connectionpool:291 | Resetting dropped connection: query2.finance.yahoo.com
2026-07-10 14:09:41 | DEBUG    | urllib3.connectionpool:475 | https://query2.finance.yahoo.com:443 "GET /v1/finance/search?q=MU&quotesCount=0&newsCount=50&enableFuzzyQuery=false HTTP/1.1" 403 3369
2026-07-10 14:09:41 | DEBUG    | urllib3.connectionpool:291 | Resetting dropped connection: query1.finance.yahoo.com
2026-07-10 14:09:42 | DEBUG    | urllib3.connectionpool:475 | https://query1.finance.yahoo.com:443 "GET /v1/finance/search?q=SanDisk&quotesCount=0&newsCount=50&enableFuzzyQuery=false HTTP/1.1" 403 3369
2026-07-10 14:09:42 | DEBUG    | urllib3.connectionpool:291 | Resetting dropped connection: query2.finance.yahoo.com
2026-07-10 14:09:44 | DEBUG    | urllib3.connectionpool:475 | https://query2.finance.yahoo.com:443 "GET /v1/finance/search?q=SanDisk&quotesCount=0&newsCount=50&enableFuzzyQuery=false HTTP/1.1" 403 3369
2026-07-10 14:09:44 | DEBUG    | urllib3.connectionpool:291 | Resetting dropped connection: query1.finance.yahoo.com
2026-07-10 14:09:46 | DEBUG    | urllib3.connectionpool:475 | https://query1.finance.yahoo.com:443 "GET /v1/finance/search?q=SNDK&quotesCount=0&newsCount=50&enableFuzzyQuery=false HTTP/1.1" 403 3369
2026-07-10 14:09:46 | DEBUG    | urllib3.connectionpool:291 | Resetting dropped connection: query2.finance.yahoo.com
2026-07-10 14:09:48 | DEBUG    | urllib3.connectionpool:475 | https://query2.finance.yahoo.com:443 "GET /v1/finance/search?q=SNDK&quotesCount=0&newsCount=50&enableFuzzyQuery=false HTTP/1.1" 403 3369
2026-07-10 14:09:48 | DEBUG    | urllib3.connectionpool:291 | Resetting dropped connection: query1.finance.yahoo.com
2026-07-10 14:09:49 | DEBUG    | urllib3.connectionpool:475 | https://query1.finance.yahoo.com:443 "GET /v1/finance/search?q=WDC&quotesCount=0&newsCount=50&enableFuzzyQuery=false HTTP/1.1" 403 3369
2026-07-10 14:09:50 | DEBUG    | urllib3.connectionpool:291 | Resetting dropped connection: query2.finance.yahoo.com
2026-07-10 14:09:52 | DEBUG    | urllib3.connectionpool:475 | https://query2.finance.yahoo.com:443 "GET /v1/finance/search?q=WDC&quotesCount=0&newsCount=50&enableFuzzyQuery=false HTTP/1.1" 403 3369
2026-07-10 14:09:52 | DEBUG    | urllib3.connectionpool:291 | Resetting dropped connection: query1.finance.yahoo.com
2026-07-10 14:09:53 | DEBUG    | urllib3.connectionpool:475 | https://query1.finance.yahoo.com:443 "GET /v1/finance/search?q=INTEL&quotesCount=0&newsCount=50&enableFuzzyQuery=false HTTP/1.1" 403 3369
2026-07-10 14:09:53 | DEBUG    | urllib3.connectionpool:291 | Resetting dropped connection: query2.finance.yahoo.com
2026-07-10 14:09:55 | DEBUG    | urllib3.connectionpool:475 | https://query2.finance.yahoo.com:443 "GET /v1/finance/search?q=INTEL&quotesCount=0&newsCount=50&enableFuzzyQuery=false HTTP/1.1" 403 3369
2026-07-10 14:09:55 | DEBUG    | urllib3.connectionpool:291 | Resetting dropped connection: finance.yahoo.com
2026-07-10 14:09:56 | DEBUG    | urllib3.connectionpool:475 | https://finance.yahoo.com:443 "POST /xhr/ncp?queryRef=latestNews&serviceKey=ncp_fin HTTP/1.1" 403 3369
2026-07-10 14:09:56 | DEBUG    | urllib3.connectionpool:1022 | Starting new HTTPS connection (1): feeds.finance.yahoo.com:443
2026-07-10 14:09:58 | DEBUG    | urllib3.connectionpool:475 | https://feeds.finance.yahoo.com:443 "GET /rss/2.0/headline?s=NVIDIA&region=US&lang=en-US HTTP/1.1" 200 394
2026-07-10 14:09:58 | DEBUG    | urllib3.connectionpool:475 | https://feeds.finance.yahoo.com:443 "GET /rss/2.0/headline?s=NVDA&region=US&lang=en-US HTTP/1.1" 200 4192
2026-07-10 14:09:58 | DEBUG    | urllib3.connectionpool:475 | https://feeds.finance.yahoo.com:443 "GET /rss/2.0/headline?s=MICRON&region=US&lang=en-US HTTP/1.1" 200 394
2026-07-10 14:09:59 | DEBUG    | urllib3.connectionpool:475 | https://feeds.finance.yahoo.com:443 "GET /rss/2.0/headline?s=MU&region=US&lang=en-US HTTP/1.1" 200 5367
2026-07-10 14:09:59 | DEBUG    | backpack_quant_trading.core.stock_news_feeds:786 | [雅虎财经] 直连 Search 获取 37 条
2026-07-10 14:09:59 | INFO     | stock_news_alert:514 | 轮询完成 @ 2026-07-10 14:09:17 | 拉取 223 条 (金十数据=16, 同花顺=20, 东方财富=80, 新浪财经=30, 富途牛牛=40, 雅虎财经=37) | 已推送过 0 | 非最新 0 | 未命中关键词 186 | 非重要快讯 37 | 内容相似去重 0 | 新命中 0 | 待推送 0 | 雅虎搜索词: NVIDIA, NVDA, MICRON, MU, SanDisk, SNDK, WDC, INTEL
2026-07-10 14:10:29 | DEBUG    | urllib3.connectionpool:1022 | Starting new HTTPS connection (1): flash-api.jin10.com:443
2026-07-10 14:10:29 | DEBUG    | urllib3.connectionpool:475 | https://flash-api.jin10.com:443 "GET /get_flash_list?channel=-8200&vip=1 HTTP/1.1" 200 None
2026-07-10 14:10:29 | DEBUG    | urllib3.connectionpool:1022 | Starting new HTTPS connection (1): news.10jqka.com.cn:443
2026-07-10 14:10:30 | DEBUG    | urllib3.connectionpool:475 | https://news.10jqka.com.cn:443 "GET /tapp/news/push/stock?page=1&tag=&track=website HTTP/1.1" 200 None
2026-07-10 14:10:30 | DEBUG    | urllib3.connectionpool:1022 | Starting new HTTPS connection (1): np-weblist.eastmoney.com:443
2026-07-10 14:10:30 | DEBUG    | urllib3.connectionpool:475 | https://np-weblist.eastmoney.com:443 "GET /comm/web/getFastNewsList?client=web&biz=web_724&fastColumn=102&sortEnd=&pageSize=80&req_trace=1710315450384 HTTP/1.1" 200 None
2026-07-10 14:10:30 | DEBUG    | urllib3.connectionpool:1022 | Starting new HTTPS connection (1): zhibo.sina.com.cn:443
2026-07-10 14:10:31 | DEBUG    | urllib3.connectionpool:475 | https://zhibo.sina.com.cn:443 "GET /api/zhibo/feed?page=1&page_size=30&zhibo_id=152&tag_id=0&dire=f&dpc=1&pagesize=30&type=1 HTTP/1.1" 200 None
2026-07-10 14:10:31 | DEBUG    | urllib3.connectionpool:1022 | Starting new HTTPS connection (1): news.futunn.com:443
2026-07-10 14:10:32 | DEBUG    | urllib3.connectionpool:475 | https://news.futunn.com:443 "GET /news-site-api/main/get-flash-list?pageSize=40 HTTP/1.1" 200 55333
2026-07-10 14:10:32 | DEBUG    | urllib3.connectionpool:1022 | Starting new HTTPS connection (1): finance.yahoo.com:443
2026-07-10 14:10:33 | DEBUG    | urllib3.connectionpool:475 | https://finance.yahoo.com:443 "GET / HTTP/1.1" 403 3369
2026-07-10 14:10:33 | DEBUG    | urllib3.connectionpool:1022 | Starting new HTTPS connection (1): query1.finance.yahoo.com:443
2026-07-10 14:10:39 | DEBUG    | urllib3.connectionpool:475 | https://query1.finance.yahoo.com:443 "GET /v1/finance/search?q=NVIDIA&quotesCount=0&newsCount=50&enableFuzzyQuery=false HTTP/1.1" 403 3369
2026-07-10 14:10:39 | DEBUG    | urllib3.connectionpool:1022 | Starting new HTTPS connection (1): query2.finance.yahoo.com:443
2026-07-10 14:10:40 | DEBUG    | urllib3.connectionpool:475 | https://query2.finance.yahoo.com:443 "GET /v1/finance/search?q=NVIDIA&quotesCount=0&newsCount=50&enableFuzzyQuery=false HTTP/1.1" 403 3369
2026-07-10 14:10:40 | DEBUG    | urllib3.connectionpool:291 | Resetting dropped connection: query1.finance.yahoo.com
2026-07-10 14:10:42 | DEBUG    | urllib3.connectionpool:475 | https://query1.finance.yahoo.com:443 "GET /v1/finance/search?q=NVDA&quotesCount=0&newsCount=50&enableFuzzyQuery=false HTTP/1.1" 403 3369
2026-07-10 14:10:42 | DEBUG    | urllib3.connectionpool:291 | Resetting dropped connection: query2.finance.yahoo.com
2026-07-10 14:10:47 | DEBUG    | urllib3.connectionpool:291 | Resetting dropped connection: query1.finance.yahoo.com
2026-07-10 14:10:49 | DEBUG    | urllib3.connectionpool:475 | https://query1.finance.yahoo.com:443 "GET /v1/finance/search?q=MICRON&quotesCount=0&newsCount=50&enableFuzzyQuery=false HTTP/1.1" 403 3369
2026-07-10 14:10:49 | DEBUG    | urllib3.connectionpool:1022 | Starting new HTTPS connection (2): query2.finance.yahoo.com:443
2026-07-10 14:10:50 | DEBUG    | urllib3.connectionpool:475 | https://query2.finance.yahoo.com:443 "GET /v1/finance/search?q=MICRON&quotesCount=0&newsCount=50&enableFuzzyQuery=false HTTP/1.1" 403 3369
2026-07-10 14:10:50 | DEBUG    | urllib3.connectionpool:291 | Resetting dropped connection: query1.finance.yahoo.com
2026-07-10 14:10:52 | DEBUG    | urllib3.connectionpool:475 | https://query1.finance.yahoo.com:443 "GET /v1/finance/search?q=MU&quotesCount=0&newsCount=50&enableFuzzyQuery=false HTTP/1.1" 403 3369
2026-07-10 14:10:52 | DEBUG    | urllib3.connectionpool:291 | Resetting dropped connection: query2.finance.yahoo.com
2026-07-10 14:10:53 | DEBUG    | urllib3.connectionpool:475 | https://query2.finance.yahoo.com:443 "GET /v1/finance/search?q=MU&quotesCount=0&newsCount=50&enableFuzzyQuery=false HTTP/1.1" 403 3369
2026-07-10 14:10:53 | DEBUG    | urllib3.connectionpool:291 | Resetting dropped connection: query1.finance.yahoo.com
2026-07-10 14:10:55 | DEBUG    | urllib3.connectionpool:475 | https://query1.finance.yahoo.com:443 "GET /v1/finance/search?q=SanDisk&quotesCount=0&newsCount=50&enableFuzzyQuery=false HTTP/1.1" 403 3369
2026-07-10 14:10:58 | DEBUG    | urllib3.connectionpool:291 | Resetting dropped connection: query2.finance.yahoo.com
2026-07-10 14:11:00 | DEBUG    | urllib3.connectionpool:475 | https://query2.finance.yahoo.com:443 "GET /v1/finance/search?q=SanDisk&quotesCount=0&newsCount=50&enableFuzzyQuery=false HTTP/1.1" 403 3369
2026-07-10 14:11:08 | DEBUG    | urllib3.connectionpool:291 | Resetting dropped connection: query1.finance.yahoo.com
2026-07-10 14:11:10 | DEBUG    | urllib3.connectionpool:475 | https://query1.finance.yahoo.com:443 "GET /v1/finance/search?q=SNDK&quotesCount=0&newsCount=50&enableFuzzyQuery=false HTTP/1.1" 403 3369
2026-07-10 14:11:17 | DEBUG    | urllib3.connectionpool:291 | Resetting dropped connection: query2.finance.yahoo.com
2026-07-10 14:11:18 | DEBUG    | urllib3.connectionpool:475 | https://query2.finance.yahoo.com:443 "GET /v1/finance/search?q=SNDK&quotesCount=0&newsCount=50&enableFuzzyQuery=false HTTP/1.1" 403 3369
2026-07-10 14:11:18 | DEBUG    | urllib3.connectionpool:291 | Resetting dropped connection: query1.finance.yahoo.com
2026-07-10 14:11:20 | DEBUG    | urllib3.connectionpool:475 | https://query1.finance.yahoo.com:443 "GET /v1/finance/search?q=WDC&quotesCount=0&newsCount=50&enableFuzzyQuery=false HTTP/1.1" 403 3369
2026-07-10 14:11:20 | DEBUG    | urllib3.connectionpool:291 | Resetting dropped connection: query2.finance.yahoo.com
2026-07-10 14:11:26 | DEBUG    | urllib3.connectionpool:475 | https://query2.finance.yahoo.com:443 "GET /v1/finance/search?q=WDC&quotesCount=0&newsCount=50&enableFuzzyQuery=false HTTP/1.1" 403 3369
2026-07-10 14:11:26 | DEBUG    | urllib3.connectionpool:291 | Resetting dropped connection: query1.finance.yahoo.com
2026-07-10 14:11:30 | DEBUG    | urllib3.connectionpool:475 | https://query1.finance.yahoo.com:443 "GET /v1/finance/search?q=INTEL&quotesCount=0&newsCount=50&enableFuzzyQuery=false HTTP/1.1" 403 3369
2026-07-10 14:11:30 | DEBUG    | urllib3.connectionpool:291 | Resetting dropped connection: query2.finance.yahoo.com
2026-07-10 14:11:33 | DEBUG    | urllib3.connectionpool:475 | https://query2.finance.yahoo.com:443 "GET /v1/finance/search?q=INTEL&quotesCount=0&newsCount=50&enableFuzzyQuery=false HTTP/1.1" 403 3369
2026-07-10 14:11:34 | DEBUG    | urllib3.connectionpool:291 | Resetting dropped connection: finance.yahoo.com
2026-07-10 14:11:35 | DEBUG    | urllib3.connectionpool:1022 | Starting new HTTPS connection (1): feeds.finance.yahoo.com:443
2026-07-10 14:11:37 | DEBUG    | urllib3.connectionpool:475 | https://feeds.finance.yahoo.com:443 "GET /rss/2.0/headline?s=NVIDIA&region=US&lang=en-US HTTP/1.1" 200 394
2026-07-10 14:11:37 | DEBUG    | urllib3.connectionpool:475 | https://feeds.finance.yahoo.com:443 "GET /rss/2.0/headline?s=NVDA&region=US&lang=en-US HTTP/1.1" 200 4194
2026-07-10 14:11:37 | DEBUG    | urllib3.connectionpool:475 | https://feeds.finance.yahoo.com:443 "GET /rss/2.0/headline?s=MICRON&region=US&lang=en-US HTTP/1.1" 200 394
2026-07-10 14:11:38 | DEBUG    | urllib3.connectionpool:475 | https://feeds.finance.yahoo.com:443 "GET /rss/2.0/headline?s=MU&region=US&lang=en-US HTTP/1.1" 200 5369
2026-07-10 14:11:38 | DEBUG    | backpack_quant_trading.core.stock_news_feeds:786 | [雅虎财经] 直连 Search 获取 37 条
2026-07-10 14:11:38 | INFO     | stock_news_alert:514 | 轮询完成 @ 2026-07-10 14:10:29 | 拉取 222 条 (金十数据=15, 同花顺=20, 东方财富=80, 新浪财经=30, 富途牛牛=40, 雅虎财经=37) | 已推送过 0 | 非最新 0 | 未命中关键词 185 | 非重要快讯 37 | 内容相似去重 0 | 新命中 0 | 待推送 0 | 雅虎搜索词: NVIDIA, NVDA, MICRON, MU, SanDisk, SNDK, WDC, INTEL
2026-07-10 14:12:08 | DEBUG    | urllib3.connectionpool:1022 | Starting new HTTPS connection (1): flash-api.jin10.com:443
2026-07-10 14:12:08 | DEBUG    | urllib3.connectionpool:475 | https://flash-api.jin10.com:443 "GET /get_flash_list?channel=-8200&vip=1 HTTP/1.1" 200 None
2026-07-10 14:12:08 | DEBUG    | urllib3.connectionpool:1022 | Starting new HTTPS connection (1): news.10jqka.com.cn:443
2026-07-10 14:12:09 | DEBUG    | urllib3.connectionpool:475 | https://news.10jqka.com.cn:443 "GET /tapp/news/push/stock?page=1&tag=&track=website HTTP/1.1" 200 None
2026-07-10 14:12:09 | DEBUG    | urllib3.connectionpool:1022 | Starting new HTTPS connection (1): np-weblist.eastmoney.com:443
2026-07-10 14:12:09 | DEBUG    | urllib3.connectionpool:475 | https://np-weblist.eastmoney.com:443 "GET /comm/web/getFastNewsList?client=web&biz=web_724&fastColumn=102&sortEnd=&pageSize=80&req_trace=1710315450384 HTTP/1.1" 200 None
2026-07-10 14:12:09 | DEBUG    | urllib3.connectionpool:1022 | Starting new HTTPS connection (1): zhibo.sina.com.cn:443
2026-07-10 14:12:10 | DEBUG    | urllib3.connectionpool:475 | https://zhibo.sina.com.cn:443 "GET /api/zhibo/feed?page=1&page_size=30&zhibo_id=152&tag_id=0&dire=f&dpc=1&pagesize=30&type=1 HTTP/1.1" 200 None
2026-07-10 14:12:10 | DEBUG    | urllib3.connectionpool:1022 | Starting new HTTPS connection (1): news.futunn.com:443
2026-07-10 14:12:11 | DEBUG    | urllib3.connectionpool:475 | https://news.futunn.com:443 "GET /news-site-api/main/get-flash-list?pageSize=40 HTTP/1.1" 200 55333
2026-07-10 14:12:11 | DEBUG    | urllib3.connectionpool:1022 | Starting new HTTPS connection (1): finance.yahoo.com:443
2026-07-10 14:12:13 | DEBUG    | urllib3.connectionpool:475 | https://finance.yahoo.com:443 "GET / HTTP/1.1" 403 3369
2026-07-10 14:12:13 | DEBUG    | urllib3.connectionpool:1022 | Starting new HTTPS connection (1): query1.finance.yahoo.com:443
2026-07-10 14:12:15 | DEBUG    | urllib3.connectionpool:475 | https://query1.finance.yahoo.com:443 "GET /v1/finance/search?q=NVIDIA&quotesCount=0&newsCount=50&enableFuzzyQuery=false HTTP/1.1" 403 3369
2026-07-10 14:12:15 | DEBUG    | urllib3.connectionpool:1022 | Starting new HTTPS connection (1): query2.finance.yahoo.com:443
2026-07-10 14:12:17 | DEBUG    | urllib3.connectionpool:475 | https://query2.finance.yahoo.com:443 "GET /v1/finance/search?q=NVIDIA&quotesCount=0&newsCount=50&enableFuzzyQuery=false HTTP/1.1" 403 3369
2026-07-10 14:12:17 | DEBUG    | urllib3.connectionpool:291 | Resetting dropped connection: query1.finance.yahoo.com
2026-07-10 14:12:19 | DEBUG    | urllib3.connectionpool:475 | https://query1.finance.yahoo.com:443 "GET /v1/finance/search?q=NVDA&quotesCount=0&newsCount=50&enableFuzzyQuery=false HTTP/1.1" 403 3369
2026-07-10 14:12:19 | DEBUG    | urllib3.connectionpool:291 | Resetting dropped connection: query2.finance.yahoo.com
2026-07-10 14:12:20 | DEBUG    | urllib3.connectionpool:475 | https://query2.finance.yahoo.com:443 "GET /v1/finance/search?q=NVDA&quotesCount=0&newsCount=50&enableFuzzyQuery=false HTTP/1.1" 403 3369
2026-07-10 14:12:20 | DEBUG    | urllib3.connectionpool:291 | Resetting dropped connection: query1.finance.yahoo.com
2026-07-10 14:12:23 | DEBUG    | urllib3.connectionpool:475 | https://query1.finance.yahoo.com:443 "GET /v1/finance/search?q=MICRON&quotesCount=0&newsCount=50&enableFuzzyQuery=false HTTP/1.1" 403 3369
2026-07-10 14:12:23 | DEBUG    | urllib3.connectionpool:291 | Resetting dropped connection: query2.finance.yahoo.com
2026-07-10 14:12:28 | DEBUG    | urllib3.connectionpool:475 | https://query2.finance.yahoo.com:443 "GET /v1/finance/search?q=MICRON&quotesCount=0&newsCount=50&enableFuzzyQuery=false HTTP/1.1" 403 3369
2026-07-10 14:12:28 | DEBUG    | urllib3.connectionpool:291 | Resetting dropped connection: query1.finance.yahoo.com
2026-07-10 14:12:31 | DEBUG    | urllib3.connectionpool:475 | https://query1.finance.yahoo.com:443 "GET /v1/finance/search?q=MU&quotesCount=0&newsCount=50&enableFuzzyQuery=false HTTP/1.1" 403 3369
2026-07-10 14:12:32 | DEBUG    | urllib3.connectionpool:291 | Resetting dropped connection: query2.finance.yahoo.com
2026-07-10 14:12:33 | DEBUG    | urllib3.connectionpool:475 | https://query2.finance.yahoo.com:443 "GET /v1/finance/search?q=MU&quotesCount=0&newsCount=50&enableFuzzyQuery=false HTTP/1.1" 403 3369
2026-07-10 14:12:33 | DEBUG    | urllib3.connectionpool:291 | Resetting dropped connection: query1.finance.yahoo.com
2026-07-10 14:12:34 | DEBUG    | urllib3.connectionpool:475 | https://query1.finance.yahoo.com:443 "GET /v1/finance/search?q=SanDisk&quotesCount=0&newsCount=50&enableFuzzyQuery=false HTTP/1.1" 403 3369
2026-07-10 14:12:35 | DEBUG    | urllib3.connectionpool:291 | Resetting dropped connection: query2.finance.yahoo.com
2026-07-10 14:12:36 | DEBUG    | urllib3.connectionpool:475 | https://query2.finance.yahoo.com:443 "GET /v1/finance/search?q=SanDisk&quotesCount=0&newsCount=50&enableFuzzyQuery=false HTTP/1.1" 403 3369
2026-07-10 14:12:36 | DEBUG    | urllib3.connectionpool:291 | Resetting dropped connection: query1.finance.yahoo.com
2026-07-10 14:12:38 | DEBUG    | urllib3.connectionpool:475 | https://query1.finance.yahoo.com:443 "GET /v1/finance/search?q=SNDK&quotesCount=0&newsCount=50&enableFuzzyQuery=false HTTP/1.1" 403 3369
2026-07-10 14:12:38 | DEBUG    | urllib3.connectionpool:291 | Resetting dropped connection: query2.finance.yahoo.com
2026-07-10 14:12:39 | DEBUG    | urllib3.connectionpool:475 | https://query2.finance.yahoo.com:443 "GET /v1/finance/search?q=SNDK&quotesCount=0&newsCount=50&enableFuzzyQuery=false HTTP/1.1" 403 3369
2026-07-10 14:12:39 | DEBUG    | urllib3.connectionpool:291 | Resetting dropped connection: query1.finance.yahoo.com
2026-07-10 14:12:41 | DEBUG    | urllib3.connectionpool:475 | https://query1.finance.yahoo.com:443 "GET /v1/finance/search?q=WDC&quotesCount=0&newsCount=50&enableFuzzyQuery=false HTTP/1.1" 403 3369
2026-07-10 14:12:41 | DEBUG    | urllib3.connectionpool:291 | Resetting dropped connection: query2.finance.yahoo.com
2026-07-10 14:12:42 | DEBUG    | urllib3.connectionpool:475 | https://query2.finance.yahoo.com:443 "GET /v1/finance/search?q=WDC&quotesCount=0&newsCount=50&enableFuzzyQuery=false HTTP/1.1" 403 3369
2026-07-10 14:12:45 | DEBUG    | urllib3.connectionpool:291 | Resetting dropped connection: query1.finance.yahoo.com
2026-07-10 14:12:47 | DEBUG    | urllib3.connectionpool:475 | https://query1.finance.yahoo.com:443 "GET /v1/finance/search?q=INTEL&quotesCount=0&newsCount=50&enableFuzzyQuery=false HTTP/1.1" 403 3369
2026-07-10 14:12:47 | DEBUG    | urllib3.connectionpool:291 | Resetting dropped connection: query2.finance.yahoo.com
2026-07-10 14:12:48 | DEBUG    | urllib3.connectionpool:475 | https://query2.finance.yahoo.com:443 "GET /v1/finance/search?q=INTEL&quotesCount=0&newsCount=50&enableFuzzyQuery=false HTTP/1.1" 403 3369
2026-07-10 14:12:48 | DEBUG    | urllib3.connectionpool:291 | Resetting dropped connection: finance.yahoo.com
2026-07-10 14:12:52 | DEBUG    | urllib3.connectionpool:1022 | Starting new HTTPS connection (1): feeds.finance.yahoo.com:443
2026-07-10 14:12:53 | DEBUG    | urllib3.connectionpool:475 | https://feeds.finance.yahoo.com:443 "GET /rss/2.0/headline?s=NVIDIA&region=US&lang=en-US HTTP/1.1" 200 394
2026-07-10 14:12:54 | DEBUG    | urllib3.connectionpool:475 | https://feeds.finance.yahoo.com:443 "GET /rss/2.0/headline?s=NVDA&region=US&lang=en-US HTTP/1.1" 200 4191
2026-07-10 14:12:55 | DEBUG    | urllib3.connectionpool:475 | https://feeds.finance.yahoo.com:443 "GET /rss/2.0/headline?s=MICRON&region=US&lang=en-US HTTP/1.1" 200 394
2026-07-10 14:12:55 | DEBUG    | urllib3.connectionpool:475 | https://feeds.finance.yahoo.com:443 "GET /rss/2.0/headline?s=MU&region=US&lang=en-US HTTP/1.1" 200 5368
2026-07-10 14:12:57 | DEBUG    | backpack_quant_trading.core.stock_news_feeds:786 | [雅虎财经] 直连 Search 获取 37 条
2026-07-10 14:12:57 | INFO     | stock_news_alert:514 | 轮询完成 @ 2026-07-10 14:12:08 | 拉取 222 条 (金十数据=15, 同花顺=20, 东方财富=80, 新浪财经=30, 富途牛牛=40, 雅虎财经=37) | 已推送过 0 | 非最新 0 | 未命中关键词 185 | 非重要快讯 37 | 内容相似去重 0 | 新命中 0 | 待推送 0 | 雅虎搜索词: NVIDIA, NVDA, MICRON, MU, SanDisk, SNDK, WDC, INTEL
2026-07-10 14:13:27 | DEBUG    | urllib3.connectionpool:1022 | Starting new HTTPS connection (1): flash-api.jin10.com:443
2026-07-10 14:13:27 | DEBUG    | urllib3.connectionpool:475 | https://flash-api.jin10.com:443 "GET /get_flash_list?channel=-8200&vip=1 HTTP/1.1" 200 None
2026-07-10 14:13:27 | DEBUG    | urllib3.connectionpool:1022 | Starting new HTTPS connection (1): news.10jqka.com.cn:443
2026-07-10 14:13:28 | DEBUG    | urllib3.connectionpool:475 | https://news.10jqka.com.cn:443 "GET /tapp/news/push/stock?page=1&tag=&track=website HTTP/1.1" 200 None
2026-07-10 14:13:28 | DEBUG    | urllib3.connectionpool:1022 | Starting new HTTPS connection (1): np-weblist.eastmoney.com:443
2026-07-10 14:13:28 | DEBUG    | urllib3.connectionpool:475 | https://np-weblist.eastmoney.com:443 "GET /comm/web/getFastNewsList?client=web&biz=web_724&fastColumn=102&sortEnd=&pageSize=80&req_trace=1710315450384 HTTP/1.1" 200 None
2026-07-10 14:13:28 | DEBUG    | urllib3.connectionpool:1022 | Starting new HTTPS connection (1): zhibo.sina.com.cn:443
2026-07-10 14:13:29 | DEBUG    | urllib3.connectionpool:475 | https://zhibo.sina.com.cn:443 "GET /api/zhibo/feed?page=1&page_size=30&zhibo_id=152&tag_id=0&dire=f&dpc=1&pagesize=30&type=1 HTTP/1.1" 200 None
2026-07-10 14:13:29 | DEBUG    | urllib3.connectionpool:1022 | Starting new HTTPS connection (1): news.futunn.com:443
2026-07-10 14:13:29 | DEBUG    | urllib3.connectionpool:475 | https://news.futunn.com:443 "GET /news-site-api/main/get-flash-list?pageSize=40 HTTP/1.1" 200 55334
2026-07-10 14:13:29 | DEBUG    | urllib3.connectionpool:1022 | Starting new HTTPS connection (1): finance.yahoo.com:443
2026-07-10 14:13:31 | DEBUG    | urllib3.connectionpool:475 | https://finance.yahoo.com:443 "GET / HTTP/1.1" 403 3369
2026-07-10 14:13:31 | DEBUG    | urllib3.connectionpool:1022 | Starting new HTTPS connection (1): query1.finance.yahoo.com:443
2026-07-10 14:13:33 | DEBUG    | urllib3.connectionpool:475 | https://query1.finance.yahoo.com:443 "GET /v1/finance/search?q=NVIDIA&quotesCount=0&newsCount=50&enableFuzzyQuery=false HTTP/1.1" 403 3369
2026-07-10 14:13:33 | DEBUG    | urllib3.connectionpool:1022 | Starting new HTTPS connection (1): query2.finance.yahoo.com:443
2026-07-10 14:13:35 | DEBUG    | urllib3.connectionpool:475 | https://query2.finance.yahoo.com:443 "GET /v1/finance/search?q=NVIDIA&quotesCount=0&newsCount=50&enableFuzzyQuery=false HTTP/1.1" 403 3369
2026-07-10 14:13:35 | DEBUG    | urllib3.connectionpool:291 | Resetting dropped connection: query1.finance.yahoo.com
2026-07-10 14:13:36 | DEBUG    | urllib3.connectionpool:475 | https://query1.finance.yahoo.com:443 "GET /v1/finance/search?q=NVDA&quotesCount=0&newsCount=50&enableFuzzyQuery=false HTTP/1.1" 403 3369
2026-07-10 14:13:36 | DEBUG    | urllib3.connectionpool:291 | Resetting dropped connection: query2.finance.yahoo.com
2026-07-10 14:13:40 | DEBUG    | urllib3.connectionpool:475 | https://query2.finance.yahoo.com:443 "GET /v1/finance/search?q=NVDA&quotesCount=0&newsCount=50&enableFuzzyQuery=false HTTP/1.1" 403 3369
2026-07-10 14:13:40 | DEBUG    | urllib3.connectionpool:291 | Resetting dropped connection: query1.finance.yahoo.com
2026-07-10 14:13:42 | DEBUG    | urllib3.connectionpool:475 | https://query1.finance.yahoo.com:443 "GET /v1/finance/search?q=MICRON&quotesCount=0&newsCount=50&enableFuzzyQuery=false HTTP/1.1" 403 3369
2026-07-10 14:13:42 | DEBUG    | urllib3.connectionpool:291 | Resetting dropped connection: query2.finance.yahoo.com
2026-07-10 14:13:43 | DEBUG    | urllib3.connectionpool:475 | https://query2.finance.yahoo.com:443 "GET /v1/finance/search?q=MICRON&quotesCount=0&newsCount=50&enableFuzzyQuery=false HTTP/1.1" 403 3369
2026-07-10 14:13:43 | DEBUG    | urllib3.connectionpool:291 | Resetting dropped connection: query1.finance.yahoo.com
2026-07-10 14:13:46 | DEBUG    | urllib3.connectionpool:475 | https://query1.finance.yahoo.com:443 "GET /v1/finance/search?q=MU&quotesCount=0&newsCount=50&enableFuzzyQuery=false HTTP/1.1" 403 3369
2026-07-10 14:13:46 | DEBUG    | urllib3.connectionpool:291 | Resetting dropped connection: query2.finance.yahoo.com
2026-07-10 14:13:48 | DEBUG    | urllib3.connectionpool:475 | https://query2.finance.yahoo.com:443 "GET /v1/finance/search?q=MU&quotesCount=0&newsCount=50&enableFuzzyQuery=false HTTP/1.1" 403 3369
2026-07-10 14:13:48 | DEBUG    | urllib3.connectionpool:291 | Resetting dropped connection: query1.finance.yahoo.com
2026-07-10 14:13:52 | DEBUG    | urllib3.connectionpool:475 | https://query1.finance.yahoo.com:443 "GET /v1/finance/search?q=SanDisk&quotesCount=0&newsCount=50&enableFuzzyQuery=false HTTP/1.1" 403 3369
2026-07-10 14:13:53 | DEBUG    | urllib3.connectionpool:291 | Resetting dropped connection: query2.finance.yahoo.com
2026-07-10 14:13:54 | DEBUG    | urllib3.connectionpool:475 | https://query2.finance.yahoo.com:443 "GET /v1/finance/search?q=SanDisk&quotesCount=0&newsCount=50&enableFuzzyQuery=false HTTP/1.1" 403 3369
2026-07-10 14:13:54 | DEBUG    | urllib3.connectionpool:291 | Resetting dropped connection: query1.finance.yahoo.com
2026-07-10 14:13:55 | DEBUG    | urllib3.connectionpool:475 | https://query1.finance.yahoo.com:443 "GET /v1/finance/search?q=SNDK&quotesCount=0&newsCount=50&enableFuzzyQuery=false HTTP/1.1" 403 3369
2026-07-10 14:13:58 | DEBUG    | urllib3.connectionpool:291 | Resetting dropped connection: query2.finance.yahoo.com
2026-07-10 14:14:00 | DEBUG    | urllib3.connectionpool:475 | https://query2.finance.yahoo.com:443 "GET /v1/finance/search?q=SNDK&quotesCount=0&newsCount=50&enableFuzzyQuery=false HTTP/1.1" 403 3369
2026-07-10 14:14:00 | DEBUG    | urllib3.connectionpool:291 | Resetting dropped connection: query1.finance.yahoo.com
2026-07-10 14:14:06 | DEBUG    | urllib3.connectionpool:475 | https://query1.finance.yahoo.com:443 "GET /v1/finance/search?q=WDC&quotesCount=0&newsCount=50&enableFuzzyQuery=false HTTP/1.1" 403 3369
2026-07-10 14:14:06 | DEBUG    | urllib3.connectionpool:291 | Resetting dropped connection: query2.finance.yahoo.com
2026-07-10 14:14:07 | DEBUG    | urllib3.connectionpool:475 | https://query2.finance.yahoo.com:443 "GET /v1/finance/search?q=WDC&quotesCount=0&newsCount=50&enableFuzzyQuery=false HTTP/1.1" 403 3369
2026-07-10 14:14:07 | DEBUG    | urllib3.connectionpool:291 | Resetting dropped connection: query1.finance.yahoo.com
2026-07-10 14:14:11 | DEBUG    | urllib3.connectionpool:475 | https://query1.finance.yahoo.com:443 "GET /v1/finance/search?q=INTEL&quotesCount=0&newsCount=50&enableFuzzyQuery=false HTTP/1.1" 403 3369
2026-07-10 14:14:11 | DEBUG    | urllib3.connectionpool:291 | Resetting dropped connection: query2.finance.yahoo.com
2026-07-10 14:14:15 | DEBUG    | urllib3.connectionpool:475 | https://query2.finance.yahoo.com:443 "GET /v1/finance/search?q=INTEL&quotesCount=0&newsCount=50&enableFuzzyQuery=false HTTP/1.1" 403 3369
2026-07-10 14:14:15 | DEBUG    | urllib3.connectionpool:291 | Resetting dropped connection: finance.yahoo.com
2026-07-10 14:14:17 | DEBUG    | urllib3.connectionpool:475 | https://finance.yahoo.com:443 "POST /xhr/ncp?queryRef=latestNews&serviceKey=ncp_fin HTTP/1.1" 403 3369
2026-07-10 14:14:17 | DEBUG    | urllib3.connectionpool:1022 | Starting new HTTPS connection (1): feeds.finance.yahoo.com:443
2026-07-10 14:14:18 | DEBUG    | urllib3.connectionpool:475 | https://feeds.finance.yahoo.com:443 "GET /rss/2.0/headline?s=NVIDIA&region=US&lang=en-US HTTP/1.1" 200 394
2026-07-10 14:14:19 | DEBUG    | urllib3.connectionpool:475 | https://feeds.finance.yahoo.com:443 "GET /rss/2.0/headline?s=NVDA&region=US&lang=en-US HTTP/1.1" 200 4192
2026-07-10 14:14:25 | DEBUG    | urllib3.connectionpool:475 | https://feeds.finance.yahoo.com:443 "GET /rss/2.0/headline?s=MICRON&region=US&lang=en-US HTTP/1.1" 200 394
2026-07-10 14:14:26 | DEBUG    | urllib3.connectionpool:475 | https://feeds.finance.yahoo.com:443 "GET /rss/2.0/headline?s=MU&region=US&lang=en-US HTTP/1.1" 200 5370
2026-07-10 14:14:26 | DEBUG    | backpack_quant_trading.core.stock_news_feeds:786 | [雅虎财经] 直连 Search 获取 37 条
2026-07-10 14:14:26 | INFO     | stock_news_alert:514 | 轮询完成 @ 2026-07-10 14:13:27 | 拉取 222 条 (金十数据=15, 同花顺=20, 东方财富=80, 新浪财经=30, 富途牛牛=40, 雅虎财经=37) | 已推送过 0 | 非最新 0 | 未命中关键词 185 | 非重要快讯 37 | 内容相似去重 0 | 新命中 0 | 待推送 0 | 雅虎搜索词: NVIDIA, NVDA, MICRON, MU, SanDisk, SNDK, WDC, INTEL
2026-07-10 14:14:56 | DEBUG    | urllib3.connectionpool:1022 | Starting new HTTPS connection (1): flash-api.jin10.com:443
2026-07-10 14:14:57 | DEBUG    | urllib3.connectionpool:475 | https://flash-api.jin10.com:443 "GET /get_flash_list?channel=-8200&vip=1 HTTP/1.1" 200 None
2026-07-10 14:14:57 | DEBUG    | urllib3.connectionpool:1022 | Starting new HTTPS connection (1): news.10jqka.com.cn:443
2026-07-10 14:14:57 | DEBUG    | urllib3.connectionpool:475 | https://news.10jqka.com.cn:443 "GET /tapp/news/push/stock?page=1&tag=&track=website HTTP/1.1" 200 None
2026-07-10 14:14:57 | DEBUG    | urllib3.connectionpool:1022 | Starting new HTTPS connection (1): np-weblist.eastmoney.com:443
2026-07-10 14:14:58 | DEBUG    | urllib3.connectionpool:475 | https://np-weblist.eastmoney.com:443 "GET /comm/web/getFastNewsList?client=web&biz=web_724&fastColumn=102&sortEnd=&pageSize=80&req_trace=1710315450384 HTTP/1.1" 200 None
2026-07-10 14:14:58 | DEBUG    | urllib3.connectionpool:1022 | Starting new HTTPS connection (1): zhibo.sina.com.cn:443
2026-07-10 14:14:59 | DEBUG    | urllib3.connectionpool:475 | https://zhibo.sina.com.cn:443 "GET /api/zhibo/feed?page=1&page_size=30&zhibo_id=152&tag_id=0&dire=f&dpc=1&pagesize=30&type=1 HTTP/1.1" 200 None
2026-07-10 14:14:59 | DEBUG    | urllib3.connectionpool:1022 | Starting new HTTPS connection (1): news.futunn.com:443
2026-07-10 14:14:59 | DEBUG    | urllib3.connectionpool:475 | https://news.futunn.com:443 "GET /news-site-api/main/get-flash-list?pageSize=40 HTTP/1.1" 200 55333
2026-07-10 14:14:59 | DEBUG    | urllib3.connectionpool:1022 | Starting new HTTPS connection (1): finance.yahoo.com:443
2026-07-10 14:15:03 | DEBUG    | urllib3.connectionpool:475 | https://finance.yahoo.com:443 "GET / HTTP/1.1" 403 3369
2026-07-10 14:15:03 | DEBUG    | urllib3.connectionpool:1022 | Starting new HTTPS connection (1): query1.finance.yahoo.com:443
2026-07-10 14:15:04 | DEBUG    | urllib3.connectionpool:475 | https://query1.finance.yahoo.com:443 "GET /v1/finance/search?q=NVIDIA&quotesCount=0&newsCount=50&enableFuzzyQuery=false HTTP/1.1" 403 3369
2026-07-10 14:15:04 | DEBUG    | urllib3.connectionpool:1022 | Starting new HTTPS connection (1): query2.finance.yahoo.com:443
2026-07-10 14:15:06 | DEBUG    | urllib3.connectionpool:475 | https://query2.finance.yahoo.com:443 "GET /v1/finance/search?q=NVIDIA&quotesCount=0&newsCount=50&enableFuzzyQuery=false HTTP/1.1" 403 3369
2026-07-10 14:15:06 | DEBUG    | urllib3.connectionpool:291 | Resetting dropped connection: query1.finance.yahoo.com
2026-07-10 14:15:09 | DEBUG    | urllib3.connectionpool:475 | https://query1.finance.yahoo.com:443 "GET /v1/finance/search?q=NVDA&quotesCount=0&newsCount=50&enableFuzzyQuery=false HTTP/1.1" 403 3369
2026-07-10 14:15:09 | DEBUG    | urllib3.connectionpool:291 | Resetting dropped connection: query2.finance.yahoo.com
2026-07-10 14:15:10 | DEBUG    | urllib3.connectionpool:475 | https://query2.finance.yahoo.com:443 "GET /v1/finance/search?q=NVDA&quotesCount=0&newsCount=50&enableFuzzyQuery=false HTTP/1.1" 403 3369
2026-07-10 14:15:14 | DEBUG    | urllib3.connectionpool:291 | Resetting dropped connection: query1.finance.yahoo.com
2026-07-10 14:15:17 | DEBUG    | urllib3.connectionpool:475 | https://query1.finance.yahoo.com:443 "GET /v1/finance/search?q=MICRON&quotesCount=0&newsCount=50&enableFuzzyQuery=false HTTP/1.1" 403 3369
2026-07-10 14:15:18 | DEBUG    | urllib3.connectionpool:291 | Resetting dropped connection: query2.finance.yahoo.com
2026-07-10 14:15:19 | DEBUG    | urllib3.connectionpool:475 | https://query2.finance.yahoo.com:443 "GET /v1/finance/search?q=MICRON&quotesCount=0&newsCount=50&enableFuzzyQuery=false HTTP/1.1" 403 3369
2026-07-10 14:15:19 | DEBUG    | urllib3.connectionpool:291 | Resetting dropped connection: query1.finance.yahoo.com
2026-07-10 14:15:20 | DEBUG    | urllib3.connectionpool:475 | https://query1.finance.yahoo.com:443 "GET /v1/finance/search?q=MU&quotesCount=0&newsCount=50&enableFuzzyQuery=false HTTP/1.1" 403 3369
2026-07-10 14:15:20 | DEBUG    | urllib3.connectionpool:291 | Resetting dropped connection: query2.finance.yahoo.com
2026-07-10 14:15:22 | DEBUG    | urllib3.connectionpool:475 | https://query2.finance.yahoo.com:443 "GET /v1/finance/search?q=MU&quotesCount=0&newsCount=50&enableFuzzyQuery=false HTTP/1.1" 403 3369
2026-07-10 14:15:22 | DEBUG    | urllib3.connectionpool:291 | Resetting dropped connection: query1.finance.yahoo.com
2026-07-10 14:15:23 | DEBUG    | urllib3.connectionpool:475 | https://query1.finance.yahoo.com:443 "GET /v1/finance/search?q=SanDisk&quotesCount=0&newsCount=50&enableFuzzyQuery=false HTTP/1.1" 403 3369
2026-07-10 14:15:23 | DEBUG    | urllib3.connectionpool:291 | Resetting dropped connection: query2.finance.yahoo.com
2026-07-10 14:15:25 | DEBUG    | urllib3.connectionpool:475 | https://query2.finance.yahoo.com:443 "GET /v1/finance/search?q=SanDisk&quotesCount=0&newsCount=50&enableFuzzyQuery=false HTTP/1.1" 403 3369
2026-07-10 14:15:25 | DEBUG    | urllib3.connectionpool:291 | Resetting dropped connection: query1.finance.yahoo.com
2026-07-10 14:15:29 | DEBUG    | urllib3.connectionpool:475 | https://query1.finance.yahoo.com:443 "GET /v1/finance/search?q=SNDK&quotesCount=0&newsCount=50&enableFuzzyQuery=false HTTP/1.1" 403 3369
2026-07-10 14:15:29 | DEBUG    | urllib3.connectionpool:291 | Resetting dropped connection: query2.finance.yahoo.com
2026-07-10 14:15:30 | DEBUG    | urllib3.connectionpool:475 | https://query2.finance.yahoo.com:443 "GET /v1/finance/search?q=SNDK&quotesCount=0&newsCount=50&enableFuzzyQuery=false HTTP/1.1" 403 3369
2026-07-10 14:15:33 | DEBUG    | urllib3.connectionpool:291 | Resetting dropped connection: query1.finance.yahoo.com
2026-07-10 14:15:35 | DEBUG    | urllib3.connectionpool:475 | https://query1.finance.yahoo.com:443 "GET /v1/finance/search?q=WDC&quotesCount=0&newsCount=50&enableFuzzyQuery=false HTTP/1.1" 403 3369
2026-07-10 14:15:35 | DEBUG    | urllib3.connectionpool:291 | Resetting dropped connection: query2.finance.yahoo.com
2026-07-10 14:15:36 | DEBUG    | urllib3.connectionpool:475 | https://query2.finance.yahoo.com:443 "GET /v1/finance/search?q=WDC&quotesCount=0&newsCount=50&enableFuzzyQuery=false HTTP/1.1" 403 3369
2026-07-10 14:15:36 | DEBUG    | urllib3.connectionpool:291 | Resetting dropped connection: query1.finance.yahoo.com
2026-07-10 14:15:41 | DEBUG    | urllib3.connectionpool:291 | Resetting dropped connection: query2.finance.yahoo.com
2026-07-10 14:15:43 | DEBUG    | urllib3.connectionpool:475 | https://query2.finance.yahoo.com:443 "GET /v1/finance/search?q=INTEL&quotesCount=0&newsCount=50&enableFuzzyQuery=false HTTP/1.1" 403 3369
2026-07-10 14:15:43 | DEBUG    | urllib3.connectionpool:291 | Resetting dropped connection: finance.yahoo.com
2026-07-10 14:15:45 | DEBUG    | urllib3.connectionpool:475 | https://finance.yahoo.com:443 "POST /xhr/ncp?queryRef=latestNews&serviceKey=ncp_fin HTTP/1.1" 403 3369
2026-07-10 14:15:45 | DEBUG    | urllib3.connectionpool:1022 | Starting new HTTPS connection (1): feeds.finance.yahoo.com:443
2026-07-10 14:15:49 | DEBUG    | urllib3.connectionpool:475 | https://feeds.finance.yahoo.com:443 "GET /rss/2.0/headline?s=NVIDIA&region=US&lang=en-US HTTP/1.1" 200 394
2026-07-10 14:15:49 | DEBUG    | urllib3.connectionpool:475 | https://feeds.finance.yahoo.com:443 "GET /rss/2.0/headline?s=NVDA&region=US&lang=en-US HTTP/1.1" 200 4195
2026-07-10 14:15:51 | DEBUG    | urllib3.connectionpool:475 | https://feeds.finance.yahoo.com:443 "GET /rss/2.0/headline?s=MICRON&region=US&lang=en-US HTTP/1.1" 200 394
2026-07-10 14:15:51 | DEBUG    | urllib3.connectionpool:475 | https://feeds.finance.yahoo.com:443 "GET /rss/2.0/headline?s=MU&region=US&lang=en-US HTTP/1.1" 200 5369
2026-07-10 14:15:52 | DEBUG    | backpack_quant_trading.core.stock_news_feeds:786 | [雅虎财经] 直连 Search 获取 37 条
2026-07-10 14:15:52 | INFO     | stock_news_alert:514 | 轮询完成 @ 2026-07-10 14:14:56 | 拉取 223 条 (金十数据=16, 同花顺=20, 东方财富=80, 新浪财经=30, 富途牛牛=40, 雅虎财经=37) | 已推送过 0 | 非最新 0 | 未命中关键词 186 | 非重要快讯 37 | 内容相似去重 0 | 新命中 0 | 待推送 0 | 雅虎搜索词: NVIDIA, NVDA, MICRON, MU, SanDisk, SNDK, WDC, INTEL
2026-07-10 14:16:22 | DEBUG    | urllib3.connectionpool:1022 | Starting new HTTPS connection (1): flash-api.jin10.com:443
2026-07-10 14:16:22 | DEBUG    | urllib3.connectionpool:475 | https://flash-api.jin10.com:443 "GET /get_flash_list?channel=-8200&vip=1 HTTP/1.1" 200 None
2026-07-10 14:16:22 | DEBUG    | urllib3.connectionpool:1022 | Starting new HTTPS connection (1): news.10jqka.com.cn:443
2026-07-10 14:16:23 | DEBUG    | urllib3.connectionpool:475 | https://news.10jqka.com.cn:443 "GET /tapp/news/push/stock?page=1&tag=&track=website HTTP/1.1" 200 None
2026-07-10 14:16:23 | DEBUG    | urllib3.connectionpool:1022 | Starting new HTTPS connection (1): np-weblist.eastmoney.com:443
2026-07-10 14:16:23 | DEBUG    | urllib3.connectionpool:475 | https://np-weblist.eastmoney.com:443 "GET /comm/web/getFastNewsList?client=web&biz=web_724&fastColumn=102&sortEnd=&pageSize=80&req_trace=1710315450384 HTTP/1.1" 200 None
2026-07-10 14:16:23 | DEBUG    | urllib3.connectionpool:1022 | Starting new HTTPS connection (1): zhibo.sina.com.cn:443
2026-07-10 14:16:24 | DEBUG    | urllib3.connectionpool:475 | https://zhibo.sina.com.cn:443 "GET /api/zhibo/feed?page=1&page_size=30&zhibo_id=152&tag_id=0&dire=f&dpc=1&pagesize=30&type=1 HTTP/1.1" 200 None
2026-07-10 14:16:24 | DEBUG    | urllib3.connectionpool:1022 | Starting new HTTPS connection (1): news.futunn.com:443
2026-07-10 14:16:25 | DEBUG    | urllib3.connectionpool:475 | https://news.futunn.com:443 "GET /news-site-api/main/get-flash-list?pageSize=40 HTTP/1.1" 200 55560
2026-07-10 14:16:25 | DEBUG    | urllib3.connectionpool:1022 | Starting new HTTPS connection (1): finance.yahoo.com:443
2026-07-10 14:16:26 | DEBUG    | urllib3.connectionpool:475 | https://finance.yahoo.com:443 "GET / HTTP/1.1" 403 3369
2026-07-10 14:16:30 | DEBUG    | urllib3.connectionpool:1022 | Starting new HTTPS connection (1): query1.finance.yahoo.com:443
2026-07-10 14:16:31 | DEBUG    | urllib3.connectionpool:475 | https://query1.finance.yahoo.com:443 "GET /v1/finance/search?q=NVIDIA&quotesCount=0&newsCount=50&enableFuzzyQuery=false HTTP/1.1" 403 3369
2026-07-10 14:16:33 | DEBUG    | urllib3.connectionpool:1022 | Starting new HTTPS connection (1): query2.finance.yahoo.com:443
2026-07-10 14:16:35 | DEBUG    | urllib3.connectionpool:475 | https://query2.finance.yahoo.com:443 "GET /v1/finance/search?q=NVIDIA&quotesCount=0&newsCount=50&enableFuzzyQuery=false HTTP/1.1" 403 3369
2026-07-10 14:16:35 | DEBUG    | urllib3.connectionpool:291 | Resetting dropped connection: query1.finance.yahoo.com
2026-07-10 14:16:40 | DEBUG    | urllib3.connectionpool:291 | Resetting dropped connection: query2.finance.yahoo.com
2026-07-10 14:16:41 | DEBUG    | urllib3.connectionpool:475 | https://query2.finance.yahoo.com:443 "GET /v1/finance/search?q=NVDA&quotesCount=0&newsCount=50&enableFuzzyQuery=false HTTP/1.1" 403 3369
2026-07-10 14:16:42 | DEBUG    | urllib3.connectionpool:1022 | Starting new HTTPS connection (2): query1.finance.yahoo.com:443
2026-07-10 14:16:45 | DEBUG    | urllib3.connectionpool:475 | https://query1.finance.yahoo.com:443 "GET /v1/finance/search?q=MICRON&quotesCount=0&newsCount=50&enableFuzzyQuery=false HTTP/1.1" 403 3369
2026-07-10 14:16:45 | DEBUG    | urllib3.connectionpool:291 | Resetting dropped connection: query2.finance.yahoo.com
2026-07-10 14:16:50 | DEBUG    | urllib3.connectionpool:291 | Resetting dropped connection: query1.finance.yahoo.com
2026-07-10 14:16:52 | DEBUG    | urllib3.connectionpool:475 | https://query1.finance.yahoo.com:443 "GET /v1/finance/search?q=MU&quotesCount=0&newsCount=50&enableFuzzyQuery=false HTTP/1.1" 403 3369
2026-07-10 14:16:52 | DEBUG    | urllib3.connectionpool:1022 | Starting new HTTPS connection (2): query2.finance.yahoo.com:443
2026-07-10 14:16:57 | DEBUG    | urllib3.connectionpool:475 | https://query2.finance.yahoo.com:443 "GET /v1/finance/search?q=MU&quotesCount=0&newsCount=50&enableFuzzyQuery=false HTTP/1.1" 403 3369
2026-07-10 14:16:57 | DEBUG    | urllib3.connectionpool:291 | Resetting dropped connection: query1.finance.yahoo.com
2026-07-10 14:16:59 | DEBUG    | urllib3.connectionpool:475 | https://query1.finance.yahoo.com:443 "GET /v1/finance/search?q=SanDisk&quotesCount=0&newsCount=50&enableFuzzyQuery=false HTTP/1.1" 403 3369
2026-07-10 14:17:00 | DEBUG    | urllib3.connectionpool:291 | Resetting dropped connection: query2.finance.yahoo.com
2026-07-10 14:17:05 | DEBUG    | urllib3.connectionpool:475 | https://query2.finance.yahoo.com:443 "GET /v1/finance/search?q=SanDisk&quotesCount=0&newsCount=50&enableFuzzyQuery=false HTTP/1.1" 403 3369
2026-07-10 14:17:05 | DEBUG    | urllib3.connectionpool:291 | Resetting dropped connection: query1.finance.yahoo.com
2026-07-10 14:17:07 | DEBUG    | urllib3.connectionpool:475 | https://query1.finance.yahoo.com:443 "GET /v1/finance/search?q=SNDK&quotesCount=0&newsCount=50&enableFuzzyQuery=false HTTP/1.1" 403 3369
2026-07-10 14:17:07 | DEBUG    | urllib3.connectionpool:291 | Resetting dropped connection: query2.finance.yahoo.com
2026-07-10 14:17:12 | DEBUG    | urllib3.connectionpool:291 | Resetting dropped connection: query1.finance.yahoo.com
2026-07-10 14:17:14 | DEBUG    | urllib3.connectionpool:475 | https://query1.finance.yahoo.com:443 "GET /v1/finance/search?q=WDC&quotesCount=0&newsCount=50&enableFuzzyQuery=false HTTP/1.1" 403 3369
2026-07-10 14:17:14 | DEBUG    | urllib3.connectionpool:1022 | Starting new HTTPS connection (3): query2.finance.yahoo.com:443
2026-07-10 14:17:16 | DEBUG    | urllib3.connectionpool:475 | https://query2.finance.yahoo.com:443 "GET /v1/finance/search?q=WDC&quotesCount=0&newsCount=50&enableFuzzyQuery=false HTTP/1.1" 403 3369
2026-07-10 14:17:16 | DEBUG    | urllib3.connectionpool:291 | Resetting dropped connection: query1.finance.yahoo.com
2026-07-10 14:17:17 | DEBUG    | urllib3.connectionpool:475 | https://query1.finance.yahoo.com:443 "GET /v1/finance/search?q=INTEL&quotesCount=0&newsCount=50&enableFuzzyQuery=false HTTP/1.1" 403 3369
2026-07-10 14:17:17 | DEBUG    | urllib3.connectionpool:291 | Resetting dropped connection: query2.finance.yahoo.com
2026-07-10 14:17:21 | DEBUG    | urllib3.connectionpool:475 | https://query2.finance.yahoo.com:443 "GET /v1/finance/search?q=INTEL&quotesCount=0&newsCount=50&enableFuzzyQuery=false HTTP/1.1" 403 3369
2026-07-10 14:17:21 | DEBUG    | urllib3.connectionpool:291 | Resetting dropped connection: finance.yahoo.com
2026-07-10 14:17:23 | DEBUG    | urllib3.connectionpool:1022 | Starting new HTTPS connection (1): feeds.finance.yahoo.com:443
2026-07-10 14:17:24 | DEBUG    | urllib3.connectionpool:475 | https://feeds.finance.yahoo.com:443 "GET /rss/2.0/headline?s=NVIDIA&region=US&lang=en-US HTTP/1.1" 200 394
2026-07-10 14:17:25 | DEBUG    | urllib3.connectionpool:475 | https://feeds.finance.yahoo.com:443 "GET /rss/2.0/headline?s=NVDA&region=US&lang=en-US HTTP/1.1" 200 4193
2026-07-10 14:17:25 | DEBUG    | urllib3.connectionpool:475 | https://feeds.finance.yahoo.com:443 "GET /rss/2.0/headline?s=MICRON&region=US&lang=en-US HTTP/1.1" 200 394
2026-07-10 14:17:27 | DEBUG    | urllib3.connectionpool:475 | https://feeds.finance.yahoo.com:443 "GET /rss/2.0/headline?s=MU&region=US&lang=en-US HTTP/1.1" 200 5371
2026-07-10 14:17:27 | DEBUG    | backpack_quant_trading.core.stock_news_feeds:786 | [雅虎财经] 直连 Search 获取 37 条
2026-07-10 14:17:27 | INFO     | stock_news_alert:514 | 轮询完成 @ 2026-07-10 14:16:22 | 拉取 223 条 (金十数据=16, 同花顺=20, 东方财富=80, 新浪财经=30, 富途牛牛=40, 雅虎财经=37) | 已推送过 0 | 非最新 0 | 未命中关键词 186 | 非重要快讯 37 | 内容相似去重 0 | 新命中 0 | 待推送 0 | 雅虎搜索词: NVIDIA, NVDA, MICRON, MU, SanDisk, SNDK, WDC, INTEL
2026-07-10 14:17:57 | DEBUG    | urllib3.connectionpool:1022 | Starting new HTTPS connection (1): flash-api.jin10.com:443
2026-07-10 14:17:57 | DEBUG    | urllib3.connectionpool:475 | https://flash-api.jin10.com:443 "GET /get_flash_list?channel=-8200&vip=1 HTTP/1.1" 200 None
2026-07-10 14:17:57 | DEBUG    | urllib3.connectionpool:1022 | Starting new HTTPS connection (1): news.10jqka.com.cn:443
2026-07-10 14:17:58 | DEBUG    | urllib3.connectionpool:475 | https://news.10jqka.com.cn:443 "GET /tapp/news/push/stock?page=1&tag=&track=website HTTP/1.1" 200 None
2026-07-10 14:17:58 | DEBUG    | urllib3.connectionpool:1022 | Starting new HTTPS connection (1): np-weblist.eastmoney.com:443
2026-07-10 14:17:58 | DEBUG    | urllib3.connectionpool:475 | https://np-weblist.eastmoney.com:443 "GET /comm/web/getFastNewsList?client=web&biz=web_724&fastColumn=102&sortEnd=&pageSize=80&req_trace=1710315450384 HTTP/1.1" 200 None
2026-07-10 14:17:58 | DEBUG    | urllib3.connectionpool:1022 | Starting new HTTPS connection (1): zhibo.sina.com.cn:443
2026-07-10 14:17:59 | DEBUG    | urllib3.connectionpool:475 | https://zhibo.sina.com.cn:443 "GET /api/zhibo/feed?page=1&page_size=30&zhibo_id=152&tag_id=0&dire=f&dpc=1&pagesize=30&type=1 HTTP/1.1" 200 None
2026-07-10 14:17:59 | DEBUG    | urllib3.connectionpool:1022 | Starting new HTTPS connection (1): news.futunn.com:443
2026-07-10 14:17:59 | DEBUG    | urllib3.connectionpool:475 | https://news.futunn.com:443 "GET /news-site-api/main/get-flash-list?pageSize=40 HTTP/1.1" 200 56255
2026-07-10 14:18:00 | DEBUG    | urllib3.connectionpool:1022 | Starting new HTTPS connection (1): finance.yahoo.com:443
2026-07-10 14:18:01 | DEBUG    | urllib3.connectionpool:475 | https://finance.yahoo.com:443 "GET / HTTP/1.1" 403 3369
2026-07-10 14:18:01 | DEBUG    | urllib3.connectionpool:1022 | Starting new HTTPS connection (1): query1.finance.yahoo.com:443
2026-07-10 14:18:02 | DEBUG    | urllib3.connectionpool:475 | https://query1.finance.yahoo.com:443 "GET /v1/finance/search?q=NVIDIA&quotesCount=0&newsCount=50&enableFuzzyQuery=false HTTP/1.1" 403 3369
2026-07-10 14:18:05 | DEBUG    | urllib3.connectionpool:1022 | Starting new HTTPS connection (1): query2.finance.yahoo.com:443
2026-07-10 14:18:06 | DEBUG    | urllib3.connectionpool:475 | https://query2.finance.yahoo.com:443 "GET /v1/finance/search?q=NVIDIA&quotesCount=0&newsCount=50&enableFuzzyQuery=false HTTP/1.1" 403 3369
2026-07-10 14:18:09 | DEBUG    | urllib3.connectionpool:291 | Resetting dropped connection: query1.finance.yahoo.com
2026-07-10 14:18:11 | DEBUG    | urllib3.connectionpool:475 | https://query1.finance.yahoo.com:443 "GET /v1/finance/search?q=NVDA&quotesCount=0&newsCount=50&enableFuzzyQuery=false HTTP/1.1" 403 3369
2026-07-10 14:18:11 | DEBUG    | urllib3.connectionpool:291 | Resetting dropped connection: query2.finance.yahoo.com
2026-07-10 14:18:12 | DEBUG    | urllib3.connectionpool:475 | https://query2.finance.yahoo.com:443 "GET /v1/finance/search?q=NVDA&quotesCount=0&newsCount=50&enableFuzzyQuery=false HTTP/1.1" 403 3369
2026-07-10 14:18:12 | DEBUG    | urllib3.connectionpool:291 | Resetting dropped connection: query1.finance.yahoo.com
2026-07-10 14:18:16 | DEBUG    | urllib3.connectionpool:475 | https://query1.finance.yahoo.com:443 "GET /v1/finance/search?q=MICRON&quotesCount=0&newsCount=50&enableFuzzyQuery=false HTTP/1.1" 403 3369
2026-07-10 14:18:16 | DEBUG    | urllib3.connectionpool:291 | Resetting dropped connection: query2.finance.yahoo.com
2026-07-10 14:18:18 | DEBUG    | urllib3.connectionpool:475 | https://query2.finance.yahoo.com:443 "GET /v1/finance/search?q=MICRON&quotesCount=0&newsCount=50&enableFuzzyQuery=false HTTP/1.1" 403 3369
2026-07-10 14:18:20 | DEBUG    | urllib3.connectionpool:291 | Resetting dropped connection: query1.finance.yahoo.com
2026-07-10 14:18:22 | DEBUG    | urllib3.connectionpool:475 | https://query1.finance.yahoo.com:443 "GET /v1/finance/search?q=MU&quotesCount=0&newsCount=50&enableFuzzyQuery=false HTTP/1.1" 403 3369
2026-07-10 14:18:22 | DEBUG    | urllib3.connectionpool:291 | Resetting dropped connection: query2.finance.yahoo.com
2026-07-10 14:18:23 | DEBUG    | urllib3.connectionpool:475 | https://query2.finance.yahoo.com:443 "GET /v1/finance/search?q=MU&quotesCount=0&newsCount=50&enableFuzzyQuery=false HTTP/1.1" 403 3369
2026-07-10 14:18:23 | DEBUG    | urllib3.connectionpool:291 | Resetting dropped connection: query1.finance.yahoo.com
2026-07-10 14:18:24 | DEBUG    | urllib3.connectionpool:475 | https://query1.finance.yahoo.com:443 "GET /v1/finance/search?q=SanDisk&quotesCount=0&newsCount=50&enableFuzzyQuery=false HTTP/1.1" 403 3369
2026-07-10 14:18:25 | DEBUG    | urllib3.connectionpool:291 | Resetting dropped connection: query2.finance.yahoo.com
2026-07-10 14:18:26 | DEBUG    | urllib3.connectionpool:475 | https://query2.finance.yahoo.com:443 "GET /v1/finance/search?q=SanDisk&quotesCount=0&newsCount=50&enableFuzzyQuery=false HTTP/1.1" 403 3369
2026-07-10 14:18:26 | DEBUG    | urllib3.connectionpool:291 | Resetting dropped connection: query1.finance.yahoo.com
2026-07-10 14:18:29 | DEBUG    | urllib3.connectionpool:475 | https://query1.finance.yahoo.com:443 "GET /v1/finance/search?q=SNDK&quotesCount=0&newsCount=50&enableFuzzyQuery=false HTTP/1.1" 403 3369
2026-07-10 14:18:29 | DEBUG    | urllib3.connectionpool:291 | Resetting dropped connection: query2.finance.yahoo.com
2026-07-10 14:18:30 | DEBUG    | urllib3.connectionpool:475 | https://query2.finance.yahoo.com:443 "GET /v1/finance/search?q=SNDK&quotesCount=0&newsCount=50&enableFuzzyQuery=false HTTP/1.1" 403 3369
2026-07-10 14:18:30 | DEBUG    | urllib3.connectionpool:291 | Resetting dropped connection: query1.finance.yahoo.com
2026-07-10 14:18:32 | DEBUG    | urllib3.connectionpool:475 | https://query1.finance.yahoo.com:443 "GET /v1/finance/search?q=WDC&quotesCount=0&newsCount=50&enableFuzzyQuery=false HTTP/1.1" 403 3369
2026-07-10 14:18:32 | DEBUG    | urllib3.connectionpool:291 | Resetting dropped connection: query2.finance.yahoo.com
2026-07-10 14:18:33 | DEBUG    | urllib3.connectionpool:475 | https://query2.finance.yahoo.com:443 "GET /v1/finance/search?q=WDC&quotesCount=0&newsCount=50&enableFuzzyQuery=false HTTP/1.1" 403 3369
2026-07-10 14:18:33 | DEBUG    | urllib3.connectionpool:291 | Resetting dropped connection: query1.finance.yahoo.com
2026-07-10 14:18:36 | DEBUG    | urllib3.connectionpool:475 | https://query1.finance.yahoo.com:443 "GET /v1/finance/search?q=INTEL&quotesCount=0&newsCount=50&enableFuzzyQuery=false HTTP/1.1" 403 3369
2026-07-10 14:18:37 | DEBUG    | urllib3.connectionpool:291 | Resetting dropped connection: query2.finance.yahoo.com
2026-07-10 14:18:38 | DEBUG    | urllib3.connectionpool:475 | https://query2.finance.yahoo.com:443 "GET /v1/finance/search?q=INTEL&quotesCount=0&newsCount=50&enableFuzzyQuery=false HTTP/1.1" 403 3369
2026-07-10 14:18:38 | DEBUG    | urllib3.connectionpool:291 | Resetting dropped connection: finance.yahoo.com
2026-07-10 14:18:39 | DEBUG    | urllib3.connectionpool:475 | https://finance.yahoo.com:443 "POST /xhr/ncp?queryRef=latestNews&serviceKey=ncp_fin HTTP/1.1" 403 3369
2026-07-10 14:18:39 | DEBUG    | urllib3.connectionpool:1022 | Starting new HTTPS connection (1): feeds.finance.yahoo.com:443
2026-07-10 14:18:41 | DEBUG    | urllib3.connectionpool:475 | https://feeds.finance.yahoo.com:443 "GET /rss/2.0/headline?s=NVIDIA&region=US&lang=en-US HTTP/1.1" 200 394
2026-07-10 14:18:41 | DEBUG    | urllib3.connectionpool:475 | https://feeds.finance.yahoo.com:443 "GET /rss/2.0/headline?s=NVDA&region=US&lang=en-US HTTP/1.1" 200 4191
2026-07-10 14:18:42 | DEBUG    | urllib3.connectionpool:475 | https://feeds.finance.yahoo.com:443 "GET /rss/2.0/headline?s=MICRON&region=US&lang=en-US HTTP/1.1" 200 394
2026-07-10 14:18:42 | DEBUG    | urllib3.connectionpool:475 | https://feeds.finance.yahoo.com:443 "GET /rss/2.0/headline?s=MU&region=US&lang=en-US HTTP/1.1" 200 5367
2026-07-10 14:18:42 | DEBUG    | backpack_quant_trading.core.stock_news_feeds:786 | [雅虎财经] 直连 Search 获取 37 条
2026-07-10 14:18:42 | INFO     | stock_news_alert:514 | 轮询完成 @ 2026-07-10 14:17:57 | 拉取 224 条 (金十数据=17, 同花顺=20, 东方财富=80, 新浪财经=30, 富途牛牛=40, 雅虎财经=37) | 已推送过 0 | 非最新 0 | 未命中关键词 187 | 非重要快讯 37 | 内容相似去重 0 | 新命中 0 | 待推送 0 | 雅虎搜索词: NVIDIA, NVDA, MICRON, MU, SanDisk, SNDK, WDC, INTEL
2026-07-10 14:19:12 | DEBUG    | urllib3.connectionpool:1022 | Starting new HTTPS connection (1): flash-api.jin10.com:443
2026-07-10 14:19:13 | DEBUG    | urllib3.connectionpool:475 | https://flash-api.jin10.com:443 "GET /get_flash_list?channel=-8200&vip=1 HTTP/1.1" 200 None
2026-07-10 14:19:13 | DEBUG    | urllib3.connectionpool:1022 | Starting new HTTPS connection (1): news.10jqka.com.cn:443
2026-07-10 14:19:13 | DEBUG    | urllib3.connectionpool:475 | https://news.10jqka.com.cn:443 "GET /tapp/news/push/stock?page=1&tag=&track=website HTTP/1.1" 200 None
2026-07-10 14:19:13 | DEBUG    | urllib3.connectionpool:1022 | Starting new HTTPS connection (1): np-weblist.eastmoney.com:443
2026-07-10 14:19:14 | DEBUG    | urllib3.connectionpool:475 | https://np-weblist.eastmoney.com:443 "GET /comm/web/getFastNewsList?client=web&biz=web_724&fastColumn=102&sortEnd=&pageSize=80&req_trace=1710315450384 HTTP/1.1" 200 None
2026-07-10 14:19:14 | DEBUG    | urllib3.connectionpool:1022 | Starting new HTTPS connection (1): zhibo.sina.com.cn:443
2026-07-10 14:19:14 | DEBUG    | urllib3.connectionpool:475 | https://zhibo.sina.com.cn:443 "GET /api/zhibo/feed?page=1&page_size=30&zhibo_id=152&tag_id=0&dire=f&dpc=1&pagesize=30&type=1 HTTP/1.1" 200 None
2026-07-10 14:19:14 | DEBUG    | urllib3.connectionpool:1022 | Starting new HTTPS connection (1): news.futunn.com:443
2026-07-10 14:19:15 | DEBUG    | urllib3.connectionpool:475 | https://news.futunn.com:443 "GET /news-site-api/main/get-flash-list?pageSize=40 HTTP/1.1" 200 58419
2026-07-10 14:19:15 | DEBUG    | urllib3.connectionpool:1022 | Starting new HTTPS connection (1): finance.yahoo.com:443
2026-07-10 14:19:17 | DEBUG    | urllib3.connectionpool:475 | https://finance.yahoo.com:443 "GET / HTTP/1.1" 403 3369
2026-07-10 14:19:17 | DEBUG    | urllib3.connectionpool:1022 | Starting new HTTPS connection (1): query1.finance.yahoo.com:443
2026-07-10 14:19:21 | DEBUG    | urllib3.connectionpool:475 | https://query1.finance.yahoo.com:443 "GET /v1/finance/search?q=NVIDIA&quotesCount=0&newsCount=50&enableFuzzyQuery=false HTTP/1.1" 403 3369
2026-07-10 14:19:21 | DEBUG    | urllib3.connectionpool:1022 | Starting new HTTPS connection (1): query2.finance.yahoo.com:443
2026-07-10 14:19:23 | DEBUG    | urllib3.connectionpool:475 | https://query2.finance.yahoo.com:443 "GET /v1/finance/search?q=NVIDIA&quotesCount=0&newsCount=50&enableFuzzyQuery=false HTTP/1.1" 403 3369
2026-07-10 14:19:23 | DEBUG    | urllib3.connectionpool:291 | Resetting dropped connection: query1.finance.yahoo.com
2026-07-10 14:19:24 | DEBUG    | urllib3.connectionpool:475 | https://query1.finance.yahoo.com:443 "GET /v1/finance/search?q=NVDA&quotesCount=0&newsCount=50&enableFuzzyQuery=false HTTP/1.1" 403 3369
2026-07-10 14:19:28 | DEBUG    | urllib3.connectionpool:291 | Resetting dropped connection: query2.finance.yahoo.com
2026-07-10 14:19:32 | DEBUG    | urllib3.connectionpool:475 | https://query2.finance.yahoo.com:443 "GET /v1/finance/search?q=NVDA&quotesCount=0&newsCount=50&enableFuzzyQuery=false HTTP/1.1" 403 3369
2026-07-10 14:19:32 | DEBUG    | urllib3.connectionpool:291 | Resetting dropped connection: query1.finance.yahoo.com
2026-07-10 14:19:33 | DEBUG    | urllib3.connectionpool:475 | https://query1.finance.yahoo.com:443 "GET /v1/finance/search?q=MICRON&quotesCount=0&newsCount=50&enableFuzzyQuery=false HTTP/1.1" 403 3369
2026-07-10 14:19:33 | DEBUG    | urllib3.connectionpool:291 | Resetting dropped connection: query2.finance.yahoo.com
2026-07-10 14:19:34 | DEBUG    | urllib3.connectionpool:475 | https://query2.finance.yahoo.com:443 "GET /v1/finance/search?q=MICRON&quotesCount=0&newsCount=50&enableFuzzyQuery=false HTTP/1.1" 403 3369
2026-07-10 14:19:34 | DEBUG    | urllib3.connectionpool:291 | Resetting dropped connection: query1.finance.yahoo.com
2026-07-10 14:19:38 | DEBUG    | urllib3.connectionpool:475 | https://query1.finance.yahoo.com:443 "GET /v1/finance/search?q=MU&quotesCount=0&newsCount=50&enableFuzzyQuery=false HTTP/1.1" 403 3369
2026-07-10 14:19:38 | DEBUG    | urllib3.connectionpool:291 | Resetting dropped connection: query2.finance.yahoo.com
2026-07-10 14:19:40 | DEBUG    | urllib3.connectionpool:475 | https://query2.finance.yahoo.com:443 "GET /v1/finance/search?q=MU&quotesCount=0&newsCount=50&enableFuzzyQuery=false HTTP/1.1" 403 3369
2026-07-10 14:19:40 | DEBUG    | urllib3.connectionpool:291 | Resetting dropped connection: query1.finance.yahoo.com
2026-07-10 14:19:43 | DEBUG    | urllib3.connectionpool:475 | https://query1.finance.yahoo.com:443 "GET /v1/finance/search?q=SanDisk&quotesCount=0&newsCount=50&enableFuzzyQuery=false HTTP/1.1" 403 3369
2026-07-10 14:19:43 | DEBUG    | urllib3.connectionpool:291 | Resetting dropped connection: query2.finance.yahoo.com
2026-07-10 14:19:45 | DEBUG    | urllib3.connectionpool:475 | https://query2.finance.yahoo.com:443 "GET /v1/finance/search?q=SanDisk&quotesCount=0&newsCount=50&enableFuzzyQuery=false HTTP/1.1" 403 3369
2026-07-10 14:19:45 | DEBUG    | urllib3.connectionpool:291 | Resetting dropped connection: query1.finance.yahoo.com
2026-07-10 14:19:46 | DEBUG    | urllib3.connectionpool:475 | https://query1.finance.yahoo.com:443 "GET /v1/finance/search?q=SNDK&quotesCount=0&newsCount=50&enableFuzzyQuery=false HTTP/1.1" 403 3369
2026-07-10 14:19:46 | DEBUG    | urllib3.connectionpool:291 | Resetting dropped connection: query2.finance.yahoo.com
2026-07-10 14:19:48 | DEBUG    | urllib3.connectionpool:475 | https://query2.finance.yahoo.com:443 "GET /v1/finance/search?q=SNDK&quotesCount=0&newsCount=50&enableFuzzyQuery=false HTTP/1.1" 403 3369
2026-07-10 14:19:48 | DEBUG    | urllib3.connectionpool:291 | Resetting dropped connection: query1.finance.yahoo.com
2026-07-10 14:19:49 | DEBUG    | urllib3.connectionpool:475 | https://query1.finance.yahoo.com:443 "GET /v1/finance/search?q=WDC&quotesCount=0&newsCount=50&enableFuzzyQuery=false HTTP/1.1" 403 3369
2026-07-10 14:19:52 | DEBUG    | urllib3.connectionpool:291 | Resetting dropped connection: query2.finance.yahoo.com
2026-07-10 14:19:54 | DEBUG    | urllib3.connectionpool:475 | https://query2.finance.yahoo.com:443 "GET /v1/finance/search?q=WDC&quotesCount=0&newsCount=50&enableFuzzyQuery=false HTTP/1.1" 403 3369
2026-07-10 14:19:57 | DEBUG    | urllib3.connectionpool:291 | Resetting dropped connection: query1.finance.yahoo.com
2026-07-10 14:19:58 | DEBUG    | urllib3.connectionpool:475 | https://query1.finance.yahoo.com:443 "GET /v1/finance/search?q=INTEL&quotesCount=0&newsCount=50&enableFuzzyQuery=false HTTP/1.1" 403 3369
2026-07-10 14:19:58 | DEBUG    | urllib3.connectionpool:291 | Resetting dropped connection: query2.finance.yahoo.com
2026-07-10 14:20:03 | DEBUG    | urllib3.connectionpool:475 | https://query2.finance.yahoo.com:443 "GET /v1/finance/search?q=INTEL&quotesCount=0&newsCount=50&enableFuzzyQuery=false HTTP/1.1" 403 3369
2026-07-10 14:20:04 | DEBUG    | urllib3.connectionpool:291 | Resetting dropped connection: finance.yahoo.com
2026-07-10 14:20:08 | DEBUG    | urllib3.connectionpool:475 | https://finance.yahoo.com:443 "POST /xhr/ncp?queryRef=latestNews&serviceKey=ncp_fin HTTP/1.1" 403 3369
2026-07-10 14:20:09 | DEBUG    | urllib3.connectionpool:1022 | Starting new HTTPS connection (1): feeds.finance.yahoo.com:443
2026-07-10 14:20:12 | DEBUG    | urllib3.connectionpool:475 | https://feeds.finance.yahoo.com:443 "GET /rss/2.0/headline?s=NVIDIA&region=US&lang=en-US HTTP/1.1" 200 393
2026-07-10 14:20:12 | DEBUG    | urllib3.connectionpool:475 | https://feeds.finance.yahoo.com:443 "GET /rss/2.0/headline?s=NVDA&region=US&lang=en-US HTTP/1.1" 200 4192
2026-07-10 14:20:14 | DEBUG    | urllib3.connectionpool:475 | https://feeds.finance.yahoo.com:443 "GET /rss/2.0/headline?s=MICRON&region=US&lang=en-US HTTP/1.1" 200 394
2026-07-10 14:20:14 | DEBUG    | urllib3.connectionpool:475 | https://feeds.finance.yahoo.com:443 "GET /rss/2.0/headline?s=MU&region=US&lang=en-US HTTP/1.1" 200 5369
2026-07-10 14:20:14 | DEBUG    | backpack_quant_trading.core.stock_news_feeds:786 | [雅虎财经] 直连 Search 获取 37 条
2026-07-10 14:20:14 | INFO     | stock_news_alert:514 | 轮询完成 @ 2026-07-10 14:19:12 | 拉取 225 条 (金十数据=18, 同花顺=20, 东方财富=80, 新浪财经=30, 富途牛牛=40, 雅虎财经=37) | 已推送过 0 | 非最新 0 | 未命中关键词 188 | 非重要快讯 37 | 内容相似去重 0 | 新命中 0 | 待推送 0 | 雅虎搜索词: NVIDIA, NVDA, MICRON, MU, SanDisk, SNDK, WDC, INTEL
2026-07-10 14:20:44 | DEBUG    | urllib3.connectionpool:1022 | Starting new HTTPS connection (1): flash-api.jin10.com:443
2026-07-10 14:20:45 | DEBUG    | urllib3.connectionpool:475 | https://flash-api.jin10.com:443 "GET /get_flash_list?channel=-8200&vip=1 HTTP/1.1" 200 None
2026-07-10 14:20:45 | DEBUG    | urllib3.connectionpool:1022 | Starting new HTTPS connection (1): news.10jqka.com.cn:443
2026-07-10 14:20:45 | DEBUG    | urllib3.connectionpool:475 | https://news.10jqka.com.cn:443 "GET /tapp/news/push/stock?page=1&tag=&track=website HTTP/1.1" 200 None
2026-07-10 14:20:45 | DEBUG    | urllib3.connectionpool:1022 | Starting new HTTPS connection (1): np-weblist.eastmoney.com:443
2026-07-10 14:20:46 | DEBUG    | urllib3.connectionpool:475 | https://np-weblist.eastmoney.com:443 "GET /comm/web/getFastNewsList?client=web&biz=web_724&fastColumn=102&sortEnd=&pageSize=80&req_trace=1710315450384 HTTP/1.1" 200 None
2026-07-10 14:20:46 | DEBUG    | urllib3.connectionpool:1022 | Starting new HTTPS connection (1): zhibo.sina.com.cn:443
2026-07-10 14:20:46 | DEBUG    | urllib3.connectionpool:475 | https://zhibo.sina.com.cn:443 "GET /api/zhibo/feed?page=1&page_size=30&zhibo_id=152&tag_id=0&dire=f&dpc=1&pagesize=30&type=1 HTTP/1.1" 200 None
2026-07-10 14:20:46 | DEBUG    | urllib3.connectionpool:1022 | Starting new HTTPS connection (1): news.futunn.com:443
2026-07-10 14:20:47 | DEBUG    | urllib3.connectionpool:475 | https://news.futunn.com:443 "GET /news-site-api/main/get-flash-list?pageSize=40 HTTP/1.1" 200 59220
2026-07-10 14:20:47 | DEBUG    | urllib3.connectionpool:1022 | Starting new HTTPS connection (1): finance.yahoo.com:443
2026-07-10 14:20:48 | DEBUG    | urllib3.connectionpool:475 | https://finance.yahoo.com:443 "GET / HTTP/1.1" 403 3369
2026-07-10 14:20:48 | DEBUG    | urllib3.connectionpool:1022 | Starting new HTTPS connection (1): query1.finance.yahoo.com:443
2026-07-10 14:20:50 | DEBUG    | urllib3.connectionpool:475 | https://query1.finance.yahoo.com:443 "GET /v1/finance/search?q=NVIDIA&quotesCount=0&newsCount=50&enableFuzzyQuery=false HTTP/1.1" 403 3369
2026-07-10 14:20:52 | DEBUG    | urllib3.connectionpool:1022 | Starting new HTTPS connection (1): query2.finance.yahoo.com:443
2026-07-10 14:20:57 | DEBUG    | urllib3.connectionpool:475 | https://query2.finance.yahoo.com:443 "GET /v1/finance/search?q=NVIDIA&quotesCount=0&newsCount=50&enableFuzzyQuery=false HTTP/1.1" 403 3369
2026-07-10 14:20:57 | DEBUG    | urllib3.connectionpool:291 | Resetting dropped connection: query1.finance.yahoo.com
2026-07-10 14:20:59 | DEBUG    | urllib3.connectionpool:475 | https://query1.finance.yahoo.com:443 "GET /v1/finance/search?q=NVDA&quotesCount=0&newsCount=50&enableFuzzyQuery=false HTTP/1.1" 403 3369
2026-07-10 14:21:00 | DEBUG    | urllib3.connectionpool:291 | Resetting dropped connection: query2.finance.yahoo.com
2026-07-10 14:21:01 | DEBUG    | urllib3.connectionpool:475 | https://query2.finance.yahoo.com:443 "GET /v1/finance/search?q=NVDA&quotesCount=0&newsCount=50&enableFuzzyQuery=false HTTP/1.1" 403 3369
2026-07-10 14:21:01 | DEBUG    | urllib3.connectionpool:291 | Resetting dropped connection: query1.finance.yahoo.com
2026-07-10 14:21:02 | DEBUG    | urllib3.connectionpool:475 | https://query1.finance.yahoo.com:443 "GET /v1/finance/search?q=MICRON&quotesCount=0&newsCount=50&enableFuzzyQuery=false HTTP/1.1" 403 3369
2026-07-10 14:21:02 | DEBUG    | urllib3.connectionpool:291 | Resetting dropped connection: query2.finance.yahoo.com
2026-07-10 14:21:04 | DEBUG    | urllib3.connectionpool:475 | https://query2.finance.yahoo.com:443 "GET /v1/finance/search?q=MICRON&quotesCount=0&newsCount=50&enableFuzzyQuery=false HTTP/1.1" 403 3369
2026-07-10 14:21:04 | DEBUG    | urllib3.connectionpool:291 | Resetting dropped connection: query1.finance.yahoo.com
2026-07-10 14:21:06 | DEBUG    | urllib3.connectionpool:475 | https://query1.finance.yahoo.com:443 "GET /v1/finance/search?q=MU&quotesCount=0&newsCount=50&enableFuzzyQuery=false HTTP/1.1" 403 3369
2026-07-10 14:21:06 | DEBUG    | urllib3.connectionpool:291 | Resetting dropped connection: query2.finance.yahoo.com
2026-07-10 14:21:07 | DEBUG    | urllib3.connectionpool:475 | https://query2.finance.yahoo.com:443 "GET /v1/finance/search?q=MU&quotesCount=0&newsCount=50&enableFuzzyQuery=false HTTP/1.1" 403 3369
2026-07-10 14:21:07 | DEBUG    | urllib3.connectionpool:291 | Resetting dropped connection: query1.finance.yahoo.com
2026-07-10 14:21:09 | DEBUG    | urllib3.connectionpool:475 | https://query1.finance.yahoo.com:443 "GET /v1/finance/search?q=SanDisk&quotesCount=0&newsCount=50&enableFuzzyQuery=false HTTP/1.1" 403 3369
2026-07-10 14:21:09 | DEBUG    | urllib3.connectionpool:291 | Resetting dropped connection: query2.finance.yahoo.com
2026-07-10 14:21:10 | DEBUG    | urllib3.connectionpool:475 | https://query2.finance.yahoo.com:443 "GET /v1/finance/search?q=SanDisk&quotesCount=0&newsCount=50&enableFuzzyQuery=false HTTP/1.1" 403 3369
2026-07-10 14:21:14 | DEBUG    | urllib3.connectionpool:291 | Resetting dropped connection: query1.finance.yahoo.com
2026-07-10 14:21:20 | DEBUG    | urllib3.connectionpool:475 | https://query1.finance.yahoo.com:443 "GET /v1/finance/search?q=SNDK&quotesCount=0&newsCount=50&enableFuzzyQuery=false HTTP/1.1" 403 3369
2026-07-10 14:21:21 | DEBUG    | urllib3.connectionpool:291 | Resetting dropped connection: query2.finance.yahoo.com
2026-07-10 14:21:23 | DEBUG    | urllib3.connectionpool:475 | https://query2.finance.yahoo.com:443 "GET /v1/finance/search?q=SNDK&quotesCount=0&newsCount=50&enableFuzzyQuery=false HTTP/1.1" 403 3369
2026-07-10 14:21:25 | DEBUG    | urllib3.connectionpool:291 | Resetting dropped connection: query1.finance.yahoo.com
2026-07-10 14:21:27 | DEBUG    | urllib3.connectionpool:475 | https://query1.finance.yahoo.com:443 "GET /v1/finance/search?q=WDC&quotesCount=0&newsCount=50&enableFuzzyQuery=false HTTP/1.1" 403 3369
2026-07-10 14:21:27 | DEBUG    | urllib3.connectionpool:291 | Resetting dropped connection: query2.finance.yahoo.com
2026-07-10 14:21:28 | DEBUG    | urllib3.connectionpool:475 | https://query2.finance.yahoo.com:443 "GET /v1/finance/search?q=WDC&quotesCount=0&newsCount=50&enableFuzzyQuery=false HTTP/1.1" 403 3369
2026-07-10 14:21:28 | DEBUG    | urllib3.connectionpool:291 | Resetting dropped connection: query1.finance.yahoo.com
2026-07-10 14:21:31 | DEBUG    | urllib3.connectionpool:475 | https://query1.finance.yahoo.com:443 "GET /v1/finance/search?q=INTEL&quotesCount=0&newsCount=50&enableFuzzyQuery=false HTTP/1.1" 403 3369
2026-07-10 14:21:35 | DEBUG    | urllib3.connectionpool:291 | Resetting dropped connection: query2.finance.yahoo.com
2026-07-10 14:21:36 | DEBUG    | urllib3.connectionpool:475 | https://query2.finance.yahoo.com:443 "GET /v1/finance/search?q=INTEL&quotesCount=0&newsCount=50&enableFuzzyQuery=false HTTP/1.1" 403 3369
2026-07-10 14:21:36 | DEBUG    | urllib3.connectionpool:291 | Resetting dropped connection: finance.yahoo.com
2026-07-10 14:21:38 | DEBUG    | urllib3.connectionpool:1022 | Starting new HTTPS connection (1): feeds.finance.yahoo.com:443
2026-07-10 14:21:42 | DEBUG    | urllib3.connectionpool:475 | https://feeds.finance.yahoo.com:443 "GET /rss/2.0/headline?s=NVIDIA&region=US&lang=en-US HTTP/1.1" 200 394
2026-07-10 14:21:43 | DEBUG    | urllib3.connectionpool:475 | https://feeds.finance.yahoo.com:443 "GET /rss/2.0/headline?s=NVDA&region=US&lang=en-US HTTP/1.1" 200 4187
2026-07-10 14:21:44 | DEBUG    | urllib3.connectionpool:475 | https://feeds.finance.yahoo.com:443 "GET /rss/2.0/headline?s=MICRON&region=US&lang=en-US HTTP/1.1" 200 394
2026-07-10 14:21:44 | DEBUG    | urllib3.connectionpool:475 | https://feeds.finance.yahoo.com:443 "GET /rss/2.0/headline?s=MU&region=US&lang=en-US HTTP/1.1" 200 5368
2026-07-10 14:21:44 | DEBUG    | backpack_quant_trading.core.stock_news_feeds:786 | [雅虎财经] 直连 Search 获取 37 条
2026-07-10 14:21:44 | INFO     | stock_news_alert:514 | 轮询完成 @ 2026-07-10 14:20:44 | 拉取 227 条 (金十数据=20, 同花顺=20, 东方财富=80, 新浪财经=30, 富途牛牛=40, 雅虎财经=37) | 已推送过 0 | 非最新 0 | 未命中关键词 190 | 非重要快讯 37 | 内容相似去重 0 | 新命中 0 | 待推送 0 | 雅虎搜索词: NVIDIA, NVDA, MICRON, MU, SanDisk, SNDK, WDC, INTEL
2026-07-10 14:22:14 | DEBUG    | urllib3.connectionpool:1022 | Starting new HTTPS connection (1): flash-api.jin10.com:443
2026-07-10 14:22:15 | DEBUG    | urllib3.connectionpool:475 | https://flash-api.jin10.com:443 "GET /get_flash_list?channel=-8200&vip=1 HTTP/1.1" 200 None
2026-07-10 14:22:15 | DEBUG    | urllib3.connectionpool:1022 | Starting new HTTPS connection (1): news.10jqka.com.cn:443
2026-07-10 14:22:15 | DEBUG    | urllib3.connectionpool:475 | https://news.10jqka.com.cn:443 "GET /tapp/news/push/stock?page=1&tag=&track=website HTTP/1.1" 200 None
2026-07-10 14:22:15 | DEBUG    | urllib3.connectionpool:1022 | Starting new HTTPS connection (1): np-weblist.eastmoney.com:443
2026-07-10 14:22:16 | DEBUG    | urllib3.connectionpool:475 | https://np-weblist.eastmoney.com:443 "GET /comm/web/getFastNewsList?client=web&biz=web_724&fastColumn=102&sortEnd=&pageSize=80&req_trace=1710315450384 HTTP/1.1" 200 None
2026-07-10 14:22:16 | DEBUG    | urllib3.connectionpool:1022 | Starting new HTTPS connection (1): zhibo.sina.com.cn:443
2026-07-10 14:22:16 | DEBUG    | urllib3.connectionpool:475 | https://zhibo.sina.com.cn:443 "GET /api/zhibo/feed?page=1&page_size=30&zhibo_id=152&tag_id=0&dire=f&dpc=1&pagesize=30&type=1 HTTP/1.1" 200 None
2026-07-10 14:22:17 | DEBUG    | urllib3.connectionpool:1022 | Starting new HTTPS connection (1): news.futunn.com:443
2026-07-10 14:22:17 | DEBUG    | urllib3.connectionpool:475 | https://news.futunn.com:443 "GET /news-site-api/main/get-flash-list?pageSize=40 HTTP/1.1" 200 59475
2026-07-10 14:22:17 | DEBUG    | urllib3.connectionpool:1022 | Starting new HTTPS connection (1): finance.yahoo.com:443
2026-07-10 14:22:19 | DEBUG    | urllib3.connectionpool:475 | https://finance.yahoo.com:443 "GET / HTTP/1.1" 403 3369
2026-07-10 14:22:19 | DEBUG    | urllib3.connectionpool:1022 | Starting new HTTPS connection (1): query1.finance.yahoo.com:443
2026-07-10 14:22:20 | DEBUG    | urllib3.connectionpool:475 | https://query1.finance.yahoo.com:443 "GET /v1/finance/search?q=NVIDIA&quotesCount=0&newsCount=50&enableFuzzyQuery=false HTTP/1.1" 403 3369
2026-07-10 14:22:20 | DEBUG    | urllib3.connectionpool:1022 | Starting new HTTPS connection (1): query2.finance.yahoo.com:443
2026-07-10 14:22:22 | DEBUG    | urllib3.connectionpool:475 | https://query2.finance.yahoo.com:443 "GET /v1/finance/search?q=NVIDIA&quotesCount=0&newsCount=50&enableFuzzyQuery=false HTTP/1.1" 403 3369
2026-07-10 14:22:22 | DEBUG    | urllib3.connectionpool:291 | Resetting dropped connection: query1.finance.yahoo.com
2026-07-10 14:22:23 | DEBUG    | urllib3.connectionpool:475 | https://query1.finance.yahoo.com:443 "GET /v1/finance/search?q=NVDA&quotesCount=0&newsCount=50&enableFuzzyQuery=false HTTP/1.1" 403 3369
2026-07-10 14:22:23 | DEBUG    | urllib3.connectionpool:291 | Resetting dropped connection: query2.finance.yahoo.com
2026-07-10 14:22:25 | DEBUG    | urllib3.connectionpool:475 | https://query2.finance.yahoo.com:443 "GET /v1/finance/search?q=NVDA&quotesCount=0&newsCount=50&enableFuzzyQuery=false HTTP/1.1" 403 3369
2026-07-10 14:22:25 | DEBUG    | urllib3.connectionpool:291 | Resetting dropped connection: query1.finance.yahoo.com
2026-07-10 14:22:26 | DEBUG    | urllib3.connectionpool:475 | https://query1.finance.yahoo.com:443 "GET /v1/finance/search?q=MICRON&quotesCount=0&newsCount=50&enableFuzzyQuery=false HTTP/1.1" 403 3369
2026-07-10 14:22:26 | DEBUG    | urllib3.connectionpool:291 | Resetting dropped connection: query2.finance.yahoo.com
2026-07-10 14:22:27 | DEBUG    | urllib3.connectionpool:475 | https://query2.finance.yahoo.com:443 "GET /v1/finance/search?q=MICRON&quotesCount=0&newsCount=50&enableFuzzyQuery=false HTTP/1.1" 403 3369
2026-07-10 14:22:29 | DEBUG    | urllib3.connectionpool:291 | Resetting dropped connection: query1.finance.yahoo.com
2026-07-10 14:22:31 | DEBUG    | urllib3.connectionpool:475 | https://query1.finance.yahoo.com:443 "GET /v1/finance/search?q=MU&quotesCount=0&newsCount=50&enableFuzzyQuery=false HTTP/1.1" 403 3369
2026-07-10 14:22:34 | DEBUG    | urllib3.connectionpool:291 | Resetting dropped connection: query2.finance.yahoo.com
2026-07-10 14:22:36 | DEBUG    | urllib3.connectionpool:475 | https://query2.finance.yahoo.com:443 "GET /v1/finance/search?q=MU&quotesCount=0&newsCount=50&enableFuzzyQuery=false HTTP/1.1" 403 3369
2026-07-10 14:22:36 | DEBUG    | urllib3.connectionpool:291 | Resetting dropped connection: query1.finance.yahoo.com
2026-07-10 14:22:37 | DEBUG    | urllib3.connectionpool:475 | https://query1.finance.yahoo.com:443 "GET /v1/finance/search?q=SanDisk&quotesCount=0&newsCount=50&enableFuzzyQuery=false HTTP/1.1" 403 3369
2026-07-10 14:22:37 | DEBUG    | urllib3.connectionpool:291 | Resetting dropped connection: query2.finance.yahoo.com
2026-07-10 14:22:39 | DEBUG    | urllib3.connectionpool:475 | https://query2.finance.yahoo.com:443 "GET /v1/finance/search?q=SanDisk&quotesCount=0&newsCount=50&enableFuzzyQuery=false HTTP/1.1" 403 3369
2026-07-10 14:22:39 | DEBUG    | urllib3.connectionpool:291 | Resetting dropped connection: query1.finance.yahoo.com
2026-07-10 14:22:41 | DEBUG    | urllib3.connectionpool:475 | https://query1.finance.yahoo.com:443 "GET /v1/finance/search?q=SNDK&quotesCount=0&newsCount=50&enableFuzzyQuery=false HTTP/1.1" 403 3369
2026-07-10 14:22:41 | DEBUG    | urllib3.connectionpool:291 | Resetting dropped connection: query2.finance.yahoo.com
2026-07-10 14:22:43 | DEBUG    | urllib3.connectionpool:475 | https://query2.finance.yahoo.com:443 "GET /v1/finance/search?q=SNDK&quotesCount=0&newsCount=50&enableFuzzyQuery=false HTTP/1.1" 403 3369
2026-07-10 14:22:43 | DEBUG    | urllib3.connectionpool:291 | Resetting dropped connection: query1.finance.yahoo.com
2026-07-10 14:22:46 | DEBUG    | urllib3.connectionpool:475 | https://query1.finance.yahoo.com:443 "GET /v1/finance/search?q=WDC&quotesCount=0&newsCount=50&enableFuzzyQuery=false HTTP/1.1" 403 3369
2026-07-10 14:22:46 | DEBUG    | urllib3.connectionpool:291 | Resetting dropped connection: query2.finance.yahoo.com
2026-07-10 14:22:47 | DEBUG    | urllib3.connectionpool:475 | https://query2.finance.yahoo.com:443 "GET /v1/finance/search?q=WDC&quotesCount=0&newsCount=50&enableFuzzyQuery=false HTTP/1.1" 403 3369
2026-07-10 14:22:47 | DEBUG    | urllib3.connectionpool:291 | Resetting dropped connection: query1.finance.yahoo.com
2026-07-10 14:22:49 | DEBUG    | urllib3.connectionpool:475 | https://query1.finance.yahoo.com:443 "GET /v1/finance/search?q=INTEL&quotesCount=0&newsCount=50&enableFuzzyQuery=false HTTP/1.1" 403 3369
2026-07-10 14:22:49 | DEBUG    | urllib3.connectionpool:291 | Resetting dropped connection: query2.finance.yahoo.com
2026-07-10 14:22:51 | DEBUG    | urllib3.connectionpool:475 | https://query2.finance.yahoo.com:443 "GET /v1/finance/search?q=INTEL&quotesCount=0&newsCount=50&enableFuzzyQuery=false HTTP/1.1" 403 3369
2026-07-10 14:22:51 | DEBUG    | urllib3.connectionpool:291 | Resetting dropped connection: finance.yahoo.com
2026-07-10 14:22:52 | DEBUG    | urllib3.connectionpool:475 | https://finance.yahoo.com:443 "POST /xhr/ncp?queryRef=latestNews&serviceKey=ncp_fin HTTP/1.1" 403 3369
2026-07-10 14:22:54 | DEBUG    | urllib3.connectionpool:1022 | Starting new HTTPS connection (1): feeds.finance.yahoo.com:443
2026-07-10 14:22:57 | DEBUG    | urllib3.connectionpool:475 | https://feeds.finance.yahoo.com:443 "GET /rss/2.0/headline?s=NVIDIA&region=US&lang=en-US HTTP/1.1" 200 394
2026-07-10 14:22:57 | DEBUG    | urllib3.connectionpool:475 | https://feeds.finance.yahoo.com:443 "GET /rss/2.0/headline?s=NVDA&region=US&lang=en-US HTTP/1.1" 200 4188
2026-07-10 14:22:58 | DEBUG    | urllib3.connectionpool:475 | https://feeds.finance.yahoo.com:443 "GET /rss/2.0/headline?s=MICRON&region=US&lang=en-US HTTP/1.1" 200 394
2026-07-10 14:23:00 | DEBUG    | urllib3.connectionpool:475 | https://feeds.finance.yahoo.com:443 "GET /rss/2.0/headline?s=MU&region=US&lang=en-US HTTP/1.1" 200 5369
2026-07-10 14:23:00 | DEBUG    | backpack_quant_trading.core.stock_news_feeds:786 | [雅虎财经] 直连 Search 获取 37 条
2026-07-10 14:23:00 | INFO     | stock_news_alert:514 | 轮询完成 @ 2026-07-10 14:22:14 | 拉取 228 条 (金十数据=21, 同花顺=20, 东方财富=80, 新浪财经=30, 富途牛牛=40, 雅虎财经=37) | 已推送过 0 | 非最新 0 | 未命中关键词 191 | 非重要快讯 37 | 内容相似去重 0 | 新命中 0 | 待推送 0 | 雅虎搜索词: NVIDIA, NVDA, MICRON, MU, SanDisk, SNDK, WDC, INTEL
2026-07-10 14:23:30 | DEBUG    | urllib3.connectionpool:1022 | Starting new HTTPS connection (1): flash-api.jin10.com:443
2026-07-10 14:23:31 | DEBUG    | urllib3.connectionpool:475 | https://flash-api.jin10.com:443 "GET /get_flash_list?channel=-8200&vip=1 HTTP/1.1" 200 None
2026-07-10 14:23:31 | DEBUG    | urllib3.connectionpool:1022 | Starting new HTTPS connection (1): news.10jqka.com.cn:443
2026-07-10 14:23:31 | DEBUG    | urllib3.connectionpool:475 | https://news.10jqka.com.cn:443 "GET /tapp/news/push/stock?page=1&tag=&track=website HTTP/1.1" 200 None
2026-07-10 14:23:31 | DEBUG    | urllib3.connectionpool:1022 | Starting new HTTPS connection (1): np-weblist.eastmoney.com:443
2026-07-10 14:23:32 | DEBUG    | urllib3.connectionpool:475 | https://np-weblist.eastmoney.com:443 "GET /comm/web/getFastNewsList?client=web&biz=web_724&fastColumn=102&sortEnd=&pageSize=80&req_trace=1710315450384 HTTP/1.1" 200 None
2026-07-10 14:23:32 | DEBUG    | urllib3.connectionpool:1022 | Starting new HTTPS connection (1): zhibo.sina.com.cn:443
2026-07-10 14:23:32 | DEBUG    | urllib3.connectionpool:475 | https://zhibo.sina.com.cn:443 "GET /api/zhibo/feed?page=1&page_size=30&zhibo_id=152&tag_id=0&dire=f&dpc=1&pagesize=30&type=1 HTTP/1.1" 200 None
2026-07-10 14:23:32 | DEBUG    | urllib3.connectionpool:1022 | Starting new HTTPS connection (1): news.futunn.com:443
2026-07-10 14:23:33 | DEBUG    | urllib3.connectionpool:475 | https://news.futunn.com:443 "GET /news-site-api/main/get-flash-list?pageSize=40 HTTP/1.1" 200 57581
2026-07-10 14:23:33 | DEBUG    | urllib3.connectionpool:1022 | Starting new HTTPS connection (1): finance.yahoo.com:443
2026-07-10 14:23:35 | DEBUG    | urllib3.connectionpool:475 | https://finance.yahoo.com:443 "GET / HTTP/1.1" 403 3369
2026-07-10 14:23:35 | DEBUG    | urllib3.connectionpool:1022 | Starting new HTTPS connection (1): query1.finance.yahoo.com:443
2026-07-10 14:23:36 | DEBUG    | urllib3.connectionpool:475 | https://query1.finance.yahoo.com:443 "GET /v1/finance/search?q=NVIDIA&quotesCount=0&newsCount=50&enableFuzzyQuery=false HTTP/1.1" 403 3369
2026-07-10 14:23:36 | DEBUG    | urllib3.connectionpool:1022 | Starting new HTTPS connection (1): query2.finance.yahoo.com:443
2026-07-10 14:23:38 | DEBUG    | urllib3.connectionpool:475 | https://query2.finance.yahoo.com:443 "GET /v1/finance/search?q=NVIDIA&quotesCount=0&newsCount=50&enableFuzzyQuery=false HTTP/1.1" 403 3369
2026-07-10 14:23:38 | DEBUG    | urllib3.connectionpool:291 | Resetting dropped connection: query1.finance.yahoo.com
2026-07-10 14:23:39 | DEBUG    | urllib3.connectionpool:475 | https://query1.finance.yahoo.com:443 "GET /v1/finance/search?q=NVDA&quotesCount=0&newsCount=50&enableFuzzyQuery=false HTTP/1.1" 403 3369
2026-07-10 14:23:39 | DEBUG    | urllib3.connectionpool:291 | Resetting dropped connection: query2.finance.yahoo.com
2026-07-10 14:23:41 | DEBUG    | urllib3.connectionpool:475 | https://query2.finance.yahoo.com:443 "GET /v1/finance/search?q=NVDA&quotesCount=0&newsCount=50&enableFuzzyQuery=false HTTP/1.1" 403 3369
2026-07-10 14:23:41 | DEBUG    | urllib3.connectionpool:291 | Resetting dropped connection: query1.finance.yahoo.com
2026-07-10 14:23:43 | DEBUG    | urllib3.connectionpool:475 | https://query1.finance.yahoo.com:443 "GET /v1/finance/search?q=MICRON&quotesCount=0&newsCount=50&enableFuzzyQuery=false HTTP/1.1" 403 3369
2026-07-10 14:23:43 | DEBUG    | urllib3.connectionpool:291 | Resetting dropped connection: query2.finance.yahoo.com
2026-07-10 14:23:44 | DEBUG    | urllib3.connectionpool:475 | https://query2.finance.yahoo.com:443 "GET /v1/finance/search?q=MICRON&quotesCount=0&newsCount=50&enableFuzzyQuery=false HTTP/1.1" 403 3369
2026-07-10 14:23:44 | DEBUG    | urllib3.connectionpool:291 | Resetting dropped connection: query1.finance.yahoo.com
2026-07-10 14:23:46 | DEBUG    | urllib3.connectionpool:475 | https://query1.finance.yahoo.com:443 "GET /v1/finance/search?q=MU&quotesCount=0&newsCount=50&enableFuzzyQuery=false HTTP/1.1" 403 3369
2026-07-10 14:23:46 | DEBUG    | urllib3.connectionpool:291 | Resetting dropped connection: query2.finance.yahoo.com
2026-07-10 14:23:47 | DEBUG    | urllib3.connectionpool:475 | https://query2.finance.yahoo.com:443 "GET /v1/finance/search?q=MU&quotesCount=0&newsCount=50&enableFuzzyQuery=false HTTP/1.1" 403 3369
2026-07-10 14:23:47 | DEBUG    | urllib3.connectionpool:291 | Resetting dropped connection: query1.finance.yahoo.com
2026-07-10 14:23:49 | DEBUG    | urllib3.connectionpool:475 | https://query1.finance.yahoo.com:443 "GET /v1/finance/search?q=SanDisk&quotesCount=0&newsCount=50&enableFuzzyQuery=false HTTP/1.1" 403 3369
2026-07-10 14:23:49 | DEBUG    | urllib3.connectionpool:291 | Resetting dropped connection: query2.finance.yahoo.com
2026-07-10 14:23:51 | DEBUG    | urllib3.connectionpool:475 | https://query2.finance.yahoo.com:443 "GET /v1/finance/search?q=SanDisk&quotesCount=0&newsCount=50&enableFuzzyQuery=false HTTP/1.1" 403 3369
2026-07-10 14:23:51 | DEBUG    | urllib3.connectionpool:291 | Resetting dropped connection: query1.finance.yahoo.com
2026-07-10 14:23:52 | DEBUG    | urllib3.connectionpool:475 | https://query1.finance.yahoo.com:443 "GET /v1/finance/search?q=SNDK&quotesCount=0&newsCount=50&enableFuzzyQuery=false HTTP/1.1" 403 3369
2026-07-10 14:23:52 | DEBUG    | urllib3.connectionpool:291 | Resetting dropped connection: query2.finance.yahoo.com
2026-07-10 14:23:56 | DEBUG    | urllib3.connectionpool:475 | https://query2.finance.yahoo.com:443 "GET /v1/finance/search?q=SNDK&quotesCount=0&newsCount=50&enableFuzzyQuery=false HTTP/1.1" 403 3369
2026-07-10 14:23:56 | DEBUG    | urllib3.connectionpool:291 | Resetting dropped connection: query1.finance.yahoo.com
2026-07-10 14:23:59 | DEBUG    | urllib3.connectionpool:475 | https://query1.finance.yahoo.com:443 "GET /v1/finance/search?q=WDC&quotesCount=0&newsCount=50&enableFuzzyQuery=false HTTP/1.1" 403 3369
2026-07-10 14:24:01 | DEBUG    | urllib3.connectionpool:291 | Resetting dropped connection: query2.finance.yahoo.com
2026-07-10 14:24:02 | DEBUG    | urllib3.connectionpool:475 | https://query2.finance.yahoo.com:443 "GET /v1/finance/search?q=WDC&quotesCount=0&newsCount=50&enableFuzzyQuery=false HTTP/1.1" 403 3369
2026-07-10 14:24:02 | DEBUG    | urllib3.connectionpool:291 | Resetting dropped connection: query1.finance.yahoo.com
2026-07-10 14:24:04 | DEBUG    | urllib3.connectionpool:475 | https://query1.finance.yahoo.com:443 "GET /v1/finance/search?q=INTEL&quotesCount=0&newsCount=50&enableFuzzyQuery=false HTTP/1.1" 403 3369
2026-07-10 14:24:04 | DEBUG    | urllib3.connectionpool:291 | Resetting dropped connection: query2.finance.yahoo.com
2026-07-10 14:24:05 | DEBUG    | urllib3.connectionpool:475 | https://query2.finance.yahoo.com:443 "GET /v1/finance/search?q=INTEL&quotesCount=0&newsCount=50&enableFuzzyQuery=false HTTP/1.1" 403 3369
2026-07-10 14:24:05 | DEBUG    | urllib3.connectionpool:291 | Resetting dropped connection: finance.yahoo.com
2026-07-10 14:24:07 | DEBUG    | urllib3.connectionpool:475 | https://finance.yahoo.com:443 "POST /xhr/ncp?queryRef=latestNews&serviceKey=ncp_fin HTTP/1.1" 403 3369
2026-07-10 14:24:14 | DEBUG    | urllib3.connectionpool:1022 | Starting new HTTPS connection (1): feeds.finance.yahoo.com:443
2026-07-10 14:24:17 | DEBUG    | urllib3.connectionpool:475 | https://feeds.finance.yahoo.com:443 "GET /rss/2.0/headline?s=NVIDIA&region=US&lang=en-US HTTP/1.1" 200 394
2026-07-10 14:24:18 | DEBUG    | urllib3.connectionpool:475 | https://feeds.finance.yahoo.com:443 "GET /rss/2.0/headline?s=NVDA&region=US&lang=en-US HTTP/1.1" 200 4187
2026-07-10 14:24:19 | DEBUG    | urllib3.connectionpool:475 | https://feeds.finance.yahoo.com:443 "GET /rss/2.0/headline?s=MICRON&region=US&lang=en-US HTTP/1.1" 200 394
2026-07-10 14:24:19 | DEBUG    | urllib3.connectionpool:475 | https://feeds.finance.yahoo.com:443 "GET /rss/2.0/headline?s=MU&region=US&lang=en-US HTTP/1.1" 200 5368
2026-07-10 14:24:20 | DEBUG    | backpack_quant_trading.core.stock_news_feeds:786 | [雅虎财经] 直连 Search 获取 37 条
2026-07-10 14:24:20 | INFO     | stock_news_alert:514 | 轮询完成 @ 2026-07-10 14:23:30 | 拉取 227 条 (金十数据=20, 同花顺=20, 东方财富=80, 新浪财经=30, 富途牛牛=40, 雅虎财经=37) | 已推送过 0 | 非最新 0 | 未命中关键词 190 | 非重要快讯 37 | 内容相似去重 0 | 新命中 0 | 待推送 0 | 雅虎搜索词: NVIDIA, NVDA, MICRON, MU, SanDisk, SNDK, WDC, INTEL
2026-07-10 14:24:50 | DEBUG    | urllib3.connectionpool:1022 | Starting new HTTPS connection (1): flash-api.jin10.com:443
2026-07-10 14:24:50 | DEBUG    | urllib3.connectionpool:475 | https://flash-api.jin10.com:443 "GET /get_flash_list?channel=-8200&vip=1 HTTP/1.1" 200 None
2026-07-10 14:24:50 | DEBUG    | urllib3.connectionpool:1022 | Starting new HTTPS connection (1): news.10jqka.com.cn:443
2026-07-10 14:24:51 | DEBUG    | urllib3.connectionpool:475 | https://news.10jqka.com.cn:443 "GET /tapp/news/push/stock?page=1&tag=&track=website HTTP/1.1" 200 None
2026-07-10 14:24:51 | DEBUG    | urllib3.connectionpool:1022 | Starting new HTTPS connection (1): np-weblist.eastmoney.com:443
2026-07-10 14:24:51 | DEBUG    | urllib3.connectionpool:475 | https://np-weblist.eastmoney.com:443 "GET /comm/web/getFastNewsList?client=web&biz=web_724&fastColumn=102&sortEnd=&pageSize=80&req_trace=1710315450384 HTTP/1.1" 200 None
2026-07-10 14:24:51 | DEBUG    | urllib3.connectionpool:1022 | Starting new HTTPS connection (1): zhibo.sina.com.cn:443
2026-07-10 14:24:52 | DEBUG    | urllib3.connectionpool:475 | https://zhibo.sina.com.cn:443 "GET /api/zhibo/feed?page=1&page_size=30&zhibo_id=152&tag_id=0&dire=f&dpc=1&pagesize=30&type=1 HTTP/1.1" 200 None
2026-07-10 14:24:52 | DEBUG    | urllib3.connectionpool:1022 | Starting new HTTPS connection (1): news.futunn.com:443
2026-07-10 14:24:53 | DEBUG    | urllib3.connectionpool:475 | https://news.futunn.com:443 "GET /news-site-api/main/get-flash-list?pageSize=40 HTTP/1.1" 200 57965
2026-07-10 14:24:53 | DEBUG    | urllib3.connectionpool:1022 | Starting new HTTPS connection (1): finance.yahoo.com:443
2026-07-10 14:24:57 | DEBUG    | urllib3.connectionpool:475 | https://finance.yahoo.com:443 "GET / HTTP/1.1" 403 3369
2026-07-10 14:24:58 | DEBUG    | urllib3.connectionpool:1022 | Starting new HTTPS connection (1): query1.finance.yahoo.com:443
2026-07-10 14:24:59 | DEBUG    | urllib3.connectionpool:475 | https://query1.finance.yahoo.com:443 "GET /v1/finance/search?q=NVIDIA&quotesCount=0&newsCount=50&enableFuzzyQuery=false HTTP/1.1" 403 3369
2026-07-10 14:24:59 | DEBUG    | urllib3.connectionpool:1022 | Starting new HTTPS connection (1): query2.finance.yahoo.com:443
2026-07-10 14:25:01 | DEBUG    | urllib3.connectionpool:475 | https://query2.finance.yahoo.com:443 "GET /v1/finance/search?q=NVIDIA&quotesCount=0&newsCount=50&enableFuzzyQuery=false HTTP/1.1" 403 3369
2026-07-10 14:25:01 | DEBUG    | urllib3.connectionpool:291 | Resetting dropped connection: query1.finance.yahoo.com
2026-07-10 14:25:05 | DEBUG    | urllib3.connectionpool:475 | https://query1.finance.yahoo.com:443 "GET /v1/finance/search?q=NVDA&quotesCount=0&newsCount=50&enableFuzzyQuery=false HTTP/1.1" 403 3369
2026-07-10 14:25:10 | DEBUG    | urllib3.connectionpool:291 | Resetting dropped connection: query2.finance.yahoo.com
2026-07-10 14:25:12 | DEBUG    | urllib3.connectionpool:475 | https://query2.finance.yahoo.com:443 "GET /v1/finance/search?q=NVDA&quotesCount=0&newsCount=50&enableFuzzyQuery=false HTTP/1.1" 403 3369
2026-07-10 14:25:12 | DEBUG    | urllib3.connectionpool:291 | Resetting dropped connection: query1.finance.yahoo.com
2026-07-10 14:25:16 | DEBUG    | urllib3.connectionpool:475 | https://query1.finance.yahoo.com:443 "GET /v1/finance/search?q=MICRON&quotesCount=0&newsCount=50&enableFuzzyQuery=false HTTP/1.1" 403 3369
2026-07-10 14:25:16 | DEBUG    | urllib3.connectionpool:291 | Resetting dropped connection: query2.finance.yahoo.com
2026-07-10 14:25:19 | DEBUG    | urllib3.connectionpool:475 | https://query2.finance.yahoo.com:443 "GET /v1/finance/search?q=MICRON&quotesCount=0&newsCount=50&enableFuzzyQuery=false HTTP/1.1" 403 3369
2026-07-10 14:25:19 | DEBUG    | urllib3.connectionpool:291 | Resetting dropped connection: query1.finance.yahoo.com
2026-07-10 14:25:21 | DEBUG    | urllib3.connectionpool:475 | https://query1.finance.yahoo.com:443 "GET /v1/finance/search?q=MU&quotesCount=0&newsCount=50&enableFuzzyQuery=false HTTP/1.1" 403 3369
2026-07-10 14:25:21 | DEBUG    | urllib3.connectionpool:291 | Resetting dropped connection: query2.finance.yahoo.com
2026-07-10 14:25:27 | DEBUG    | urllib3.connectionpool:475 | https://query2.finance.yahoo.com:443 "GET /v1/finance/search?q=MU&quotesCount=0&newsCount=50&enableFuzzyQuery=false HTTP/1.1" 403 3369
2026-07-10 14:25:27 | DEBUG    | urllib3.connectionpool:291 | Resetting dropped connection: query1.finance.yahoo.com
2026-07-10 14:25:29 | DEBUG    | urllib3.connectionpool:475 | https://query1.finance.yahoo.com:443 "GET /v1/finance/search?q=SanDisk&quotesCount=0&newsCount=50&enableFuzzyQuery=false HTTP/1.1" 403 3369
2026-07-10 14:25:29 | DEBUG    | urllib3.connectionpool:291 | Resetting dropped connection: query2.finance.yahoo.com
2026-07-10 14:25:30 | DEBUG    | urllib3.connectionpool:475 | https://query2.finance.yahoo.com:443 "GET /v1/finance/search?q=SanDisk&quotesCount=0&newsCount=50&enableFuzzyQuery=false HTTP/1.1" 403 3369
2026-07-10 14:25:30 | DEBUG    | urllib3.connectionpool:291 | Resetting dropped connection: query1.finance.yahoo.com
2026-07-10 14:25:32 | DEBUG    | urllib3.connectionpool:475 | https://query1.finance.yahoo.com:443 "GET /v1/finance/search?q=SNDK&quotesCount=0&newsCount=50&enableFuzzyQuery=false HTTP/1.1" 403 3369
2026-07-10 14:25:32 | DEBUG    | urllib3.connectionpool:291 | Resetting dropped connection: query2.finance.yahoo.com
2026-07-10 14:25:33 | DEBUG    | urllib3.connectionpool:475 | https://query2.finance.yahoo.com:443 "GET /v1/finance/search?q=SNDK&quotesCount=0&newsCount=50&enableFuzzyQuery=false HTTP/1.1" 403 3369
2026-07-10 14:25:33 | DEBUG    | urllib3.connectionpool:291 | Resetting dropped connection: query1.finance.yahoo.com
2026-07-10 14:25:35 | DEBUG    | urllib3.connectionpool:475 | https://query1.finance.yahoo.com:443 "GET /v1/finance/search?q=WDC&quotesCount=0&newsCount=50&enableFuzzyQuery=false HTTP/1.1" 403 3369
2026-07-10 14:25:35 | DEBUG    | urllib3.connectionpool:291 | Resetting dropped connection: query2.finance.yahoo.com
2026-07-10 14:25:37 | DEBUG    | urllib3.connectionpool:475 | https://query2.finance.yahoo.com:443 "GET /v1/finance/search?q=WDC&quotesCount=0&newsCount=50&enableFuzzyQuery=false HTTP/1.1" 403 3369
2026-07-10 14:25:37 | DEBUG    | urllib3.connectionpool:291 | Resetting dropped connection: query1.finance.yahoo.com
2026-07-10 14:25:38 | DEBUG    | urllib3.connectionpool:475 | https://query1.finance.yahoo.com:443 "GET /v1/finance/search?q=INTEL&quotesCount=0&newsCount=50&enableFuzzyQuery=false HTTP/1.1" 403 3369
2026-07-10 14:25:38 | DEBUG    | urllib3.connectionpool:291 | Resetting dropped connection: query2.finance.yahoo.com
2026-07-10 14:25:40 | DEBUG    | urllib3.connectionpool:475 | https://query2.finance.yahoo.com:443 "GET /v1/finance/search?q=INTEL&quotesCount=0&newsCount=50&enableFuzzyQuery=false HTTP/1.1" 403 3369
2026-07-10 14:25:40 | DEBUG    | urllib3.connectionpool:291 | Resetting dropped connection: finance.yahoo.com
2026-07-10 14:25:41 | DEBUG    | urllib3.connectionpool:1022 | Starting new HTTPS connection (1): feeds.finance.yahoo.com:443
2026-07-10 14:25:43 | DEBUG    | urllib3.connectionpool:475 | https://feeds.finance.yahoo.com:443 "GET /rss/2.0/headline?s=NVIDIA&region=US&lang=en-US HTTP/1.1" 200 394
2026-07-10 14:25:43 | DEBUG    | urllib3.connectionpool:475 | https://feeds.finance.yahoo.com:443 "GET /rss/2.0/headline?s=NVDA&region=US&lang=en-US HTTP/1.1" 200 4187
2026-07-10 14:25:48 | DEBUG    | urllib3.connectionpool:475 | https://feeds.finance.yahoo.com:443 "GET /rss/2.0/headline?s=MICRON&region=US&lang=en-US HTTP/1.1" 200 394
2026-07-10 14:25:48 | DEBUG    | urllib3.connectionpool:475 | https://feeds.finance.yahoo.com:443 "GET /rss/2.0/headline?s=MU&region=US&lang=en-US HTTP/1.1" 200 5367
2026-07-10 14:25:49 | DEBUG    | backpack_quant_trading.core.stock_news_feeds:786 | [雅虎财经] 直连 Search 获取 37 条
2026-07-10 14:25:49 | INFO     | stock_news_alert:514 | 轮询完成 @ 2026-07-10 14:24:50 | 拉取 228 条 (金十数据=21, 同花顺=20, 东方财富=80, 新浪财经=30, 富途牛牛=40, 雅虎财经=37) | 已推送过 0 | 非最新 0 | 未命中关键词 191 | 非重要快讯 37 | 内容相似去重 0 | 新命中 0 | 待推送 0 | 雅虎搜索词: NVIDIA, NVDA, MICRON, MU, SanDisk, SNDK, WDC, INTEL
2026-07-10 14:26:19 | DEBUG    | urllib3.connectionpool:1022 | Starting new HTTPS connection (1): flash-api.jin10.com:443
2026-07-10 14:26:19 | DEBUG    | urllib3.connectionpool:475 | https://flash-api.jin10.com:443 "GET /get_flash_list?channel=-8200&vip=1 HTTP/1.1" 200 None
2026-07-10 14:26:19 | DEBUG    | urllib3.connectionpool:1022 | Starting new HTTPS connection (1): news.10jqka.com.cn:443
2026-07-10 14:26:20 | DEBUG    | urllib3.connectionpool:475 | https://news.10jqka.com.cn:443 "GET /tapp/news/push/stock?page=1&tag=&track=website HTTP/1.1" 200 None
2026-07-10 14:26:20 | DEBUG    | urllib3.connectionpool:1022 | Starting new HTTPS connection (1): np-weblist.eastmoney.com:443
2026-07-10 14:26:20 | DEBUG    | urllib3.connectionpool:475 | https://np-weblist.eastmoney.com:443 "GET /comm/web/getFastNewsList?client=web&biz=web_724&fastColumn=102&sortEnd=&pageSize=80&req_trace=1710315450384 HTTP/1.1" 200 None
2026-07-10 14:26:20 | DEBUG    | urllib3.connectionpool:1022 | Starting new HTTPS connection (1): zhibo.sina.com.cn:443
2026-07-10 14:26:21 | DEBUG    | urllib3.connectionpool:475 | https://zhibo.sina.com.cn:443 "GET /api/zhibo/feed?page=1&page_size=30&zhibo_id=152&tag_id=0&dire=f&dpc=1&pagesize=30&type=1 HTTP/1.1" 200 None
2026-07-10 14:26:21 | DEBUG    | urllib3.connectionpool:1022 | Starting new HTTPS connection (1): news.futunn.com:443
2026-07-10 14:26:21 | DEBUG    | urllib3.connectionpool:475 | https://news.futunn.com:443 "GET /news-site-api/main/get-flash-list?pageSize=40 HTTP/1.1" 200 58220
2026-07-10 14:26:21 | DEBUG    | urllib3.connectionpool:1022 | Starting new HTTPS connection (1): finance.yahoo.com:443
2026-07-10 14:26:26 | DEBUG    | urllib3.connectionpool:475 | https://finance.yahoo.com:443 "GET / HTTP/1.1" 403 3369
2026-07-10 14:26:26 | DEBUG    | urllib3.connectionpool:1022 | Starting new HTTPS connection (1): query1.finance.yahoo.com:443
2026-07-10 14:26:27 | DEBUG    | urllib3.connectionpool:475 | https://query1.finance.yahoo.com:443 "GET /v1/finance/search?q=NVIDIA&quotesCount=0&newsCount=50&enableFuzzyQuery=false HTTP/1.1" 403 3369
2026-07-10 14:26:27 | DEBUG    | urllib3.connectionpool:1022 | Starting new HTTPS connection (1): query2.finance.yahoo.com:443
2026-07-10 14:26:29 | DEBUG    | urllib3.connectionpool:475 | https://query2.finance.yahoo.com:443 "GET /v1/finance/search?q=NVIDIA&quotesCount=0&newsCount=50&enableFuzzyQuery=false HTTP/1.1" 403 3369
2026-07-10 14:26:29 | DEBUG    | urllib3.connectionpool:291 | Resetting dropped connection: query1.finance.yahoo.com
2026-07-10 14:26:30 | DEBUG    | urllib3.connectionpool:475 | https://query1.finance.yahoo.com:443 "GET /v1/finance/search?q=NVDA&quotesCount=0&newsCount=50&enableFuzzyQuery=false HTTP/1.1" 403 3369
2026-07-10 14:26:30 | DEBUG    | urllib3.connectionpool:291 | Resetting dropped connection: query2.finance.yahoo.com
2026-07-10 14:26:32 | DEBUG    | urllib3.connectionpool:475 | https://query2.finance.yahoo.com:443 "GET /v1/finance/search?q=NVDA&quotesCount=0&newsCount=50&enableFuzzyQuery=false HTTP/1.1" 403 3369
2026-07-10 14:26:32 | DEBUG    | urllib3.connectionpool:291 | Resetting dropped connection: query1.finance.yahoo.com
2026-07-10 14:26:34 | DEBUG    | urllib3.connectionpool:475 | https://query1.finance.yahoo.com:443 "GET /v1/finance/search?q=MICRON&quotesCount=0&newsCount=50&enableFuzzyQuery=false HTTP/1.1" 403 3369
2026-07-10 14:26:36 | DEBUG    | urllib3.connectionpool:291 | Resetting dropped connection: query2.finance.yahoo.com
2026-07-10 14:26:38 | DEBUG    | urllib3.connectionpool:475 | https://query2.finance.yahoo.com:443 "GET /v1/finance/search?q=MICRON&quotesCount=0&newsCount=50&enableFuzzyQuery=false HTTP/1.1" 403 3369
2026-07-10 14:26:38 | DEBUG    | urllib3.connectionpool:291 | Resetting dropped connection: query1.finance.yahoo.com
2026-07-10 14:26:41 | DEBUG    | urllib3.connectionpool:475 | https://query1.finance.yahoo.com:443 "GET /v1/finance/search?q=MU&quotesCount=0&newsCount=50&enableFuzzyQuery=false HTTP/1.1" 403 3369
2026-07-10 14:26:41 | DEBUG    | urllib3.connectionpool:291 | Resetting dropped connection: query2.finance.yahoo.com
2026-07-10 14:26:44 | DEBUG    | urllib3.connectionpool:475 | https://query2.finance.yahoo.com:443 "GET /v1/finance/search?q=MU&quotesCount=0&newsCount=50&enableFuzzyQuery=false HTTP/1.1" 403 3369
2026-07-10 14:26:44 | DEBUG    | urllib3.connectionpool:291 | Resetting dropped connection: query1.finance.yahoo.com
2026-07-10 14:26:45 | DEBUG    | urllib3.connectionpool:475 | https://query1.finance.yahoo.com:443 "GET /v1/finance/search?q=SanDisk&quotesCount=0&newsCount=50&enableFuzzyQuery=false HTTP/1.1" 403 3369
2026-07-10 14:26:46 | DEBUG    | urllib3.connectionpool:291 | Resetting dropped connection: query2.finance.yahoo.com
2026-07-10 14:26:47 | DEBUG    | urllib3.connectionpool:475 | https://query2.finance.yahoo.com:443 "GET /v1/finance/search?q=SanDisk&quotesCount=0&newsCount=50&enableFuzzyQuery=false HTTP/1.1" 403 3369
2026-07-10 14:26:47 | DEBUG    | urllib3.connectionpool:291 | Resetting dropped connection: query1.finance.yahoo.com
2026-07-10 14:26:49 | DEBUG    | urllib3.connectionpool:475 | https://query1.finance.yahoo.com:443 "GET /v1/finance/search?q=SNDK&quotesCount=0&newsCount=50&enableFuzzyQuery=false HTTP/1.1" 403 3369
2026-07-10 14:26:49 | DEBUG    | urllib3.connectionpool:291 | Resetting dropped connection: query2.finance.yahoo.com
2026-07-10 14:26:50 | DEBUG    | urllib3.connectionpool:475 | https://query2.finance.yahoo.com:443 "GET /v1/finance/search?q=SNDK&quotesCount=0&newsCount=50&enableFuzzyQuery=false HTTP/1.1" 403 3369
2026-07-10 14:26:50 | DEBUG    | urllib3.connectionpool:291 | Resetting dropped connection: query1.finance.yahoo.com
2026-07-10 14:26:53 | DEBUG    | urllib3.connectionpool:475 | https://query1.finance.yahoo.com:443 "GET /v1/finance/search?q=WDC&quotesCount=0&newsCount=50&enableFuzzyQuery=false HTTP/1.1" 403 3369
2026-07-10 14:26:53 | DEBUG    | urllib3.connectionpool:291 | Resetting dropped connection: query2.finance.yahoo.com
2026-07-10 14:26:54 | DEBUG    | urllib3.connectionpool:475 | https://query2.finance.yahoo.com:443 "GET /v1/finance/search?q=WDC&quotesCount=0&newsCount=50&enableFuzzyQuery=false HTTP/1.1" 403 3369
2026-07-10 14:26:54 | DEBUG    | urllib3.connectionpool:291 | Resetting dropped connection: query1.finance.yahoo.com
2026-07-10 14:26:56 | DEBUG    | urllib3.connectionpool:475 | https://query1.finance.yahoo.com:443 "GET /v1/finance/search?q=INTEL&quotesCount=0&newsCount=50&enableFuzzyQuery=false HTTP/1.1" 403 3369
2026-07-10 14:26:56 | DEBUG    | urllib3.connectionpool:291 | Resetting dropped connection: query2.finance.yahoo.com
2026-07-10 14:26:57 | DEBUG    | urllib3.connectionpool:475 | https://query2.finance.yahoo.com:443 "GET /v1/finance/search?q=INTEL&quotesCount=0&newsCount=50&enableFuzzyQuery=false HTTP/1.1" 403 3369
2026-07-10 14:26:58 | DEBUG    | urllib3.connectionpool:291 | Resetting dropped connection: finance.yahoo.com
2026-07-10 14:26:59 | DEBUG    | urllib3.connectionpool:475 | https://finance.yahoo.com:443 "POST /xhr/ncp?queryRef=latestNews&serviceKey=ncp_fin HTTP/1.1" 403 3369
2026-07-10 14:26:59 | DEBUG    | urllib3.connectionpool:1022 | Starting new HTTPS connection (1): feeds.finance.yahoo.com:443
2026-07-10 14:27:01 | DEBUG    | urllib3.connectionpool:475 | https://feeds.finance.yahoo.com:443 "GET /rss/2.0/headline?s=NVIDIA&region=US&lang=en-US HTTP/1.1" 200 394
2026-07-10 14:27:01 | DEBUG    | urllib3.connectionpool:475 | https://feeds.finance.yahoo.com:443 "GET /rss/2.0/headline?s=NVDA&region=US&lang=en-US HTTP/1.1" 200 4186
2026-07-10 14:27:02 | DEBUG    | urllib3.connectionpool:475 | https://feeds.finance.yahoo.com:443 "GET /rss/2.0/headline?s=MICRON&region=US&lang=en-US HTTP/1.1" 200 394
2026-07-10 14:27:02 | DEBUG    | urllib3.connectionpool:475 | https://feeds.finance.yahoo.com:443 "GET /rss/2.0/headline?s=MU&region=US&lang=en-US HTTP/1.1" 200 5369
2026-07-10 14:27:02 | DEBUG    | backpack_quant_trading.core.stock_news_feeds:786 | [雅虎财经] 直连 Search 获取 37 条
2026-07-10 14:27:02 | INFO     | stock_news_alert:514 | 轮询完成 @ 2026-07-10 14:26:19 | 拉取 227 条 (金十数据=20, 同花顺=20, 东方财富=80, 新浪财经=30, 富途牛牛=40, 雅虎财经=37) | 已推送过 0 | 非最新 0 | 未命中关键词 190 | 非重要快讯 37 | 内容相似去重 0 | 新命中 0 | 待推送 0 | 雅虎搜索词: NVIDIA, NVDA, MICRON, MU, SanDisk, SNDK, WDC, INTEL
2026-07-10 14:27:32 | DEBUG    | urllib3.connectionpool:1022 | Starting new HTTPS connection (1): flash-api.jin10.com:443
2026-07-10 14:27:33 | DEBUG    | urllib3.connectionpool:475 | https://flash-api.jin10.com:443 "GET /get_flash_list?channel=-8200&vip=1 HTTP/1.1" 200 None
2026-07-10 14:27:33 | DEBUG    | urllib3.connectionpool:1022 | Starting new HTTPS connection (1): news.10jqka.com.cn:443
2026-07-10 14:27:33 | DEBUG    | urllib3.connectionpool:475 | https://news.10jqka.com.cn:443 "GET /tapp/news/push/stock?page=1&tag=&track=website HTTP/1.1" 200 None
2026-07-10 14:27:33 | DEBUG    | urllib3.connectionpool:1022 | Starting new HTTPS connection (1): np-weblist.eastmoney.com:443
2026-07-10 14:27:34 | DEBUG    | urllib3.connectionpool:475 | https://np-weblist.eastmoney.com:443 "GET /comm/web/getFastNewsList?client=web&biz=web_724&fastColumn=102&sortEnd=&pageSize=80&req_trace=1710315450384 HTTP/1.1" 200 None
2026-07-10 14:27:34 | DEBUG    | urllib3.connectionpool:1022 | Starting new HTTPS connection (1): zhibo.sina.com.cn:443
2026-07-10 14:27:34 | DEBUG    | urllib3.connectionpool:475 | https://zhibo.sina.com.cn:443 "GET /api/zhibo/feed?page=1&page_size=30&zhibo_id=152&tag_id=0&dire=f&dpc=1&pagesize=30&type=1 HTTP/1.1" 200 None
2026-07-10 14:27:34 | DEBUG    | urllib3.connectionpool:1022 | Starting new HTTPS connection (1): news.futunn.com:443
2026-07-10 14:27:35 | DEBUG    | urllib3.connectionpool:475 | https://news.futunn.com:443 "GET /news-site-api/main/get-flash-list?pageSize=40 HTTP/1.1" 200 58220
2026-07-10 14:27:35 | DEBUG    | urllib3.connectionpool:1022 | Starting new HTTPS connection (1): finance.yahoo.com:443
2026-07-10 14:27:36 | DEBUG    | urllib3.connectionpool:475 | https://finance.yahoo.com:443 "GET / HTTP/1.1" 403 3369
2026-07-10 14:27:40 | DEBUG    | urllib3.connectionpool:1022 | Starting new HTTPS connection (1): query1.finance.yahoo.com:443
2026-07-10 14:27:41 | DEBUG    | urllib3.connectionpool:475 | https://query1.finance.yahoo.com:443 "GET /v1/finance/search?q=NVIDIA&quotesCount=0&newsCount=50&enableFuzzyQuery=false HTTP/1.1" 403 3369
2026-07-10 14:27:41 | DEBUG    | urllib3.connectionpool:1022 | Starting new HTTPS connection (1): query2.finance.yahoo.com:443
2026-07-10 14:27:42 | DEBUG    | urllib3.connectionpool:475 | https://query2.finance.yahoo.com:443 "GET /v1/finance/search?q=NVIDIA&quotesCount=0&newsCount=50&enableFuzzyQuery=false HTTP/1.1" 403 3369
2026-07-10 14:27:42 | DEBUG    | urllib3.connectionpool:291 | Resetting dropped connection: query1.finance.yahoo.com
2026-07-10 14:27:47 | DEBUG    | urllib3.connectionpool:475 | https://query1.finance.yahoo.com:443 "GET /v1/finance/search?q=NVDA&quotesCount=0&newsCount=50&enableFuzzyQuery=false HTTP/1.1" 403 3369
2026-07-10 14:27:47 | DEBUG    | urllib3.connectionpool:291 | Resetting dropped connection: query2.finance.yahoo.com
2026-07-10 14:27:49 | DEBUG    | urllib3.connectionpool:475 | https://query2.finance.yahoo.com:443 "GET /v1/finance/search?q=NVDA&quotesCount=0&newsCount=50&enableFuzzyQuery=false HTTP/1.1" 403 3369
2026-07-10 14:27:49 | DEBUG    | urllib3.connectionpool:291 | Resetting dropped connection: query1.finance.yahoo.com
2026-07-10 14:27:51 | DEBUG    | urllib3.connectionpool:475 | https://query1.finance.yahoo.com:443 "GET /v1/finance/search?q=MICRON&quotesCount=0&newsCount=50&enableFuzzyQuery=false HTTP/1.1" 403 3369
2026-07-10 14:27:51 | DEBUG    | urllib3.connectionpool:291 | Resetting dropped connection: query2.finance.yahoo.com
2026-07-10 14:27:52 | DEBUG    | urllib3.connectionpool:475 | https://query2.finance.yahoo.com:443 "GET /v1/finance/search?q=MICRON&quotesCount=0&newsCount=50&enableFuzzyQuery=false HTTP/1.1" 403 3369
2026-07-10 14:27:52 | DEBUG    | urllib3.connectionpool:291 | Resetting dropped connection: query1.finance.yahoo.com
2026-07-10 14:27:54 | DEBUG    | urllib3.connectionpool:475 | https://query1.finance.yahoo.com:443 "GET /v1/finance/search?q=MU&quotesCount=0&newsCount=50&enableFuzzyQuery=false HTTP/1.1" 403 3369
2026-07-10 14:27:54 | DEBUG    | urllib3.connectionpool:291 | Resetting dropped connection: query2.finance.yahoo.com
2026-07-10 14:27:56 | DEBUG    | urllib3.connectionpool:475 | https://query2.finance.yahoo.com:443 "GET /v1/finance/search?q=MU&quotesCount=0&newsCount=50&enableFuzzyQuery=false HTTP/1.1" 403 3369
2026-07-10 14:27:56 | DEBUG    | urllib3.connectionpool:291 | Resetting dropped connection: query1.finance.yahoo.com
2026-07-10 14:27:58 | DEBUG    | urllib3.connectionpool:475 | https://query1.finance.yahoo.com:443 "GET /v1/finance/search?q=SanDisk&quotesCount=0&newsCount=50&enableFuzzyQuery=false HTTP/1.1" 403 3369
2026-07-10 14:28:00 | DEBUG    | urllib3.connectionpool:291 | Resetting dropped connection: query2.finance.yahoo.com
2026-07-10 14:28:02 | DEBUG    | urllib3.connectionpool:475 | https://query2.finance.yahoo.com:443 "GET /v1/finance/search?q=SanDisk&quotesCount=0&newsCount=50&enableFuzzyQuery=false HTTP/1.1" 403 3369
2026-07-10 14:28:02 | DEBUG    | urllib3.connectionpool:291 | Resetting dropped connection: query1.finance.yahoo.com
2026-07-10 14:28:06 | DEBUG    | urllib3.connectionpool:475 | https://query1.finance.yahoo.com:443 "GET /v1/finance/search?q=SNDK&quotesCount=0&newsCount=50&enableFuzzyQuery=false HTTP/1.1" 403 3369
2026-07-10 14:28:06 | DEBUG    | urllib3.connectionpool:291 | Resetting dropped connection: query2.finance.yahoo.com
2026-07-10 14:28:08 | DEBUG    | urllib3.connectionpool:475 | https://query2.finance.yahoo.com:443 "GET /v1/finance/search?q=SNDK&quotesCount=0&newsCount=50&enableFuzzyQuery=false HTTP/1.1" 403 3369
2026-07-10 14:28:08 | DEBUG    | urllib3.connectionpool:291 | Resetting dropped connection: query1.finance.yahoo.com
2026-07-10 14:28:12 | DEBUG    | urllib3.connectionpool:475 | https://query1.finance.yahoo.com:443 "GET /v1/finance/search?q=WDC&quotesCount=0&newsCount=50&enableFuzzyQuery=false HTTP/1.1" 403 3369
2026-07-10 14:28:12 | DEBUG    | urllib3.connectionpool:291 | Resetting dropped connection: query2.finance.yahoo.com
2026-07-10 14:28:14 | DEBUG    | urllib3.connectionpool:475 | https://query2.finance.yahoo.com:443 "GET /v1/finance/search?q=WDC&quotesCount=0&newsCount=50&enableFuzzyQuery=false HTTP/1.1" 403 3369
2026-07-10 14:28:14 | DEBUG    | urllib3.connectionpool:291 | Resetting dropped connection: query1.finance.yahoo.com
2026-07-10 14:28:15 | DEBUG    | urllib3.connectionpool:475 | https://query1.finance.yahoo.com:443 "GET /v1/finance/search?q=INTEL&quotesCount=0&newsCount=50&enableFuzzyQuery=false HTTP/1.1" 403 3369
2026-07-10 14:28:19 | DEBUG    | urllib3.connectionpool:291 | Resetting dropped connection: query2.finance.yahoo.com
2026-07-10 14:28:20 | DEBUG    | urllib3.connectionpool:475 | https://query2.finance.yahoo.com:443 "GET /v1/finance/search?q=INTEL&quotesCount=0&newsCount=50&enableFuzzyQuery=false HTTP/1.1" 403 3369
2026-07-10 14:28:20 | DEBUG    | urllib3.connectionpool:291 | Resetting dropped connection: finance.yahoo.com
2026-07-10 14:28:22 | DEBUG    | urllib3.connectionpool:475 | https://finance.yahoo.com:443 "POST /xhr/ncp?queryRef=latestNews&serviceKey=ncp_fin HTTP/1.1" 403 3369
2026-07-10 14:28:22 | DEBUG    | urllib3.connectionpool:1022 | Starting new HTTPS connection (1): feeds.finance.yahoo.com:443
2026-07-10 14:28:23 | DEBUG    | urllib3.connectionpool:475 | https://feeds.finance.yahoo.com:443 "GET /rss/2.0/headline?s=NVIDIA&region=US&lang=en-US HTTP/1.1" 200 394
2026-07-10 14:28:24 | DEBUG    | urllib3.connectionpool:475 | https://feeds.finance.yahoo.com:443 "GET /rss/2.0/headline?s=NVDA&region=US&lang=en-US HTTP/1.1" 200 4187
2026-07-10 14:28:24 | DEBUG    | urllib3.connectionpool:475 | https://feeds.finance.yahoo.com:443 "GET /rss/2.0/headline?s=MICRON&region=US&lang=en-US HTTP/1.1" 200 394
2026-07-10 14:28:25 | DEBUG    | urllib3.connectionpool:475 | https://feeds.finance.yahoo.com:443 "GET /rss/2.0/headline?s=MU&region=US&lang=en-US HTTP/1.1" 200 5366
2026-07-10 14:28:25 | DEBUG    | backpack_quant_trading.core.stock_news_feeds:786 | [雅虎财经] 直连 Search 获取 37 条
2026-07-10 14:28:25 | INFO     | stock_news_alert:514 | 轮询完成 @ 2026-07-10 14:27:32 | 拉取 228 条 (金十数据=21, 同花顺=20, 东方财富=80, 新浪财经=30, 富途牛牛=40, 雅虎财经=37) | 已推送过 0 | 非最新 0 | 未命中关键词 191 | 非重要快讯 37 | 内容相似去重 0 | 新命中 0 | 待推送 0 | 雅虎搜索词: NVIDIA, NVDA, MICRON, MU, SanDisk, SNDK, WDC, INTEL
2026-07-10 14:28:55 | DEBUG    | urllib3.connectionpool:1022 | Starting new HTTPS connection (1): flash-api.jin10.com:443
2026-07-10 14:28:55 | DEBUG    | urllib3.connectionpool:475 | https://flash-api.jin10.com:443 "GET /get_flash_list?channel=-8200&vip=1 HTTP/1.1" 200 None
2026-07-10 14:28:55 | DEBUG    | urllib3.connectionpool:1022 | Starting new HTTPS connection (1): news.10jqka.com.cn:443
2026-07-10 14:28:56 | DEBUG    | urllib3.connectionpool:475 | https://news.10jqka.com.cn:443 "GET /tapp/news/push/stock?page=1&tag=&track=website HTTP/1.1" 200 None
2026-07-10 14:28:56 | DEBUG    | urllib3.connectionpool:1022 | Starting new HTTPS connection (1): np-weblist.eastmoney.com:443
2026-07-10 14:28:57 | DEBUG    | urllib3.connectionpool:475 | https://np-weblist.eastmoney.com:443 "GET /comm/web/getFastNewsList?client=web&biz=web_724&fastColumn=102&sortEnd=&pageSize=80&req_trace=1710315450384 HTTP/1.1" 200 None
2026-07-10 14:28:57 | DEBUG    | urllib3.connectionpool:1022 | Starting new HTTPS connection (1): zhibo.sina.com.cn:443
2026-07-10 14:28:58 | DEBUG    | urllib3.connectionpool:475 | https://zhibo.sina.com.cn:443 "GET /api/zhibo/feed?page=1&page_size=30&zhibo_id=152&tag_id=0&dire=f&dpc=1&pagesize=30&type=1 HTTP/1.1" 200 None
2026-07-10 14:28:58 | DEBUG    | urllib3.connectionpool:1022 | Starting new HTTPS connection (1): news.futunn.com:443
2026-07-10 14:28:58 | DEBUG    | urllib3.connectionpool:475 | https://news.futunn.com:443 "GET /news-site-api/main/get-flash-list?pageSize=40 HTTP/1.1" 200 58220
2026-07-10 14:28:58 | DEBUG    | urllib3.connectionpool:1022 | Starting new HTTPS connection (1): finance.yahoo.com:443
2026-07-10 14:29:00 | DEBUG    | urllib3.connectionpool:475 | https://finance.yahoo.com:443 "GET / HTTP/1.1" 403 3369
2026-07-10 14:29:00 | DEBUG    | urllib3.connectionpool:1022 | Starting new HTTPS connection (1): query1.finance.yahoo.com:443
2026-07-10 14:29:02 | DEBUG    | urllib3.connectionpool:475 | https://query1.finance.yahoo.com:443 "GET /v1/finance/search?q=NVIDIA&quotesCount=0&newsCount=50&enableFuzzyQuery=false HTTP/1.1" 403 3369
2026-07-10 14:29:02 | DEBUG    | urllib3.connectionpool:1022 | Starting new HTTPS connection (1): query2.finance.yahoo.com:443
2026-07-10 14:29:03 | DEBUG    | urllib3.connectionpool:475 | https://query2.finance.yahoo.com:443 "GET /v1/finance/search?q=NVIDIA&quotesCount=0&newsCount=50&enableFuzzyQuery=false HTTP/1.1" 403 3369
2026-07-10 14:29:03 | DEBUG    | urllib3.connectionpool:291 | Resetting dropped connection: query1.finance.yahoo.com
2026-07-10 14:29:05 | DEBUG    | urllib3.connectionpool:475 | https://query1.finance.yahoo.com:443 "GET /v1/finance/search?q=NVDA&quotesCount=0&newsCount=50&enableFuzzyQuery=false HTTP/1.1" 403 3369
2026-07-10 14:29:05 | DEBUG    | urllib3.connectionpool:291 | Resetting dropped connection: query2.finance.yahoo.com
2026-07-10 14:29:06 | DEBUG    | urllib3.connectionpool:475 | https://query2.finance.yahoo.com:443 "GET /v1/finance/search?q=NVDA&quotesCount=0&newsCount=50&enableFuzzyQuery=false HTTP/1.1" 403 3369
2026-07-10 14:29:06 | DEBUG    | urllib3.connectionpool:291 | Resetting dropped connection: query1.finance.yahoo.com
2026-07-10 14:29:08 | DEBUG    | urllib3.connectionpool:475 | https://query1.finance.yahoo.com:443 "GET /v1/finance/search?q=MICRON&quotesCount=0&newsCount=50&enableFuzzyQuery=false HTTP/1.1" 403 3369
2026-07-10 14:29:08 | DEBUG    | urllib3.connectionpool:291 | Resetting dropped connection: query2.finance.yahoo.com
2026-07-10 14:29:11 | DEBUG    | urllib3.connectionpool:475 | https://query2.finance.yahoo.com:443 "GET /v1/finance/search?q=MICRON&quotesCount=0&newsCount=50&enableFuzzyQuery=false HTTP/1.1" 403 3369
2026-07-10 14:29:11 | DEBUG    | urllib3.connectionpool:291 | Resetting dropped connection: query1.finance.yahoo.com
2026-07-10 14:29:13 | DEBUG    | urllib3.connectionpool:475 | https://query1.finance.yahoo.com:443 "GET /v1/finance/search?q=MU&quotesCount=0&newsCount=50&enableFuzzyQuery=false HTTP/1.1" 403 3369
2026-07-10 14:29:13 | DEBUG    | urllib3.connectionpool:291 | Resetting dropped connection: query2.finance.yahoo.com
2026-07-10 14:29:14 | DEBUG    | urllib3.connectionpool:475 | https://query2.finance.yahoo.com:443 "GET /v1/finance/search?q=MU&quotesCount=0&newsCount=50&enableFuzzyQuery=false HTTP/1.1" 403 3369
2026-07-10 14:29:15 | DEBUG    | urllib3.connectionpool:291 | Resetting dropped connection: query1.finance.yahoo.com
2026-07-10 14:29:16 | DEBUG    | urllib3.connectionpool:475 | https://query1.finance.yahoo.com:443 "GET /v1/finance/search?q=SanDisk&quotesCount=0&newsCount=50&enableFuzzyQuery=false HTTP/1.1" 403 3369
2026-07-10 14:29:16 | DEBUG    | urllib3.connectionpool:291 | Resetting dropped connection: query2.finance.yahoo.com
2026-07-10 14:29:18 | DEBUG    | urllib3.connectionpool:475 | https://query2.finance.yahoo.com:443 "GET /v1/finance/search?q=SanDisk&quotesCount=0&newsCount=50&enableFuzzyQuery=false HTTP/1.1" 403 3369
2026-07-10 14:29:18 | DEBUG    | urllib3.connectionpool:291 | Resetting dropped connection: query1.finance.yahoo.com
2026-07-10 14:29:20 | DEBUG    | urllib3.connectionpool:475 | https://query1.finance.yahoo.com:443 "GET /v1/finance/search?q=SNDK&quotesCount=0&newsCount=50&enableFuzzyQuery=false HTTP/1.1" 403 3369
2026-07-10 14:29:20 | DEBUG    | urllib3.connectionpool:291 | Resetting dropped connection: query2.finance.yahoo.com
2026-07-10 14:29:22 | DEBUG    | urllib3.connectionpool:475 | https://query2.finance.yahoo.com:443 "GET /v1/finance/search?q=SNDK&quotesCount=0&newsCount=50&enableFuzzyQuery=false HTTP/1.1" 403 3369
2026-07-10 14:29:22 | DEBUG    | urllib3.connectionpool:291 | Resetting dropped connection: query1.finance.yahoo.com
2026-07-10 14:29:24 | DEBUG    | urllib3.connectionpool:475 | https://query1.finance.yahoo.com:443 "GET /v1/finance/search?q=WDC&quotesCount=0&newsCount=50&enableFuzzyQuery=false HTTP/1.1" 403 3369
2026-07-10 14:29:24 | DEBUG    | urllib3.connectionpool:291 | Resetting dropped connection: query2.finance.yahoo.com
2026-07-10 14:29:25 | DEBUG    | urllib3.connectionpool:475 | https://query2.finance.yahoo.com:443 "GET /v1/finance/search?q=WDC&quotesCount=0&newsCount=50&enableFuzzyQuery=false HTTP/1.1" 403 3369
2026-07-10 14:29:25 | DEBUG    | urllib3.connectionpool:291 | Resetting dropped connection: query1.finance.yahoo.com
2026-07-10 14:29:27 | DEBUG    | urllib3.connectionpool:475 | https://query1.finance.yahoo.com:443 "GET /v1/finance/search?q=INTEL&quotesCount=0&newsCount=50&enableFuzzyQuery=false HTTP/1.1" 403 3369
2026-07-10 14:29:27 | DEBUG    | urllib3.connectionpool:291 | Resetting dropped connection: query2.finance.yahoo.com
2026-07-10 14:29:28 | DEBUG    | urllib3.connectionpool:475 | https://query2.finance.yahoo.com:443 "GET /v1/finance/search?q=INTEL&quotesCount=0&newsCount=50&enableFuzzyQuery=false HTTP/1.1" 403 3369
2026-07-10 14:29:28 | DEBUG    | urllib3.connectionpool:291 | Resetting dropped connection: finance.yahoo.com
2026-07-10 14:29:33 | DEBUG    | urllib3.connectionpool:475 | https://finance.yahoo.com:443 "POST /xhr/ncp?queryRef=latestNews&serviceKey=ncp_fin HTTP/1.1" 403 3369
2026-07-10 14:29:33 | DEBUG    | urllib3.connectionpool:1022 | Starting new HTTPS connection (1): feeds.finance.yahoo.com:443
2026-07-10 14:29:35 | DEBUG    | urllib3.connectionpool:475 | https://feeds.finance.yahoo.com:443 "GET /rss/2.0/headline?s=NVIDIA&region=US&lang=en-US HTTP/1.1" 200 394
2026-07-10 14:29:35 | DEBUG    | urllib3.connectionpool:475 | https://feeds.finance.yahoo.com:443 "GET /rss/2.0/headline?s=NVDA&region=US&lang=en-US HTTP/1.1" 200 4188
2026-07-10 14:29:36 | DEBUG    | urllib3.connectionpool:475 | https://feeds.finance.yahoo.com:443 "GET /rss/2.0/headline?s=MICRON&region=US&lang=en-US HTTP/1.1" 200 394
2026-07-10 14:29:36 | DEBUG    | urllib3.connectionpool:475 | https://feeds.finance.yahoo.com:443 "GET /rss/2.0/headline?s=MU&region=US&lang=en-US HTTP/1.1" 200 5368
2026-07-10 14:29:36 | DEBUG    | backpack_quant_trading.core.stock_news_feeds:786 | [雅虎财经] 直连 Search 获取 37 条
2026-07-10 14:29:36 | INFO     | stock_news_alert:514 | 轮询完成 @ 2026-07-10 14:28:55 | 拉取 228 条 (金十数据=21, 同花顺=20, 东方财富=80, 新浪财经=30, 富途牛牛=40, 雅虎财经=37) | 已推送过 0 | 非最新 0 | 未命中关键词 191 | 非重要快讯 37 | 内容相似去重 0 | 新命中 0 | 待推送 0 | 雅虎搜索词: NVIDIA, NVDA, MICRON, MU, SanDisk, SNDK, WDC, INTEL
2026-07-10 14:30:06 | DEBUG    | urllib3.connectionpool:1022 | Starting new HTTPS connection (1): flash-api.jin10.com:443
2026-07-10 14:30:07 | DEBUG    | urllib3.connectionpool:475 | https://flash-api.jin10.com:443 "GET /get_flash_list?channel=-8200&vip=1 HTTP/1.1" 200 None
2026-07-10 14:30:07 | DEBUG    | urllib3.connectionpool:1022 | Starting new HTTPS connection (1): news.10jqka.com.cn:443
2026-07-10 14:30:07 | DEBUG    | urllib3.connectionpool:475 | https://news.10jqka.com.cn:443 "GET /tapp/news/push/stock?page=1&tag=&track=website HTTP/1.1" 200 None
2026-07-10 14:30:07 | DEBUG    | urllib3.connectionpool:1022 | Starting new HTTPS connection (1): np-weblist.eastmoney.com:443
2026-07-10 14:30:08 | DEBUG    | urllib3.connectionpool:475 | https://np-weblist.eastmoney.com:443 "GET /comm/web/getFastNewsList?client=web&biz=web_724&fastColumn=102&sortEnd=&pageSize=80&req_trace=1710315450384 HTTP/1.1" 200 None
2026-07-10 14:30:08 | DEBUG    | urllib3.connectionpool:1022 | Starting new HTTPS connection (1): zhibo.sina.com.cn:443
2026-07-10 14:30:08 | DEBUG    | urllib3.connectionpool:475 | https://zhibo.sina.com.cn:443 "GET /api/zhibo/feed?page=1&page_size=30&zhibo_id=152&tag_id=0&dire=f&dpc=1&pagesize=30&type=1 HTTP/1.1" 200 None
2026-07-10 14:30:08 | DEBUG    | urllib3.connectionpool:1022 | Starting new HTTPS connection (1): news.futunn.com:443
2026-07-10 14:30:09 | DEBUG    | urllib3.connectionpool:475 | https://news.futunn.com:443 "GET /news-site-api/main/get-flash-list?pageSize=40 HTTP/1.1" 200 58220
2026-07-10 14:30:09 | DEBUG    | urllib3.connectionpool:1022 | Starting new HTTPS connection (1): finance.yahoo.com:443
2026-07-10 14:30:12 | DEBUG    | urllib3.connectionpool:475 | https://finance.yahoo.com:443 "GET / HTTP/1.1" 403 3369
2026-07-10 14:30:12 | DEBUG    | urllib3.connectionpool:1022 | Starting new HTTPS connection (1): query1.finance.yahoo.com:443
2026-07-10 14:30:14 | DEBUG    | urllib3.connectionpool:475 | https://query1.finance.yahoo.com:443 "GET /v1/finance/search?q=NVIDIA&quotesCount=0&newsCount=50&enableFuzzyQuery=false HTTP/1.1" 403 3369
2026-07-10 14:30:14 | DEBUG    | urllib3.connectionpool:1022 | Starting new HTTPS connection (1): query2.finance.yahoo.com:443
2026-07-10 14:30:15 | DEBUG    | urllib3.connectionpool:475 | https://query2.finance.yahoo.com:443 "GET /v1/finance/search?q=NVIDIA&quotesCount=0&newsCount=50&enableFuzzyQuery=false HTTP/1.1" 403 3369
2026-07-10 14:30:15 | DEBUG    | urllib3.connectionpool:291 | Resetting dropped connection: query1.finance.yahoo.com
2026-07-10 14:30:17 | DEBUG    | urllib3.connectionpool:475 | https://query1.finance.yahoo.com:443 "GET /v1/finance/search?q=NVDA&quotesCount=0&newsCount=50&enableFuzzyQuery=false HTTP/1.1" 403 3369
2026-07-10 14:30:17 | DEBUG    | urllib3.connectionpool:291 | Resetting dropped connection: query2.finance.yahoo.com
2026-07-10 14:30:18 | DEBUG    | urllib3.connectionpool:475 | https://query2.finance.yahoo.com:443 "GET /v1/finance/search?q=NVDA&quotesCount=0&newsCount=50&enableFuzzyQuery=false HTTP/1.1" 403 3369
2026-07-10 14:30:19 | DEBUG    | urllib3.connectionpool:291 | Resetting dropped connection: query1.finance.yahoo.com
2026-07-10 14:30:20 | DEBUG    | urllib3.connectionpool:475 | https://query1.finance.yahoo.com:443 "GET /v1/finance/search?q=MICRON&quotesCount=0&newsCount=50&enableFuzzyQuery=false HTTP/1.1" 403 3369
2026-07-10 14:30:20 | DEBUG    | urllib3.connectionpool:291 | Resetting dropped connection: query2.finance.yahoo.com
2026-07-10 14:30:22 | DEBUG    | urllib3.connectionpool:475 | https://query2.finance.yahoo.com:443 "GET /v1/finance/search?q=MICRON&quotesCount=0&newsCount=50&enableFuzzyQuery=false HTTP/1.1" 403 3369
2026-07-10 14:30:22 | DEBUG    | urllib3.connectionpool:291 | Resetting dropped connection: query1.finance.yahoo.com
2026-07-10 14:30:24 | DEBUG    | urllib3.connectionpool:475 | https://query1.finance.yahoo.com:443 "GET /v1/finance/search?q=MU&quotesCount=0&newsCount=50&enableFuzzyQuery=false HTTP/1.1" 403 3369
2026-07-10 14:30:24 | DEBUG    | urllib3.connectionpool:291 | Resetting dropped connection: query2.finance.yahoo.com
2026-07-10 14:30:26 | DEBUG    | urllib3.connectionpool:475 | https://query2.finance.yahoo.com:443 "GET /v1/finance/search?q=MU&quotesCount=0&newsCount=50&enableFuzzyQuery=false HTTP/1.1" 403 3369
2026-07-10 14:30:29 | DEBUG    | urllib3.connectionpool:291 | Resetting dropped connection: query1.finance.yahoo.com
2026-07-10 14:30:31 | DEBUG    | urllib3.connectionpool:475 | https://query1.finance.yahoo.com:443 "GET /v1/finance/search?q=SanDisk&quotesCount=0&newsCount=50&enableFuzzyQuery=false HTTP/1.1" 403 3369
2026-07-10 14:30:31 | DEBUG    | urllib3.connectionpool:291 | Resetting dropped connection: query2.finance.yahoo.com
2026-07-10 14:30:33 | DEBUG    | urllib3.connectionpool:475 | https://query2.finance.yahoo.com:443 "GET /v1/finance/search?q=SanDisk&quotesCount=0&newsCount=50&enableFuzzyQuery=false HTTP/1.1" 403 3369
2026-07-10 14:30:33 | DEBUG    | urllib3.connectionpool:291 | Resetting dropped connection: query1.finance.yahoo.com
2026-07-10 14:30:34 | DEBUG    | urllib3.connectionpool:475 | https://query1.finance.yahoo.com:443 "GET /v1/finance/search?q=SNDK&quotesCount=0&newsCount=50&enableFuzzyQuery=false HTTP/1.1" 403 3369
2026-07-10 14:30:34 | DEBUG    | urllib3.connectionpool:291 | Resetting dropped connection: query2.finance.yahoo.com
2026-07-10 14:30:36 | DEBUG    | urllib3.connectionpool:475 | https://query2.finance.yahoo.com:443 "GET /v1/finance/search?q=SNDK&quotesCount=0&newsCount=50&enableFuzzyQuery=false HTTP/1.1" 403 3369
2026-07-10 14:30:36 | DEBUG    | urllib3.connectionpool:291 | Resetting dropped connection: query1.finance.yahoo.com
2026-07-10 14:30:37 | DEBUG    | urllib3.connectionpool:475 | https://query1.finance.yahoo.com:443 "GET /v1/finance/search?q=WDC&quotesCount=0&newsCount=50&enableFuzzyQuery=false HTTP/1.1" 403 3369
2026-07-10 14:30:37 | DEBUG    | urllib3.connectionpool:291 | Resetting dropped connection: query2.finance.yahoo.com
2026-07-10 14:30:41 | DEBUG    | urllib3.connectionpool:475 | https://query2.finance.yahoo.com:443 "GET /v1/finance/search?q=WDC&quotesCount=0&newsCount=50&enableFuzzyQuery=false HTTP/1.1" 403 3369
2026-07-10 14:30:42 | DEBUG    | urllib3.connectionpool:291 | Resetting dropped connection: query1.finance.yahoo.com
2026-07-10 14:30:43 | DEBUG    | urllib3.connectionpool:475 | https://query1.finance.yahoo.com:443 "GET /v1/finance/search?q=INTEL&quotesCount=0&newsCount=50&enableFuzzyQuery=false HTTP/1.1" 403 3369
2026-07-10 14:30:43 | DEBUG    | urllib3.connectionpool:291 | Resetting dropped connection: query2.finance.yahoo.com
2026-07-10 14:30:45 | DEBUG    | urllib3.connectionpool:475 | https://query2.finance.yahoo.com:443 "GET /v1/finance/search?q=INTEL&quotesCount=0&newsCount=50&enableFuzzyQuery=false HTTP/1.1" 403 3369
2026-07-10 14:30:45 | DEBUG    | urllib3.connectionpool:291 | Resetting dropped connection: finance.yahoo.com
2026-07-10 14:30:47 | DEBUG    | urllib3.connectionpool:1022 | Starting new HTTPS connection (1): feeds.finance.yahoo.com:443
2026-07-10 14:30:51 | DEBUG    | urllib3.connectionpool:475 | https://feeds.finance.yahoo.com:443 "GET /rss/2.0/headline?s=NVIDIA&region=US&lang=en-US HTTP/1.1" 200 394
2026-07-10 14:30:51 | DEBUG    | urllib3.connectionpool:475 | https://feeds.finance.yahoo.com:443 "GET /rss/2.0/headline?s=NVDA&region=US&lang=en-US HTTP/1.1" 200 4187
2026-07-10 14:30:55 | DEBUG    | urllib3.connectionpool:475 | https://feeds.finance.yahoo.com:443 "GET /rss/2.0/headline?s=MICRON&region=US&lang=en-US HTTP/1.1" 200 394
2026-07-10 14:30:55 | DEBUG    | urllib3.connectionpool:475 | https://feeds.finance.yahoo.com:443 "GET /rss/2.0/headline?s=MU&region=US&lang=en-US HTTP/1.1" 200 5369
2026-07-10 14:30:55 | DEBUG    | backpack_quant_trading.core.stock_news_feeds:786 | [雅虎财经] 直连 Search 获取 37 条
2026-07-10 14:30:56 | INFO     | stock_news_alert:514 | 轮询完成 @ 2026-07-10 14:30:06 | 拉取 228 条 (金十数据=21, 同花顺=20, 东方财富=80, 新浪财经=30, 富途牛牛=40, 雅虎财经=37) | 已推送过 0 | 非最新 0 | 未命中关键词 191 | 非重要快讯 37 | 内容相似去重 0 | 新命中 0 | 待推送 0 | 雅虎搜索词: NVIDIA, NVDA, MICRON, MU, SanDisk, SNDK, WDC, INTEL
