2026-08-17 11:55:00 | DEBUG    | urllib3.connectionpool:475 | https://feeds.finance.yahoo.com:443 "GET /rss/2.0/headline?s=MICRON&region=US&lang=en-US HTTP/1.1" 200 394
2026-08-17 11:55:00 | DEBUG    | urllib3.connectionpool:475 | https://feeds.finance.yahoo.com:443 "GET /rss/2.0/headline?s=MU&region=US&lang=en-US HTTP/1.1" 200 2996
2026-08-17 11:55:01 | DEBUG    | backpack_quant_trading.core.stock_news_feeds:795 | [雅虎财经] 直连 Search 获取 25 条
2026-08-17 11:55:01 | INFO     | stock_news_alert:555 | 轮询完成 @ 2026-08-17 03:54:02 | 拉取 213 条 (金十数据=18, 同花顺=20, 东方财富=80, 新浪财经=30, 富途牛牛=40, 雅虎财经=25) | 已推送过 0 | 非最新 0 | 未命中关键词 201 | 非重要快讯 12 | 内容相似去重 0 | 新命中 0 | 待推送 0 | 雅虎搜索词: NVIDIA, NVDA, MICRON, MU, SanDisk, SNDK, INTEL, INTC
2026-08-17 11:55:04 | WARNING  | backpack_quant_trading.core.binance_monitor:143 | 币安行情 curl 兜底失败: Command '['curl', '-fsSL', '--max-time', '15', '-A', 'Mozilla/5.0', '-x', 'http://127.0.0.1:7891', 'https://fapi.binance.com/fapi/v1/klines?symbol=BTCUSDT&interval=1m&limit=2']' returned non-zero exit status 7.
2026-08-17 11:55:04 | DEBUG    | asyncio:631 | Using proactor: IocpProactor
2026-08-17 11:55:06 | WARNING  | backpack_quant_trading.core.binance_monitor:147 | 币安行情 aiohttp 兜底失败: Cannot connect to host 127.0.0.1:7891 ssl:False [远程计算机拒绝网络连接。]
2026-08-17 11:55:06 | DEBUG    | urllib3.connectionpool:1022 | Starting new HTTPS connection (1): fapi.binance.com:443
2026-08-17 11:55:08 | ERROR    | backpack_quant_trading.core.binance_monitor:344 | 获取币安K线失败 futures BTCUSDT 1m: HTTPSConnectionPool(host='fapi.binance.com', port=443): Max retries exceeded with url: /fapi/v1/klines?symbol=BTCUSDT&interval=1m&limit=2 (Caused by ProxyError('Cannot connect to proxy.', NewConnectionError('<urllib3.connection.HTTPSConnection object at 0x000001435885BED0>: Failed to establish a new connection: [WinError 10061] 由于目标计算机积极拒绝，无法连接。')))
2026-08-17 11:55:12 | WARNING  | backpack_quant_trading.core.binance_monitor:143 | 币安行情 curl 兜底失败: Command '['curl', '-fsSL', '--max-time', '10', '-A', 'Mozilla/5.0', '-x', 'http://127.0.0.1:7891', 'https://fapi.binance.com/fapi/v1/depth?symbol=BTCUSDT&limit=50']' returned non-zero exit status 7.
2026-08-17 11:55:12 | DEBUG    | asyncio:631 | Using proactor: IocpProactor
2026-08-17 11:55:14 | WARNING  | backpack_quant_trading.core.binance_monitor:147 | 币安行情 aiohttp 兜底失败: Cannot connect to host 127.0.0.1:7891 ssl:False [远程计算机拒绝网络连接。]
2026-08-17 11:55:14 | DEBUG    | urllib3.connectionpool:1022 | Starting new HTTPS connection (1): fapi.binance.com:443
2026-08-17 11:55:16 | ERROR    | backpack_quant_trading.core.binance_monitor:364 | 获取币安深度失败 futures BTCUSDT: HTTPSConnectionPool(host='fapi.binance.com', port=443): Max retries exceeded with url: /fapi/v1/depth?symbol=BTCUSDT&limit=50 (Caused by ProxyError('Cannot connect to proxy.', NewConnectionError('<urllib3.connection.HTTPSConnection object at 0x000001435A745D10>: Failed to establish a new connection: [WinError 10061] 由于目标计算机积极拒绝，无法连接。')))
2026-08-17 11:55:31 | DEBUG    | urllib3.connectionpool:1022 | Starting new HTTPS connection (1): flash-api.jin10.com:443
2026-08-17 11:55:32 | DEBUG    | urllib3.connectionpool:475 | https://flash-api.jin10.com:443 "GET /get_flash_list?channel=-8200&vip=1 HTTP/1.1" 200 None
2026-08-17 11:55:32 | DEBUG    | urllib3.connectionpool:1022 | Starting new HTTPS connection (1): news.10jqka.com.cn:443
2026-08-17 11:55:32 | DEBUG    | urllib3.connectionpool:475 | https://news.10jqka.com.cn:443 "GET /tapp/news/push/stock?page=1&tag=&track=website HTTP/1.1" 200 None
2026-08-17 11:55:32 | DEBUG    | urllib3.connectionpool:1022 | Starting new HTTPS connection (1): np-weblist.eastmoney.com:443
2026-08-17 11:55:33 | DEBUG    | urllib3.connectionpool:475 | https://np-weblist.eastmoney.com:443 "GET /comm/web/getFastNewsList?client=web&biz=web_724&fastColumn=102&sortEnd=&pageSize=80&req_trace=1710315450384 HTTP/1.1" 200 None
2026-08-17 11:55:33 | DEBUG    | urllib3.connectionpool:1022 | Starting new HTTPS connection (1): zhibo.sina.com.cn:443
2026-08-17 11:55:34 | DEBUG    | urllib3.connectionpool:475 | https://zhibo.sina.com.cn:443 "GET /api/zhibo/feed?page=1&page_size=30&zhibo_id=152&tag_id=0&dire=f&dpc=1&pagesize=30&type=1 HTTP/1.1" 200 None
2026-08-17 11:55:34 | DEBUG    | urllib3.connectionpool:1022 | Starting new HTTPS connection (1): news.futunn.com:443
2026-08-17 11:55:35 | DEBUG    | urllib3.connectionpool:475 | https://news.futunn.com:443 "GET /news-site-api/main/get-flash-list?pageSize=40 HTTP/1.1" 200 64201
2026-08-17 11:55:35 | DEBUG    | urllib3.connectionpool:1022 | Starting new HTTPS connection (1): finance.yahoo.com:443
2026-08-17 11:55:37 | DEBUG    | urllib3.connectionpool:475 | https://finance.yahoo.com:443 "GET / HTTP/1.1" 403 3369
2026-08-17 11:55:37 | DEBUG    | urllib3.connectionpool:1022 | Starting new HTTPS connection (1): query1.finance.yahoo.com:443
2026-08-17 11:55:42 | DEBUG    | urllib3.connectionpool:1022 | Starting new HTTPS connection (1): query2.finance.yahoo.com:443
2026-08-17 11:55:45 | DEBUG    | urllib3.connectionpool:475 | https://query2.finance.yahoo.com:443 "GET /v1/finance/search?q=NVIDIA&quotesCount=0&newsCount=50&enableFuzzyQuery=false HTTP/1.1" 403 3369
2026-08-17 11:55:45 | DEBUG    | urllib3.connectionpool:1022 | Starting new HTTPS connection (2): query1.finance.yahoo.com:443
2026-08-17 11:55:49 | DEBUG    | urllib3.connectionpool:475 | https://query1.finance.yahoo.com:443 "GET /v1/finance/search?q=NVDA&quotesCount=0&newsCount=50&enableFuzzyQuery=false HTTP/1.1" 403 3369
2026-08-17 11:55:50 | DEBUG    | urllib3.connectionpool:291 | Resetting dropped connection: query2.finance.yahoo.com
2026-08-17 11:55:52 | DEBUG    | urllib3.connectionpool:475 | https://query2.finance.yahoo.com:443 "GET /v1/finance/search?q=NVDA&quotesCount=0&newsCount=50&enableFuzzyQuery=false HTTP/1.1" 403 3369
2026-08-17 11:55:52 | DEBUG    | urllib3.connectionpool:291 | Resetting dropped connection: query1.finance.yahoo.com
2026-08-17 11:55:53 | DEBUG    | urllib3.connectionpool:475 | https://query1.finance.yahoo.com:443 "GET /v1/finance/search?q=MICRON&quotesCount=0&newsCount=50&enableFuzzyQuery=false HTTP/1.1" 403 3369
2026-08-17 11:55:57 | DEBUG    | urllib3.connectionpool:291 | Resetting dropped connection: query2.finance.yahoo.com
2026-08-17 11:55:59 | DEBUG    | urllib3.connectionpool:475 | https://query2.finance.yahoo.com:443 "GET /v1/finance/search?q=MICRON&quotesCount=0&newsCount=50&enableFuzzyQuery=false HTTP/1.1" 403 3369
2026-08-17 11:55:59 | DEBUG    | urllib3.connectionpool:291 | Resetting dropped connection: query1.finance.yahoo.com
2026-08-17 11:56:00 | DEBUG    | urllib3.connectionpool:475 | https://query1.finance.yahoo.com:443 "GET /v1/finance/search?q=MU&quotesCount=0&newsCount=50&enableFuzzyQuery=false HTTP/1.1" 403 3369
2026-08-17 11:56:01 | DEBUG    | urllib3.connectionpool:291 | Resetting dropped connection: query2.finance.yahoo.com
2026-08-17 11:56:02 | DEBUG    | urllib3.connectionpool:475 | https://query2.finance.yahoo.com:443 "GET /v1/finance/search?q=MU&quotesCount=0&newsCount=50&enableFuzzyQuery=false HTTP/1.1" 403 3369
2026-08-17 11:56:05 | WARNING  | backpack_quant_trading.core.binance_monitor:143 | 币安行情 curl 兜底失败: Command '['curl', '-fsSL', '--max-time', '15', '-A', 'Mozilla/5.0', '-x', 'http://127.0.0.1:7891', 'https://fapi.binance.com/fapi/v1/klines?symbol=BTCUSDT&interval=1m&limit=2']' returned non-zero exit status 7.
2026-08-17 11:56:05 | DEBUG    | asyncio:631 | Using proactor: IocpProactor
2026-08-17 11:56:06 | DEBUG    | urllib3.connectionpool:291 | Resetting dropped connection: query1.finance.yahoo.com
2026-08-17 11:56:07 | WARNING  | backpack_quant_trading.core.binance_monitor:147 | 币安行情 aiohttp 兜底失败: Cannot connect to host 127.0.0.1:7891 ssl:False [远程计算机拒绝网络连接。]
2026-08-17 11:56:07 | DEBUG    | urllib3.connectionpool:1022 | Starting new HTTPS connection (1): fapi.binance.com:443
2026-08-17 11:56:08 | DEBUG    | urllib3.connectionpool:475 | https://query1.finance.yahoo.com:443 "GET /v1/finance/search?q=SanDisk&quotesCount=0&newsCount=50&enableFuzzyQuery=false HTTP/1.1" 403 3369
2026-08-17 11:56:08 | DEBUG    | urllib3.connectionpool:291 | Resetting dropped connection: query2.finance.yahoo.com
2026-08-17 11:56:09 | ERROR    | backpack_quant_trading.core.binance_monitor:344 | 获取币安K线失败 futures BTCUSDT 1m: HTTPSConnectionPool(host='fapi.binance.com', port=443): Max retries exceeded with url: /fapi/v1/klines?symbol=BTCUSDT&interval=1m&limit=2 (Caused by ProxyError('Cannot connect to proxy.', NewConnectionError('<urllib3.connection.HTTPSConnection object at 0x000001435A746AD0>: Failed to establish a new connection: [WinError 10061] 由于目标计算机积极拒绝，无法连接。')))
2026-08-17 11:56:11 | DEBUG    | urllib3.connectionpool:475 | https://query2.finance.yahoo.com:443 "GET /v1/finance/search?q=SanDisk&quotesCount=0&newsCount=50&enableFuzzyQuery=false HTTP/1.1" 403 3369
2026-08-17 11:56:14 | WARNING  | backpack_quant_trading.core.binance_monitor:143 | 币安行情 curl 兜底失败: Command '['curl', '-fsSL', '--max-time', '10', '-A', 'Mozilla/5.0', '-x', 'http://127.0.0.1:7891', 'https://fapi.binance.com/fapi/v1/depth?symbol=BTCUSDT&limit=50']' returned non-zero exit status 7.
2026-08-17 11:56:14 | DEBUG    | asyncio:631 | Using proactor: IocpProactor
2026-08-17 11:56:15 | DEBUG    | urllib3.connectionpool:291 | Resetting dropped connection: query1.finance.yahoo.com
2026-08-17 11:56:16 | WARNING  | backpack_quant_trading.core.binance_monitor:147 | 币安行情 aiohttp 兜底失败: Cannot connect to host 127.0.0.1:7891 ssl:False [远程计算机拒绝网络连接。]
2026-08-17 11:56:16 | DEBUG    | urllib3.connectionpool:1022 | Starting new HTTPS connection (1): fapi.binance.com:443
2026-08-17 11:56:17 | DEBUG    | urllib3.connectionpool:475 | https://query1.finance.yahoo.com:443 "GET /v1/finance/search?q=SNDK&quotesCount=0&newsCount=50&enableFuzzyQuery=false HTTP/1.1" 403 3369
2026-08-17 11:56:17 | DEBUG    | urllib3.connectionpool:291 | Resetting dropped connection: query2.finance.yahoo.com
2026-08-17 11:56:18 | ERROR    | backpack_quant_trading.core.binance_monitor:364 | 获取币安深度失败 futures BTCUSDT: HTTPSConnectionPool(host='fapi.binance.com', port=443): Max retries exceeded with url: /fapi/v1/depth?symbol=BTCUSDT&limit=50 (Caused by ProxyError('Cannot connect to proxy.', NewConnectionError('<urllib3.connection.HTTPSConnection object at 0x000001435A746D50>: Failed to establish a new connection: [WinError 10061] 由于目标计算机积极拒绝，无法连接。')))
2026-08-17 11:56:21 | DEBUG    | urllib3.connectionpool:475 | https://query2.finance.yahoo.com:443 "GET /v1/finance/search?q=SNDK&quotesCount=0&newsCount=50&enableFuzzyQuery=false HTTP/1.1" 403 3369
2026-08-17 11:56:21 | DEBUG    | urllib3.connectionpool:291 | Resetting dropped connection: query1.finance.yahoo.com
2026-08-17 11:56:24 | DEBUG    | urllib3.connectionpool:475 | https://query1.finance.yahoo.com:443 "GET /v1/finance/search?q=INTEL&quotesCount=0&newsCount=50&enableFuzzyQuery=false HTTP/1.1" 403 3369
2026-08-17 11:56:28 | DEBUG    | urllib3.connectionpool:291 | Resetting dropped connection: query2.finance.yahoo.com
2026-08-17 11:56:30 | DEBUG    | urllib3.connectionpool:475 | https://query2.finance.yahoo.com:443 "GET /v1/finance/search?q=INTEL&quotesCount=0&newsCount=50&enableFuzzyQuery=false HTTP/1.1" 403 3369
2026-08-17 11:56:30 | DEBUG    | urllib3.connectionpool:291 | Resetting dropped connection: query1.finance.yahoo.com
2026-08-17 11:56:32 | DEBUG    | urllib3.connectionpool:475 | https://query1.finance.yahoo.com:443 "GET /v1/finance/search?q=INTC&quotesCount=0&newsCount=50&enableFuzzyQuery=false HTTP/1.1" 403 3369
2026-08-17 11:56:32 | DEBUG    | urllib3.connectionpool:291 | Resetting dropped connection: query2.finance.yahoo.com
2026-08-17 11:56:34 | DEBUG    | urllib3.connectionpool:475 | https://query2.finance.yahoo.com:443 "GET /v1/finance/search?q=INTC&quotesCount=0&newsCount=50&enableFuzzyQuery=false HTTP/1.1" 403 3369
2026-08-17 11:56:34 | DEBUG    | urllib3.connectionpool:291 | Resetting dropped connection: finance.yahoo.com
2026-08-17 11:56:36 | DEBUG    | urllib3.connectionpool:475 | https://finance.yahoo.com:443 "POST /xhr/ncp?queryRef=latestNews&serviceKey=ncp_fin HTTP/1.1" 403 3369
2026-08-17 11:56:36 | DEBUG    | urllib3.connectionpool:1022 | Starting new HTTPS connection (1): feeds.finance.yahoo.com:443
2026-08-17 11:56:37 | DEBUG    | urllib3.connectionpool:475 | https://feeds.finance.yahoo.com:443 "GET /rss/2.0/headline?s=NVIDIA&region=US&lang=en-US HTTP/1.1" 200 394
2026-08-17 11:56:38 | DEBUG    | urllib3.connectionpool:475 | https://feeds.finance.yahoo.com:443 "GET /rss/2.0/headline?s=NVDA&region=US&lang=en-US HTTP/1.1" 200 3468
2026-08-17 11:56:39 | DEBUG    | urllib3.connectionpool:475 | https://feeds.finance.yahoo.com:443 "GET /rss/2.0/headline?s=MICRON&region=US&lang=en-US HTTP/1.1" 200 394
2026-08-17 11:56:39 | DEBUG    | urllib3.connectionpool:475 | https://feeds.finance.yahoo.com:443 "GET /rss/2.0/headline?s=MU&region=US&lang=en-US HTTP/1.1" 200 2999
2026-08-17 11:56:39 | DEBUG    | backpack_quant_trading.core.stock_news_feeds:795 | [雅虎财经] 直连 Search 获取 25 条
2026-08-17 11:56:39 | INFO     | stock_news_alert:555 | 轮询完成 @ 2026-08-17 03:55:31 | 拉取 212 条 (金十数据=17, 同花顺=20, 东方财富=80, 新浪财经=30, 富途牛牛=40, 雅虎财经=25) | 已推送过 0 | 非最新 0 | 未命中关键词 200 | 非重要快讯 12 | 内容相似去重 0 | 新命中 0 | 待推送 0 | 雅虎搜索词: NVIDIA, NVDA, MICRON, MU, SanDisk, SNDK, INTEL, INTC
2026-08-17 11:57:04 | WARNING  | backpack_quant_trading.core.binance_monitor:143 | 币安行情 curl 兜底失败: Command '['curl', '-fsSL', '--max-time', '15', '-A', 'Mozilla/5.0', '-x', 'http://127.0.0.1:7891', 'https://fapi.binance.com/fapi/v1/klines?symbol=BTCUSDT&interval=1m&limit=2']' returned non-zero exit status 7.
2026-08-17 11:57:04 | DEBUG    | asyncio:631 | Using proactor: IocpProactor
2026-08-17 11:57:06 | WARNING  | backpack_quant_trading.core.binance_monitor:147 | 币安行情 aiohttp 兜底失败: Cannot connect to host 127.0.0.1:7891 ssl:False [远程计算机拒绝网络连接。]
2026-08-17 11:57:06 | DEBUG    | urllib3.connectionpool:1022 | Starting new HTTPS connection (1): fapi.binance.com:443
2026-08-17 11:57:08 | ERROR    | backpack_quant_trading.core.binance_monitor:344 | 获取币安K线失败 futures BTCUSDT 1m: HTTPSConnectionPool(host='fapi.binance.com', port=443): Max retries exceeded with url: /fapi/v1/klines?symbol=BTCUSDT&interval=1m&limit=2 (Caused by ProxyError('Cannot connect to proxy.', NewConnectionError('<urllib3.connection.HTTPSConnection object at 0x0000014358859F90>: Failed to establish a new connection: [WinError 10061] 由于目标计算机积极拒绝，无法连接。')))
2026-08-17 11:57:09 | DEBUG    | urllib3.connectionpool:1022 | Starting new HTTPS connection (1): flash-api.jin10.com:443
2026-08-17 11:57:10 | DEBUG    | urllib3.connectionpool:475 | https://flash-api.jin10.com:443 "GET /get_flash_list?channel=-8200&vip=1 HTTP/1.1" 200 None
2026-08-17 11:57:10 | DEBUG    | urllib3.connectionpool:1022 | Starting new HTTPS connection (1): news.10jqka.com.cn:443
2026-08-17 11:57:11 | DEBUG    | urllib3.connectionpool:475 | https://news.10jqka.com.cn:443 "GET /tapp/news/push/stock?page=1&tag=&track=website HTTP/1.1" 200 None
2026-08-17 11:57:11 | DEBUG    | urllib3.connectionpool:1022 | Starting new HTTPS connection (1): np-weblist.eastmoney.com:443
2026-08-17 11:57:12 | DEBUG    | urllib3.connectionpool:475 | https://np-weblist.eastmoney.com:443 "GET /comm/web/getFastNewsList?client=web&biz=web_724&fastColumn=102&sortEnd=&pageSize=80&req_trace=1710315450384 HTTP/1.1" 200 None
2026-08-17 11:57:12 | DEBUG    | urllib3.connectionpool:1022 | Starting new HTTPS connection (1): zhibo.sina.com.cn:443
2026-08-17 11:57:12 | WARNING  | backpack_quant_trading.core.binance_monitor:143 | 币安行情 curl 兜底失败: Command '['curl', '-fsSL', '--max-time', '10', '-A', 'Mozilla/5.0', '-x', 'http://127.0.0.1:7891', 'https://fapi.binance.com/fapi/v1/depth?symbol=BTCUSDT&limit=50']' returned non-zero exit status 7.
2026-08-17 11:57:12 | DEBUG    | asyncio:631 | Using proactor: IocpProactor
2026-08-17 11:57:12 | DEBUG    | urllib3.connectionpool:475 | https://zhibo.sina.com.cn:443 "GET /api/zhibo/feed?page=1&page_size=30&zhibo_id=152&tag_id=0&dire=f&dpc=1&pagesize=30&type=1 HTTP/1.1" 200 None
2026-08-17 11:57:12 | DEBUG    | urllib3.connectionpool:1022 | Starting new HTTPS connection (1): news.futunn.com:443
2026-08-17 11:57:13 | DEBUG    | urllib3.connectionpool:475 | https://news.futunn.com:443 "GET /news-site-api/main/get-flash-list?pageSize=40 HTTP/1.1" 200 64457
2026-08-17 11:57:13 | DEBUG    | urllib3.connectionpool:1022 | Starting new HTTPS connection (1): finance.yahoo.com:443
2026-08-17 11:57:14 | WARNING  | backpack_quant_trading.core.binance_monitor:147 | 币安行情 aiohttp 兜底失败: Cannot connect to host 127.0.0.1:7891 ssl:False [远程计算机拒绝网络连接。]
2026-08-17 11:57:14 | DEBUG    | urllib3.connectionpool:1022 | Starting new HTTPS connection (1): fapi.binance.com:443
2026-08-17 11:57:15 | DEBUG    | urllib3.connectionpool:475 | https://finance.yahoo.com:443 "GET / HTTP/1.1" 403 3369
2026-08-17 11:57:15 | DEBUG    | urllib3.connectionpool:1022 | Starting new HTTPS connection (1): query1.finance.yahoo.com:443
2026-08-17 11:57:16 | ERROR    | backpack_quant_trading.core.binance_monitor:364 | 获取币安深度失败 futures BTCUSDT: HTTPSConnectionPool(host='fapi.binance.com', port=443): Max retries exceeded with url: /fapi/v1/depth?symbol=BTCUSDT&limit=50 (Caused by ProxyError('Cannot connect to proxy.', NewConnectionError('<urllib3.connection.HTTPSConnection object at 0x000001435A4D5D10>: Failed to establish a new connection: [WinError 10061] 由于目标计算机积极拒绝，无法连接。')))
2026-08-17 11:57:17 | DEBUG    | urllib3.connectionpool:475 | https://query1.finance.yahoo.com:443 "GET /v1/finance/search?q=NVIDIA&quotesCount=0&newsCount=50&enableFuzzyQuery=false HTTP/1.1" 403 3369
2026-08-17 11:57:17 | DEBUG    | urllib3.connectionpool:1022 | Starting new HTTPS connection (1): query2.finance.yahoo.com:443
2026-08-17 11:57:18 | DEBUG    | urllib3.connectionpool:475 | https://query2.finance.yahoo.com:443 "GET /v1/finance/search?q=NVIDIA&quotesCount=0&newsCount=50&enableFuzzyQuery=false HTTP/1.1" 403 3369
2026-08-17 11:57:19 | DEBUG    | urllib3.connectionpool:291 | Resetting dropped connection: query1.finance.yahoo.com
2026-08-17 11:57:21 | DEBUG    | urllib3.connectionpool:475 | https://query1.finance.yahoo.com:443 "GET /v1/finance/search?q=NVDA&quotesCount=0&newsCount=50&enableFuzzyQuery=false HTTP/1.1" 403 3369
2026-08-17 11:57:21 | DEBUG    | urllib3.connectionpool:291 | Resetting dropped connection: query2.finance.yahoo.com
2026-08-17 11:57:22 | DEBUG    | urllib3.connectionpool:475 | https://query2.finance.yahoo.com:443 "GET /v1/finance/search?q=NVDA&quotesCount=0&newsCount=50&enableFuzzyQuery=false HTTP/1.1" 403 3369
2026-08-17 11:57:25 | DEBUG    | urllib3.connectionpool:291 | Resetting dropped connection: query1.finance.yahoo.com
2026-08-17 11:57:26 | DEBUG    | urllib3.connectionpool:475 | https://query1.finance.yahoo.com:443 "GET /v1/finance/search?q=MICRON&quotesCount=0&newsCount=50&enableFuzzyQuery=false HTTP/1.1" 403 3369
2026-08-17 11:57:26 | DEBUG    | urllib3.connectionpool:291 | Resetting dropped connection: query2.finance.yahoo.com
2026-08-17 11:57:30 | DEBUG    | urllib3.connectionpool:475 | https://query2.finance.yahoo.com:443 "GET /v1/finance/search?q=MICRON&quotesCount=0&newsCount=50&enableFuzzyQuery=false HTTP/1.1" 403 3369
2026-08-17 11:57:32 | DEBUG    | urllib3.connectionpool:291 | Resetting dropped connection: query1.finance.yahoo.com
2026-08-17 11:57:35 | DEBUG    | urllib3.connectionpool:475 | https://query1.finance.yahoo.com:443 "GET /v1/finance/search?q=MU&quotesCount=0&newsCount=50&enableFuzzyQuery=false HTTP/1.1" 403 3369
2026-08-17 11:57:35 | DEBUG    | urllib3.connectionpool:291 | Resetting dropped connection: query2.finance.yahoo.com
2026-08-17 11:57:36 | DEBUG    | urllib3.connectionpool:475 | https://query2.finance.yahoo.com:443 "GET /v1/finance/search?q=MU&quotesCount=0&newsCount=50&enableFuzzyQuery=false HTTP/1.1" 403 3369
2026-08-17 11:57:37 | DEBUG    | urllib3.connectionpool:291 | Resetting dropped connection: query1.finance.yahoo.com
2026-08-17 11:57:38 | DEBUG    | urllib3.connectionpool:475 | https://query1.finance.yahoo.com:443 "GET /v1/finance/search?q=SanDisk&quotesCount=0&newsCount=50&enableFuzzyQuery=false HTTP/1.1" 403 3369
2026-08-17 11:57:38 | DEBUG    | urllib3.connectionpool:291 | Resetting dropped connection: query2.finance.yahoo.com
2026-08-17 11:57:40 | DEBUG    | urllib3.connectionpool:475 | https://query2.finance.yahoo.com:443 "GET /v1/finance/search?q=SanDisk&quotesCount=0&newsCount=50&enableFuzzyQuery=false HTTP/1.1" 403 3369
2026-08-17 11:57:40 | DEBUG    | urllib3.connectionpool:291 | Resetting dropped connection: query1.finance.yahoo.com
2026-08-17 11:57:43 | DEBUG    | urllib3.connectionpool:475 | https://query1.finance.yahoo.com:443 "GET /v1/finance/search?q=SNDK&quotesCount=0&newsCount=50&enableFuzzyQuery=false HTTP/1.1" 403 3369
2026-08-17 11:57:43 | DEBUG    | urllib3.connectionpool:291 | Resetting dropped connection: query2.finance.yahoo.com
2026-08-17 11:57:44 | DEBUG    | urllib3.connectionpool:475 | https://query2.finance.yahoo.com:443 "GET /v1/finance/search?q=SNDK&quotesCount=0&newsCount=50&enableFuzzyQuery=false HTTP/1.1" 403 3369
2026-08-17 11:57:44 | DEBUG    | urllib3.connectionpool:291 | Resetting dropped connection: query1.finance.yahoo.com
2026-08-17 11:57:47 | DEBUG    | urllib3.connectionpool:475 | https://query1.finance.yahoo.com:443 "GET /v1/finance/search?q=INTEL&quotesCount=0&newsCount=50&enableFuzzyQuery=false HTTP/1.1" 403 3369
2026-08-17 11:57:49 | DEBUG    | urllib3.connectionpool:291 | Resetting dropped connection: query2.finance.yahoo.com
2026-08-17 11:57:53 | DEBUG    | urllib3.connectionpool:475 | https://query2.finance.yahoo.com:443 "GET /v1/finance/search?q=INTEL&quotesCount=0&newsCount=50&enableFuzzyQuery=false HTTP/1.1" 403 3369
2026-08-17 11:57:54 | DEBUG    | urllib3.connectionpool:291 | Resetting dropped connection: query1.finance.yahoo.com
2026-08-17 11:57:57 | DEBUG    | urllib3.connectionpool:475 | https://query1.finance.yahoo.com:443 "GET /v1/finance/search?q=INTC&quotesCount=0&newsCount=50&enableFuzzyQuery=false HTTP/1.1" 403 3369
2026-08-17 11:57:57 | DEBUG    | urllib3.connectionpool:291 | Resetting dropped connection: query2.finance.yahoo.com
2026-08-17 11:57:58 | DEBUG    | urllib3.connectionpool:475 | https://query2.finance.yahoo.com:443 "GET /v1/finance/search?q=INTC&quotesCount=0&newsCount=50&enableFuzzyQuery=false HTTP/1.1" 403 3369
2026-08-17 11:57:58 | DEBUG    | urllib3.connectionpool:291 | Resetting dropped connection: finance.yahoo.com
2026-08-17 11:58:01 | DEBUG    | urllib3.connectionpool:475 | https://finance.yahoo.com:443 "POST /xhr/ncp?queryRef=latestNews&serviceKey=ncp_fin HTTP/1.1" 403 3369
2026-08-17 11:58:01 | DEBUG    | urllib3.connectionpool:1022 | Starting new HTTPS connection (1): feeds.finance.yahoo.com:443
2026-08-17 11:58:06 | WARNING  | backpack_quant_trading.core.binance_monitor:143 | 币安行情 curl 兜底失败: Command '['curl', '-fsSL', '--max-time', '15', '-A', 'Mozilla/5.0', '-x', 'http://127.0.0.1:7891', 'https://fapi.binance.com/fapi/v1/klines?symbol=BTCUSDT&interval=1m&limit=2']' returned non-zero exit status 7.
2026-08-17 11:58:06 | DEBUG    | asyncio:631 | Using proactor: IocpProactor
2026-08-17 11:58:06 | DEBUG    | urllib3.connectionpool:1022 | Starting new HTTPS connection (2): feeds.finance.yahoo.com:443
2026-08-17 11:58:08 | WARNING  | backpack_quant_trading.core.binance_monitor:147 | 币安行情 aiohttp 兜底失败: Cannot connect to host 127.0.0.1:7891 ssl:False [远程计算机拒绝网络连接。]
2026-08-17 11:58:08 | DEBUG    | urllib3.connectionpool:1022 | Starting new HTTPS connection (1): fapi.binance.com:443
2026-08-17 11:58:10 | ERROR    | backpack_quant_trading.core.binance_monitor:344 | 获取币安K线失败 futures BTCUSDT 1m: HTTPSConnectionPool(host='fapi.binance.com', port=443): Max retries exceeded with url: /fapi/v1/klines?symbol=BTCUSDT&interval=1m&limit=2 (Caused by ProxyError('Cannot connect to proxy.', NewConnectionError('<urllib3.connection.HTTPSConnection object at 0x000001435A744E10>: Failed to establish a new connection: [WinError 10061] 由于目标计算机积极拒绝，无法连接。')))
2026-08-17 11:58:12 | DEBUG    | urllib3.connectionpool:475 | https://feeds.finance.yahoo.com:443 "GET /rss/2.0/headline?s=NVDA&region=US&lang=en-US HTTP/1.1" 200 3467
2026-08-17 11:58:13 | DEBUG    | urllib3.connectionpool:475 | https://feeds.finance.yahoo.com:443 "GET /rss/2.0/headline?s=MICRON&region=US&lang=en-US HTTP/1.1" 200 394
2026-08-17 11:58:13 | DEBUG    | urllib3.connectionpool:475 | https://feeds.finance.yahoo.com:443 "GET /rss/2.0/headline?s=MU&region=US&lang=en-US HTTP/1.1" 200 2998
2026-08-17 11:58:13 | DEBUG    | backpack_quant_trading.core.stock_news_feeds:795 | [雅虎财经] 直连 Search 获取 25 条
2026-08-17 11:58:13 | INFO     | stock_news_alert:555 | 轮询完成 @ 2026-08-17 03:57:09 | 拉取 213 条 (金十数据=18, 同花顺=20, 东方财富=80, 新浪财经=30, 富途牛牛=40, 雅虎财经=25) | 已推送过 0 | 非最新 0 | 未命中关键词 201 | 非重要快讯 12 | 内容相似去重 0 | 新命中 0 | 待推送 0 | 雅虎搜索词: NVIDIA, NVDA, MICRON, MU, SanDisk, SNDK, INTEL, INTC
2026-08-17 11:58:14 | WARNING  | backpack_quant_trading.core.binance_monitor:143 | 币安行情 curl 兜底失败: Command '['curl', '-fsSL', '--max-time', '10', '-A', 'Mozilla/5.0', '-x', 'http://127.0.0.1:7891', 'https://fapi.binance.com/fapi/v1/depth?symbol=BTCUSDT&limit=50']' returned non-zero exit status 7.
2026-08-17 11:58:14 | DEBUG    | asyncio:631 | Using proactor: IocpProactor
2026-08-17 11:58:16 | WARNING  | backpack_quant_trading.core.binance_monitor:147 | 币安行情 aiohttp 兜底失败: Cannot connect to host 127.0.0.1:7891 ssl:False [远程计算机拒绝网络连接。]
2026-08-17 11:58:16 | DEBUG    | urllib3.connectionpool:1022 | Starting new HTTPS connection (1): fapi.binance.com:443
2026-08-17 11:58:18 | ERROR    | backpack_quant_trading.core.binance_monitor:364 | 获取币安深度失败 futures BTCUSDT: HTTPSConnectionPool(host='fapi.binance.com', port=443): Max retries exceeded with url: /fapi/v1/depth?symbol=BTCUSDT&limit=50 (Caused by ProxyError('Cannot connect to proxy.', NewConnectionError('<urllib3.connection.HTTPSConnection object at 0x000001435A747ED0>: Failed to establish a new connection: [WinError 10061] 由于目标计算机积极拒绝，无法连接。')))
2026-08-17 11:58:43 | DEBUG    | urllib3.connectionpool:1022 | Starting new HTTPS connection (1): flash-api.jin10.com:443
2026-08-17 11:58:44 | DEBUG    | urllib3.connectionpool:475 | https://flash-api.jin10.com:443 "GET /get_flash_list?channel=-8200&vip=1 HTTP/1.1" 200 None
2026-08-17 11:58:44 | DEBUG    | urllib3.connectionpool:1022 | Starting new HTTPS connection (1): news.10jqka.com.cn:443
2026-08-17 11:58:45 | DEBUG    | urllib3.connectionpool:475 | https://news.10jqka.com.cn:443 "GET /tapp/news/push/stock?page=1&tag=&track=website HTTP/1.1" 200 None
2026-08-17 11:58:45 | DEBUG    | urllib3.connectionpool:1022 | Starting new HTTPS connection (1): np-weblist.eastmoney.com:443
2026-08-17 11:58:45 | DEBUG    | urllib3.connectionpool:475 | https://np-weblist.eastmoney.com:443 "GET /comm/web/getFastNewsList?client=web&biz=web_724&fastColumn=102&sortEnd=&pageSize=80&req_trace=1710315450384 HTTP/1.1" 200 None
2026-08-17 11:58:46 | DEBUG    | urllib3.connectionpool:1022 | Starting new HTTPS connection (1): zhibo.sina.com.cn:443
2026-08-17 11:58:47 | DEBUG    | urllib3.connectionpool:475 | https://zhibo.sina.com.cn:443 "GET /api/zhibo/feed?page=1&page_size=30&zhibo_id=152&tag_id=0&dire=f&dpc=1&pagesize=30&type=1 HTTP/1.1" 200 None
2026-08-17 11:58:47 | DEBUG    | urllib3.connectionpool:1022 | Starting new HTTPS connection (1): news.futunn.com:443
2026-08-17 11:58:47 | DEBUG    | urllib3.connectionpool:475 | https://news.futunn.com:443 "GET /news-site-api/main/get-flash-list?pageSize=40 HTTP/1.1" 200 64968
2026-08-17 11:58:47 | DEBUG    | urllib3.connectionpool:1022 | Starting new HTTPS connection (1): finance.yahoo.com:443
2026-08-17 11:58:49 | DEBUG    | urllib3.connectionpool:475 | https://finance.yahoo.com:443 "GET / HTTP/1.1" 403 3369
2026-08-17 11:58:49 | DEBUG    | urllib3.connectionpool:1022 | Starting new HTTPS connection (1): query1.finance.yahoo.com:443
2026-08-17 11:58:51 | DEBUG    | urllib3.connectionpool:475 | https://query1.finance.yahoo.com:443 "GET /v1/finance/search?q=NVIDIA&quotesCount=0&newsCount=50&enableFuzzyQuery=false HTTP/1.1" 403 3369
2026-08-17 11:58:51 | DEBUG    | urllib3.connectionpool:1022 | Starting new HTTPS connection (1): query2.finance.yahoo.com:443
2026-08-17 11:58:53 | DEBUG    | urllib3.connectionpool:475 | https://query2.finance.yahoo.com:443 "GET /v1/finance/search?q=NVIDIA&quotesCount=0&newsCount=50&enableFuzzyQuery=false HTTP/1.1" 403 3369
2026-08-17 11:58:53 | DEBUG    | urllib3.connectionpool:291 | Resetting dropped connection: query1.finance.yahoo.com
2026-08-17 11:58:55 | DEBUG    | urllib3.connectionpool:475 | https://query1.finance.yahoo.com:443 "GET /v1/finance/search?q=NVDA&quotesCount=0&newsCount=50&enableFuzzyQuery=false HTTP/1.1" 403 3369
2026-08-17 11:58:55 | DEBUG    | urllib3.connectionpool:291 | Resetting dropped connection: query2.finance.yahoo.com
2026-08-17 11:58:56 | DEBUG    | urllib3.connectionpool:475 | https://query2.finance.yahoo.com:443 "GET /v1/finance/search?q=NVDA&quotesCount=0&newsCount=50&enableFuzzyQuery=false HTTP/1.1" 403 3369
2026-08-17 11:58:56 | DEBUG    | urllib3.connectionpool:291 | Resetting dropped connection: query1.finance.yahoo.com
2026-08-17 11:58:58 | DEBUG    | urllib3.connectionpool:475 | https://query1.finance.yahoo.com:443 "GET /v1/finance/search?q=MICRON&quotesCount=0&newsCount=50&enableFuzzyQuery=false HTTP/1.1" 403 3369
2026-08-17 11:58:58 | DEBUG    | urllib3.connectionpool:291 | Resetting dropped connection: query2.finance.yahoo.com
2026-08-17 11:59:00 | DEBUG    | urllib3.connectionpool:475 | https://query2.finance.yahoo.com:443 "GET /v1/finance/search?q=MICRON&quotesCount=0&newsCount=50&enableFuzzyQuery=false HTTP/1.1" 403 3369
2026-08-17 11:59:00 | DEBUG    | urllib3.connectionpool:291 | Resetting dropped connection: query1.finance.yahoo.com
2026-08-17 11:59:02 | DEBUG    | urllib3.connectionpool:475 | https://query1.finance.yahoo.com:443 "GET /v1/finance/search?q=MU&quotesCount=0&newsCount=50&enableFuzzyQuery=false HTTP/1.1" 403 3369
2026-08-17 11:59:02 | DEBUG    | urllib3.connectionpool:291 | Resetting dropped connection: query2.finance.yahoo.com
2026-08-17 11:59:04 | WARNING  | backpack_quant_trading.core.binance_monitor:143 | 币安行情 curl 兜底失败: Command '['curl', '-fsSL', '--max-time', '15', '-A', 'Mozilla/5.0', '-x', 'http://127.0.0.1:7891', 'https://fapi.binance.com/fapi/v1/klines?symbol=BTCUSDT&interval=1m&limit=2']' returned non-zero exit status 7.
2026-08-17 11:59:04 | DEBUG    | asyncio:631 | Using proactor: IocpProactor
2026-08-17 11:59:04 | DEBUG    | urllib3.connectionpool:475 | https://query2.finance.yahoo.com:443 "GET /v1/finance/search?q=MU&quotesCount=0&newsCount=50&enableFuzzyQuery=false HTTP/1.1" 403 3369
2026-08-17 11:59:04 | DEBUG    | urllib3.connectionpool:291 | Resetting dropped connection: query1.finance.yahoo.com
2026-08-17 11:59:05 | DEBUG    | urllib3.connectionpool:475 | https://query1.finance.yahoo.com:443 "GET /v1/finance/search?q=SanDisk&quotesCount=0&newsCount=50&enableFuzzyQuery=false HTTP/1.1" 403 3369
2026-08-17 11:59:06 | WARNING  | backpack_quant_trading.core.binance_monitor:147 | 币安行情 aiohttp 兜底失败: Cannot connect to host 127.0.0.1:7891 ssl:False [远程计算机拒绝网络连接。]
2026-08-17 11:59:06 | DEBUG    | urllib3.connectionpool:1022 | Starting new HTTPS connection (1): fapi.binance.com:443
2026-08-17 11:59:08 | ERROR    | backpack_quant_trading.core.binance_monitor:344 | 获取币安K线失败 futures BTCUSDT 1m: HTTPSConnectionPool(host='fapi.binance.com', port=443): Max retries exceeded with url: /fapi/v1/klines?symbol=BTCUSDT&interval=1m&limit=2 (Caused by ProxyError('Cannot connect to proxy.', NewConnectionError('<urllib3.connection.HTTPSConnection object at 0x000001435A746E90>: Failed to establish a new connection: [WinError 10061] 由于目标计算机积极拒绝，无法连接。')))
2026-08-17 11:59:09 | DEBUG    | urllib3.connectionpool:291 | Resetting dropped connection: query2.finance.yahoo.com
2026-08-17 11:59:10 | DEBUG    | urllib3.connectionpool:475 | https://query2.finance.yahoo.com:443 "GET /v1/finance/search?q=SanDisk&quotesCount=0&newsCount=50&enableFuzzyQuery=false HTTP/1.1" 403 3369
2026-08-17 11:59:12 | WARNING  | backpack_quant_trading.core.binance_monitor:143 | 币安行情 curl 兜底失败: Command '['curl', '-fsSL', '--max-time', '10', '-A', 'Mozilla/5.0', '-x', 'http://127.0.0.1:7891', 'https://fapi.binance.com/fapi/v1/depth?symbol=BTCUSDT&limit=50']' returned non-zero exit status 7.
2026-08-17 11:59:12 | DEBUG    | asyncio:631 | Using proactor: IocpProactor
2026-08-17 11:59:14 | WARNING  | backpack_quant_trading.core.binance_monitor:147 | 币安行情 aiohttp 兜底失败: Cannot connect to host 127.0.0.1:7891 ssl:False [远程计算机拒绝网络连接。]
2026-08-17 11:59:14 | DEBUG    | urllib3.connectionpool:1022 | Starting new HTTPS connection (1): fapi.binance.com:443
2026-08-17 11:59:16 | ERROR    | backpack_quant_trading.core.binance_monitor:364 | 获取币安深度失败 futures BTCUSDT: HTTPSConnectionPool(host='fapi.binance.com', port=443): Max retries exceeded with url: /fapi/v1/depth?symbol=BTCUSDT&limit=50 (Caused by ProxyError('Cannot connect to proxy.', NewConnectionError('<urllib3.connection.HTTPSConnection object at 0x000001435A747610>: Failed to establish a new connection: [WinError 10061] 由于目标计算机积极拒绝，无法连接。')))
2026-08-17 11:59:21 | DEBUG    | urllib3.connectionpool:291 | Resetting dropped connection: query1.finance.yahoo.com
2026-08-17 11:59:22 | DEBUG    | urllib3.connectionpool:475 | https://query1.finance.yahoo.com:443 "GET /v1/finance/search?q=SNDK&quotesCount=0&newsCount=50&enableFuzzyQuery=false HTTP/1.1" 403 3369
2026-08-17 11:59:28 | WARNING  | backpack_quant_trading.core.binance_monitor:143 | 币安行情 curl 兜底失败: Command '['curl', '-fsSL', '--max-time', '15', '-A', 'Mozilla/5.0', '-x', 'http://127.0.0.1:7891', 'https://fapi.binance.com/fapi/v1/klines?symbol=0GUSDT&interval=1h&limit=500']' returned non-zero exit status 7.
2026-08-17 11:59:28 | DEBUG    | asyncio:631 | Using proactor: IocpProactor
2026-08-17 11:59:30 | WARNING  | backpack_quant_trading.core.binance_monitor:147 | 币安行情 aiohttp 兜底失败: Cannot connect to host 127.0.0.1:7891 ssl:False [远程计算机拒绝网络连接。]
2026-08-17 11:59:30 | DEBUG    | urllib3.connectionpool:1022 | Starting new HTTPS connection (1): fapi.binance.com:443
2026-08-17 11:59:32 | ERROR    | backpack_quant_trading.core.binance_monitor:344 | 获取币安K线失败 futures 0GUSDT 1h: HTTPSConnectionPool(host='fapi.binance.com', port=443): Max retries exceeded with url: /fapi/v1/klines?symbol=0GUSDT&interval=1h&limit=500 (Caused by ProxyError('Cannot connect to proxy.', NewConnectionError('<urllib3.connection.HTTPSConnection object at 0x000001435A746C10>: Failed to establish a new connection: [WinError 10061] 由于目标计算机积极拒绝，无法连接。')))
2026-08-17 11:59:35 | DEBUG    | urllib3.connectionpool:291 | Resetting dropped connection: query2.finance.yahoo.com
2026-08-17 11:59:36 | WARNING  | backpack_quant_trading.core.binance_monitor:143 | 币安行情 curl 兜底失败: Command '['curl', '-fsSL', '--max-time', '15', '-A', 'Mozilla/5.0', '-x', 'http://127.0.0.1:7891', 'https://fapi.binance.com/fapi/v1/klines?symbol=ETHUSDT&interval=1h&limit=500']' returned non-zero exit status 7.
2026-08-17 11:59:36 | DEBUG    | asyncio:631 | Using proactor: IocpProactor
2026-08-17 11:59:37 | DEBUG    | urllib3.connectionpool:475 | https://query2.finance.yahoo.com:443 "GET /v1/finance/search?q=SNDK&quotesCount=0&newsCount=50&enableFuzzyQuery=false HTTP/1.1" 403 3369
2026-08-17 11:59:37 | DEBUG    | urllib3.connectionpool:291 | Resetting dropped connection: query1.finance.yahoo.com
2026-08-17 11:59:38 | WARNING  | backpack_quant_trading.core.binance_monitor:147 | 币安行情 aiohttp 兜底失败: Cannot connect to host 127.0.0.1:7891 ssl:False [远程计算机拒绝网络连接。]
2026-08-17 11:59:38 | DEBUG    | urllib3.connectionpool:1022 | Starting new HTTPS connection (1): fapi.binance.com:443
2026-08-17 11:59:40 | ERROR    | backpack_quant_trading.core.binance_monitor:344 | 获取币安K线失败 futures ETHUSDT 1h: HTTPSConnectionPool(host='fapi.binance.com', port=443): Max retries exceeded with url: /fapi/v1/klines?symbol=ETHUSDT&interval=1h&limit=500 (Caused by ProxyError('Cannot connect to proxy.', NewConnectionError('<urllib3.connection.HTTPSConnection object at 0x000001435A746210>: Failed to establish a new connection: [WinError 10061] 由于目标计算机积极拒绝，无法连接。')))
2026-08-17 11:59:42 | DEBUG    | urllib3.connectionpool:475 | https://query1.finance.yahoo.com:443 "GET /v1/finance/search?q=INTEL&quotesCount=0&newsCount=50&enableFuzzyQuery=false HTTP/1.1" 403 3369
2026-08-17 11:59:42 | DEBUG    | urllib3.connectionpool:291 | Resetting dropped connection: query2.finance.yahoo.com
2026-08-17 11:59:44 | DEBUG    | urllib3.connectionpool:475 | https://query2.finance.yahoo.com:443 "GET /v1/finance/search?q=INTEL&quotesCount=0&newsCount=50&enableFuzzyQuery=false HTTP/1.1" 403 3369
2026-08-17 11:59:44 | DEBUG    | urllib3.connectionpool:291 | Resetting dropped connection: query1.finance.yahoo.com
2026-08-17 11:59:44 | WARNING  | backpack_quant_trading.core.binance_monitor:143 | 币安行情 curl 兜底失败: Command '['curl', '-fsSL', '--max-time', '15', '-A', 'Mozilla/5.0', '-x', 'http://127.0.0.1:7891', 'https://fapi.binance.com/fapi/v1/klines?symbol=1000000BOBUSDT&interval=2h&limit=500']' returned non-zero exit status 7.
2026-08-17 11:59:44 | DEBUG    | asyncio:631 | Using proactor: IocpProactor
2026-08-17 11:59:45 | DEBUG    | urllib3.connectionpool:475 | https://query1.finance.yahoo.com:443 "GET /v1/finance/search?q=INTC&quotesCount=0&newsCount=50&enableFuzzyQuery=false HTTP/1.1" 403 3369
2026-08-17 11:59:45 | DEBUG    | urllib3.connectionpool:291 | Resetting dropped connection: query2.finance.yahoo.com
2026-08-17 11:59:46 | WARNING  | backpack_quant_trading.core.binance_monitor:147 | 币安行情 aiohttp 兜底失败: Cannot connect to host 127.0.0.1:7891 ssl:False [远程计算机拒绝网络连接。]
2026-08-17 11:59:46 | DEBUG    | urllib3.connectionpool:1022 | Starting new HTTPS connection (1): fapi.binance.com:443
2026-08-17 11:59:47 | DEBUG    | urllib3.connectionpool:475 | https://query2.finance.yahoo.com:443 "GET /v1/finance/search?q=INTC&quotesCount=0&newsCount=50&enableFuzzyQuery=false HTTP/1.1" 403 3369
2026-08-17 11:59:47 | DEBUG    | urllib3.connectionpool:291 | Resetting dropped connection: finance.yahoo.com
2026-08-17 11:59:48 | ERROR    | backpack_quant_trading.core.binance_monitor:344 | 获取币安K线失败 futures 1000000BOBUSDT 2h: HTTPSConnectionPool(host='fapi.binance.com', port=443): Max retries exceeded with url: /fapi/v1/klines?symbol=1000000BOBUSDT&interval=2h&limit=500 (Caused by ProxyError('Cannot connect to proxy.', NewConnectionError('<urllib3.connection.HTTPSConnection object at 0x000001435A745810>: Failed to establish a new connection: [WinError 10061] 由于目标计算机积极拒绝，无法连接。')))
2026-08-17 11:59:52 | DEBUG    | urllib3.connectionpool:475 | https://finance.yahoo.com:443 "POST /xhr/ncp?queryRef=latestNews&serviceKey=ncp_fin HTTP/1.1" 403 3369
2026-08-17 11:59:52 | DEBUG    | urllib3.connectionpool:1022 | Starting new HTTPS connection (1): feeds.finance.yahoo.com:443
2026-08-17 11:59:53 | WARNING  | backpack_quant_trading.core.binance_monitor:143 | 币安行情 curl 兜底失败: Command '['curl', '-fsSL', '--max-time', '15', '-A', 'Mozilla/5.0', '-x', 'http://127.0.0.1:7891', 'https://fapi.binance.com/fapi/v1/klines?symbol=ETHUSDT&interval=2h&limit=500']' returned non-zero exit status 7.
2026-08-17 11:59:53 | DEBUG    | asyncio:631 | Using proactor: IocpProactor
2026-08-17 11:59:54 | DEBUG    | urllib3.connectionpool:475 | https://feeds.finance.yahoo.com:443 "GET /rss/2.0/headline?s=NVIDIA&region=US&lang=en-US HTTP/1.1" 200 394
2026-08-17 11:59:55 | DEBUG    | urllib3.connectionpool:475 | https://feeds.finance.yahoo.com:443 "GET /rss/2.0/headline?s=NVDA&region=US&lang=en-US HTTP/1.1" 200 3467
2026-08-17 11:59:55 | WARNING  | backpack_quant_trading.core.binance_monitor:147 | 币安行情 aiohttp 兜底失败: Cannot connect to host 127.0.0.1:7891 ssl:False [远程计算机拒绝网络连接。]
2026-08-17 11:59:55 | DEBUG    | urllib3.connectionpool:1022 | Starting new HTTPS connection (1): fapi.binance.com:443
2026-08-17 11:59:55 | DEBUG    | urllib3.connectionpool:475 | https://feeds.finance.yahoo.com:443 "GET /rss/2.0/headline?s=MICRON&region=US&lang=en-US HTTP/1.1" 200 394
2026-08-17 11:59:57 | ERROR    | backpack_quant_trading.core.binance_monitor:344 | 获取币安K线失败 futures ETHUSDT 2h: HTTPSConnectionPool(host='fapi.binance.com', port=443): Max retries exceeded with url: /fapi/v1/klines?symbol=ETHUSDT&interval=2h&limit=500 (Caused by ProxyError('Cannot connect to proxy.', NewConnectionError('<urllib3.connection.HTTPSConnection object at 0x000001435A745A90>: Failed to establish a new connection: [WinError 10061] 由于目标计算机积极拒绝，无法连接。')))
2026-08-17 11:59:57 | DEBUG    | urllib3.connectionpool:475 | https://feeds.finance.yahoo.com:443 "GET /rss/2.0/headline?s=MU&region=US&lang=en-US HTTP/1.1" 200 5076
2026-08-17 11:59:58 | DEBUG    | backpack_quant_trading.core.stock_news_feeds:795 | [雅虎财经] 直连 Search 获取 34 条
2026-08-17 11:59:58 | INFO     | stock_news_alert:555 | 轮询完成 @ 2026-08-17 03:58:43 | 拉取 222 条 (金十数据=18, 同花顺=20, 东方财富=80, 新浪财经=30, 富途牛牛=40, 雅虎财经=34) | 已推送过 0 | 非最新 0 | 未命中关键词 205 | 非重要快讯 17 | 内容相似去重 0 | 新命中 0 | 待推送 0 | 雅虎搜索词: NVIDIA, NVDA, MICRON, MU, SanDisk, SNDK, INTEL, INTC
2026-08-17 12:00:01 | WARNING  | backpack_quant_trading.core.binance_monitor:143 | 币安行情 curl 兜底失败: Command '['curl', '-fsSL', '--max-time', '15', '-A', 'Mozilla/5.0', '-x', 'http://127.0.0.1:7891', 'https://fapi.binance.com/fapi/v1/klines?symbol=1000000BOBUSDT&interval=4h&limit=500']' returned non-zero exit status 7.
2026-08-17 12:00:01 | DEBUG    | asyncio:631 | Using proactor: IocpProactor
2026-08-17 12:00:03 | WARNING  | backpack_quant_trading.core.binance_monitor:147 | 币安行情 aiohttp 兜底失败: Cannot connect to host 127.0.0.1:7891 ssl:False [远程计算机拒绝网络连接。]
2026-08-17 12:00:03 | DEBUG    | urllib3.connectionpool:1022 | Starting new HTTPS connection (1): fapi.binance.com:443
2026-08-17 12:00:05 | WARNING  | backpack_quant_trading.core.binance_monitor:143 | 币安行情 curl 兜底失败: Command '['curl', '-fsSL', '--max-time', '15', '-A', 'Mozilla/5.0', '-x', 'http://127.0.0.1:7891', 'https://fapi.binance.com/fapi/v1/klines?symbol=BTCUSDT&interval=1m&limit=2']' returned non-zero exit status 7.
2026-08-17 12:00:05 | DEBUG    | asyncio:631 | Using proactor: IocpProactor
2026-08-17 12:00:05 | ERROR    | backpack_quant_trading.core.binance_monitor:344 | 获取币安K线失败 futures 1000000BOBUSDT 4h: HTTPSConnectionPool(host='fapi.binance.com', port=443): Max retries exceeded with url: /fapi/v1/klines?symbol=1000000BOBUSDT&interval=4h&limit=500 (Caused by ProxyError('Cannot connect to proxy.', NewConnectionError('<urllib3.connection.HTTPSConnection object at 0x000001435A746850>: Failed to establish a new connection: [WinError 10061] 由于目标计算机积极拒绝，无法连接。')))
2026-08-17 12:00:07 | WARNING  | backpack_quant_trading.core.binance_monitor:147 | 币安行情 aiohttp 兜底失败: Cannot connect to host 127.0.0.1:7891 ssl:False [远程计算机拒绝网络连接。]
2026-08-17 12:00:07 | DEBUG    | urllib3.connectionpool:1022 | Starting new HTTPS connection (1): fapi.binance.com:443
2026-08-17 12:00:09 | ERROR    | backpack_quant_trading.core.binance_monitor:344 | 获取币安K线失败 futures BTCUSDT 1m: HTTPSConnectionPool(host='fapi.binance.com', port=443): Max retries exceeded with url: /fapi/v1/klines?symbol=BTCUSDT&interval=1m&limit=2 (Caused by ProxyError('Cannot connect to proxy.', NewConnectionError('<urllib3.connection.HTTPSConnection object at 0x000001435885A850>: Failed to establish a new connection: [WinError 10061] 由于目标计算机积极拒绝，无法连接。')))
2026-08-17 12:00:10 | WARNING  | backpack_quant_trading.core.binance_monitor:143 | 币安行情 curl 兜底失败: Command '['curl', '-fsSL', '--max-time', '15', '-A', 'Mozilla/5.0', '-x', 'http://127.0.0.1:7891', 'https://fapi.binance.com/fapi/v1/klines?symbol=ETHUSDT&interval=4h&limit=500']' returned non-zero exit status 7.
2026-08-17 12:00:10 | DEBUG    | asyncio:631 | Using proactor: IocpProactor
2026-08-17 12:00:12 | WARNING  | backpack_quant_trading.core.binance_monitor:147 | 币安行情 aiohttp 兜底失败: Cannot connect to host 127.0.0.1:7891 ssl:False [远程计算机拒绝网络连接。]
2026-08-17 12:00:12 | DEBUG    | urllib3.connectionpool:1022 | Starting new HTTPS connection (1): fapi.binance.com:443
2026-08-17 12:00:14 | ERROR    | backpack_quant_trading.core.binance_monitor:344 | 获取币安K线失败 futures ETHUSDT 4h: HTTPSConnectionPool(host='fapi.binance.com', port=443): Max retries exceeded with url: /fapi/v1/klines?symbol=ETHUSDT&interval=4h&limit=500 (Caused by ProxyError('Cannot connect to proxy.', NewConnectionError('<urllib3.connection.HTTPSConnection object at 0x000001435885AFD0>: Failed to establish a new connection: [WinError 10061] 由于目标计算机积极拒绝，无法连接。')))
2026-08-17 12:00:16 | WARNING  | backpack_quant_trading.core.binance_monitor:143 | 币安行情 curl 兜底失败: Command '['curl', '-fsSL', '--max-time', '10', '-A', 'Mozilla/5.0', '-x', 'http://127.0.0.1:7891', 'https://fapi.binance.com/fapi/v1/depth?symbol=BTCUSDT&limit=50']' returned non-zero exit status 7.
2026-08-17 12:00:16 | DEBUG    | asyncio:631 | Using proactor: IocpProactor
2026-08-17 12:00:18 | WARNING  | backpack_quant_trading.core.binance_monitor:147 | 币安行情 aiohttp 兜底失败: Cannot connect to host 127.0.0.1:7891 ssl:False [远程计算机拒绝网络连接。]
2026-08-17 12:00:18 | DEBUG    | urllib3.connectionpool:1022 | Starting new HTTPS connection (1): fapi.binance.com:443
2026-08-17 12:00:20 | ERROR    | backpack_quant_trading.core.binance_monitor:364 | 获取币安深度失败 futures BTCUSDT: HTTPSConnectionPool(host='fapi.binance.com', port=443): Max retries exceeded with url: /fapi/v1/depth?symbol=BTCUSDT&limit=50 (Caused by ProxyError('Cannot connect to proxy.', NewConnectionError('<urllib3.connection.HTTPSConnection object at 0x000001435A4D6990>: Failed to establish a new connection: [WinError 10061] 由于目标计算机积极拒绝，无法连接。')))
2026-08-17 12:00:28 | DEBUG    | urllib3.connectionpool:1022 | Starting new HTTPS connection (1): flash-api.jin10.com:443
2026-08-17 12:00:29 | DEBUG    | urllib3.connectionpool:475 | https://flash-api.jin10.com:443 "GET /get_flash_list?channel=-8200&vip=1 HTTP/1.1" 200 None
2026-08-17 12:00:29 | DEBUG    | urllib3.connectionpool:1022 | Starting new HTTPS connection (1): news.10jqka.com.cn:443
2026-08-17 12:00:30 | DEBUG    | urllib3.connectionpool:475 | https://news.10jqka.com.cn:443 "GET /tapp/news/push/stock?page=1&tag=&track=website HTTP/1.1" 200 None
2026-08-17 12:00:30 | DEBUG    | urllib3.connectionpool:1022 | Starting new HTTPS connection (1): np-weblist.eastmoney.com:443
2026-08-17 12:00:31 | DEBUG    | urllib3.connectionpool:475 | https://np-weblist.eastmoney.com:443 "GET /comm/web/getFastNewsList?client=web&biz=web_724&fastColumn=102&sortEnd=&pageSize=80&req_trace=1710315450384 HTTP/1.1" 200 None
2026-08-17 12:00:31 | DEBUG    | urllib3.connectionpool:1022 | Starting new HTTPS connection (1): zhibo.sina.com.cn:443
2026-08-17 12:00:31 | DEBUG    | urllib3.connectionpool:475 | https://zhibo.sina.com.cn:443 "GET /api/zhibo/feed?page=1&page_size=30&zhibo_id=152&tag_id=0&dire=f&dpc=1&pagesize=30&type=1 HTTP/1.1" 200 None
2026-08-17 12:00:31 | DEBUG    | urllib3.connectionpool:1022 | Starting new HTTPS connection (1): news.futunn.com:443
2026-08-17 12:00:32 | DEBUG    | urllib3.connectionpool:475 | https://news.futunn.com:443 "GET /news-site-api/main/get-flash-list?pageSize=40 HTTP/1.1" 200 65393
2026-08-17 12:00:32 | DEBUG    | urllib3.connectionpool:1022 | Starting new HTTPS connection (1): finance.yahoo.com:443
2026-08-17 12:00:34 | DEBUG    | urllib3.connectionpool:475 | https://finance.yahoo.com:443 "GET / HTTP/1.1" 403 3369
2026-08-17 12:00:38 | DEBUG    | urllib3.connectionpool:1022 | Starting new HTTPS connection (1): query1.finance.yahoo.com:443
2026-08-17 12:00:40 | DEBUG    | urllib3.connectionpool:475 | https://query1.finance.yahoo.com:443 "GET /v1/finance/search?q=NVIDIA&quotesCount=0&newsCount=50&enableFuzzyQuery=false HTTP/1.1" 403 3369
2026-08-17 12:00:42 | DEBUG    | urllib3.connectionpool:1022 | Starting new HTTPS connection (1): query2.finance.yahoo.com:443
2026-08-17 12:00:44 | DEBUG    | urllib3.connectionpool:475 | https://query2.finance.yahoo.com:443 "GET /v1/finance/search?q=NVIDIA&quotesCount=0&newsCount=50&enableFuzzyQuery=false HTTP/1.1" 403 3369
2026-08-17 12:00:44 | DEBUG    | urllib3.connectionpool:291 | Resetting dropped connection: query1.finance.yahoo.com
2026-08-17 12:00:49 | DEBUG    | urllib3.connectionpool:475 | https://query1.finance.yahoo.com:443 "GET /v1/finance/search?q=NVDA&quotesCount=0&newsCount=50&enableFuzzyQuery=false HTTP/1.1" 403 3369
2026-08-17 12:00:49 | DEBUG    | urllib3.connectionpool:291 | Resetting dropped connection: query2.finance.yahoo.com
2026-08-17 12:00:53 | DEBUG    | urllib3.connectionpool:475 | https://query2.finance.yahoo.com:443 "GET /v1/finance/search?q=NVDA&quotesCount=0&newsCount=50&enableFuzzyQuery=false HTTP/1.1" 403 3369
2026-08-17 12:00:53 | DEBUG    | urllib3.connectionpool:291 | Resetting dropped connection: query1.finance.yahoo.com
2026-08-17 12:00:58 | DEBUG    | urllib3.connectionpool:475 | https://query1.finance.yahoo.com:443 "GET /v1/finance/search?q=MICRON&quotesCount=0&newsCount=50&enableFuzzyQuery=false HTTP/1.1" 403 3369
2026-08-17 12:00:58 | DEBUG    | urllib3.connectionpool:291 | Resetting dropped connection: query2.finance.yahoo.com
2026-08-17 12:01:00 | DEBUG    | urllib3.connectionpool:475 | https://query2.finance.yahoo.com:443 "GET /v1/finance/search?q=MICRON&quotesCount=0&newsCount=50&enableFuzzyQuery=false HTTP/1.1" 403 3369
2026-08-17 12:01:00 | DEBUG    | urllib3.connectionpool:291 | Resetting dropped connection: query1.finance.yahoo.com
2026-08-17 12:01:02 | DEBUG    | urllib3.connectionpool:475 | https://query1.finance.yahoo.com:443 "GET /v1/finance/search?q=MU&quotesCount=0&newsCount=50&enableFuzzyQuery=false HTTP/1.1" 403 3369
2026-08-17 12:01:02 | DEBUG    | urllib3.connectionpool:291 | Resetting dropped connection: query2.finance.yahoo.com
2026-08-17 12:01:04 | WARNING  | backpack_quant_trading.core.binance_monitor:143 | 币安行情 curl 兜底失败: Command '['curl', '-fsSL', '--max-time', '15', '-A', 'Mozilla/5.0', '-x', 'http://127.0.0.1:7891', 'https://fapi.binance.com/fapi/v1/klines?symbol=BTCUSDT&interval=1m&limit=2']' returned non-zero exit status 7.
2026-08-17 12:01:04 | DEBUG    | asyncio:631 | Using proactor: IocpProactor
2026-08-17 12:01:04 | DEBUG    | urllib3.connectionpool:475 | https://query2.finance.yahoo.com:443 "GET /v1/finance/search?q=MU&quotesCount=0&newsCount=50&enableFuzzyQuery=false HTTP/1.1" 403 3369
2026-08-17 12:01:04 | DEBUG    | urllib3.connectionpool:291 | Resetting dropped connection: query1.finance.yahoo.com
2026-08-17 12:01:06 | WARNING  | backpack_quant_trading.core.binance_monitor:147 | 币安行情 aiohttp 兜底失败: Cannot connect to host 127.0.0.1:7891 ssl:False [远程计算机拒绝网络连接。]
2026-08-17 12:01:06 | DEBUG    | urllib3.connectionpool:1022 | Starting new HTTPS connection (1): fapi.binance.com:443
2026-08-17 12:01:06 | DEBUG    | urllib3.connectionpool:475 | https://query1.finance.yahoo.com:443 "GET /v1/finance/search?q=SanDisk&quotesCount=0&newsCount=50&enableFuzzyQuery=false HTTP/1.1" 403 3369
2026-08-17 12:01:06 | DEBUG    | urllib3.connectionpool:291 | Resetting dropped connection: query2.finance.yahoo.com
2026-08-17 12:01:07 | DEBUG    | urllib3.connectionpool:475 | https://query2.finance.yahoo.com:443 "GET /v1/finance/search?q=SanDisk&quotesCount=0&newsCount=50&enableFuzzyQuery=false HTTP/1.1" 403 3369
2026-08-17 12:01:07 | DEBUG    | urllib3.connectionpool:291 | Resetting dropped connection: query1.finance.yahoo.com
2026-08-17 12:01:08 | ERROR    | backpack_quant_trading.core.binance_monitor:344 | 获取币安K线失败 futures BTCUSDT 1m: HTTPSConnectionPool(host='fapi.binance.com', port=443): Max retries exceeded with url: /fapi/v1/klines?symbol=BTCUSDT&interval=1m&limit=2 (Caused by ProxyError('Cannot connect to proxy.', NewConnectionError('<urllib3.connection.HTTPSConnection object at 0x000001435A745090>: Failed to establish a new connection: [WinError 10061] 由于目标计算机积极拒绝，无法连接。')))
2026-08-17 12:01:11 | DEBUG    | urllib3.connectionpool:475 | https://query1.finance.yahoo.com:443 "GET /v1/finance/search?q=SNDK&quotesCount=0&newsCount=50&enableFuzzyQuery=false HTTP/1.1" 403 3369
2026-08-17 12:01:11 | DEBUG    | urllib3.connectionpool:291 | Resetting dropped connection: query2.finance.yahoo.com
2026-08-17 12:01:12 | WARNING  | backpack_quant_trading.core.binance_monitor:143 | 币安行情 curl 兜底失败: Command '['curl', '-fsSL', '--max-time', '10', '-A', 'Mozilla/5.0', '-x', 'http://127.0.0.1:7891', 'https://fapi.binance.com/fapi/v1/depth?symbol=BTCUSDT&limit=50']' returned non-zero exit status 7.
2026-08-17 12:01:12 | DEBUG    | asyncio:631 | Using proactor: IocpProactor
2026-08-17 12:01:14 | WARNING  | backpack_quant_trading.core.binance_monitor:147 | 币安行情 aiohttp 兜底失败: Cannot connect to host 127.0.0.1:7891 ssl:False [远程计算机拒绝网络连接。]
2026-08-17 12:01:14 | DEBUG    | urllib3.connectionpool:1022 | Starting new HTTPS connection (1): fapi.binance.com:443
2026-08-17 12:01:16 | DEBUG    | urllib3.connectionpool:291 | Resetting dropped connection: query1.finance.yahoo.com
2026-08-17 12:01:16 | ERROR    | backpack_quant_trading.core.binance_monitor:364 | 获取币安深度失败 futures BTCUSDT: HTTPSConnectionPool(host='fapi.binance.com', port=443): Max retries exceeded with url: /fapi/v1/depth?symbol=BTCUSDT&limit=50 (Caused by ProxyError('Cannot connect to proxy.', NewConnectionError('<urllib3.connection.HTTPSConnection object at 0x000001435A746C10>: Failed to establish a new connection: [WinError 10061] 由于目标计算机积极拒绝，无法连接。')))
2026-08-17 12:01:21 | DEBUG    | urllib3.connectionpool:475 | https://query1.finance.yahoo.com:443 "GET /v1/finance/search?q=INTEL&quotesCount=0&newsCount=50&enableFuzzyQuery=false HTTP/1.1" 403 3369
2026-08-17 12:01:23 | DEBUG    | urllib3.connectionpool:1022 | Starting new HTTPS connection (2): query2.finance.yahoo.com:443
2026-08-17 12:01:28 | DEBUG    | urllib3.connectionpool:475 | https://query2.finance.yahoo.com:443 "GET /v1/finance/search?q=INTEL&quotesCount=0&newsCount=50&enableFuzzyQuery=false HTTP/1.1" 403 3369
2026-08-17 12:01:28 | DEBUG    | urllib3.connectionpool:291 | Resetting dropped connection: query1.finance.yahoo.com
2026-08-17 12:01:35 | DEBUG    | urllib3.connectionpool:475 | https://query1.finance.yahoo.com:443 "GET /v1/finance/search?q=INTC&quotesCount=0&newsCount=50&enableFuzzyQuery=false HTTP/1.1" 403 3369
2026-08-17 12:01:35 | DEBUG    | urllib3.connectionpool:291 | Resetting dropped connection: query2.finance.yahoo.com
2026-08-17 12:01:37 | DEBUG    | urllib3.connectionpool:475 | https://query2.finance.yahoo.com:443 "GET /v1/finance/search?q=INTC&quotesCount=0&newsCount=50&enableFuzzyQuery=false HTTP/1.1" 403 3369
2026-08-17 12:01:37 | DEBUG    | urllib3.connectionpool:291 | Resetting dropped connection: finance.yahoo.com
2026-08-17 12:01:40 | DEBUG    | urllib3.connectionpool:475 | https://finance.yahoo.com:443 "POST /xhr/ncp?queryRef=latestNews&serviceKey=ncp_fin HTTP/1.1" 403 3369
2026-08-17 12:01:40 | DEBUG    | urllib3.connectionpool:1022 | Starting new HTTPS connection (1): feeds.finance.yahoo.com:443
2026-08-17 12:01:42 | DEBUG    | urllib3.connectionpool:475 | https://feeds.finance.yahoo.com:443 "GET /rss/2.0/headline?s=NVIDIA&region=US&lang=en-US HTTP/1.1" 200 394
2026-08-17 12:01:43 | DEBUG    | urllib3.connectionpool:475 | https://feeds.finance.yahoo.com:443 "GET /rss/2.0/headline?s=NVDA&region=US&lang=en-US HTTP/1.1" 200 3469
2026-08-17 12:01:44 | DEBUG    | urllib3.connectionpool:475 | https://feeds.finance.yahoo.com:443 "GET /rss/2.0/headline?s=MICRON&region=US&lang=en-US HTTP/1.1" 200 394
2026-08-17 12:01:44 | DEBUG    | urllib3.connectionpool:475 | https://feeds.finance.yahoo.com:443 "GET /rss/2.0/headline?s=MU&region=US&lang=en-US HTTP/1.1" 200 2998
2026-08-17 12:01:44 | DEBUG    | backpack_quant_trading.core.stock_news_feeds:795 | [雅虎财经] 直连 Search 获取 25 条
2026-08-17 12:01:44 | INFO     | stock_news_alert:555 | 轮询完成 @ 2026-08-17 04:00:28 | 拉取 213 条 (金十数据=18, 同花顺=20, 东方财富=80, 新浪财经=30, 富途牛牛=40, 雅虎财经=25) | 已推送过 0 | 非最新 0 | 未命中关键词 201 | 非重要快讯 12 | 内容相似去重 0 | 新命中 0 | 待推送 0 | 雅虎搜索词: NVIDIA, NVDA, MICRON, MU, SanDisk, SNDK, INTEL, INTC
2026-08-17 12:02:04 | WARNING  | backpack_quant_trading.core.binance_monitor:143 | 币安行情 curl 兜底失败: Command '['curl', '-fsSL', '--max-time', '15', '-A', 'Mozilla/5.0', '-x', 'http://127.0.0.1:7891', 'https://fapi.binance.com/fapi/v1/klines?symbol=BTCUSDT&interval=1m&limit=2']' returned non-zero exit status 7.
2026-08-17 12:02:04 | DEBUG    | asyncio:631 | Using proactor: IocpProactor
2026-08-17 12:02:06 | WARNING  | backpack_quant_trading.core.binance_monitor:147 | 币安行情 aiohttp 兜底失败: Cannot connect to host 127.0.0.1:7891 ssl:False [远程计算机拒绝网络连接。]
2026-08-17 12:02:06 | DEBUG    | urllib3.connectionpool:1022 | Starting new HTTPS connection (1): fapi.binance.com:443
2026-08-17 12:02:08 | ERROR    | backpack_quant_trading.core.binance_monitor:344 | 获取币安K线失败 futures BTCUSDT 1m: HTTPSConnectionPool(host='fapi.binance.com', port=443): Max retries exceeded with url: /fapi/v1/klines?symbol=BTCUSDT&interval=1m&limit=2 (Caused by ProxyError('Cannot connect to proxy.', NewConnectionError('<urllib3.connection.HTTPSConnection object at 0x000001435A746710>: Failed to establish a new connection: [WinError 10061] 由于目标计算机积极拒绝，无法连接。')))
2026-08-17 12:02:12 | WARNING  | backpack_quant_trading.core.binance_monitor:143 | 币安行情 curl 兜底失败: Command '['curl', '-fsSL', '--max-time', '10', '-A', 'Mozilla/5.0', '-x', 'http://127.0.0.1:7891', 'https://fapi.binance.com/fapi/v1/depth?symbol=BTCUSDT&limit=50']' returned non-zero exit status 7.
2026-08-17 12:02:12 | DEBUG    | asyncio:631 | Using proactor: IocpProactor
2026-08-17 12:02:14 | WARNING  | backpack_quant_trading.core.binance_monitor:147 | 币安行情 aiohttp 兜底失败: Cannot connect to host 127.0.0.1:7891 ssl:False [远程计算机拒绝网络连接。]
2026-08-17 12:02:14 | DEBUG    | urllib3.connectionpool:1022 | Starting new HTTPS connection (1): fapi.binance.com:443
2026-08-17 12:02:14 | DEBUG    | urllib3.connectionpool:1022 | Starting new HTTPS connection (1): flash-api.jin10.com:443
2026-08-17 12:02:15 | DEBUG    | urllib3.connectionpool:475 | https://flash-api.jin10.com:443 "GET /get_flash_list?channel=-8200&vip=1 HTTP/1.1" 200 None
2026-08-17 12:02:15 | DEBUG    | urllib3.connectionpool:1022 | Starting new HTTPS connection (1): news.10jqka.com.cn:443
2026-08-17 12:02:16 | DEBUG    | urllib3.connectionpool:475 | https://news.10jqka.com.cn:443 "GET /tapp/news/push/stock?page=1&tag=&track=website HTTP/1.1" 200 None
2026-08-17 12:02:16 | DEBUG    | urllib3.connectionpool:1022 | Starting new HTTPS connection (1): np-weblist.eastmoney.com:443
2026-08-17 12:02:16 | ERROR    | backpack_quant_trading.core.binance_monitor:364 | 获取币安深度失败 futures BTCUSDT: HTTPSConnectionPool(host='fapi.binance.com', port=443): Max retries exceeded with url: /fapi/v1/depth?symbol=BTCUSDT&limit=50 (Caused by ProxyError('Cannot connect to proxy.', NewConnectionError('<urllib3.connection.HTTPSConnection object at 0x000001435A745810>: Failed to establish a new connection: [WinError 10061] 由于目标计算机积极拒绝，无法连接。')))
2026-08-17 12:02:16 | DEBUG    | urllib3.connectionpool:475 | https://np-weblist.eastmoney.com:443 "GET /comm/web/getFastNewsList?client=web&biz=web_724&fastColumn=102&sortEnd=&pageSize=80&req_trace=1710315450384 HTTP/1.1" 200 None
2026-08-17 12:02:16 | DEBUG    | urllib3.connectionpool:1022 | Starting new HTTPS connection (1): zhibo.sina.com.cn:443
2026-08-17 12:02:17 | DEBUG    | urllib3.connectionpool:475 | https://zhibo.sina.com.cn:443 "GET /api/zhibo/feed?page=1&page_size=30&zhibo_id=152&tag_id=0&dire=f&dpc=1&pagesize=30&type=1 HTTP/1.1" 200 None
2026-08-17 12:02:17 | DEBUG    | urllib3.connectionpool:1022 | Starting new HTTPS connection (1): news.futunn.com:443
2026-08-17 12:02:18 | DEBUG    | urllib3.connectionpool:475 | https://news.futunn.com:443 "GET /news-site-api/main/get-flash-list?pageSize=40 HTTP/1.1" 200 64331
2026-08-17 12:02:18 | DEBUG    | urllib3.connectionpool:1022 | Starting new HTTPS connection (1): finance.yahoo.com:443
2026-08-17 12:02:20 | DEBUG    | urllib3.connectionpool:475 | https://finance.yahoo.com:443 "GET / HTTP/1.1" 403 3369
2026-08-17 12:02:20 | DEBUG    | urllib3.connectionpool:1022 | Starting new HTTPS connection (1): query1.finance.yahoo.com:443
2026-08-17 12:02:22 | DEBUG    | urllib3.connectionpool:475 | https://query1.finance.yahoo.com:443 "GET /v1/finance/search?q=NVIDIA&quotesCount=0&newsCount=50&enableFuzzyQuery=false HTTP/1.1" 403 3369
2026-08-17 12:02:27 | DEBUG    | urllib3.connectionpool:1022 | Starting new HTTPS connection (1): query2.finance.yahoo.com:443
2026-08-17 12:02:29 | DEBUG    | urllib3.connectionpool:475 | https://query2.finance.yahoo.com:443 "GET /v1/finance/search?q=NVIDIA&quotesCount=0&newsCount=50&enableFuzzyQuery=false HTTP/1.1" 403 3369
2026-08-17 12:02:29 | DEBUG    | urllib3.connectionpool:291 | Resetting dropped connection: query1.finance.yahoo.com
2026-08-17 12:02:35 | DEBUG    | urllib3.connectionpool:475 | https://query1.finance.yahoo.com:443 "GET /v1/finance/search?q=NVDA&quotesCount=0&newsCount=50&enableFuzzyQuery=false HTTP/1.1" 403 3369
2026-08-17 12:02:37 | DEBUG    | urllib3.connectionpool:291 | Resetting dropped connection: query2.finance.yahoo.com
2026-08-17 12:02:39 | DEBUG    | urllib3.connectionpool:475 | https://query2.finance.yahoo.com:443 "GET /v1/finance/search?q=NVDA&quotesCount=0&newsCount=50&enableFuzzyQuery=false HTTP/1.1" 403 3369
2026-08-17 12:02:39 | DEBUG    | urllib3.connectionpool:291 | Resetting dropped connection: query1.finance.yahoo.com
2026-08-17 12:02:41 | DEBUG    | urllib3.connectionpool:475 | https://query1.finance.yahoo.com:443 "GET /v1/finance/search?q=MICRON&quotesCount=0&newsCount=50&enableFuzzyQuery=false HTTP/1.1" 403 3369
2026-08-17 12:02:41 | DEBUG    | urllib3.connectionpool:291 | Resetting dropped connection: query2.finance.yahoo.com
2026-08-17 12:02:43 | DEBUG    | urllib3.connectionpool:475 | https://query2.finance.yahoo.com:443 "GET /v1/finance/search?q=MICRON&quotesCount=0&newsCount=50&enableFuzzyQuery=false HTTP/1.1" 403 3369
2026-08-17 12:02:43 | DEBUG    | urllib3.connectionpool:291 | Resetting dropped connection: query1.finance.yahoo.com
2026-08-17 12:02:47 | DEBUG    | urllib3.connectionpool:475 | https://query1.finance.yahoo.com:443 "GET /v1/finance/search?q=MU&quotesCount=0&newsCount=50&enableFuzzyQuery=false HTTP/1.1" 403 3369
2026-08-17 12:02:48 | DEBUG    | urllib3.connectionpool:291 | Resetting dropped connection: query2.finance.yahoo.com
2026-08-17 12:02:52 | DEBUG    | urllib3.connectionpool:475 | https://query2.finance.yahoo.com:443 "GET /v1/finance/search?q=MU&quotesCount=0&newsCount=50&enableFuzzyQuery=false HTTP/1.1" 403 3369
2026-08-17 12:02:52 | DEBUG    | urllib3.connectionpool:291 | Resetting dropped connection: query1.finance.yahoo.com
2026-08-17 12:02:53 | DEBUG    | urllib3.connectionpool:475 | https://query1.finance.yahoo.com:443 "GET /v1/finance/search?q=SanDisk&quotesCount=0&newsCount=50&enableFuzzyQuery=false HTTP/1.1" 403 3369
2026-08-17 12:02:53 | DEBUG    | urllib3.connectionpool:291 | Resetting dropped connection: query2.finance.yahoo.com
2026-08-17 12:02:55 | DEBUG    | urllib3.connectionpool:475 | https://query2.finance.yahoo.com:443 "GET /v1/finance/search?q=SanDisk&quotesCount=0&newsCount=50&enableFuzzyQuery=false HTTP/1.1" 403 3369
2026-08-17 12:02:55 | DEBUG    | urllib3.connectionpool:291 | Resetting dropped connection: query1.finance.yahoo.com
2026-08-17 12:02:57 | DEBUG    | urllib3.connectionpool:475 | https://query1.finance.yahoo.com:443 "GET /v1/finance/search?q=SNDK&quotesCount=0&newsCount=50&enableFuzzyQuery=false HTTP/1.1" 403 3369
2026-08-17 12:02:57 | DEBUG    | urllib3.connectionpool:291 | Resetting dropped connection: query2.finance.yahoo.com
2026-08-17 12:02:58 | DEBUG    | urllib3.connectionpool:475 | https://query2.finance.yahoo.com:443 "GET /v1/finance/search?q=SNDK&quotesCount=0&newsCount=50&enableFuzzyQuery=false HTTP/1.1" 403 3369
2026-08-17 12:03:02 | DEBUG    | urllib3.connectionpool:291 | Resetting dropped connection: query1.finance.yahoo.com
2026-08-17 12:03:04 | WARNING  | backpack_quant_trading.core.binance_monitor:143 | 币安行情 curl 兜底失败: Command '['curl', '-fsSL', '--max-time', '15', '-A', 'Mozilla/5.0', '-x', 'http://127.0.0.1:7891', 'https://fapi.binance.com/fapi/v1/klines?symbol=BTCUSDT&interval=1m&limit=2']' returned non-zero exit status 7.
2026-08-17 12:03:04 | DEBUG    | asyncio:631 | Using proactor: IocpProactor
2026-08-17 12:03:06 | WARNING  | backpack_quant_trading.core.binance_monitor:147 | 币安行情 aiohttp 兜底失败: Cannot connect to host 127.0.0.1:7891 ssl:False [远程计算机拒绝网络连接。]
2026-08-17 12:03:06 | DEBUG    | urllib3.connectionpool:1022 | Starting new HTTPS connection (1): fapi.binance.com:443
2026-08-17 12:03:07 | DEBUG    | urllib3.connectionpool:291 | Resetting dropped connection: query2.finance.yahoo.com
2026-08-17 12:03:08 | ERROR    | backpack_quant_trading.core.binance_monitor:344 | 获取币安K线失败 futures BTCUSDT 1m: HTTPSConnectionPool(host='fapi.binance.com', port=443): Max retries exceeded with url: /fapi/v1/klines?symbol=BTCUSDT&interval=1m&limit=2 (Caused by ProxyError('Cannot connect to proxy.', NewConnectionError('<urllib3.connection.HTTPSConnection object at 0x000001435A744B90>: Failed to establish a new connection: [WinError 10061] 由于目标计算机积极拒绝，无法连接。')))
2026-08-17 12:03:09 | DEBUG    | urllib3.connectionpool:475 | https://query2.finance.yahoo.com:443 "GET /v1/finance/search?q=INTEL&quotesCount=0&newsCount=50&enableFuzzyQuery=false HTTP/1.1" 403 3369
2026-08-17 12:03:09 | DEBUG    | urllib3.connectionpool:1022 | Starting new HTTPS connection (2): query1.finance.yahoo.com:443
2026-08-17 12:03:12 | WARNING  | backpack_quant_trading.core.binance_monitor:143 | 币安行情 curl 兜底失败: Command '['curl', '-fsSL', '--max-time', '10', '-A', 'Mozilla/5.0', '-x', 'http://127.0.0.1:7891', 'https://fapi.binance.com/fapi/v1/depth?symbol=BTCUSDT&limit=50']' returned non-zero exit status 7.
2026-08-17 12:03:12 | DEBUG    | asyncio:631 | Using proactor: IocpProactor
2026-08-17 12:03:12 | DEBUG    | urllib3.connectionpool:475 | https://query1.finance.yahoo.com:443 "GET /v1/finance/search?q=INTC&quotesCount=0&newsCount=50&enableFuzzyQuery=false HTTP/1.1" 403 3369
2026-08-17 12:03:13 | DEBUG    | urllib3.connectionpool:291 | Resetting dropped connection: query2.finance.yahoo.com
2026-08-17 12:03:14 | WARNING  | backpack_quant_trading.core.binance_monitor:147 | 币安行情 aiohttp 兜底失败: Cannot connect to host 127.0.0.1:7891 ssl:False [远程计算机拒绝网络连接。]
2026-08-17 12:03:14 | DEBUG    | urllib3.connectionpool:1022 | Starting new HTTPS connection (1): fapi.binance.com:443
2026-08-17 12:03:14 | DEBUG    | urllib3.connectionpool:475 | https://query2.finance.yahoo.com:443 "GET /v1/finance/search?q=INTC&quotesCount=0&newsCount=50&enableFuzzyQuery=false HTTP/1.1" 403 3369
2026-08-17 12:03:15 | DEBUG    | urllib3.connectionpool:291 | Resetting dropped connection: finance.yahoo.com
2026-08-17 12:03:16 | DEBUG    | urllib3.connectionpool:475 | https://finance.yahoo.com:443 "POST /xhr/ncp?queryRef=latestNews&serviceKey=ncp_fin HTTP/1.1" 403 3369
2026-08-17 12:03:16 | DEBUG    | urllib3.connectionpool:1022 | Starting new HTTPS connection (1): feeds.finance.yahoo.com:443
2026-08-17 12:03:16 | ERROR    | backpack_quant_trading.core.binance_monitor:364 | 获取币安深度失败 futures BTCUSDT: HTTPSConnectionPool(host='fapi.binance.com', port=443): Max retries exceeded with url: /fapi/v1/depth?symbol=BTCUSDT&limit=50 (Caused by ProxyError('Cannot connect to proxy.', NewConnectionError('<urllib3.connection.HTTPSConnection object at 0x000001435A747610>: Failed to establish a new connection: [WinError 10061] 由于目标计算机积极拒绝，无法连接。')))
2026-08-17 12:03:20 | DEBUG    | urllib3.connectionpool:475 | https://feeds.finance.yahoo.com:443 "GET /rss/2.0/headline?s=NVIDIA&region=US&lang=en-US HTTP/1.1" 200 394
2026-08-17 12:03:21 | DEBUG    | urllib3.connectionpool:475 | https://feeds.finance.yahoo.com:443 "GET /rss/2.0/headline?s=NVDA&region=US&lang=en-US HTTP/1.1" 200 3399
2026-08-17 12:03:22 | DEBUG    | urllib3.connectionpool:475 | https://feeds.finance.yahoo.com:443 "GET /rss/2.0/headline?s=MICRON&region=US&lang=en-US HTTP/1.1" 200 394
2026-08-17 12:03:22 | DEBUG    | urllib3.connectionpool:475 | https://feeds.finance.yahoo.com:443 "GET /rss/2.0/headline?s=MU&region=US&lang=en-US HTTP/1.1" 200 2999
2026-08-17 12:03:22 | DEBUG    | backpack_quant_trading.core.stock_news_feeds:795 | [雅虎财经] 直连 Search 获取 25 条
2026-08-17 12:03:22 | INFO     | stock_news_alert:555 | 轮询完成 @ 2026-08-17 04:02:14 | 拉取 214 条 (金十数据=19, 同花顺=20, 东方财富=80, 新浪财经=30, 富途牛牛=40, 雅虎财经=25) | 已推送过 0 | 非最新 0 | 未命中关键词 201 | 非重要快讯 13 | 内容相似去重 0 | 新命中 0 | 待推送 0 | 雅虎搜索词: NVIDIA, NVDA, MICRON, MU, SanDisk, SNDK, INTEL, INTC
2026-08-17 12:03:52 | DEBUG    | urllib3.connectionpool:1022 | Starting new HTTPS connection (1): flash-api.jin10.com:443
2026-08-17 12:03:53 | DEBUG    | urllib3.connectionpool:475 | https://flash-api.jin10.com:443 "GET /get_flash_list?channel=-8200&vip=1 HTTP/1.1" 200 None
2026-08-17 12:03:53 | DEBUG    | urllib3.connectionpool:1022 | Starting new HTTPS connection (1): news.10jqka.com.cn:443
2026-08-17 12:03:54 | DEBUG    | urllib3.connectionpool:475 | https://news.10jqka.com.cn:443 "GET /tapp/news/push/stock?page=1&tag=&track=website HTTP/1.1" 200 None
2026-08-17 12:03:54 | DEBUG    | urllib3.connectionpool:1022 | Starting new HTTPS connection (1): np-weblist.eastmoney.com:443
2026-08-17 12:03:54 | DEBUG    | urllib3.connectionpool:475 | https://np-weblist.eastmoney.com:443 "GET /comm/web/getFastNewsList?client=web&biz=web_724&fastColumn=102&sortEnd=&pageSize=80&req_trace=1710315450384 HTTP/1.1" 200 None
2026-08-17 12:03:55 | DEBUG    | urllib3.connectionpool:1022 | Starting new HTTPS connection (1): zhibo.sina.com.cn:443
2026-08-17 12:03:55 | DEBUG    | urllib3.connectionpool:475 | https://zhibo.sina.com.cn:443 "GET /api/zhibo/feed?page=1&page_size=30&zhibo_id=152&tag_id=0&dire=f&dpc=1&pagesize=30&type=1 HTTP/1.1" 200 None
2026-08-17 12:03:55 | DEBUG    | urllib3.connectionpool:1022 | Starting new HTTPS connection (1): news.futunn.com:443
2026-08-17 12:03:56 | DEBUG    | urllib3.connectionpool:475 | https://news.futunn.com:443 "GET /news-site-api/main/get-flash-list?pageSize=40 HTTP/1.1" 200 65209
2026-08-17 12:03:56 | DEBUG    | urllib3.connectionpool:1022 | Starting new HTTPS connection (1): finance.yahoo.com:443
2026-08-17 12:04:01 | DEBUG    | urllib3.connectionpool:475 | https://finance.yahoo.com:443 "GET / HTTP/1.1" 403 3369
2026-08-17 12:04:01 | DEBUG    | urllib3.connectionpool:1022 | Starting new HTTPS connection (1): query1.finance.yahoo.com:443
2026-08-17 12:04:04 | DEBUG    | urllib3.connectionpool:475 | https://query1.finance.yahoo.com:443 "GET /v1/finance/search?q=NVIDIA&quotesCount=0&newsCount=50&enableFuzzyQuery=false HTTP/1.1" 403 3369
2026-08-17 12:04:04 | DEBUG    | urllib3.connectionpool:1022 | Starting new HTTPS connection (1): query2.finance.yahoo.com:443
2026-08-17 12:04:04 | WARNING  | backpack_quant_trading.core.binance_monitor:143 | 币安行情 curl 兜底失败: Command '['curl', '-fsSL', '--max-time', '15', '-A', 'Mozilla/5.0', '-x', 'http://127.0.0.1:7891', 'https://fapi.binance.com/fapi/v1/klines?symbol=BTCUSDT&interval=1m&limit=2']' returned non-zero exit status 7.
2026-08-17 12:04:04 | DEBUG    | asyncio:631 | Using proactor: IocpProactor
2026-08-17 12:04:06 | WARNING  | backpack_quant_trading.core.binance_monitor:147 | 币安行情 aiohttp 兜底失败: Cannot connect to host 127.0.0.1:7891 ssl:False [远程计算机拒绝网络连接。]
2026-08-17 12:04:06 | DEBUG    | urllib3.connectionpool:1022 | Starting new HTTPS connection (1): fapi.binance.com:443
2026-08-17 12:04:08 | ERROR    | backpack_quant_trading.core.binance_monitor:344 | 获取币安K线失败 futures BTCUSDT 1m: HTTPSConnectionPool(host='fapi.binance.com', port=443): Max retries exceeded with url: /fapi/v1/klines?symbol=BTCUSDT&interval=1m&limit=2 (Caused by ProxyError('Cannot connect to proxy.', NewConnectionError('<urllib3.connection.HTTPSConnection object at 0x000001435A4D5590>: Failed to establish a new connection: [WinError 10061] 由于目标计算机积极拒绝，无法连接。')))
2026-08-17 12:04:09 | DEBUG    | urllib3.connectionpool:475 | https://query2.finance.yahoo.com:443 "GET /v1/finance/search?q=NVIDIA&quotesCount=0&newsCount=50&enableFuzzyQuery=false HTTP/1.1" 403 3369
2026-08-17 12:04:12 | WARNING  | backpack_quant_trading.core.binance_monitor:143 | 币安行情 curl 兜底失败: Command '['curl', '-fsSL', '--max-time', '10', '-A', 'Mozilla/5.0', '-x', 'http://127.0.0.1:7891', 'https://fapi.binance.com/fapi/v1/depth?symbol=BTCUSDT&limit=50']' returned non-zero exit status 7.
2026-08-17 12:04:12 | DEBUG    | asyncio:631 | Using proactor: IocpProactor
2026-08-17 12:04:13 | DEBUG    | urllib3.connectionpool:291 | Resetting dropped connection: query1.finance.yahoo.com
2026-08-17 12:04:14 | WARNING  | backpack_quant_trading.core.binance_monitor:147 | 币安行情 aiohttp 兜底失败: Cannot connect to host 127.0.0.1:7891 ssl:False [远程计算机拒绝网络连接。]
2026-08-17 12:04:14 | DEBUG    | urllib3.connectionpool:1022 | Starting new HTTPS connection (1): fapi.binance.com:443
2026-08-17 12:04:16 | ERROR    | backpack_quant_trading.core.binance_monitor:364 | 获取币安深度失败 futures BTCUSDT: HTTPSConnectionPool(host='fapi.binance.com', port=443): Max retries exceeded with url: /fapi/v1/depth?symbol=BTCUSDT&limit=50 (Caused by ProxyError('Cannot connect to proxy.', NewConnectionError('<urllib3.connection.HTTPSConnection object at 0x000001435A746C10>: Failed to establish a new connection: [WinError 10061] 由于目标计算机积极拒绝，无法连接。')))
2026-08-17 12:04:19 | DEBUG    | urllib3.connectionpool:475 | https://query1.finance.yahoo.com:443 "GET /v1/finance/search?q=NVDA&quotesCount=0&newsCount=50&enableFuzzyQuery=false HTTP/1.1" 403 3369
2026-08-17 12:04:19 | DEBUG    | urllib3.connectionpool:291 | Resetting dropped connection: query2.finance.yahoo.com
2026-08-17 12:04:21 | DEBUG    | urllib3.connectionpool:475 | https://query2.finance.yahoo.com:443 "GET /v1/finance/search?q=NVDA&quotesCount=0&newsCount=50&enableFuzzyQuery=false HTTP/1.1" 403 3369
2026-08-17 12:04:22 | DEBUG    | urllib3.connectionpool:291 | Resetting dropped connection: query1.finance.yahoo.com
2026-08-17 12:04:27 | DEBUG    | urllib3.connectionpool:291 | Resetting dropped connection: query2.finance.yahoo.com
2026-08-17 12:04:29 | DEBUG    | urllib3.connectionpool:475 | https://query2.finance.yahoo.com:443 "GET /v1/finance/search?q=MICRON&quotesCount=0&newsCount=50&enableFuzzyQuery=false HTTP/1.1" 403 3369
2026-08-17 12:04:31 | DEBUG    | urllib3.connectionpool:1022 | Starting new HTTPS connection (2): query1.finance.yahoo.com:443
2026-08-17 12:04:33 | DEBUG    | urllib3.connectionpool:475 | https://query1.finance.yahoo.com:443 "GET /v1/finance/search?q=MU&quotesCount=0&newsCount=50&enableFuzzyQuery=false HTTP/1.1" 403 3369
2026-08-17 12:04:33 | DEBUG    | urllib3.connectionpool:291 | Resetting dropped connection: query2.finance.yahoo.com
2026-08-17 12:04:35 | DEBUG    | urllib3.connectionpool:475 | https://query2.finance.yahoo.com:443 "GET /v1/finance/search?q=MU&quotesCount=0&newsCount=50&enableFuzzyQuery=false HTTP/1.1" 403 3369
2026-08-17 12:04:35 | DEBUG    | urllib3.connectionpool:291 | Resetting dropped connection: query1.finance.yahoo.com
2026-08-17 12:04:36 | DEBUG    | urllib3.connectionpool:475 | https://query1.finance.yahoo.com:443 "GET /v1/finance/search?q=SanDisk&quotesCount=0&newsCount=50&enableFuzzyQuery=false HTTP/1.1" 403 3369
2026-08-17 12:04:46 | DEBUG    | urllib3.connectionpool:291 | Resetting dropped connection: query2.finance.yahoo.com
2026-08-17 12:04:48 | DEBUG    | urllib3.connectionpool:475 | https://query2.finance.yahoo.com:443 "GET /v1/finance/search?q=SanDisk&quotesCount=0&newsCount=50&enableFuzzyQuery=false HTTP/1.1" 403 3369
2026-08-17 12:04:48 | DEBUG    | urllib3.connectionpool:291 | Resetting dropped connection: query1.finance.yahoo.com
2026-08-17 12:04:52 | DEBUG    | urllib3.connectionpool:475 | https://query1.finance.yahoo.com:443 "GET /v1/finance/search?q=SNDK&quotesCount=0&newsCount=50&enableFuzzyQuery=false HTTP/1.1" 403 3369
2026-08-17 12:04:52 | DEBUG    | urllib3.connectionpool:291 | Resetting dropped connection: query2.finance.yahoo.com
2026-08-17 12:04:55 | DEBUG    | urllib3.connectionpool:475 | https://query2.finance.yahoo.com:443 "GET /v1/finance/search?q=SNDK&quotesCount=0&newsCount=50&enableFuzzyQuery=false HTTP/1.1" 403 3369
2026-08-17 12:04:55 | DEBUG    | urllib3.connectionpool:291 | Resetting dropped connection: query1.finance.yahoo.com
2026-08-17 12:04:58 | DEBUG    | urllib3.connectionpool:475 | https://query1.finance.yahoo.com:443 "GET /v1/finance/search?q=INTEL&quotesCount=0&newsCount=50&enableFuzzyQuery=false HTTP/1.1" 403 3369
2026-08-17 12:04:58 | DEBUG    | urllib3.connectionpool:291 | Resetting dropped connection: query2.finance.yahoo.com
2026-08-17 12:05:01 | DEBUG    | urllib3.connectionpool:475 | https://query2.finance.yahoo.com:443 "GET /v1/finance/search?q=INTEL&quotesCount=0&newsCount=50&enableFuzzyQuery=false HTTP/1.1" 403 3369
2026-08-17 12:05:01 | DEBUG    | urllib3.connectionpool:291 | Resetting dropped connection: query1.finance.yahoo.com
2026-08-17 12:05:02 | DEBUG    | urllib3.connectionpool:475 | https://query1.finance.yahoo.com:443 "GET /v1/finance/search?q=INTC&quotesCount=0&newsCount=50&enableFuzzyQuery=false HTTP/1.1" 403 3369
2026-08-17 12:05:03 | DEBUG    | urllib3.connectionpool:291 | Resetting dropped connection: query2.finance.yahoo.com
2026-08-17 12:05:04 | DEBUG    | urllib3.connectionpool:475 | https://query2.finance.yahoo.com:443 "GET /v1/finance/search?q=INTC&quotesCount=0&newsCount=50&enableFuzzyQuery=false HTTP/1.1" 403 3369
2026-08-17 12:05:05 | DEBUG    | urllib3.connectionpool:291 | Resetting dropped connection: finance.yahoo.com
2026-08-17 12:05:05 | WARNING  | backpack_quant_trading.core.binance_monitor:143 | 币安行情 curl 兜底失败: Command '['curl', '-fsSL', '--max-time', '15', '-A', 'Mozilla/5.0', '-x', 'http://127.0.0.1:7891', 'https://fapi.binance.com/fapi/v1/klines?symbol=BTCUSDT&interval=1m&limit=2']' returned non-zero exit status 7.
2026-08-17 12:05:05 | DEBUG    | asyncio:631 | Using proactor: IocpProactor
2026-08-17 12:05:06 | DEBUG    | urllib3.connectionpool:475 | https://finance.yahoo.com:443 "POST /xhr/ncp?queryRef=latestNews&serviceKey=ncp_fin HTTP/1.1" 403 3369
2026-08-17 12:05:06 | DEBUG    | urllib3.connectionpool:1022 | Starting new HTTPS connection (1): feeds.finance.yahoo.com:443
2026-08-17 12:05:07 | WARNING  | backpack_quant_trading.core.binance_monitor:147 | 币安行情 aiohttp 兜底失败: Cannot connect to host 127.0.0.1:7891 ssl:False [远程计算机拒绝网络连接。]
2026-08-17 12:05:07 | DEBUG    | urllib3.connectionpool:1022 | Starting new HTTPS connection (1): fapi.binance.com:443
2026-08-17 12:05:09 | ERROR    | backpack_quant_trading.core.binance_monitor:344 | 获取币安K线失败 futures BTCUSDT 1m: HTTPSConnectionPool(host='fapi.binance.com', port=443): Max retries exceeded with url: /fapi/v1/klines?symbol=BTCUSDT&interval=1m&limit=2 (Caused by ProxyError('Cannot connect to proxy.', NewConnectionError('<urllib3.connection.HTTPSConnection object at 0x000001435A746E90>: Failed to establish a new connection: [WinError 10061] 由于目标计算机积极拒绝，无法连接。')))
2026-08-17 12:05:14 | DEBUG    | urllib3.connectionpool:475 | https://feeds.finance.yahoo.com:443 "GET /rss/2.0/headline?s=NVIDIA&region=US&lang=en-US HTTP/1.1" 200 394
2026-08-17 12:05:14 | WARNING  | backpack_quant_trading.core.binance_monitor:143 | 币安行情 curl 兜底失败: Command '['curl', '-fsSL', '--max-time', '10', '-A', 'Mozilla/5.0', '-x', 'http://127.0.0.1:7891', 'https://fapi.binance.com/fapi/v1/depth?symbol=BTCUSDT&limit=50']' returned non-zero exit status 7.
2026-08-17 12:05:14 | DEBUG    | asyncio:631 | Using proactor: IocpProactor
2026-08-17 12:05:14 | DEBUG    | urllib3.connectionpool:475 | https://feeds.finance.yahoo.com:443 "GET /rss/2.0/headline?s=NVDA&region=US&lang=en-US HTTP/1.1" 200 4745
2026-08-17 12:05:15 | DEBUG    | urllib3.connectionpool:475 | https://feeds.finance.yahoo.com:443 "GET /rss/2.0/headline?s=MICRON&region=US&lang=en-US HTTP/1.1" 200 394
2026-08-17 12:05:15 | DEBUG    | urllib3.connectionpool:475 | https://feeds.finance.yahoo.com:443 "GET /rss/2.0/headline?s=MU&region=US&lang=en-US HTTP/1.1" 200 3000
2026-08-17 12:05:15 | DEBUG    | backpack_quant_trading.core.stock_news_feeds:795 | [雅虎财经] 直连 Search 获取 30 条
2026-08-17 12:05:15 | INFO     | stock_news_alert:555 | 轮询完成 @ 2026-08-17 04:03:52 | 拉取 219 条 (金十数据=19, 同花顺=20, 东方财富=80, 新浪财经=30, 富途牛牛=40, 雅虎财经=30) | 已推送过 0 | 非最新 0 | 未命中关键词 205 | 非重要快讯 14 | 内容相似去重 0 | 新命中 0 | 待推送 0 | 雅虎搜索词: NVIDIA, NVDA, MICRON, MU, SanDisk, SNDK, INTEL, INTC
2026-08-17 12:05:16 | WARNING  | backpack_quant_trading.core.binance_monitor:147 | 币安行情 aiohttp 兜底失败: Cannot connect to host 127.0.0.1:7891 ssl:False [远程计算机拒绝网络连接。]
2026-08-17 12:05:16 | DEBUG    | urllib3.connectionpool:1022 | Starting new HTTPS connection (1): fapi.binance.com:443
2026-08-17 12:05:18 | ERROR    | backpack_quant_trading.core.binance_monitor:364 | 获取币安深度失败 futures BTCUSDT: HTTPSConnectionPool(host='fapi.binance.com', port=443): Max retries exceeded with url: /fapi/v1/depth?symbol=BTCUSDT&limit=50 (Caused by ProxyError('Cannot connect to proxy.', NewConnectionError('<urllib3.connection.HTTPSConnection object at 0x000001435A4D6210>: Failed to establish a new connection: [WinError 10061] 由于目标计算机积极拒绝，无法连接。')))
2026-08-17 12:05:45 | DEBUG    | urllib3.connectionpool:1022 | Starting new HTTPS connection (1): flash-api.jin10.com:443
2026-08-17 12:05:46 | DEBUG    | urllib3.connectionpool:475 | https://flash-api.jin10.com:443 "GET /get_flash_list?channel=-8200&vip=1 HTTP/1.1" 200 None
2026-08-17 12:05:46 | DEBUG    | urllib3.connectionpool:1022 | Starting new HTTPS connection (1): news.10jqka.com.cn:443
2026-08-17 12:05:47 | DEBUG    | urllib3.connectionpool:475 | https://news.10jqka.com.cn:443 "GET /tapp/news/push/stock?page=1&tag=&track=website HTTP/1.1" 200 None
2026-08-17 12:05:47 | DEBUG    | urllib3.connectionpool:1022 | Starting new HTTPS connection (1): np-weblist.eastmoney.com:443
2026-08-17 12:05:47 | DEBUG    | urllib3.connectionpool:475 | https://np-weblist.eastmoney.com:443 "GET /comm/web/getFastNewsList?client=web&biz=web_724&fastColumn=102&sortEnd=&pageSize=80&req_trace=1710315450384 HTTP/1.1" 200 None
2026-08-17 12:05:47 | DEBUG    | urllib3.connectionpool:1022 | Starting new HTTPS connection (1): zhibo.sina.com.cn:443
2026-08-17 12:05:48 | DEBUG    | urllib3.connectionpool:475 | https://zhibo.sina.com.cn:443 "GET /api/zhibo/feed?page=1&page_size=30&zhibo_id=152&tag_id=0&dire=f&dpc=1&pagesize=30&type=1 HTTP/1.1" 200 None
2026-08-17 12:05:48 | DEBUG    | urllib3.connectionpool:1022 | Starting new HTTPS connection (1): news.futunn.com:443
2026-08-17 12:05:49 | DEBUG    | urllib3.connectionpool:475 | https://news.futunn.com:443 "GET /news-site-api/main/get-flash-list?pageSize=40 HTTP/1.1" 200 65720
2026-08-17 12:05:49 | DEBUG    | urllib3.connectionpool:1022 | Starting new HTTPS connection (1): finance.yahoo.com:443
2026-08-17 12:05:51 | DEBUG    | urllib3.connectionpool:475 | https://finance.yahoo.com:443 "GET / HTTP/1.1" 403 3369
2026-08-17 12:05:51 | DEBUG    | urllib3.connectionpool:1022 | Starting new HTTPS connection (1): query1.finance.yahoo.com:443
2026-08-17 12:05:52 | DEBUG    | urllib3.connectionpool:475 | https://query1.finance.yahoo.com:443 "GET /v1/finance/search?q=NVIDIA&quotesCount=0&newsCount=50&enableFuzzyQuery=false HTTP/1.1" 403 3369
2026-08-17 12:05:52 | DEBUG    | urllib3.connectionpool:1022 | Starting new HTTPS connection (1): query2.finance.yahoo.com:443
2026-08-17 12:05:54 | DEBUG    | urllib3.connectionpool:475 | https://query2.finance.yahoo.com:443 "GET /v1/finance/search?q=NVIDIA&quotesCount=0&newsCount=50&enableFuzzyQuery=false HTTP/1.1" 403 3369
2026-08-17 12:05:55 | DEBUG    | urllib3.connectionpool:291 | Resetting dropped connection: query1.finance.yahoo.com
2026-08-17 12:05:57 | DEBUG    | urllib3.connectionpool:475 | https://query1.finance.yahoo.com:443 "GET /v1/finance/search?q=NVDA&quotesCount=0&newsCount=50&enableFuzzyQuery=false HTTP/1.1" 403 3369
2026-08-17 12:05:57 | DEBUG    | urllib3.connectionpool:291 | Resetting dropped connection: query2.finance.yahoo.com
2026-08-17 12:05:59 | DEBUG    | urllib3.connectionpool:475 | https://query2.finance.yahoo.com:443 "GET /v1/finance/search?q=NVDA&quotesCount=0&newsCount=50&enableFuzzyQuery=false HTTP/1.1" 403 3369
2026-08-17 12:05:59 | DEBUG    | urllib3.connectionpool:291 | Resetting dropped connection: query1.finance.yahoo.com
2026-08-17 12:06:01 | DEBUG    | urllib3.connectionpool:475 | https://query1.finance.yahoo.com:443 "GET /v1/finance/search?q=MICRON&quotesCount=0&newsCount=50&enableFuzzyQuery=false HTTP/1.1" 403 3369
2026-08-17 12:06:03 | DEBUG    | urllib3.connectionpool:291 | Resetting dropped connection: query2.finance.yahoo.com
2026-08-17 12:06:04 | WARNING  | backpack_quant_trading.core.binance_monitor:143 | 币安行情 curl 兜底失败: Command '['curl', '-fsSL', '--max-time', '15', '-A', 'Mozilla/5.0', '-x', 'http://127.0.0.1:7891', 'https://fapi.binance.com/fapi/v1/klines?symbol=BTCUSDT&interval=1m&limit=2']' returned non-zero exit status 7.
2026-08-17 12:06:04 | DEBUG    | asyncio:631 | Using proactor: IocpProactor
2026-08-17 12:06:05 | DEBUG    | urllib3.connectionpool:475 | https://query2.finance.yahoo.com:443 "GET /v1/finance/search?q=MICRON&quotesCount=0&newsCount=50&enableFuzzyQuery=false HTTP/1.1" 403 3369
2026-08-17 12:06:05 | DEBUG    | urllib3.connectionpool:291 | Resetting dropped connection: query1.finance.yahoo.com
2026-08-17 12:06:06 | WARNING  | backpack_quant_trading.core.binance_monitor:147 | 币安行情 aiohttp 兜底失败: Cannot connect to host 127.0.0.1:7891 ssl:False [远程计算机拒绝网络连接。]
2026-08-17 12:06:06 | DEBUG    | urllib3.connectionpool:1022 | Starting new HTTPS connection (1): fapi.binance.com:443
2026-08-17 12:06:08 | ERROR    | backpack_quant_trading.core.binance_monitor:344 | 获取币安K线失败 futures BTCUSDT 1m: HTTPSConnectionPool(host='fapi.binance.com', port=443): Max retries exceeded with url: /fapi/v1/klines?symbol=BTCUSDT&interval=1m&limit=2 (Caused by ProxyError('Cannot connect to proxy.', NewConnectionError('<urllib3.connection.HTTPSConnection object at 0x000001435A747610>: Failed to establish a new connection: [WinError 10061] 由于目标计算机积极拒绝，无法连接。')))
2026-08-17 12:06:09 | DEBUG    | urllib3.connectionpool:475 | https://query1.finance.yahoo.com:443 "GET /v1/finance/search?q=MU&quotesCount=0&newsCount=50&enableFuzzyQuery=false HTTP/1.1" 403 3369
2026-08-17 12:06:09 | DEBUG    | urllib3.connectionpool:291 | Resetting dropped connection: query2.finance.yahoo.com
2026-08-17 12:06:11 | DEBUG    | urllib3.connectionpool:475 | https://query2.finance.yahoo.com:443 "GET /v1/finance/search?q=MU&quotesCount=0&newsCount=50&enableFuzzyQuery=false HTTP/1.1" 403 3369
2026-08-17 12:06:12 | WARNING  | backpack_quant_trading.core.binance_monitor:143 | 币安行情 curl 兜底失败: Command '['curl', '-fsSL', '--max-time', '10', '-A', 'Mozilla/5.0', '-x', 'http://127.0.0.1:7891', 'https://fapi.binance.com/fapi/v1/depth?symbol=BTCUSDT&limit=50']' returned non-zero exit status 7.
2026-08-17 12:06:12 | DEBUG    | asyncio:631 | Using proactor: IocpProactor
2026-08-17 12:06:14 | WARNING  | backpack_quant_trading.core.binance_monitor:147 | 币安行情 aiohttp 兜底失败: Cannot connect to host 127.0.0.1:7891 ssl:False [远程计算机拒绝网络连接。]
2026-08-17 12:06:14 | DEBUG    | urllib3.connectionpool:1022 | Starting new HTTPS connection (1): fapi.binance.com:443
2026-08-17 12:06:16 | DEBUG    | urllib3.connectionpool:291 | Resetting dropped connection: query1.finance.yahoo.com
2026-08-17 12:06:16 | ERROR    | backpack_quant_trading.core.binance_monitor:364 | 获取币安深度失败 futures BTCUSDT: HTTPSConnectionPool(host='fapi.binance.com', port=443): Max retries exceeded with url: /fapi/v1/depth?symbol=BTCUSDT&limit=50 (Caused by ProxyError('Cannot connect to proxy.', NewConnectionError('<urllib3.connection.HTTPSConnection object at 0x000001435A746710>: Failed to establish a new connection: [WinError 10061] 由于目标计算机积极拒绝，无法连接。')))
2026-08-17 12:06:17 | DEBUG    | urllib3.connectionpool:475 | https://query1.finance.yahoo.com:443 "GET /v1/finance/search?q=SanDisk&quotesCount=0&newsCount=50&enableFuzzyQuery=false HTTP/1.1" 403 3369
2026-08-17 12:06:17 | DEBUG    | urllib3.connectionpool:291 | Resetting dropped connection: query2.finance.yahoo.com
2026-08-17 12:06:22 | DEBUG    | urllib3.connectionpool:475 | https://query2.finance.yahoo.com:443 "GET /v1/finance/search?q=SanDisk&quotesCount=0&newsCount=50&enableFuzzyQuery=false HTTP/1.1" 403 3369
2026-08-17 12:06:22 | DEBUG    | urllib3.connectionpool:291 | Resetting dropped connection: query1.finance.yahoo.com
2026-08-17 12:06:23 | DEBUG    | urllib3.connectionpool:475 | https://query1.finance.yahoo.com:443 "GET /v1/finance/search?q=SNDK&quotesCount=0&newsCount=50&enableFuzzyQuery=false HTTP/1.1" 403 3369
2026-08-17 12:06:23 | DEBUG    | urllib3.connectionpool:291 | Resetting dropped connection: query2.finance.yahoo.com
2026-08-17 12:06:29 | DEBUG    | urllib3.connectionpool:475 | https://query2.finance.yahoo.com:443 "GET /v1/finance/search?q=SNDK&quotesCount=0&newsCount=50&enableFuzzyQuery=false HTTP/1.1" 403 3369
2026-08-17 12:06:29 | DEBUG    | urllib3.connectionpool:291 | Resetting dropped connection: query1.finance.yahoo.com
2026-08-17 12:06:30 | DEBUG    | urllib3.connectionpool:475 | https://query1.finance.yahoo.com:443 "GET /v1/finance/search?q=INTEL&quotesCount=0&newsCount=50&enableFuzzyQuery=false HTTP/1.1" 403 3369
2026-08-17 12:06:30 | DEBUG    | urllib3.connectionpool:291 | Resetting dropped connection: query2.finance.yahoo.com
2026-08-17 12:06:32 | DEBUG    | urllib3.connectionpool:475 | https://query2.finance.yahoo.com:443 "GET /v1/finance/search?q=INTEL&quotesCount=0&newsCount=50&enableFuzzyQuery=false HTTP/1.1" 403 3369
2026-08-17 12:06:32 | DEBUG    | urllib3.connectionpool:291 | Resetting dropped connection: query1.finance.yahoo.com
2026-08-17 12:06:34 | DEBUG    | urllib3.connectionpool:475 | https://query1.finance.yahoo.com:443 "GET /v1/finance/search?q=INTC&quotesCount=0&newsCount=50&enableFuzzyQuery=false HTTP/1.1" 403 3369
2026-08-17 12:06:34 | DEBUG    | urllib3.connectionpool:291 | Resetting dropped connection: query2.finance.yahoo.com
2026-08-17 12:06:36 | DEBUG    | urllib3.connectionpool:475 | https://query2.finance.yahoo.com:443 "GET /v1/finance/search?q=INTC&quotesCount=0&newsCount=50&enableFuzzyQuery=false HTTP/1.1" 403 3369
2026-08-17 12:06:36 | DEBUG    | urllib3.connectionpool:291 | Resetting dropped connection: finance.yahoo.com
2026-08-17 12:06:39 | DEBUG    | urllib3.connectionpool:1022 | Starting new HTTPS connection (1): feeds.finance.yahoo.com:443
2026-08-17 12:06:41 | DEBUG    | urllib3.connectionpool:475 | https://feeds.finance.yahoo.com:443 "GET /rss/2.0/headline?s=NVIDIA&region=US&lang=en-US HTTP/1.1" 200 393
2026-08-17 12:06:41 | DEBUG    | urllib3.connectionpool:475 | https://feeds.finance.yahoo.com:443 "GET /rss/2.0/headline?s=NVDA&region=US&lang=en-US HTTP/1.1" 200 4745
2026-08-17 12:06:42 | DEBUG    | urllib3.connectionpool:475 | https://feeds.finance.yahoo.com:443 "GET /rss/2.0/headline?s=MICRON&region=US&lang=en-US HTTP/1.1" 200 394
2026-08-17 12:06:42 | DEBUG    | urllib3.connectionpool:475 | https://feeds.finance.yahoo.com:443 "GET /rss/2.0/headline?s=MU&region=US&lang=en-US HTTP/1.1" 200 2999
2026-08-17 12:06:42 | DEBUG    | backpack_quant_trading.core.stock_news_feeds:795 | [雅虎财经] 直连 Search 获取 30 条
2026-08-17 12:06:42 | INFO     | stock_news_alert:555 | 轮询完成 @ 2026-08-17 04:05:45 | 拉取 218 条 (金十数据=18, 同花顺=20, 东方财富=80, 新浪财经=30, 富途牛牛=40, 雅虎财经=30) | 已推送过 0 | 非最新 0 | 未命中关键词 204 | 非重要快讯 14 | 内容相似去重 0 | 新命中 0 | 待推送 0 | 雅虎搜索词: NVIDIA, NVDA, MICRON, MU, SanDisk, SNDK, INTEL, INTC
2026-08-17 12:07:04 | WARNING  | backpack_quant_trading.core.binance_monitor:143 | 币安行情 curl 兜底失败: Command '['curl', '-fsSL', '--max-time', '15', '-A', 'Mozilla/5.0', '-x', 'http://127.0.0.1:7891', 'https://fapi.binance.com/fapi/v1/klines?symbol=BTCUSDT&interval=1m&limit=2']' returned non-zero exit status 7.
2026-08-17 12:07:04 | DEBUG    | asyncio:631 | Using proactor: IocpProactor
2026-08-17 12:07:06 | WARNING  | backpack_quant_trading.core.binance_monitor:147 | 币安行情 aiohttp 兜底失败: Cannot connect to host 127.0.0.1:7891 ssl:False [远程计算机拒绝网络连接。]
2026-08-17 12:07:06 | DEBUG    | urllib3.connectionpool:1022 | Starting new HTTPS connection (1): fapi.binance.com:443
2026-08-17 12:07:08 | ERROR    | backpack_quant_trading.core.binance_monitor:344 | 获取币安K线失败 futures BTCUSDT 1m: HTTPSConnectionPool(host='fapi.binance.com', port=443): Max retries exceeded with url: /fapi/v1/klines?symbol=BTCUSDT&interval=1m&limit=2 (Caused by ProxyError('Cannot connect to proxy.', NewConnectionError('<urllib3.connection.HTTPSConnection object at 0x000001435A746710>: Failed to establish a new connection: [WinError 10061] 由于目标计算机积极拒绝，无法连接。')))
2026-08-17 12:07:12 | DEBUG    | urllib3.connectionpool:1022 | Starting new HTTPS connection (1): flash-api.jin10.com:443
2026-08-17 12:07:13 | WARNING  | backpack_quant_trading.core.binance_monitor:143 | 币安行情 curl 兜底失败: Command '['curl', '-fsSL', '--max-time', '10', '-A', 'Mozilla/5.0', '-x', 'http://127.0.0.1:7891', 'https://fapi.binance.com/fapi/v1/depth?symbol=BTCUSDT&limit=50']' returned non-zero exit status 7.
2026-08-17 12:07:13 | DEBUG    | asyncio:631 | Using proactor: IocpProactor
2026-08-17 12:07:13 | DEBUG    | urllib3.connectionpool:475 | https://flash-api.jin10.com:443 "GET /get_flash_list?channel=-8200&vip=1 HTTP/1.1" 200 None
2026-08-17 12:07:13 | DEBUG    | urllib3.connectionpool:1022 | Starting new HTTPS connection (1): news.10jqka.com.cn:443
2026-08-17 12:07:14 | DEBUG    | urllib3.connectionpool:475 | https://news.10jqka.com.cn:443 "GET /tapp/news/push/stock?page=1&tag=&track=website HTTP/1.1" 200 None
2026-08-17 12:07:14 | DEBUG    | urllib3.connectionpool:1022 | Starting new HTTPS connection (1): np-weblist.eastmoney.com:443
2026-08-17 12:07:15 | WARNING  | backpack_quant_trading.core.binance_monitor:147 | 币安行情 aiohttp 兜底失败: Cannot connect to host 127.0.0.1:7891 ssl:False [远程计算机拒绝网络连接。]
2026-08-17 12:07:15 | DEBUG    | urllib3.connectionpool:1022 | Starting new HTTPS connection (1): fapi.binance.com:443
2026-08-17 12:07:16 | DEBUG    | urllib3.connectionpool:475 | https://np-weblist.eastmoney.com:443 "GET /comm/web/getFastNewsList?client=web&biz=web_724&fastColumn=102&sortEnd=&pageSize=80&req_trace=1710315450384 HTTP/1.1" 200 None
2026-08-17 12:07:17 | DEBUG    | urllib3.connectionpool:1022 | Starting new HTTPS connection (1): zhibo.sina.com.cn:443
2026-08-17 12:07:17 | ERROR    | backpack_quant_trading.core.binance_monitor:364 | 获取币安深度失败 futures BTCUSDT: HTTPSConnectionPool(host='fapi.binance.com', port=443): Max retries exceeded with url: /fapi/v1/depth?symbol=BTCUSDT&limit=50 (Caused by ProxyError('Cannot connect to proxy.', NewConnectionError('<urllib3.connection.HTTPSConnection object at 0x000001435A7447D0>: Failed to establish a new connection: [WinError 10061] 由于目标计算机积极拒绝，无法连接。')))
2026-08-17 12:07:18 | DEBUG    | urllib3.connectionpool:475 | https://zhibo.sina.com.cn:443 "GET /api/zhibo/feed?page=1&page_size=30&zhibo_id=152&tag_id=0&dire=f&dpc=1&pagesize=30&type=1 HTTP/1.1" 200 None
2026-08-17 12:07:18 | DEBUG    | urllib3.connectionpool:1022 | Starting new HTTPS connection (1): news.futunn.com:443
2026-08-17 12:07:19 | DEBUG    | urllib3.connectionpool:475 | https://news.futunn.com:443 "GET /news-site-api/main/get-flash-list?pageSize=40 HTTP/1.1" 200 65848
2026-08-17 12:07:19 | DEBUG    | urllib3.connectionpool:1022 | Starting new HTTPS connection (1): finance.yahoo.com:443
2026-08-17 12:07:23 | DEBUG    | urllib3.connectionpool:475 | https://finance.yahoo.com:443 "GET / HTTP/1.1" 403 3369
2026-08-17 12:07:25 | DEBUG    | urllib3.connectionpool:1022 | Starting new HTTPS connection (1): query1.finance.yahoo.com:443
2026-08-17 12:07:27 | DEBUG    | urllib3.connectionpool:475 | https://query1.finance.yahoo.com:443 "GET /v1/finance/search?q=NVIDIA&quotesCount=0&newsCount=50&enableFuzzyQuery=false HTTP/1.1" 403 3369
2026-08-17 12:07:31 | DEBUG    | urllib3.connectionpool:1022 | Starting new HTTPS connection (1): query2.finance.yahoo.com:443
2026-08-17 12:07:34 | DEBUG    | urllib3.connectionpool:475 | https://query2.finance.yahoo.com:443 "GET /v1/finance/search?q=NVIDIA&quotesCount=0&newsCount=50&enableFuzzyQuery=false HTTP/1.1" 403 3369
2026-08-17 12:07:34 | DEBUG    | urllib3.connectionpool:291 | Resetting dropped connection: query1.finance.yahoo.com
2026-08-17 12:07:36 | DEBUG    | urllib3.connectionpool:475 | https://query1.finance.yahoo.com:443 "GET /v1/finance/search?q=NVDA&quotesCount=0&newsCount=50&enableFuzzyQuery=false HTTP/1.1" 403 3369
2026-08-17 12:07:36 | DEBUG    | urllib3.connectionpool:291 | Resetting dropped connection: query2.finance.yahoo.com
2026-08-17 12:07:39 | DEBUG    | urllib3.connectionpool:475 | https://query2.finance.yahoo.com:443 "GET /v1/finance/search?q=NVDA&quotesCount=0&newsCount=50&enableFuzzyQuery=false HTTP/1.1" 403 3369
2026-08-17 12:07:43 | DEBUG    | urllib3.connectionpool:291 | Resetting dropped connection: query1.finance.yahoo.com
2026-08-17 12:07:46 | DEBUG    | urllib3.connectionpool:475 | https://query1.finance.yahoo.com:443 "GET /v1/finance/search?q=MICRON&quotesCount=0&newsCount=50&enableFuzzyQuery=false HTTP/1.1" 403 3369
2026-08-17 12:07:46 | DEBUG    | urllib3.connectionpool:291 | Resetting dropped connection: query2.finance.yahoo.com
2026-08-17 12:07:49 | DEBUG    | urllib3.connectionpool:475 | https://query2.finance.yahoo.com:443 "GET /v1/finance/search?q=MICRON&quotesCount=0&newsCount=50&enableFuzzyQuery=false HTTP/1.1" 403 3369
2026-08-17 12:07:49 | DEBUG    | urllib3.connectionpool:291 | Resetting dropped connection: query1.finance.yahoo.com
2026-08-17 12:07:54 | DEBUG    | urllib3.connectionpool:291 | Resetting dropped connection: query2.finance.yahoo.com
2026-08-17 12:07:57 | DEBUG    | urllib3.connectionpool:475 | https://query2.finance.yahoo.com:443 "GET /v1/finance/search?q=MU&quotesCount=0&newsCount=50&enableFuzzyQuery=false HTTP/1.1" 403 3369
2026-08-17 12:07:57 | DEBUG    | urllib3.connectionpool:1022 | Starting new HTTPS connection (2): query1.finance.yahoo.com:443
2026-08-17 12:07:59 | DEBUG    | urllib3.connectionpool:475 | https://query1.finance.yahoo.com:443 "GET /v1/finance/search?q=SanDisk&quotesCount=0&newsCount=50&enableFuzzyQuery=false HTTP/1.1" 403 3369
2026-08-17 12:07:59 | DEBUG    | urllib3.connectionpool:291 | Resetting dropped connection: query2.finance.yahoo.com
2026-08-17 12:08:02 | DEBUG    | urllib3.connectionpool:475 | https://query2.finance.yahoo.com:443 "GET /v1/finance/search?q=SanDisk&quotesCount=0&newsCount=50&enableFuzzyQuery=false HTTP/1.1" 403 3369
2026-08-17 12:08:03 | DEBUG    | urllib3.connectionpool:291 | Resetting dropped connection: query1.finance.yahoo.com
2026-08-17 12:08:04 | WARNING  | backpack_quant_trading.core.binance_monitor:143 | 币安行情 curl 兜底失败: Command '['curl', '-fsSL', '--max-time', '15', '-A', 'Mozilla/5.0', '-x', 'http://127.0.0.1:7891', 'https://fapi.binance.com/fapi/v1/klines?symbol=BTCUSDT&interval=1m&limit=2']' returned non-zero exit status 7.
2026-08-17 12:08:04 | DEBUG    | asyncio:631 | Using proactor: IocpProactor
2026-08-17 12:08:05 | DEBUG    | urllib3.connectionpool:475 | https://query1.finance.yahoo.com:443 "GET /v1/finance/search?q=SNDK&quotesCount=0&newsCount=50&enableFuzzyQuery=false HTTP/1.1" 403 3369
2026-08-17 12:08:05 | DEBUG    | urllib3.connectionpool:291 | Resetting dropped connection: query2.finance.yahoo.com
2026-08-17 12:08:07 | WARNING  | backpack_quant_trading.core.binance_monitor:147 | 币安行情 aiohttp 兜底失败: Cannot connect to host 127.0.0.1:7891 ssl:False [远程计算机拒绝网络连接。]
2026-08-17 12:08:07 | DEBUG    | urllib3.connectionpool:1022 | Starting new HTTPS connection (1): fapi.binance.com:443
2026-08-17 12:08:08 | DEBUG    | urllib3.connectionpool:475 | https://query2.finance.yahoo.com:443 "GET /v1/finance/search?q=SNDK&quotesCount=0&newsCount=50&enableFuzzyQuery=false HTTP/1.1" 403 3369
2026-08-17 12:08:08 | DEBUG    | urllib3.connectionpool:291 | Resetting dropped connection: query1.finance.yahoo.com
2026-08-17 12:08:09 | ERROR    | backpack_quant_trading.core.binance_monitor:344 | 获取币安K线失败 futures BTCUSDT 1m: HTTPSConnectionPool(host='fapi.binance.com', port=443): Max retries exceeded with url: /fapi/v1/klines?symbol=BTCUSDT&interval=1m&limit=2 (Caused by ProxyError('Cannot connect to proxy.', NewConnectionError('<urllib3.connection.HTTPSConnection object at 0x000001435A4D4F50>: Failed to establish a new connection: [WinError 10061] 由于目标计算机积极拒绝，无法连接。')))
2026-08-17 12:08:10 | DEBUG    | urllib3.connectionpool:475 | https://query1.finance.yahoo.com:443 "GET /v1/finance/search?q=INTEL&quotesCount=0&newsCount=50&enableFuzzyQuery=false HTTP/1.1" 403 3369
2026-08-17 12:08:11 | DEBUG    | urllib3.connectionpool:291 | Resetting dropped connection: query2.finance.yahoo.com
2026-08-17 12:08:13 | WARNING  | backpack_quant_trading.core.binance_monitor:143 | 币安行情 curl 兜底失败: Command '['curl', '-fsSL', '--max-time', '10', '-A', 'Mozilla/5.0', '-x', 'http://127.0.0.1:7891', 'https://fapi.binance.com/fapi/v1/depth?symbol=BTCUSDT&limit=50']' returned non-zero exit status 7.
2026-08-17 12:08:13 | DEBUG    | asyncio:631 | Using proactor: IocpProactor
2026-08-17 12:08:13 | DEBUG    | urllib3.connectionpool:475 | https://query2.finance.yahoo.com:443 "GET /v1/finance/search?q=INTEL&quotesCount=0&newsCount=50&enableFuzzyQuery=false HTTP/1.1" 403 3369
2026-08-17 12:08:15 | WARNING  | backpack_quant_trading.core.binance_monitor:147 | 币安行情 aiohttp 兜底失败: Cannot connect to host 127.0.0.1:7891 ssl:False [远程计算机拒绝网络连接。]
2026-08-17 12:08:15 | DEBUG    | urllib3.connectionpool:1022 | Starting new HTTPS connection (1): fapi.binance.com:443
2026-08-17 12:08:17 | ERROR    | backpack_quant_trading.core.binance_monitor:364 | 获取币安深度失败 futures BTCUSDT: HTTPSConnectionPool(host='fapi.binance.com', port=443): Max retries exceeded with url: /fapi/v1/depth?symbol=BTCUSDT&limit=50 (Caused by ProxyError('Cannot connect to proxy.', NewConnectionError('<urllib3.connection.HTTPSConnection object at 0x000001435A4D7110>: Failed to establish a new connection: [WinError 10061] 由于目标计算机积极拒绝，无法连接。')))
2026-08-17 12:08:18 | DEBUG    | urllib3.connectionpool:291 | Resetting dropped connection: query1.finance.yahoo.com
2026-08-17 12:08:23 | DEBUG    | urllib3.connectionpool:475 | https://query1.finance.yahoo.com:443 "GET /v1/finance/search?q=INTC&quotesCount=0&newsCount=50&enableFuzzyQuery=false HTTP/1.1" 403 3369
2026-08-17 12:08:23 | DEBUG    | urllib3.connectionpool:291 | Resetting dropped connection: query2.finance.yahoo.com
2026-08-17 12:08:26 | DEBUG    | urllib3.connectionpool:475 | https://query2.finance.yahoo.com:443 "GET /v1/finance/search?q=INTC&quotesCount=0&newsCount=50&enableFuzzyQuery=false HTTP/1.1" 403 3369
2026-08-17 12:08:26 | DEBUG    | urllib3.connectionpool:291 | Resetting dropped connection: finance.yahoo.com
2026-08-17 12:08:28 | DEBUG    | urllib3.connectionpool:475 | https://finance.yahoo.com:443 "POST /xhr/ncp?queryRef=latestNews&serviceKey=ncp_fin HTTP/1.1" 403 3369
2026-08-17 12:08:29 | DEBUG    | urllib3.connectionpool:1022 | Starting new HTTPS connection (1): feeds.finance.yahoo.com:443
2026-08-17 12:08:31 | DEBUG    | urllib3.connectionpool:475 | https://feeds.finance.yahoo.com:443 "GET /rss/2.0/headline?s=NVIDIA&region=US&lang=en-US HTTP/1.1" 200 394
2026-08-17 12:08:32 | DEBUG    | urllib3.connectionpool:475 | https://feeds.finance.yahoo.com:443 "GET /rss/2.0/headline?s=NVDA&region=US&lang=en-US HTTP/1.1" 200 3399
2026-08-17 12:08:33 | DEBUG    | urllib3.connectionpool:475 | https://feeds.finance.yahoo.com:443 "GET /rss/2.0/headline?s=MICRON&region=US&lang=en-US HTTP/1.1" 200 394
2026-08-17 12:08:33 | DEBUG    | urllib3.connectionpool:475 | https://feeds.finance.yahoo.com:443 "GET /rss/2.0/headline?s=MU&region=US&lang=en-US HTTP/1.1" 200 2998
2026-08-17 12:08:36 | DEBUG    | backpack_quant_trading.core.stock_news_feeds:795 | [雅虎财经] 直连 Search 获取 25 条
2026-08-17 12:08:36 | INFO     | stock_news_alert:555 | 轮询完成 @ 2026-08-17 04:07:12 | 拉取 214 条 (金十数据=19, 同花顺=20, 东方财富=80, 新浪财经=30, 富途牛牛=40, 雅虎财经=25) | 已推送过 0 | 非最新 0 | 未命中关键词 201 | 非重要快讯 13 | 内容相似去重 0 | 新命中 0 | 待推送 0 | 雅虎搜索词: NVIDIA, NVDA, MICRON, MU, SanDisk, SNDK, INTEL, INTC
2026-08-17 12:09:04 | WARNING  | backpack_quant_trading.core.binance_monitor:143 | 币安行情 curl 兜底失败: Command '['curl', '-fsSL', '--max-time', '15', '-A', 'Mozilla/5.0', '-x', 'http://127.0.0.1:7891', 'https://fapi.binance.com/fapi/v1/klines?symbol=BTCUSDT&interval=1m&limit=2']' returned non-zero exit status 7.
2026-08-17 12:09:04 | DEBUG    | asyncio:631 | Using proactor: IocpProactor
2026-08-17 12:09:06 | DEBUG    | urllib3.connectionpool:1022 | Starting new HTTPS connection (1): flash-api.jin10.com:443
2026-08-17 12:09:06 | DEBUG    | urllib3.connectionpool:475 | https://flash-api.jin10.com:443 "GET /get_flash_list?channel=-8200&vip=1 HTTP/1.1" 200 None
2026-08-17 12:09:06 | DEBUG    | urllib3.connectionpool:1022 | Starting new HTTPS connection (1): news.10jqka.com.cn:443
2026-08-17 12:09:06 | WARNING  | backpack_quant_trading.core.binance_monitor:147 | 币安行情 aiohttp 兜底失败: Cannot connect to host 127.0.0.1:7891 ssl:False [远程计算机拒绝网络连接。]
2026-08-17 12:09:06 | DEBUG    | urllib3.connectionpool:1022 | Starting new HTTPS connection (1): fapi.binance.com:443
2026-08-17 12:09:07 | DEBUG    | urllib3.connectionpool:475 | https://news.10jqka.com.cn:443 "GET /tapp/news/push/stock?page=1&tag=&track=website HTTP/1.1" 200 None
2026-08-17 12:09:07 | DEBUG    | urllib3.connectionpool:1022 | Starting new HTTPS connection (1): np-weblist.eastmoney.com:443
2026-08-17 12:09:07 | DEBUG    | urllib3.connectionpool:475 | https://np-weblist.eastmoney.com:443 "GET /comm/web/getFastNewsList?client=web&biz=web_724&fastColumn=102&sortEnd=&pageSize=80&req_trace=1710315450384 HTTP/1.1" 200 None
2026-08-17 12:09:07 | DEBUG    | urllib3.connectionpool:1022 | Starting new HTTPS connection (1): zhibo.sina.com.cn:443
2026-08-17 12:09:08 | DEBUG    | urllib3.connectionpool:475 | https://zhibo.sina.com.cn:443 "GET /api/zhibo/feed?page=1&page_size=30&zhibo_id=152&tag_id=0&dire=f&dpc=1&pagesize=30&type=1 HTTP/1.1" 200 None
2026-08-17 12:09:08 | DEBUG    | urllib3.connectionpool:1022 | Starting new HTTPS connection (1): news.futunn.com:443
2026-08-17 12:09:08 | ERROR    | backpack_quant_trading.core.binance_monitor:344 | 获取币安K线失败 futures BTCUSDT 1m: HTTPSConnectionPool(host='fapi.binance.com', port=443): Max retries exceeded with url: /fapi/v1/klines?symbol=BTCUSDT&interval=1m&limit=2 (Caused by ProxyError('Cannot connect to proxy.', NewConnectionError('<urllib3.connection.HTTPSConnection object at 0x000001435A746FD0>: Failed to establish a new connection: [WinError 10061] 由于目标计算机积极拒绝，无法连接。')))
2026-08-17 12:09:09 | DEBUG    | urllib3.connectionpool:475 | https://news.futunn.com:443 "GET /news-site-api/main/get-flash-list?pageSize=40 HTTP/1.1" 200 66481
2026-08-17 12:09:09 | DEBUG    | urllib3.connectionpool:1022 | Starting new HTTPS connection (1): finance.yahoo.com:443
2026-08-17 12:09:12 | DEBUG    | urllib3.connectionpool:475 | https://finance.yahoo.com:443 "GET / HTTP/1.1" 403 3369
2026-08-17 12:09:12 | DEBUG    | urllib3.connectionpool:1022 | Starting new HTTPS connection (1): query1.finance.yahoo.com:443
2026-08-17 12:09:13 | WARNING  | backpack_quant_trading.core.binance_monitor:143 | 币安行情 curl 兜底失败: Command '['curl', '-fsSL', '--max-time', '10', '-A', 'Mozilla/5.0', '-x', 'http://127.0.0.1:7891', 'https://fapi.binance.com/fapi/v1/depth?symbol=BTCUSDT&limit=50']' returned non-zero exit status 7.
2026-08-17 12:09:13 | DEBUG    | asyncio:631 | Using proactor: IocpProactor
2026-08-17 12:09:15 | WARNING  | backpack_quant_trading.core.binance_monitor:147 | 币安行情 aiohttp 兜底失败: Cannot connect to host 127.0.0.1:7891 ssl:False [远程计算机拒绝网络连接。]
2026-08-17 12:09:15 | DEBUG    | urllib3.connectionpool:1022 | Starting new HTTPS connection (1): fapi.binance.com:443
2026-08-17 12:09:15 | DEBUG    | urllib3.connectionpool:475 | https://query1.finance.yahoo.com:443 "GET /v1/finance/search?q=NVIDIA&quotesCount=0&newsCount=50&enableFuzzyQuery=false HTTP/1.1" 403 3369
2026-08-17 12:09:15 | DEBUG    | urllib3.connectionpool:1022 | Starting new HTTPS connection (1): query2.finance.yahoo.com:443
2026-08-17 12:09:16 | DEBUG    | urllib3.connectionpool:475 | https://query2.finance.yahoo.com:443 "GET /v1/finance/search?q=NVIDIA&quotesCount=0&newsCount=50&enableFuzzyQuery=false HTTP/1.1" 403 3369
2026-08-17 12:09:16 | DEBUG    | urllib3.connectionpool:291 | Resetting dropped connection: query1.finance.yahoo.com
2026-08-17 12:09:17 | ERROR    | backpack_quant_trading.core.binance_monitor:364 | 获取币安深度失败 futures BTCUSDT: HTTPSConnectionPool(host='fapi.binance.com', port=443): Max retries exceeded with url: /fapi/v1/depth?symbol=BTCUSDT&limit=50 (Caused by ProxyError('Cannot connect to proxy.', NewConnectionError('<urllib3.connection.HTTPSConnection object at 0x000001435A745810>: Failed to establish a new connection: [WinError 10061] 由于目标计算机积极拒绝，无法连接。')))
2026-08-17 12:09:23 | DEBUG    | urllib3.connectionpool:475 | https://query1.finance.yahoo.com:443 "GET /v1/finance/search?q=NVDA&quotesCount=0&newsCount=50&enableFuzzyQuery=false HTTP/1.1" 403 3369
2026-08-17 12:09:23 | DEBUG    | urllib3.connectionpool:291 | Resetting dropped connection: query2.finance.yahoo.com
2026-08-17 12:09:28 | DEBUG    | urllib3.connectionpool:291 | Resetting dropped connection: query1.finance.yahoo.com
2026-08-17 12:09:34 | DEBUG    | urllib3.connectionpool:1022 | Starting new HTTPS connection (2): query2.finance.yahoo.com:443
2026-08-17 12:09:35 | DEBUG    | urllib3.connectionpool:475 | https://query2.finance.yahoo.com:443 "GET /v1/finance/search?q=MICRON&quotesCount=0&newsCount=50&enableFuzzyQuery=false HTTP/1.1" 403 3369
2026-08-17 12:09:36 | DEBUG    | urllib3.connectionpool:1022 | Starting new HTTPS connection (2): query1.finance.yahoo.com:443
2026-08-17 12:09:37 | DEBUG    | urllib3.connectionpool:475 | https://query1.finance.yahoo.com:443 "GET /v1/finance/search?q=MU&quotesCount=0&newsCount=50&enableFuzzyQuery=false HTTP/1.1" 403 3369
2026-08-17 12:09:38 | DEBUG    | urllib3.connectionpool:291 | Resetting dropped connection: query2.finance.yahoo.com
2026-08-17 12:09:39 | DEBUG    | urllib3.connectionpool:475 | https://query2.finance.yahoo.com:443 "GET /v1/finance/search?q=MU&quotesCount=0&newsCount=50&enableFuzzyQuery=false HTTP/1.1" 403 3369
2026-08-17 12:09:39 | DEBUG    | urllib3.connectionpool:291 | Resetting dropped connection: query1.finance.yahoo.com
2026-08-17 12:09:41 | DEBUG    | urllib3.connectionpool:475 | https://query1.finance.yahoo.com:443 "GET /v1/finance/search?q=SanDisk&quotesCount=0&newsCount=50&enableFuzzyQuery=false HTTP/1.1" 403 3369
2026-08-17 12:09:41 | DEBUG    | urllib3.connectionpool:291 | Resetting dropped connection: query2.finance.yahoo.com
2026-08-17 12:09:46 | DEBUG    | urllib3.connectionpool:475 | https://query2.finance.yahoo.com:443 "GET /v1/finance/search?q=SanDisk&quotesCount=0&newsCount=50&enableFuzzyQuery=false HTTP/1.1" 403 3369
2026-08-17 12:09:49 | DEBUG    | urllib3.connectionpool:291 | Resetting dropped connection: query1.finance.yahoo.com
2026-08-17 12:09:50 | DEBUG    | urllib3.connectionpool:475 | https://query1.finance.yahoo.com:443 "GET /v1/finance/search?q=SNDK&quotesCount=0&newsCount=50&enableFuzzyQuery=false HTTP/1.1" 403 3369
2026-08-17 12:09:50 | DEBUG    | urllib3.connectionpool:291 | Resetting dropped connection: query2.finance.yahoo.com
2026-08-17 12:09:55 | DEBUG    | urllib3.connectionpool:475 | https://query2.finance.yahoo.com:443 "GET /v1/finance/search?q=SNDK&quotesCount=0&newsCount=50&enableFuzzyQuery=false HTTP/1.1" 403 3369
2026-08-17 12:09:55 | DEBUG    | urllib3.connectionpool:291 | Resetting dropped connection: query1.finance.yahoo.com
2026-08-17 12:09:58 | DEBUG    | urllib3.connectionpool:475 | https://query1.finance.yahoo.com:443 "GET /v1/finance/search?q=INTEL&quotesCount=0&newsCount=50&enableFuzzyQuery=false HTTP/1.1" 403 3369
2026-08-17 12:09:58 | DEBUG    | urllib3.connectionpool:291 | Resetting dropped connection: query2.finance.yahoo.com
2026-08-17 12:10:00 | DEBUG    | urllib3.connectionpool:475 | https://query2.finance.yahoo.com:443 "GET /v1/finance/search?q=INTEL&quotesCount=0&newsCount=50&enableFuzzyQuery=false HTTP/1.1" 403 3369
2026-08-17 12:10:03 | DEBUG    | urllib3.connectionpool:291 | Resetting dropped connection: query1.finance.yahoo.com
2026-08-17 12:10:04 | WARNING  | backpack_quant_trading.core.binance_monitor:143 | 币安行情 curl 兜底失败: Command '['curl', '-fsSL', '--max-time', '15', '-A', 'Mozilla/5.0', '-x', 'http://127.0.0.1:7891', 'https://fapi.binance.com/fapi/v1/klines?symbol=BTCUSDT&interval=1m&limit=2']' returned non-zero exit status 7.
2026-08-17 12:10:04 | DEBUG    | asyncio:631 | Using proactor: IocpProactor
2026-08-17 12:10:06 | WARNING  | backpack_quant_trading.core.binance_monitor:147 | 币安行情 aiohttp 兜底失败: Cannot connect to host 127.0.0.1:7891 ssl:False [远程计算机拒绝网络连接。]
2026-08-17 12:10:06 | DEBUG    | urllib3.connectionpool:1022 | Starting new HTTPS connection (1): fapi.binance.com:443
2026-08-17 12:10:06 | DEBUG    | urllib3.connectionpool:475 | https://query1.finance.yahoo.com:443 "GET /v1/finance/search?q=INTC&quotesCount=0&newsCount=50&enableFuzzyQuery=false HTTP/1.1" 403 3369
2026-08-17 12:10:07 | DEBUG    | urllib3.connectionpool:291 | Resetting dropped connection: query2.finance.yahoo.com
2026-08-17 12:10:08 | ERROR    | backpack_quant_trading.core.binance_monitor:344 | 获取币安K线失败 futures BTCUSDT 1m: HTTPSConnectionPool(host='fapi.binance.com', port=443): Max retries exceeded with url: /fapi/v1/klines?symbol=BTCUSDT&interval=1m&limit=2 (Caused by ProxyError('Cannot connect to proxy.', NewConnectionError('<urllib3.connection.HTTPSConnection object at 0x000001435A4D65D0>: Failed to establish a new connection: [WinError 10061] 由于目标计算机积极拒绝，无法连接。')))
2026-08-17 12:10:08 | DEBUG    | urllib3.connectionpool:475 | https://query2.finance.yahoo.com:443 "GET /v1/finance/search?q=INTC&quotesCount=0&newsCount=50&enableFuzzyQuery=false HTTP/1.1" 403 3369
2026-08-17 12:10:08 | DEBUG    | urllib3.connectionpool:291 | Resetting dropped connection: finance.yahoo.com
2026-08-17 12:10:12 | WARNING  | backpack_quant_trading.core.binance_monitor:143 | 币安行情 curl 兜底失败: Command '['curl', '-fsSL', '--max-time', '10', '-A', 'Mozilla/5.0', '-x', 'http://127.0.0.1:7891', 'https://fapi.binance.com/fapi/v1/depth?symbol=BTCUSDT&limit=50']' returned non-zero exit status 7.
2026-08-17 12:10:12 | DEBUG    | asyncio:631 | Using proactor: IocpProactor
2026-08-17 12:10:14 | DEBUG    | urllib3.connectionpool:1022 | Starting new HTTPS connection (1): feeds.finance.yahoo.com:443
2026-08-17 12:10:14 | WARNING  | backpack_quant_trading.core.binance_monitor:147 | 币安行情 aiohttp 兜底失败: Cannot connect to host 127.0.0.1:7891 ssl:False [远程计算机拒绝网络连接。]
2026-08-17 12:10:14 | DEBUG    | urllib3.connectionpool:1022 | Starting new HTTPS connection (1): fapi.binance.com:443
2026-08-17 12:10:15 | DEBUG    | urllib3.connectionpool:475 | https://feeds.finance.yahoo.com:443 "GET /rss/2.0/headline?s=NVIDIA&region=US&lang=en-US HTTP/1.1" 200 394
2026-08-17 12:10:16 | ERROR    | backpack_quant_trading.core.binance_monitor:364 | 获取币安深度失败 futures BTCUSDT: HTTPSConnectionPool(host='fapi.binance.com', port=443): Max retries exceeded with url: /fapi/v1/depth?symbol=BTCUSDT&limit=50 (Caused by ProxyError('Cannot connect to proxy.', NewConnectionError('<urllib3.connection.HTTPSConnection object at 0x000001435A4D60D0>: Failed to establish a new connection: [WinError 10061] 由于目标计算机积极拒绝，无法连接。')))
2026-08-17 12:10:16 | DEBUG    | urllib3.connectionpool:475 | https://feeds.finance.yahoo.com:443 "GET /rss/2.0/headline?s=NVDA&region=US&lang=en-US HTTP/1.1" 200 3400
2026-08-17 12:10:18 | DEBUG    | urllib3.connectionpool:475 | https://feeds.finance.yahoo.com:443 "GET /rss/2.0/headline?s=MICRON&region=US&lang=en-US HTTP/1.1" 200 394
2026-08-17 12:10:19 | DEBUG    | urllib3.connectionpool:475 | https://feeds.finance.yahoo.com:443 "GET /rss/2.0/headline?s=MU&region=US&lang=en-US HTTP/1.1" 200 2998
2026-08-17 12:10:19 | DEBUG    | backpack_quant_trading.core.stock_news_feeds:795 | [雅虎财经] 直连 Search 获取 25 条
2026-08-17 12:10:19 | INFO     | stock_news_alert:555 | 轮询完成 @ 2026-08-17 04:09:06 | 拉取 215 条 (金十数据=20, 同花顺=20, 东方财富=80, 新浪财经=30, 富途牛牛=40, 雅虎财经=25) | 已推送过 0 | 非最新 0 | 未命中关键词 201 | 非重要快讯 14 | 内容相似去重 0 | 新命中 0 | 待推送 0 | 雅虎搜索词: NVIDIA, NVDA, MICRON, MU, SanDisk, SNDK, INTEL, INTC
2026-08-17 12:10:49 | DEBUG    | urllib3.connectionpool:1022 | Starting new HTTPS connection (1): flash-api.jin10.com:443
2026-08-17 12:10:50 | DEBUG    | urllib3.connectionpool:475 | https://flash-api.jin10.com:443 "GET /get_flash_list?channel=-8200&vip=1 HTTP/1.1" 200 None
2026-08-17 12:10:50 | DEBUG    | urllib3.connectionpool:1022 | Starting new HTTPS connection (1): news.10jqka.com.cn:443
2026-08-17 12:10:51 | DEBUG    | urllib3.connectionpool:475 | https://news.10jqka.com.cn:443 "GET /tapp/news/push/stock?page=1&tag=&track=website HTTP/1.1" 200 None
2026-08-17 12:10:51 | DEBUG    | urllib3.connectionpool:1022 | Starting new HTTPS connection (1): np-weblist.eastmoney.com:443
2026-08-17 12:10:51 | DEBUG    | urllib3.connectionpool:475 | https://np-weblist.eastmoney.com:443 "GET /comm/web/getFastNewsList?client=web&biz=web_724&fastColumn=102&sortEnd=&pageSize=80&req_trace=1710315450384 HTTP/1.1" 200 None
2026-08-17 12:10:51 | DEBUG    | urllib3.connectionpool:1022 | Starting new HTTPS connection (1): zhibo.sina.com.cn:443
2026-08-17 12:10:52 | DEBUG    | urllib3.connectionpool:475 | https://zhibo.sina.com.cn:443 "GET /api/zhibo/feed?page=1&page_size=30&zhibo_id=152&tag_id=0&dire=f&dpc=1&pagesize=30&type=1 HTTP/1.1" 200 None
2026-08-17 12:10:52 | DEBUG    | urllib3.connectionpool:1022 | Starting new HTTPS connection (1): news.futunn.com:443
2026-08-17 12:10:53 | DEBUG    | urllib3.connectionpool:475 | https://news.futunn.com:443 "GET /news-site-api/main/get-flash-list?pageSize=40 HTTP/1.1" 200 66737
2026-08-17 12:10:53 | DEBUG    | urllib3.connectionpool:1022 | Starting new HTTPS connection (1): finance.yahoo.com:443
2026-08-17 12:10:55 | DEBUG    | urllib3.connectionpool:475 | https://finance.yahoo.com:443 "GET / HTTP/1.1" 403 3369
2026-08-17 12:10:59 | DEBUG    | urllib3.connectionpool:1022 | Starting new HTTPS connection (1): query1.finance.yahoo.com:443
2026-08-17 12:11:01 | DEBUG    | urllib3.connectionpool:475 | https://query1.finance.yahoo.com:443 "GET /v1/finance/search?q=NVIDIA&quotesCount=0&newsCount=50&enableFuzzyQuery=false HTTP/1.1" 403 3369
2026-08-17 12:11:01 | DEBUG    | urllib3.connectionpool:1022 | Starting new HTTPS connection (1): query2.finance.yahoo.com:443
2026-08-17 12:11:04 | WARNING  | backpack_quant_trading.core.binance_monitor:143 | 币安行情 curl 兜底失败: Command '['curl', '-fsSL', '--max-time', '15', '-A', 'Mozilla/5.0', '-x', 'http://127.0.0.1:7891', 'https://fapi.binance.com/fapi/v1/klines?symbol=BTCUSDT&interval=1m&limit=2']' returned non-zero exit status 7.
2026-08-17 12:11:04 | DEBUG    | asyncio:631 | Using proactor: IocpProactor
2026-08-17 12:11:04 | DEBUG    | urllib3.connectionpool:475 | https://query2.finance.yahoo.com:443 "GET /v1/finance/search?q=NVIDIA&quotesCount=0&newsCount=50&enableFuzzyQuery=false HTTP/1.1" 403 3369
2026-08-17 12:11:05 | DEBUG    | urllib3.connectionpool:291 | Resetting dropped connection: query1.finance.yahoo.com
2026-08-17 12:11:06 | WARNING  | backpack_quant_trading.core.binance_monitor:147 | 币安行情 aiohttp 兜底失败: Cannot connect to host 127.0.0.1:7891 ssl:False [远程计算机拒绝网络连接。]
2026-08-17 12:11:06 | DEBUG    | urllib3.connectionpool:1022 | Starting new HTTPS connection (1): fapi.binance.com:443
2026-08-17 12:11:07 | DEBUG    | urllib3.connectionpool:475 | https://query1.finance.yahoo.com:443 "GET /v1/finance/search?q=NVDA&quotesCount=0&newsCount=50&enableFuzzyQuery=false HTTP/1.1" 403 3369
2026-08-17 12:11:07 | DEBUG    | urllib3.connectionpool:291 | Resetting dropped connection: query2.finance.yahoo.com
2026-08-17 12:11:08 | ERROR    | backpack_quant_trading.core.binance_monitor:344 | 获取币安K线失败 futures BTCUSDT 1m: HTTPSConnectionPool(host='fapi.binance.com', port=443): Max retries exceeded with url: /fapi/v1/klines?symbol=BTCUSDT&interval=1m&limit=2 (Caused by ProxyError('Cannot connect to proxy.', NewConnectionError('<urllib3.connection.HTTPSConnection object at 0x000001435A745810>: Failed to establish a new connection: [WinError 10061] 由于目标计算机积极拒绝，无法连接。')))
2026-08-17 12:11:09 | DEBUG    | urllib3.connectionpool:475 | https://query2.finance.yahoo.com:443 "GET /v1/finance/search?q=NVDA&quotesCount=0&newsCount=50&enableFuzzyQuery=false HTTP/1.1" 403 3369
2026-08-17 12:11:09 | DEBUG    | urllib3.connectionpool:291 | Resetting dropped connection: query1.finance.yahoo.com
2026-08-17 12:11:12 | WARNING  | backpack_quant_trading.core.binance_monitor:143 | 币安行情 curl 兜底失败: Command '['curl', '-fsSL', '--max-time', '10', '-A', 'Mozilla/5.0', '-x', 'http://127.0.0.1:7891', 'https://fapi.binance.com/fapi/v1/depth?symbol=BTCUSDT&limit=50']' returned non-zero exit status 7.
2026-08-17 12:11:12 | DEBUG    | asyncio:631 | Using proactor: IocpProactor
2026-08-17 12:11:14 | DEBUG    | urllib3.connectionpool:475 | https://query1.finance.yahoo.com:443 "GET /v1/finance/search?q=MICRON&quotesCount=0&newsCount=50&enableFuzzyQuery=false HTTP/1.1" 403 3369
2026-08-17 12:11:14 | DEBUG    | urllib3.connectionpool:291 | Resetting dropped connection: query2.finance.yahoo.com
2026-08-17 12:11:14 | WARNING  | backpack_quant_trading.core.binance_monitor:147 | 币安行情 aiohttp 兜底失败: Cannot connect to host 127.0.0.1:7891 ssl:False [远程计算机拒绝网络连接。]
2026-08-17 12:11:14 | DEBUG    | urllib3.connectionpool:1022 | Starting new HTTPS connection (1): fapi.binance.com:443
2026-08-17 12:11:16 | DEBUG    | urllib3.connectionpool:475 | https://query2.finance.yahoo.com:443 "GET /v1/finance/search?q=MICRON&quotesCount=0&newsCount=50&enableFuzzyQuery=false HTTP/1.1" 403 3369
2026-08-17 12:11:16 | ERROR    | backpack_quant_trading.core.binance_monitor:364 | 获取币安深度失败 futures BTCUSDT: HTTPSConnectionPool(host='fapi.binance.com', port=443): Max retries exceeded with url: /fapi/v1/depth?symbol=BTCUSDT&limit=50 (Caused by ProxyError('Cannot connect to proxy.', NewConnectionError('<urllib3.connection.HTTPSConnection object at 0x000001435A4D6710>: Failed to establish a new connection: [WinError 10061] 由于目标计算机积极拒绝，无法连接。')))
2026-08-17 12:11:20 | DEBUG    | urllib3.connectionpool:291 | Resetting dropped connection: query1.finance.yahoo.com
2026-08-17 12:11:21 | DEBUG    | urllib3.connectionpool:475 | https://query1.finance.yahoo.com:443 "GET /v1/finance/search?q=MU&quotesCount=0&newsCount=50&enableFuzzyQuery=false HTTP/1.1" 403 3369
2026-08-17 12:11:21 | DEBUG    | urllib3.connectionpool:291 | Resetting dropped connection: query2.finance.yahoo.com
2026-08-17 12:11:25 | DEBUG    | urllib3.connectionpool:475 | https://query2.finance.yahoo.com:443 "GET /v1/finance/search?q=MU&quotesCount=0&newsCount=50&enableFuzzyQuery=false HTTP/1.1" 403 3369
2026-08-17 12:11:25 | DEBUG    | urllib3.connectionpool:291 | Resetting dropped connection: query1.finance.yahoo.com
2026-08-17 12:11:26 | DEBUG    | urllib3.connectionpool:475 | https://query1.finance.yahoo.com:443 "GET /v1/finance/search?q=SanDisk&quotesCount=0&newsCount=50&enableFuzzyQuery=false HTTP/1.1" 403 3369
2026-08-17 12:11:26 | DEBUG    | urllib3.connectionpool:291 | Resetting dropped connection: query2.finance.yahoo.com
2026-08-17 12:11:31 | DEBUG    | urllib3.connectionpool:475 | https://query2.finance.yahoo.com:443 "GET /v1/finance/search?q=SanDisk&quotesCount=0&newsCount=50&enableFuzzyQuery=false HTTP/1.1" 403 3369
2026-08-17 12:11:32 | DEBUG    | urllib3.connectionpool:291 | Resetting dropped connection: query1.finance.yahoo.com
2026-08-17 12:11:35 | DEBUG    | urllib3.connectionpool:475 | https://query1.finance.yahoo.com:443 "GET /v1/finance/search?q=SNDK&quotesCount=0&newsCount=50&enableFuzzyQuery=false HTTP/1.1" 403 3369
2026-08-17 12:11:35 | DEBUG    | urllib3.connectionpool:291 | Resetting dropped connection: query2.finance.yahoo.com
2026-08-17 12:11:38 | DEBUG    | urllib3.connectionpool:475 | https://query2.finance.yahoo.com:443 "GET /v1/finance/search?q=SNDK&quotesCount=0&newsCount=50&enableFuzzyQuery=false HTTP/1.1" 403 3369
2026-08-17 12:11:38 | DEBUG    | urllib3.connectionpool:291 | Resetting dropped connection: query1.finance.yahoo.com
2026-08-17 12:11:40 | DEBUG    | urllib3.connectionpool:475 | https://query1.finance.yahoo.com:443 "GET /v1/finance/search?q=INTEL&quotesCount=0&newsCount=50&enableFuzzyQuery=false HTTP/1.1" 403 3369
2026-08-17 12:11:40 | DEBUG    | urllib3.connectionpool:291 | Resetting dropped connection: query2.finance.yahoo.com
2026-08-17 12:11:43 | DEBUG    | urllib3.connectionpool:475 | https://query2.finance.yahoo.com:443 "GET /v1/finance/search?q=INTEL&quotesCount=0&newsCount=50&enableFuzzyQuery=false HTTP/1.1" 403 3369
2026-08-17 12:11:43 | DEBUG    | urllib3.connectionpool:291 | Resetting dropped connection: query1.finance.yahoo.com
2026-08-17 12:11:46 | DEBUG    | urllib3.connectionpool:475 | https://query1.finance.yahoo.com:443 "GET /v1/finance/search?q=INTC&quotesCount=0&newsCount=50&enableFuzzyQuery=false HTTP/1.1" 403 3369
2026-08-17 12:11:46 | DEBUG    | urllib3.connectionpool:291 | Resetting dropped connection: query2.finance.yahoo.com
2026-08-17 12:11:51 | DEBUG    | urllib3.connectionpool:475 | https://query2.finance.yahoo.com:443 "GET /v1/finance/search?q=INTC&quotesCount=0&newsCount=50&enableFuzzyQuery=false HTTP/1.1" 403 3369
2026-08-17 12:11:54 | DEBUG    | urllib3.connectionpool:291 | Resetting dropped connection: finance.yahoo.com
2026-08-17 12:11:59 | DEBUG    | urllib3.connectionpool:1022 | Starting new HTTPS connection (1): feeds.finance.yahoo.com:443
2026-08-17 12:12:02 | DEBUG    | urllib3.connectionpool:475 | https://feeds.finance.yahoo.com:443 "GET /rss/2.0/headline?s=NVIDIA&region=US&lang=en-US HTTP/1.1" 200 394
2026-08-17 12:12:03 | DEBUG    | urllib3.connectionpool:475 | https://feeds.finance.yahoo.com:443 "GET /rss/2.0/headline?s=NVDA&region=US&lang=en-US HTTP/1.1" 200 4744
2026-08-17 12:12:03 | DEBUG    | urllib3.connectionpool:475 | https://feeds.finance.yahoo.com:443 "GET /rss/2.0/headline?s=MICRON&region=US&lang=en-US HTTP/1.1" 200 394
2026-08-17 12:12:04 | DEBUG    | urllib3.connectionpool:475 | https://feeds.finance.yahoo.com:443 "GET /rss/2.0/headline?s=MU&region=US&lang=en-US HTTP/1.1" 200 2999
2026-08-17 12:12:04 | DEBUG    | backpack_quant_trading.core.stock_news_feeds:795 | [雅虎财经] 直连 Search 获取 30 条
2026-08-17 12:12:04 | INFO     | stock_news_alert:555 | 轮询完成 @ 2026-08-17 04:10:49 | 拉取 220 条 (金十数据=20, 同花顺=20, 东方财富=80, 新浪财经=30, 富途牛牛=40, 雅虎财经=30) | 已推送过 0 | 非最新 0 | 未命中关键词 205 | 非重要快讯 15 | 内容相似去重 0 | 新命中 0 | 待推送 0 | 雅虎搜索词: NVIDIA, NVDA, MICRON, MU, SanDisk, SNDK, INTEL, INTC
2026-08-17 12:12:06 | WARNING  | backpack_quant_trading.core.binance_monitor:143 | 币安行情 curl 兜底失败: Command '['curl', '-fsSL', '--max-time', '15', '-A', 'Mozilla/5.0', '-x', 'http://127.0.0.1:7891', 'https://fapi.binance.com/fapi/v1/klines?symbol=BTCUSDT&interval=1m&limit=2']' returned non-zero exit status 7.
2026-08-17 12:12:06 | DEBUG    | asyncio:631 | Using proactor: IocpProactor
2026-08-17 12:12:08 | WARNING  | backpack_quant_trading.core.binance_monitor:147 | 币安行情 aiohttp 兜底失败: Cannot connect to host 127.0.0.1:7891 ssl:False [远程计算机拒绝网络连接。]
2026-08-17 12:12:08 | DEBUG    | urllib3.connectionpool:1022 | Starting new HTTPS connection (1): fapi.binance.com:443
2026-08-17 12:12:11 | ERROR    | backpack_quant_trading.core.binance_monitor:344 | 获取币安K线失败 futures BTCUSDT 1m: HTTPSConnectionPool(host='fapi.binance.com', port=443): Max retries exceeded with url: /fapi/v1/klines?symbol=BTCUSDT&interval=1m&limit=2 (Caused by ProxyError('Cannot connect to proxy.', NewConnectionError('<urllib3.connection.HTTPSConnection object at 0x000001435A4D7250>: Failed to establish a new connection: [WinError 10061] 由于目标计算机积极拒绝，无法连接。')))
2026-08-17 12:12:15 | WARNING  | backpack_quant_trading.core.binance_monitor:143 | 币安行情 curl 兜底失败: Command '['curl', '-fsSL', '--max-time', '10', '-A', 'Mozilla/5.0', '-x', 'http://127.0.0.1:7891', 'https://fapi.binance.com/fapi/v1/depth?symbol=BTCUSDT&limit=50']' returned non-zero exit status 7.
2026-08-17 12:12:15 | DEBUG    | asyncio:631 | Using proactor: IocpProactor
2026-08-17 12:12:17 | WARNING  | backpack_quant_trading.core.binance_monitor:147 | 币安行情 aiohttp 兜底失败: Cannot connect to host 127.0.0.1:7891 ssl:False [远程计算机拒绝网络连接。]
2026-08-17 12:12:17 | DEBUG    | urllib3.connectionpool:1022 | Starting new HTTPS connection (1): fapi.binance.com:443
2026-08-17 12:12:19 | ERROR    | backpack_quant_trading.core.binance_monitor:364 | 获取币安深度失败 futures BTCUSDT: HTTPSConnectionPool(host='fapi.binance.com', port=443): Max retries exceeded with url: /fapi/v1/depth?symbol=BTCUSDT&limit=50 (Caused by ProxyError('Cannot connect to proxy.', NewConnectionError('<urllib3.connection.HTTPSConnection object at 0x0000014358859F90>: Failed to establish a new connection: [WinError 10061] 由于目标计算机积极拒绝，无法连接。')))
2026-08-17 12:12:34 | DEBUG    | urllib3.connectionpool:1022 | Starting new HTTPS connection (1): flash-api.jin10.com:443
2026-08-17 12:12:35 | DEBUG    | urllib3.connectionpool:475 | https://flash-api.jin10.com:443 "GET /get_flash_list?channel=-8200&vip=1 HTTP/1.1" 200 None
2026-08-17 12:12:35 | DEBUG    | urllib3.connectionpool:1022 | Starting new HTTPS connection (1): news.10jqka.com.cn:443
2026-08-17 12:12:35 | DEBUG    | urllib3.connectionpool:475 | https://news.10jqka.com.cn:443 "GET /tapp/news/push/stock?page=1&tag=&track=website HTTP/1.1" 200 None
2026-08-17 12:12:35 | DEBUG    | urllib3.connectionpool:1022 | Starting new HTTPS connection (1): np-weblist.eastmoney.com:443
2026-08-17 12:12:36 | DEBUG    | urllib3.connectionpool:475 | https://np-weblist.eastmoney.com:443 "GET /comm/web/getFastNewsList?client=web&biz=web_724&fastColumn=102&sortEnd=&pageSize=80&req_trace=1710315450384 HTTP/1.1" 200 None
2026-08-17 12:12:36 | DEBUG    | urllib3.connectionpool:1022 | Starting new HTTPS connection (1): zhibo.sina.com.cn:443
2026-08-17 12:12:37 | DEBUG    | urllib3.connectionpool:475 | https://zhibo.sina.com.cn:443 "GET /api/zhibo/feed?page=1&page_size=30&zhibo_id=152&tag_id=0&dire=f&dpc=1&pagesize=30&type=1 HTTP/1.1" 200 None
2026-08-17 12:12:37 | DEBUG    | urllib3.connectionpool:1022 | Starting new HTTPS connection (1): news.futunn.com:443
2026-08-17 12:12:38 | DEBUG    | urllib3.connectionpool:475 | https://news.futunn.com:443 "GET /news-site-api/main/get-flash-list?pageSize=40 HTTP/1.1" 200 66864
2026-08-17 12:12:38 | DEBUG    | urllib3.connectionpool:1022 | Starting new HTTPS connection (1): finance.yahoo.com:443
2026-08-17 12:12:40 | DEBUG    | urllib3.connectionpool:475 | https://finance.yahoo.com:443 "GET / HTTP/1.1" 403 3369
2026-08-17 12:12:40 | DEBUG    | urllib3.connectionpool:1022 | Starting new HTTPS connection (1): query1.finance.yahoo.com:443
2026-08-17 12:12:42 | DEBUG    | urllib3.connectionpool:475 | https://query1.finance.yahoo.com:443 "GET /v1/finance/search?q=NVIDIA&quotesCount=0&newsCount=50&enableFuzzyQuery=false HTTP/1.1" 403 3369
2026-08-17 12:12:42 | DEBUG    | urllib3.connectionpool:1022 | Starting new HTTPS connection (1): query2.finance.yahoo.com:443
2026-08-17 12:12:43 | DEBUG    | urllib3.connectionpool:475 | https://query2.finance.yahoo.com:443 "GET /v1/finance/search?q=NVIDIA&quotesCount=0&newsCount=50&enableFuzzyQuery=false HTTP/1.1" 403 3369
2026-08-17 12:12:47 | DEBUG    | urllib3.connectionpool:291 | Resetting dropped connection: query1.finance.yahoo.com
2026-08-17 12:12:51 | DEBUG    | urllib3.connectionpool:475 | https://query1.finance.yahoo.com:443 "GET /v1/finance/search?q=NVDA&quotesCount=0&newsCount=50&enableFuzzyQuery=false HTTP/1.1" 403 3369
2026-08-17 12:12:52 | DEBUG    | urllib3.connectionpool:291 | Resetting dropped connection: query2.finance.yahoo.com
2026-08-17 12:12:54 | DEBUG    | urllib3.connectionpool:475 | https://query2.finance.yahoo.com:443 "GET /v1/finance/search?q=NVDA&quotesCount=0&newsCount=50&enableFuzzyQuery=false HTTP/1.1" 403 3369
2026-08-17 12:12:57 | DEBUG    | urllib3.connectionpool:291 | Resetting dropped connection: query1.finance.yahoo.com
2026-08-17 12:13:01 | DEBUG    | urllib3.connectionpool:475 | https://query1.finance.yahoo.com:443 "GET /v1/finance/search?q=MICRON&quotesCount=0&newsCount=50&enableFuzzyQuery=false HTTP/1.1" 403 3369
2026-08-17 12:13:01 | DEBUG    | urllib3.connectionpool:291 | Resetting dropped connection: query2.finance.yahoo.com
2026-08-17 12:13:05 | WARNING  | backpack_quant_trading.core.binance_monitor:143 | 币安行情 curl 兜底失败: Command '['curl', '-fsSL', '--max-time', '15', '-A', 'Mozilla/5.0', '-x', 'http://127.0.0.1:7891', 'https://fapi.binance.com/fapi/v1/klines?symbol=BTCUSDT&interval=1m&limit=2']' returned non-zero exit status 7.
2026-08-17 12:13:05 | DEBUG    | asyncio:631 | Using proactor: IocpProactor
2026-08-17 12:13:05 | DEBUG    | urllib3.connectionpool:475 | https://query2.finance.yahoo.com:443 "GET /v1/finance/search?q=MICRON&quotesCount=0&newsCount=50&enableFuzzyQuery=false HTTP/1.1" 403 3369
2026-08-17 12:13:05 | DEBUG    | urllib3.connectionpool:291 | Resetting dropped connection: query1.finance.yahoo.com
2026-08-17 12:13:06 | DEBUG    | urllib3.connectionpool:475 | https://query1.finance.yahoo.com:443 "GET /v1/finance/search?q=MU&quotesCount=0&newsCount=50&enableFuzzyQuery=false HTTP/1.1" 403 3369
2026-08-17 12:13:06 | DEBUG    | urllib3.connectionpool:291 | Resetting dropped connection: query2.finance.yahoo.com
2026-08-17 12:13:07 | WARNING  | backpack_quant_trading.core.binance_monitor:147 | 币安行情 aiohttp 兜底失败: Cannot connect to host 127.0.0.1:7891 ssl:False [远程计算机拒绝网络连接。]
2026-08-17 12:13:07 | DEBUG    | urllib3.connectionpool:1022 | Starting new HTTPS connection (1): fapi.binance.com:443
2026-08-17 12:13:08 | DEBUG    | urllib3.connectionpool:475 | https://query2.finance.yahoo.com:443 "GET /v1/finance/search?q=MU&quotesCount=0&newsCount=50&enableFuzzyQuery=false HTTP/1.1" 403 3369
2026-08-17 12:13:09 | DEBUG    | urllib3.connectionpool:291 | Resetting dropped connection: query1.finance.yahoo.com
2026-08-17 12:13:09 | ERROR    | backpack_quant_trading.core.binance_monitor:344 | 获取币安K线失败 futures BTCUSDT 1m: HTTPSConnectionPool(host='fapi.binance.com', port=443): Max retries exceeded with url: /fapi/v1/klines?symbol=BTCUSDT&interval=1m&limit=2 (Caused by ProxyError('Cannot connect to proxy.', NewConnectionError('<urllib3.connection.HTTPSConnection object at 0x000001435A4D4F50>: Failed to establish a new connection: [WinError 10061] 由于目标计算机积极拒绝，无法连接。')))
2026-08-17 12:13:11 | DEBUG    | urllib3.connectionpool:475 | https://query1.finance.yahoo.com:443 "GET /v1/finance/search?q=SanDisk&quotesCount=0&newsCount=50&enableFuzzyQuery=false HTTP/1.1" 403 3369
2026-08-17 12:13:11 | DEBUG    | urllib3.connectionpool:291 | Resetting dropped connection: query2.finance.yahoo.com
2026-08-17 12:13:12 | DEBUG    | urllib3.connectionpool:475 | https://query2.finance.yahoo.com:443 "GET /v1/finance/search?q=SanDisk&quotesCount=0&newsCount=50&enableFuzzyQuery=false HTTP/1.1" 403 3369
2026-08-17 12:13:12 | DEBUG    | urllib3.connectionpool:291 | Resetting dropped connection: query1.finance.yahoo.com
2026-08-17 12:13:13 | WARNING  | backpack_quant_trading.core.binance_monitor:143 | 币安行情 curl 兜底失败: Command '['curl', '-fsSL', '--max-time', '10', '-A', 'Mozilla/5.0', '-x', 'http://127.0.0.1:7891', 'https://fapi.binance.com/fapi/v1/depth?symbol=BTCUSDT&limit=50']' returned non-zero exit status 7.
2026-08-17 12:13:13 | DEBUG    | asyncio:631 | Using proactor: IocpProactor
2026-08-17 12:13:14 | DEBUG    | urllib3.connectionpool:475 | https://query1.finance.yahoo.com:443 "GET /v1/finance/search?q=SNDK&quotesCount=0&newsCount=50&enableFuzzyQuery=false HTTP/1.1" 403 3369
2026-08-17 12:13:14 | DEBUG    | urllib3.connectionpool:291 | Resetting dropped connection: query2.finance.yahoo.com
2026-08-17 12:13:15 | WARNING  | backpack_quant_trading.core.binance_monitor:147 | 币安行情 aiohttp 兜底失败: Cannot connect to host 127.0.0.1:7891 ssl:False [远程计算机拒绝网络连接。]
2026-08-17 12:13:15 | DEBUG    | urllib3.connectionpool:1022 | Starting new HTTPS connection (1): fapi.binance.com:443
2026-08-17 12:13:16 | DEBUG    | urllib3.connectionpool:475 | https://query2.finance.yahoo.com:443 "GET /v1/finance/search?q=SNDK&quotesCount=0&newsCount=50&enableFuzzyQuery=false HTTP/1.1" 403 3369
2026-08-17 12:13:17 | DEBUG    | urllib3.connectionpool:291 | Resetting dropped connection: query1.finance.yahoo.com
2026-08-17 12:13:17 | ERROR    | backpack_quant_trading.core.binance_monitor:364 | 获取币安深度失败 futures BTCUSDT: HTTPSConnectionPool(host='fapi.binance.com', port=443): Max retries exceeded with url: /fapi/v1/depth?symbol=BTCUSDT&limit=50 (Caused by ProxyError('Cannot connect to proxy.', NewConnectionError('<urllib3.connection.HTTPSConnection object at 0x000001435A4D5D10>: Failed to establish a new connection: [WinError 10061] 由于目标计算机积极拒绝，无法连接。')))
2026-08-17 12:13:19 | DEBUG    | urllib3.connectionpool:475 | https://query1.finance.yahoo.com:443 "GET /v1/finance/search?q=INTEL&quotesCount=0&newsCount=50&enableFuzzyQuery=false HTTP/1.1" 403 3369
2026-08-17 12:13:19 | DEBUG    | urllib3.connectionpool:291 | Resetting dropped connection: query2.finance.yahoo.com
2026-08-17 12:13:21 | DEBUG    | urllib3.connectionpool:475 | https://query2.finance.yahoo.com:443 "GET /v1/finance/search?q=INTEL&quotesCount=0&newsCount=50&enableFuzzyQuery=false HTTP/1.1" 403 3369
2026-08-17 12:13:23 | DEBUG    | urllib3.connectionpool:291 | Resetting dropped connection: query1.finance.yahoo.com
2026-08-17 12:13:25 | DEBUG    | urllib3.connectionpool:475 | https://query1.finance.yahoo.com:443 "GET /v1/finance/search?q=INTC&quotesCount=0&newsCount=50&enableFuzzyQuery=false HTTP/1.1" 403 3369
2026-08-17 12:13:25 | DEBUG    | urllib3.connectionpool:291 | Resetting dropped connection: query2.finance.yahoo.com
2026-08-17 12:13:31 | DEBUG    | urllib3.connectionpool:475 | https://query2.finance.yahoo.com:443 "GET /v1/finance/search?q=INTC&quotesCount=0&newsCount=50&enableFuzzyQuery=false HTTP/1.1" 403 3369
2026-08-17 12:13:33 | DEBUG    | urllib3.connectionpool:291 | Resetting dropped connection: finance.yahoo.com
2026-08-17 12:13:35 | DEBUG    | urllib3.connectionpool:1022 | Starting new HTTPS connection (1): feeds.finance.yahoo.com:443
2026-08-17 12:13:37 | DEBUG    | urllib3.connectionpool:475 | https://feeds.finance.yahoo.com:443 "GET /rss/2.0/headline?s=NVIDIA&region=US&lang=en-US HTTP/1.1" 200 394
2026-08-17 12:13:38 | DEBUG    | urllib3.connectionpool:475 | https://feeds.finance.yahoo.com:443 "GET /rss/2.0/headline?s=NVDA&region=US&lang=en-US HTTP/1.1" 200 3397
2026-08-17 12:13:38 | DEBUG    | urllib3.connectionpool:475 | https://feeds.finance.yahoo.com:443 "GET /rss/2.0/headline?s=MICRON&region=US&lang=en-US HTTP/1.1" 200 394
2026-08-17 12:13:39 | DEBUG    | urllib3.connectionpool:475 | https://feeds.finance.yahoo.com:443 "GET /rss/2.0/headline?s=MU&region=US&lang=en-US HTTP/1.1" 200 2997
2026-08-17 12:13:41 | DEBUG    | backpack_quant_trading.core.stock_news_feeds:795 | [雅虎财经] 直连 Search 获取 25 条
2026-08-17 12:13:41 | INFO     | stock_news_alert:555 | 轮询完成 @ 2026-08-17 04:12:34 | 拉取 215 条 (金十数据=20, 同花顺=20, 东方财富=80, 新浪财经=30, 富途牛牛=40, 雅虎财经=25) | 已推送过 0 | 非最新 0 | 未命中关键词 202 | 非重要快讯 13 | 内容相似去重 0 | 新命中 0 | 待推送 0 | 雅虎搜索词: NVIDIA, NVDA, MICRON, MU, SanDisk, SNDK, INTEL, INTC
2026-08-17 12:14:04 | WARNING  | backpack_quant_trading.core.binance_monitor:143 | 币安行情 curl 兜底失败: Command '['curl', '-fsSL', '--max-time', '15', '-A', 'Mozilla/5.0', '-x', 'http://127.0.0.1:7891', 'https://fapi.binance.com/fapi/v1/klines?symbol=BTCUSDT&interval=1m&limit=2']' returned non-zero exit status 7.
2026-08-17 12:14:04 | DEBUG    | asyncio:631 | Using proactor: IocpProactor
2026-08-17 12:14:06 | WARNING  | backpack_quant_trading.core.binance_monitor:147 | 币安行情 aiohttp 兜底失败: Cannot connect to host 127.0.0.1:7891 ssl:False [远程计算机拒绝网络连接。]
2026-08-17 12:14:06 | DEBUG    | urllib3.connectionpool:1022 | Starting new HTTPS connection (1): fapi.binance.com:443
2026-08-17 12:14:08 | ERROR    | backpack_quant_trading.core.binance_monitor:344 | 获取币安K线失败 futures BTCUSDT 1m: HTTPSConnectionPool(host='fapi.binance.com', port=443): Max retries exceeded with url: /fapi/v1/klines?symbol=BTCUSDT&interval=1m&limit=2 (Caused by ProxyError('Cannot connect to proxy.', NewConnectionError('<urllib3.connection.HTTPSConnection object at 0x000001435A7447D0>: Failed to establish a new connection: [WinError 10061] 由于目标计算机积极拒绝，无法连接。')))
2026-08-17 12:14:11 | DEBUG    | urllib3.connectionpool:1022 | Starting new HTTPS connection (1): flash-api.jin10.com:443
2026-08-17 12:14:12 | DEBUG    | urllib3.connectionpool:475 | https://flash-api.jin10.com:443 "GET /get_flash_list?channel=-8200&vip=1 HTTP/1.1" 200 None
2026-08-17 12:14:12 | DEBUG    | urllib3.connectionpool:1022 | Starting new HTTPS connection (1): news.10jqka.com.cn:443
2026-08-17 12:14:13 | WARNING  | backpack_quant_trading.core.binance_monitor:143 | 币安行情 curl 兜底失败: Command '['curl', '-fsSL', '--max-time', '10', '-A', 'Mozilla/5.0', '-x', 'http://127.0.0.1:7891', 'https://fapi.binance.com/fapi/v1/depth?symbol=BTCUSDT&limit=50']' returned non-zero exit status 7.
2026-08-17 12:14:13 | DEBUG    | asyncio:631 | Using proactor: IocpProactor
2026-08-17 12:14:13 | DEBUG    | urllib3.connectionpool:475 | https://news.10jqka.com.cn:443 "GET /tapp/news/push/stock?page=1&tag=&track=website HTTP/1.1" 200 None
2026-08-17 12:14:13 | DEBUG    | urllib3.connectionpool:1022 | Starting new HTTPS connection (1): np-weblist.eastmoney.com:443
2026-08-17 12:14:14 | DEBUG    | urllib3.connectionpool:475 | https://np-weblist.eastmoney.com:443 "GET /comm/web/getFastNewsList?client=web&biz=web_724&fastColumn=102&sortEnd=&pageSize=80&req_trace=1710315450384 HTTP/1.1" 200 None
2026-08-17 12:14:14 | DEBUG    | urllib3.connectionpool:1022 | Starting new HTTPS connection (1): zhibo.sina.com.cn:443
2026-08-17 12:14:14 | DEBUG    | urllib3.connectionpool:475 | https://zhibo.sina.com.cn:443 "GET /api/zhibo/feed?page=1&page_size=30&zhibo_id=152&tag_id=0&dire=f&dpc=1&pagesize=30&type=1 HTTP/1.1" 200 None
2026-08-17 12:14:14 | DEBUG    | urllib3.connectionpool:1022 | Starting new HTTPS connection (1): news.futunn.com:443
2026-08-17 12:14:15 | WARNING  | backpack_quant_trading.core.binance_monitor:147 | 币安行情 aiohttp 兜底失败: Cannot connect to host 127.0.0.1:7891 ssl:False [远程计算机拒绝网络连接。]
2026-08-17 12:14:15 | DEBUG    | urllib3.connectionpool:1022 | Starting new HTTPS connection (1): fapi.binance.com:443
2026-08-17 12:14:15 | DEBUG    | urllib3.connectionpool:475 | https://news.futunn.com:443 "GET /news-site-api/main/get-flash-list?pageSize=40 HTTP/1.1" 200 67503
2026-08-17 12:14:15 | DEBUG    | urllib3.connectionpool:1022 | Starting new HTTPS connection (1): finance.yahoo.com:443
2026-08-17 12:14:17 | ERROR    | backpack_quant_trading.core.binance_monitor:364 | 获取币安深度失败 futures BTCUSDT: HTTPSConnectionPool(host='fapi.binance.com', port=443): Max retries exceeded with url: /fapi/v1/depth?symbol=BTCUSDT&limit=50 (Caused by ProxyError('Cannot connect to proxy.', NewConnectionError('<urllib3.connection.HTTPSConnection object at 0x000001435A4D5090>: Failed to establish a new connection: [WinError 10061] 由于目标计算机积极拒绝，无法连接。')))
2026-08-17 12:14:19 | DEBUG    | urllib3.connectionpool:475 | https://finance.yahoo.com:443 "GET / HTTP/1.1" 403 3369
2026-08-17 12:14:20 | DEBUG    | urllib3.connectionpool:1022 | Starting new HTTPS connection (1): query1.finance.yahoo.com:443
2026-08-17 12:14:21 | DEBUG    | urllib3.connectionpool:475 | https://query1.finance.yahoo.com:443 "GET /v1/finance/search?q=NVIDIA&quotesCount=0&newsCount=50&enableFuzzyQuery=false HTTP/1.1" 403 3369
2026-08-17 12:14:21 | DEBUG    | urllib3.connectionpool:1022 | Starting new HTTPS connection (1): query2.finance.yahoo.com:443
2026-08-17 12:14:26 | DEBUG    | urllib3.connectionpool:475 | https://query2.finance.yahoo.com:443 "GET /v1/finance/search?q=NVIDIA&quotesCount=0&newsCount=50&enableFuzzyQuery=false HTTP/1.1" 403 3369
2026-08-17 12:14:28 | DEBUG    | urllib3.connectionpool:291 | Resetting dropped connection: query1.finance.yahoo.com
2026-08-17 12:14:33 | DEBUG    | urllib3.connectionpool:291 | Resetting dropped connection: query2.finance.yahoo.com
2026-08-17 12:14:34 | DEBUG    | urllib3.connectionpool:475 | https://query2.finance.yahoo.com:443 "GET /v1/finance/search?q=NVDA&quotesCount=0&newsCount=50&enableFuzzyQuery=false HTTP/1.1" 403 3369
2026-08-17 12:14:35 | DEBUG    | urllib3.connectionpool:1022 | Starting new HTTPS connection (2): query1.finance.yahoo.com:443
2026-08-17 12:14:37 | DEBUG    | urllib3.connectionpool:475 | https://query1.finance.yahoo.com:443 "GET /v1/finance/search?q=MICRON&quotesCount=0&newsCount=50&enableFuzzyQuery=false HTTP/1.1" 403 3369
2026-08-17 12:14:37 | DEBUG    | urllib3.connectionpool:291 | Resetting dropped connection: query2.finance.yahoo.com
2026-08-17 12:14:38 | DEBUG    | urllib3.connectionpool:475 | https://query2.finance.yahoo.com:443 "GET /v1/finance/search?q=MICRON&quotesCount=0&newsCount=50&enableFuzzyQuery=false HTTP/1.1" 403 3369
2026-08-17 12:14:39 | DEBUG    | urllib3.connectionpool:291 | Resetting dropped connection: query1.finance.yahoo.com
2026-08-17 12:14:43 | DEBUG    | urllib3.connectionpool:475 | https://query1.finance.yahoo.com:443 "GET /v1/finance/search?q=MU&quotesCount=0&newsCount=50&enableFuzzyQuery=false HTTP/1.1" 403 3369
2026-08-17 12:14:43 | DEBUG    | urllib3.connectionpool:291 | Resetting dropped connection: query2.finance.yahoo.com
2026-08-17 12:14:44 | DEBUG    | urllib3.connectionpool:475 | https://query2.finance.yahoo.com:443 "GET /v1/finance/search?q=MU&quotesCount=0&newsCount=50&enableFuzzyQuery=false HTTP/1.1" 403 3369
2026-08-17 12:14:44 | DEBUG    | urllib3.connectionpool:291 | Resetting dropped connection: query1.finance.yahoo.com
2026-08-17 12:14:46 | DEBUG    | urllib3.connectionpool:475 | https://query1.finance.yahoo.com:443 "GET /v1/finance/search?q=SanDisk&quotesCount=0&newsCount=50&enableFuzzyQuery=false HTTP/1.1" 403 3369
2026-08-17 12:14:46 | DEBUG    | urllib3.connectionpool:291 | Resetting dropped connection: query2.finance.yahoo.com
2026-08-17 12:14:51 | DEBUG    | urllib3.connectionpool:475 | https://query2.finance.yahoo.com:443 "GET /v1/finance/search?q=SanDisk&quotesCount=0&newsCount=50&enableFuzzyQuery=false HTTP/1.1" 403 3369
2026-08-17 12:14:51 | DEBUG    | urllib3.connectionpool:291 | Resetting dropped connection: query1.finance.yahoo.com
2026-08-17 12:14:53 | DEBUG    | urllib3.connectionpool:475 | https://query1.finance.yahoo.com:443 "GET /v1/finance/search?q=SNDK&quotesCount=0&newsCount=50&enableFuzzyQuery=false HTTP/1.1" 403 3369
2026-08-17 12:14:56 | DEBUG    | urllib3.connectionpool:291 | Resetting dropped connection: query2.finance.yahoo.com
2026-08-17 12:14:58 | DEBUG    | urllib3.connectionpool:475 | https://query2.finance.yahoo.com:443 "GET /v1/finance/search?q=SNDK&quotesCount=0&newsCount=50&enableFuzzyQuery=false HTTP/1.1" 403 3369
2026-08-17 12:14:58 | DEBUG    | urllib3.connectionpool:291 | Resetting dropped connection: query1.finance.yahoo.com
2026-08-17 12:15:00 | DEBUG    | urllib3.connectionpool:475 | https://query1.finance.yahoo.com:443 "GET /v1/finance/search?q=INTEL&quotesCount=0&newsCount=50&enableFuzzyQuery=false HTTP/1.1" 403 3369
2026-08-17 12:15:00 | DEBUG    | urllib3.connectionpool:291 | Resetting dropped connection: query2.finance.yahoo.com
2026-08-17 12:15:01 | DEBUG    | urllib3.connectionpool:475 | https://query2.finance.yahoo.com:443 "GET /v1/finance/search?q=INTEL&quotesCount=0&newsCount=50&enableFuzzyQuery=false HTTP/1.1" 403 3369
2026-08-17 12:15:04 | WARNING  | backpack_quant_trading.core.binance_monitor:143 | 币安行情 curl 兜底失败: Command '['curl', '-fsSL', '--max-time', '15', '-A', 'Mozilla/5.0', '-x', 'http://127.0.0.1:7891', 'https://fapi.binance.com/fapi/v1/klines?symbol=BTCUSDT&interval=1m&limit=2']' returned non-zero exit status 7.
2026-08-17 12:15:04 | DEBUG    | asyncio:631 | Using proactor: IocpProactor
2026-08-17 12:15:05 | DEBUG    | urllib3.connectionpool:291 | Resetting dropped connection: query1.finance.yahoo.com
2026-08-17 12:15:06 | WARNING  | backpack_quant_trading.core.binance_monitor:147 | 币安行情 aiohttp 兜底失败: Cannot connect to host 127.0.0.1:7891 ssl:False [远程计算机拒绝网络连接。]
2026-08-17 12:15:06 | DEBUG    | urllib3.connectionpool:1022 | Starting new HTTPS connection (1): fapi.binance.com:443
2026-08-17 12:15:08 | DEBUG    | urllib3.connectionpool:475 | https://query1.finance.yahoo.com:443 "GET /v1/finance/search?q=INTC&quotesCount=0&newsCount=50&enableFuzzyQuery=false HTTP/1.1" 403 3369
2026-08-17 12:15:08 | DEBUG    | urllib3.connectionpool:291 | Resetting dropped connection: query2.finance.yahoo.com
2026-08-17 12:15:09 | ERROR    | backpack_quant_trading.core.binance_monitor:344 | 获取币安K线失败 futures BTCUSDT 1m: HTTPSConnectionPool(host='fapi.binance.com', port=443): Max retries exceeded with url: /fapi/v1/klines?symbol=BTCUSDT&interval=1m&limit=2 (Caused by ProxyError('Cannot connect to proxy.', NewConnectionError('<urllib3.connection.HTTPSConnection object at 0x000001435A4D7C50>: Failed to establish a new connection: [WinError 10061] 由于目标计算机积极拒绝，无法连接。')))
2026-08-17 12:15:10 | DEBUG    | urllib3.connectionpool:475 | https://query2.finance.yahoo.com:443 "GET /v1/finance/search?q=INTC&quotesCount=0&newsCount=50&enableFuzzyQuery=false HTTP/1.1" 403 3369
2026-08-17 12:15:10 | DEBUG    | urllib3.connectionpool:291 | Resetting dropped connection: finance.yahoo.com
2026-08-17 12:15:11 | DEBUG    | urllib3.connectionpool:475 | https://finance.yahoo.com:443 "POST /xhr/ncp?queryRef=latestNews&serviceKey=ncp_fin HTTP/1.1" 403 3369
2026-08-17 12:15:11 | DEBUG    | urllib3.connectionpool:1022 | Starting new HTTPS connection (1): feeds.finance.yahoo.com:443
2026-08-17 12:15:13 | WARNING  | backpack_quant_trading.core.binance_monitor:143 | 币安行情 curl 兜底失败: Command '['curl', '-fsSL', '--max-time', '10', '-A', 'Mozilla/5.0', '-x', 'http://127.0.0.1:7891', 'https://fapi.binance.com/fapi/v1/depth?symbol=BTCUSDT&limit=50']' returned non-zero exit status 7.
2026-08-17 12:15:13 | DEBUG    | asyncio:631 | Using proactor: IocpProactor
2026-08-17 12:15:15 | WARNING  | backpack_quant_trading.core.binance_monitor:147 | 币安行情 aiohttp 兜底失败: Cannot connect to host 127.0.0.1:7891 ssl:False [远程计算机拒绝网络连接。]
2026-08-17 12:15:15 | DEBUG    | urllib3.connectionpool:1022 | Starting new HTTPS connection (1): fapi.binance.com:443
2026-08-17 12:15:16 | DEBUG    | urllib3.connectionpool:475 | https://feeds.finance.yahoo.com:443 "GET /rss/2.0/headline?s=NVIDIA&region=US&lang=en-US HTTP/1.1" 200 394
2026-08-17 12:15:17 | ERROR    | backpack_quant_trading.core.binance_monitor:364 | 获取币安深度失败 futures BTCUSDT: HTTPSConnectionPool(host='fapi.binance.com', port=443): Max retries exceeded with url: /fapi/v1/depth?symbol=BTCUSDT&limit=50 (Caused by ProxyError('Cannot connect to proxy.', NewConnectionError('<urllib3.connection.HTTPSConnection object at 0x000001435885AFD0>: Failed to establish a new connection: [WinError 10061] 由于目标计算机积极拒绝，无法连接。')))
2026-08-17 12:15:17 | DEBUG    | urllib3.connectionpool:475 | https://feeds.finance.yahoo.com:443 "GET /rss/2.0/headline?s=NVDA&region=US&lang=en-US HTTP/1.1" 200 3401
2026-08-17 12:15:19 | DEBUG    | urllib3.connectionpool:475 | https://feeds.finance.yahoo.com:443 "GET /rss/2.0/headline?s=MICRON&region=US&lang=en-US HTTP/1.1" 200 394
2026-08-17 12:15:20 | DEBUG    | urllib3.connectionpool:475 | https://feeds.finance.yahoo.com:443 "GET /rss/2.0/headline?s=MU&region=US&lang=en-US HTTP/1.1" 200 2998
2026-08-17 12:15:24 | DEBUG    | backpack_quant_trading.core.stock_news_feeds:795 | [雅虎财经] 直连 Search 获取 25 条
2026-08-17 12:15:24 | INFO     | stock_news_alert:555 | 轮询完成 @ 2026-08-17 04:14:11 | 拉取 214 条 (金十数据=19, 同花顺=20, 东方财富=80, 新浪财经=30, 富途牛牛=40, 雅虎财经=25) | 已推送过 0 | 非最新 0 | 未命中关键词 201 | 非重要快讯 13 | 内容相似去重 0 | 新命中 0 | 待推送 0 | 雅虎搜索词: NVIDIA, NVDA, MICRON, MU, SanDisk, SNDK, INTEL, INTC
2026-08-17 12:15:54 | DEBUG    | urllib3.connectionpool:1022 | Starting new HTTPS connection (1): flash-api.jin10.com:443
2026-08-17 12:15:54 | DEBUG    | urllib3.connectionpool:475 | https://flash-api.jin10.com:443 "GET /get_flash_list?channel=-8200&vip=1 HTTP/1.1" 200 None
2026-08-17 12:15:54 | DEBUG    | urllib3.connectionpool:1022 | Starting new HTTPS connection (1): news.10jqka.com.cn:443
2026-08-17 12:15:55 | DEBUG    | urllib3.connectionpool:475 | https://news.10jqka.com.cn:443 "GET /tapp/news/push/stock?page=1&tag=&track=website HTTP/1.1" 200 None
2026-08-17 12:15:55 | DEBUG    | urllib3.connectionpool:1022 | Starting new HTTPS connection (1): np-weblist.eastmoney.com:443
2026-08-17 12:15:56 | DEBUG    | urllib3.connectionpool:475 | https://np-weblist.eastmoney.com:443 "GET /comm/web/getFastNewsList?client=web&biz=web_724&fastColumn=102&sortEnd=&pageSize=80&req_trace=1710315450384 HTTP/1.1" 200 None
2026-08-17 12:15:56 | DEBUG    | urllib3.connectionpool:1022 | Starting new HTTPS connection (1): zhibo.sina.com.cn:443
2026-08-17 12:15:57 | DEBUG    | urllib3.connectionpool:475 | https://zhibo.sina.com.cn:443 "GET /api/zhibo/feed?page=1&page_size=30&zhibo_id=152&tag_id=0&dire=f&dpc=1&pagesize=30&type=1 HTTP/1.1" 200 None
2026-08-17 12:15:57 | DEBUG    | urllib3.connectionpool:1022 | Starting new HTTPS connection (1): news.futunn.com:443
2026-08-17 12:15:58 | DEBUG    | urllib3.connectionpool:475 | https://news.futunn.com:443 "GET /news-site-api/main/get-flash-list?pageSize=40 HTTP/1.1" 200 67759
2026-08-17 12:15:58 | DEBUG    | urllib3.connectionpool:1022 | Starting new HTTPS connection (1): finance.yahoo.com:443
2026-08-17 12:15:59 | DEBUG    | urllib3.connectionpool:475 | https://finance.yahoo.com:443 "GET / HTTP/1.1" 403 3369
2026-08-17 12:16:02 | DEBUG    | urllib3.connectionpool:1022 | Starting new HTTPS connection (1): query1.finance.yahoo.com:443
2026-08-17 12:16:04 | DEBUG    | urllib3.connectionpool:475 | https://query1.finance.yahoo.com:443 "GET /v1/finance/search?q=NVIDIA&quotesCount=0&newsCount=50&enableFuzzyQuery=false HTTP/1.1" 403 3369
2026-08-17 12:16:04 | DEBUG    | urllib3.connectionpool:1022 | Starting new HTTPS connection (1): query2.finance.yahoo.com:443
2026-08-17 12:16:05 | WARNING  | backpack_quant_trading.core.binance_monitor:143 | 币安行情 curl 兜底失败: Command '['curl', '-fsSL', '--max-time', '15', '-A', 'Mozilla/5.0', '-x', 'http://127.0.0.1:7891', 'https://fapi.binance.com/fapi/v1/klines?symbol=BTCUSDT&interval=1m&limit=2']' returned non-zero exit status 7.
2026-08-17 12:16:05 | DEBUG    | asyncio:631 | Using proactor: IocpProactor
2026-08-17 12:16:06 | DEBUG    | urllib3.connectionpool:475 | https://query2.finance.yahoo.com:443 "GET /v1/finance/search?q=NVIDIA&quotesCount=0&newsCount=50&enableFuzzyQuery=false HTTP/1.1" 403 3369
2026-08-17 12:16:06 | DEBUG    | urllib3.connectionpool:291 | Resetting dropped connection: query1.finance.yahoo.com
2026-08-17 12:16:07 | WARNING  | backpack_quant_trading.core.binance_monitor:147 | 币安行情 aiohttp 兜底失败: Cannot connect to host 127.0.0.1:7891 ssl:False [远程计算机拒绝网络连接。]
2026-08-17 12:16:07 | DEBUG    | urllib3.connectionpool:1022 | Starting new HTTPS connection (1): fapi.binance.com:443
2026-08-17 12:16:08 | DEBUG    | urllib3.connectionpool:475 | https://query1.finance.yahoo.com:443 "GET /v1/finance/search?q=NVDA&quotesCount=0&newsCount=50&enableFuzzyQuery=false HTTP/1.1" 403 3369
2026-08-17 12:16:08 | DEBUG    | urllib3.connectionpool:291 | Resetting dropped connection: query2.finance.yahoo.com
2026-08-17 12:16:09 | ERROR    | backpack_quant_trading.core.binance_monitor:344 | 获取币安K线失败 futures BTCUSDT 1m: HTTPSConnectionPool(host='fapi.binance.com', port=443): Max retries exceeded with url: /fapi/v1/klines?symbol=BTCUSDT&interval=1m&limit=2 (Caused by ProxyError('Cannot connect to proxy.', NewConnectionError('<urllib3.connection.HTTPSConnection object at 0x000001435A4D4F50>: Failed to establish a new connection: [WinError 10061] 由于目标计算机积极拒绝，无法连接。')))
2026-08-17 12:16:13 | WARNING  | backpack_quant_trading.core.binance_monitor:143 | 币安行情 curl 兜底失败: Command '['curl', '-fsSL', '--max-time', '10', '-A', 'Mozilla/5.0', '-x', 'http://127.0.0.1:7891', 'https://fapi.binance.com/fapi/v1/depth?symbol=BTCUSDT&limit=50']' returned non-zero exit status 7.
2026-08-17 12:16:13 | DEBUG    | asyncio:631 | Using proactor: IocpProactor
2026-08-17 12:16:15 | DEBUG    | urllib3.connectionpool:475 | https://query2.finance.yahoo.com:443 "GET /v1/finance/search?q=NVDA&quotesCount=0&newsCount=50&enableFuzzyQuery=false HTTP/1.1" 403 3369
2026-08-17 12:16:15 | WARNING  | backpack_quant_trading.core.binance_monitor:147 | 币安行情 aiohttp 兜底失败: Cannot connect to host 127.0.0.1:7891 ssl:False [远程计算机拒绝网络连接。]
2026-08-17 12:16:15 | DEBUG    | urllib3.connectionpool:1022 | Starting new HTTPS connection (1): fapi.binance.com:443
2026-08-17 12:16:17 | DEBUG    | urllib3.connectionpool:291 | Resetting dropped connection: query1.finance.yahoo.com
2026-08-17 12:16:17 | ERROR    | backpack_quant_trading.core.binance_monitor:364 | 获取币安深度失败 futures BTCUSDT: HTTPSConnectionPool(host='fapi.binance.com', port=443): Max retries exceeded with url: /fapi/v1/depth?symbol=BTCUSDT&limit=50 (Caused by ProxyError('Cannot connect to proxy.', NewConnectionError('<urllib3.connection.HTTPSConnection object at 0x000001435A4D60D0>: Failed to establish a new connection: [WinError 10061] 由于目标计算机积极拒绝，无法连接。')))
2026-08-17 12:16:19 | DEBUG    | urllib3.connectionpool:475 | https://query1.finance.yahoo.com:443 "GET /v1/finance/search?q=MICRON&quotesCount=0&newsCount=50&enableFuzzyQuery=false HTTP/1.1" 403 3369
2026-08-17 12:16:19 | DEBUG    | urllib3.connectionpool:291 | Resetting dropped connection: query2.finance.yahoo.com
2026-08-17 12:16:20 | DEBUG    | urllib3.connectionpool:475 | https://query2.finance.yahoo.com:443 "GET /v1/finance/search?q=MICRON&quotesCount=0&newsCount=50&enableFuzzyQuery=false HTTP/1.1" 403 3369
2026-08-17 12:16:25 | DEBUG    | urllib3.connectionpool:291 | Resetting dropped connection: query1.finance.yahoo.com
2026-08-17 12:16:26 | DEBUG    | urllib3.connectionpool:475 | https://query1.finance.yahoo.com:443 "GET /v1/finance/search?q=MU&quotesCount=0&newsCount=50&enableFuzzyQuery=false HTTP/1.1" 403 3369
2026-08-17 12:16:26 | DEBUG    | urllib3.connectionpool:291 | Resetting dropped connection: query2.finance.yahoo.com
2026-08-17 12:16:29 | DEBUG    | urllib3.connectionpool:475 | https://query2.finance.yahoo.com:443 "GET /v1/finance/search?q=MU&quotesCount=0&newsCount=50&enableFuzzyQuery=false HTTP/1.1" 403 3369
2026-08-17 12:16:29 | DEBUG    | urllib3.connectionpool:291 | Resetting dropped connection: query1.finance.yahoo.com
2026-08-17 12:16:30 | DEBUG    | urllib3.connectionpool:475 | https://query1.finance.yahoo.com:443 "GET /v1/finance/search?q=SanDisk&quotesCount=0&newsCount=50&enableFuzzyQuery=false HTTP/1.1" 403 3369
2026-08-17 12:16:31 | DEBUG    | urllib3.connectionpool:291 | Resetting dropped connection: query2.finance.yahoo.com
2026-08-17 12:16:32 | DEBUG    | urllib3.connectionpool:475 | https://query2.finance.yahoo.com:443 "GET /v1/finance/search?q=SanDisk&quotesCount=0&newsCount=50&enableFuzzyQuery=false HTTP/1.1" 403 3369
2026-08-17 12:16:32 | DEBUG    | urllib3.connectionpool:291 | Resetting dropped connection: query1.finance.yahoo.com
2026-08-17 12:16:34 | DEBUG    | urllib3.connectionpool:475 | https://query1.finance.yahoo.com:443 "GET /v1/finance/search?q=SNDK&quotesCount=0&newsCount=50&enableFuzzyQuery=false HTTP/1.1" 403 3369
2026-08-17 12:16:34 | DEBUG    | urllib3.connectionpool:291 | Resetting dropped connection: query2.finance.yahoo.com
2026-08-17 12:16:38 | DEBUG    | urllib3.connectionpool:475 | https://query2.finance.yahoo.com:443 "GET /v1/finance/search?q=SNDK&quotesCount=0&newsCount=50&enableFuzzyQuery=false HTTP/1.1" 403 3369
2026-08-17 12:16:41 | DEBUG    | urllib3.connectionpool:291 | Resetting dropped connection: query1.finance.yahoo.com
2026-08-17 12:16:45 | DEBUG    | urllib3.connectionpool:475 | https://query1.finance.yahoo.com:443 "GET /v1/finance/search?q=INTEL&quotesCount=0&newsCount=50&enableFuzzyQuery=false HTTP/1.1" 403 3369
2026-08-17 12:16:45 | DEBUG    | urllib3.connectionpool:291 | Resetting dropped connection: query2.finance.yahoo.com
2026-08-17 12:16:46 | DEBUG    | urllib3.connectionpool:475 | https://query2.finance.yahoo.com:443 "GET /v1/finance/search?q=INTEL&quotesCount=0&newsCount=50&enableFuzzyQuery=false HTTP/1.1" 403 3369
2026-08-17 12:16:46 | DEBUG    | urllib3.connectionpool:291 | Resetting dropped connection: query1.finance.yahoo.com
2026-08-17 12:16:49 | DEBUG    | urllib3.connectionpool:475 | https://query1.finance.yahoo.com:443 "GET /v1/finance/search?q=INTC&quotesCount=0&newsCount=50&enableFuzzyQuery=false HTTP/1.1" 403 3369
2026-08-17 12:16:49 | DEBUG    | urllib3.connectionpool:291 | Resetting dropped connection: query2.finance.yahoo.com
2026-08-17 12:16:50 | DEBUG    | urllib3.connectionpool:475 | https://query2.finance.yahoo.com:443 "GET /v1/finance/search?q=INTC&quotesCount=0&newsCount=50&enableFuzzyQuery=false HTTP/1.1" 403 3369
2026-08-17 12:16:50 | DEBUG    | urllib3.connectionpool:291 | Resetting dropped connection: finance.yahoo.com
2026-08-17 12:16:52 | DEBUG    | urllib3.connectionpool:475 | https://finance.yahoo.com:443 "POST /xhr/ncp?queryRef=latestNews&serviceKey=ncp_fin HTTP/1.1" 403 3369
2026-08-17 12:16:52 | DEBUG    | urllib3.connectionpool:1022 | Starting new HTTPS connection (1): feeds.finance.yahoo.com:443
2026-08-17 12:16:54 | DEBUG    | urllib3.connectionpool:475 | https://feeds.finance.yahoo.com:443 "GET /rss/2.0/headline?s=NVIDIA&region=US&lang=en-US HTTP/1.1" 200 394
2026-08-17 12:16:55 | DEBUG    | urllib3.connectionpool:475 | https://feeds.finance.yahoo.com:443 "GET /rss/2.0/headline?s=NVDA&region=US&lang=en-US HTTP/1.1" 200 3399
2026-08-17 12:16:56 | DEBUG    | urllib3.connectionpool:475 | https://feeds.finance.yahoo.com:443 "GET /rss/2.0/headline?s=MICRON&region=US&lang=en-US HTTP/1.1" 200 394
2026-08-17 12:16:57 | DEBUG    | urllib3.connectionpool:475 | https://feeds.finance.yahoo.com:443 "GET /rss/2.0/headline?s=MU&region=US&lang=en-US HTTP/1.1" 200 2998
2026-08-17 12:16:57 | DEBUG    | backpack_quant_trading.core.stock_news_feeds:795 | [雅虎财经] 直连 Search 获取 25 条
2026-08-17 12:16:57 | INFO     | stock_news_alert:555 | 轮询完成 @ 2026-08-17 04:15:54 | 拉取 215 条 (金十数据=20, 同花顺=20, 东方财富=80, 新浪财经=30, 富途牛牛=40, 雅虎财经=25) | 已推送过 0 | 非最新 0 | 未命中关键词 201 | 非重要快讯 14 | 内容相似去重 0 | 新命中 0 | 待推送 0 | 雅虎搜索词: NVIDIA, NVDA, MICRON, MU, SanDisk, SNDK, INTEL, INTC
2026-08-17 12:17:05 | WARNING  | backpack_quant_trading.core.binance_monitor:143 | 币安行情 curl 兜底失败: Command '['curl', '-fsSL', '--max-time', '15', '-A', 'Mozilla/5.0', '-x', 'http://127.0.0.1:7891', 'https://fapi.binance.com/fapi/v1/klines?symbol=BTCUSDT&interval=1m&limit=2']' returned non-zero exit status 7.
2026-08-17 12:17:05 | DEBUG    | asyncio:631 | Using proactor: IocpProactor
2026-08-17 12:17:07 | WARNING  | backpack_quant_trading.core.binance_monitor:147 | 币安行情 aiohttp 兜底失败: Cannot connect to host 127.0.0.1:7891 ssl:False [远程计算机拒绝网络连接。]
2026-08-17 12:17:07 | DEBUG    | urllib3.connectionpool:1022 | Starting new HTTPS connection (1): fapi.binance.com:443
2026-08-17 12:17:09 | ERROR    | backpack_quant_trading.core.binance_monitor:344 | 获取币安K线失败 futures BTCUSDT 1m: HTTPSConnectionPool(host='fapi.binance.com', port=443): Max retries exceeded with url: /fapi/v1/klines?symbol=BTCUSDT&interval=1m&limit=2 (Caused by ProxyError('Cannot connect to proxy.', NewConnectionError('<urllib3.connection.HTTPSConnection object at 0x000001435A4D6990>: Failed to establish a new connection: [WinError 10061] 由于目标计算机积极拒绝，无法连接。')))
2026-08-17 12:17:13 | WARNING  | backpack_quant_trading.core.binance_monitor:143 | 币安行情 curl 兜底失败: Command '['curl', '-fsSL', '--max-time', '10', '-A', 'Mozilla/5.0', '-x', 'http://127.0.0.1:7891', 'https://fapi.binance.com/fapi/v1/depth?symbol=BTCUSDT&limit=50']' returned non-zero exit status 7.
2026-08-17 12:17:13 | DEBUG    | asyncio:631 | Using proactor: IocpProactor
2026-08-17 12:17:15 | WARNING  | backpack_quant_trading.core.binance_monitor:147 | 币安行情 aiohttp 兜底失败: Cannot connect to host 127.0.0.1:7891 ssl:False [远程计算机拒绝网络连接。]
2026-08-17 12:17:15 | DEBUG    | urllib3.connectionpool:1022 | Starting new HTTPS connection (1): fapi.binance.com:443
2026-08-17 12:17:17 | ERROR    | backpack_quant_trading.core.binance_monitor:364 | 获取币安深度失败 futures BTCUSDT: HTTPSConnectionPool(host='fapi.binance.com', port=443): Max retries exceeded with url: /fapi/v1/depth?symbol=BTCUSDT&limit=50 (Caused by ProxyError('Cannot connect to proxy.', NewConnectionError('<urllib3.connection.HTTPSConnection object at 0x000001435A4D6210>: Failed to establish a new connection: [WinError 10061] 由于目标计算机积极拒绝，无法连接。')))
2026-08-17 12:17:27 | DEBUG    | urllib3.connectionpool:1022 | Starting new HTTPS connection (1): flash-api.jin10.com:443
2026-08-17 12:17:28 | DEBUG    | urllib3.connectionpool:475 | https://flash-api.jin10.com:443 "GET /get_flash_list?channel=-8200&vip=1 HTTP/1.1" 200 None
2026-08-17 12:17:28 | DEBUG    | urllib3.connectionpool:1022 | Starting new HTTPS connection (1): news.10jqka.com.cn:443
2026-08-17 12:17:28 | DEBUG    | urllib3.connectionpool:475 | https://news.10jqka.com.cn:443 "GET /tapp/news/push/stock?page=1&tag=&track=website HTTP/1.1" 200 None
2026-08-17 12:17:28 | DEBUG    | urllib3.connectionpool:1022 | Starting new HTTPS connection (1): np-weblist.eastmoney.com:443
2026-08-17 12:17:29 | DEBUG    | urllib3.connectionpool:475 | https://np-weblist.eastmoney.com:443 "GET /comm/web/getFastNewsList?client=web&biz=web_724&fastColumn=102&sortEnd=&pageSize=80&req_trace=1710315450384 HTTP/1.1" 200 None
2026-08-17 12:17:29 | DEBUG    | urllib3.connectionpool:1022 | Starting new HTTPS connection (1): zhibo.sina.com.cn:443
2026-08-17 12:17:30 | DEBUG    | urllib3.connectionpool:475 | https://zhibo.sina.com.cn:443 "GET /api/zhibo/feed?page=1&page_size=30&zhibo_id=152&tag_id=0&dire=f&dpc=1&pagesize=30&type=1 HTTP/1.1" 200 None
2026-08-17 12:17:30 | DEBUG    | urllib3.connectionpool:1022 | Starting new HTTPS connection (1): news.futunn.com:443
2026-08-17 12:17:31 | DEBUG    | urllib3.connectionpool:475 | https://news.futunn.com:443 "GET /news-site-api/main/get-flash-list?pageSize=40 HTTP/1.1" 200 67117
2026-08-17 12:17:31 | DEBUG    | urllib3.connectionpool:1022 | Starting new HTTPS connection (1): finance.yahoo.com:443
2026-08-17 12:17:36 | DEBUG    | urllib3.connectionpool:475 | https://finance.yahoo.com:443 "GET / HTTP/1.1" 403 3369
2026-08-17 12:17:36 | DEBUG    | urllib3.connectionpool:1022 | Starting new HTTPS connection (1): query1.finance.yahoo.com:443
2026-08-17 12:17:38 | DEBUG    | urllib3.connectionpool:475 | https://query1.finance.yahoo.com:443 "GET /v1/finance/search?q=NVIDIA&quotesCount=0&newsCount=50&enableFuzzyQuery=false HTTP/1.1" 403 3369
2026-08-17 12:17:38 | DEBUG    | urllib3.connectionpool:1022 | Starting new HTTPS connection (1): query2.finance.yahoo.com:443
2026-08-17 12:17:40 | DEBUG    | urllib3.connectionpool:475 | https://query2.finance.yahoo.com:443 "GET /v1/finance/search?q=NVIDIA&quotesCount=0&newsCount=50&enableFuzzyQuery=false HTTP/1.1" 403 3369
2026-08-17 12:17:41 | DEBUG    | urllib3.connectionpool:291 | Resetting dropped connection: query1.finance.yahoo.com
2026-08-17 12:17:43 | DEBUG    | urllib3.connectionpool:475 | https://query1.finance.yahoo.com:443 "GET /v1/finance/search?q=NVDA&quotesCount=0&newsCount=50&enableFuzzyQuery=false HTTP/1.1" 403 3369
2026-08-17 12:17:43 | DEBUG    | urllib3.connectionpool:291 | Resetting dropped connection: query2.finance.yahoo.com
2026-08-17 12:17:44 | DEBUG    | urllib3.connectionpool:475 | https://query2.finance.yahoo.com:443 "GET /v1/finance/search?q=NVDA&quotesCount=0&newsCount=50&enableFuzzyQuery=false HTTP/1.1" 403 3369
2026-08-17 12:17:44 | DEBUG    | urllib3.connectionpool:291 | Resetting dropped connection: query1.finance.yahoo.com
2026-08-17 12:17:46 | DEBUG    | urllib3.connectionpool:475 | https://query1.finance.yahoo.com:443 "GET /v1/finance/search?q=MICRON&quotesCount=0&newsCount=50&enableFuzzyQuery=false HTTP/1.1" 403 3369
2026-08-17 12:17:46 | DEBUG    | urllib3.connectionpool:291 | Resetting dropped connection: query2.finance.yahoo.com
2026-08-17 12:17:47 | DEBUG    | urllib3.connectionpool:475 | https://query2.finance.yahoo.com:443 "GET /v1/finance/search?q=MICRON&quotesCount=0&newsCount=50&enableFuzzyQuery=false HTTP/1.1" 403 3369
2026-08-17 12:17:48 | DEBUG    | urllib3.connectionpool:291 | Resetting dropped connection: query1.finance.yahoo.com
2026-08-17 12:17:50 | DEBUG    | urllib3.connectionpool:475 | https://query1.finance.yahoo.com:443 "GET /v1/finance/search?q=MU&quotesCount=0&newsCount=50&enableFuzzyQuery=false HTTP/1.1" 403 3369
2026-08-17 12:17:50 | DEBUG    | urllib3.connectionpool:291 | Resetting dropped connection: query2.finance.yahoo.com
2026-08-17 12:17:58 | DEBUG    | urllib3.connectionpool:475 | https://query2.finance.yahoo.com:443 "GET /v1/finance/search?q=MU&quotesCount=0&newsCount=50&enableFuzzyQuery=false HTTP/1.1" 403 3369
2026-08-17 12:18:05 | WARNING  | backpack_quant_trading.core.binance_monitor:143 | 币安行情 curl 兜底失败: Command '['curl', '-fsSL', '--max-time', '15', '-A', 'Mozilla/5.0', '-x', 'http://127.0.0.1:7891', 'https://fapi.binance.com/fapi/v1/klines?symbol=BTCUSDT&interval=1m&limit=2']' returned non-zero exit status 7.
2026-08-17 12:18:05 | DEBUG    | asyncio:631 | Using proactor: IocpProactor
2026-08-17 12:18:07 | WARNING  | backpack_quant_trading.core.binance_monitor:147 | 币安行情 aiohttp 兜底失败: Cannot connect to host 127.0.0.1:7891 ssl:False [远程计算机拒绝网络连接。]
2026-08-17 12:18:07 | DEBUG    | urllib3.connectionpool:1022 | Starting new HTTPS connection (1): fapi.binance.com:443
2026-08-17 12:18:07 | DEBUG    | urllib3.connectionpool:291 | Resetting dropped connection: query1.finance.yahoo.com
2026-08-17 12:18:09 | ERROR    | backpack_quant_trading.core.binance_monitor:344 | 获取币安K线失败 futures BTCUSDT 1m: HTTPSConnectionPool(host='fapi.binance.com', port=443): Max retries exceeded with url: /fapi/v1/klines?symbol=BTCUSDT&interval=1m&limit=2 (Caused by ProxyError('Cannot connect to proxy.', NewConnectionError('<urllib3.connection.HTTPSConnection object at 0x0000014358858CD0>: Failed to establish a new connection: [WinError 10061] 由于目标计算机积极拒绝，无法连接。')))
2026-08-17 12:18:09 | DEBUG    | urllib3.connectionpool:475 | https://query1.finance.yahoo.com:443 "GET /v1/finance/search?q=SanDisk&quotesCount=0&newsCount=50&enableFuzzyQuery=false HTTP/1.1" 403 3369
2026-08-17 12:18:09 | DEBUG    | urllib3.connectionpool:291 | Resetting dropped connection: query2.finance.yahoo.com
2026-08-17 12:18:13 | WARNING  | backpack_quant_trading.core.binance_monitor:143 | 币安行情 curl 兜底失败: Command '['curl', '-fsSL', '--max-time', '10', '-A', 'Mozilla/5.0', '-x', 'http://127.0.0.1:7891', 'https://fapi.binance.com/fapi/v1/depth?symbol=BTCUSDT&limit=50']' returned non-zero exit status 7.
2026-08-17 12:18:13 | DEBUG    | asyncio:631 | Using proactor: IocpProactor
2026-08-17 12:18:13 | DEBUG    | urllib3.connectionpool:475 | https://query2.finance.yahoo.com:443 "GET /v1/finance/search?q=SanDisk&quotesCount=0&newsCount=50&enableFuzzyQuery=false HTTP/1.1" 403 3369
2026-08-17 12:18:14 | DEBUG    | urllib3.connectionpool:291 | Resetting dropped connection: query1.finance.yahoo.com
2026-08-17 12:18:15 | WARNING  | backpack_quant_trading.core.binance_monitor:147 | 币安行情 aiohttp 兜底失败: Cannot connect to host 127.0.0.1:7891 ssl:False [远程计算机拒绝网络连接。]
2026-08-17 12:18:15 | DEBUG    | urllib3.connectionpool:1022 | Starting new HTTPS connection (1): fapi.binance.com:443
2026-08-17 12:18:16 | DEBUG    | urllib3.connectionpool:475 | https://query1.finance.yahoo.com:443 "GET /v1/finance/search?q=SNDK&quotesCount=0&newsCount=50&enableFuzzyQuery=false HTTP/1.1" 403 3369
2026-08-17 12:18:16 | DEBUG    | urllib3.connectionpool:291 | Resetting dropped connection: query2.finance.yahoo.com
2026-08-17 12:18:17 | ERROR    | backpack_quant_trading.core.binance_monitor:364 | 获取币安深度失败 futures BTCUSDT: HTTPSConnectionPool(host='fapi.binance.com', port=443): Max retries exceeded with url: /fapi/v1/depth?symbol=BTCUSDT&limit=50 (Caused by ProxyError('Cannot connect to proxy.', NewConnectionError('<urllib3.connection.HTTPSConnection object at 0x000001435A4D5810>: Failed to establish a new connection: [WinError 10061] 由于目标计算机积极拒绝，无法连接。')))
2026-08-17 12:18:18 | DEBUG    | urllib3.connectionpool:475 | https://query2.finance.yahoo.com:443 "GET /v1/finance/search?q=SNDK&quotesCount=0&newsCount=50&enableFuzzyQuery=false HTTP/1.1" 403 3369
2026-08-17 12:18:18 | DEBUG    | urllib3.connectionpool:291 | Resetting dropped connection: query1.finance.yahoo.com
2026-08-17 12:18:19 | DEBUG    | urllib3.connectionpool:475 | https://query1.finance.yahoo.com:443 "GET /v1/finance/search?q=INTEL&quotesCount=0&newsCount=50&enableFuzzyQuery=false HTTP/1.1" 403 3369
2026-08-17 12:18:19 | DEBUG    | urllib3.connectionpool:291 | Resetting dropped connection: query2.finance.yahoo.com
2026-08-17 12:18:23 | DEBUG    | urllib3.connectionpool:475 | https://query2.finance.yahoo.com:443 "GET /v1/finance/search?q=INTEL&quotesCount=0&newsCount=50&enableFuzzyQuery=false HTTP/1.1" 403 3369
2026-08-17 12:18:23 | DEBUG    | urllib3.connectionpool:291 | Resetting dropped connection: query1.finance.yahoo.com
2026-08-17 12:18:25 | DEBUG    | urllib3.connectionpool:475 | https://query1.finance.yahoo.com:443 "GET /v1/finance/search?q=INTC&quotesCount=0&newsCount=50&enableFuzzyQuery=false HTTP/1.1" 403 3369
2026-08-17 12:18:25 | DEBUG    | urllib3.connectionpool:291 | Resetting dropped connection: query2.finance.yahoo.com
2026-08-17 12:18:28 | DEBUG    | urllib3.connectionpool:475 | https://query2.finance.yahoo.com:443 "GET /v1/finance/search?q=INTC&quotesCount=0&newsCount=50&enableFuzzyQuery=false HTTP/1.1" 403 3369
2026-08-17 12:18:28 | DEBUG    | urllib3.connectionpool:291 | Resetting dropped connection: finance.yahoo.com
2026-08-17 12:18:30 | DEBUG    | urllib3.connectionpool:475 | https://finance.yahoo.com:443 "POST /xhr/ncp?queryRef=latestNews&serviceKey=ncp_fin HTTP/1.1" 403 3369
2026-08-17 12:18:30 | DEBUG    | urllib3.connectionpool:1022 | Starting new HTTPS connection (1): feeds.finance.yahoo.com:443
2026-08-17 12:18:32 | DEBUG    | urllib3.connectionpool:475 | https://feeds.finance.yahoo.com:443 "GET /rss/2.0/headline?s=NVIDIA&region=US&lang=en-US HTTP/1.1" 200 394
2026-08-17 12:18:33 | DEBUG    | urllib3.connectionpool:475 | https://feeds.finance.yahoo.com:443 "GET /rss/2.0/headline?s=NVDA&region=US&lang=en-US HTTP/1.1" 200 4745
2026-08-17 12:18:34 | DEBUG    | urllib3.connectionpool:475 | https://feeds.finance.yahoo.com:443 "GET /rss/2.0/headline?s=MICRON&region=US&lang=en-US HTTP/1.1" 200 394
2026-08-17 12:18:34 | DEBUG    | urllib3.connectionpool:475 | https://feeds.finance.yahoo.com:443 "GET /rss/2.0/headline?s=MU&region=US&lang=en-US HTTP/1.1" 200 2998
2026-08-17 12:18:35 | DEBUG    | backpack_quant_trading.core.stock_news_feeds:795 | [雅虎财经] 直连 Search 获取 30 条
2026-08-17 12:18:35 | INFO     | stock_news_alert:555 | 轮询完成 @ 2026-08-17 04:17:27 | 拉取 220 条 (金十数据=20, 同花顺=20, 东方财富=80, 新浪财经=30, 富途牛牛=40, 雅虎财经=30) | 已推送过 0 | 非最新 0 | 未命中关键词 205 | 非重要快讯 15 | 内容相似去重 0 | 新命中 0 | 待推送 0 | 雅虎搜索词: NVIDIA, NVDA, MICRON, MU, SanDisk, SNDK, INTEL, INTC
2026-08-17 12:19:04 | WARNING  | backpack_quant_trading.core.binance_monitor:143 | 币安行情 curl 兜底失败: Command '['curl', '-fsSL', '--max-time', '15', '-A', 'Mozilla/5.0', '-x', 'http://127.0.0.1:7891', 'https://fapi.binance.com/fapi/v1/klines?symbol=BTCUSDT&interval=1m&limit=2']' returned non-zero exit status 7.
2026-08-17 12:19:04 | DEBUG    | asyncio:631 | Using proactor: IocpProactor
2026-08-17 12:19:05 | DEBUG    | urllib3.connectionpool:1022 | Starting new HTTPS connection (1): flash-api.jin10.com:443
2026-08-17 12:19:05 | DEBUG    | urllib3.connectionpool:475 | https://flash-api.jin10.com:443 "GET /get_flash_list?channel=-8200&vip=1 HTTP/1.1" 200 None
2026-08-17 12:19:05 | DEBUG    | urllib3.connectionpool:1022 | Starting new HTTPS connection (1): news.10jqka.com.cn:443
2026-08-17 12:19:06 | DEBUG    | urllib3.connectionpool:475 | https://news.10jqka.com.cn:443 "GET /tapp/news/push/stock?page=1&tag=&track=website HTTP/1.1" 200 None
2026-08-17 12:19:06 | DEBUG    | urllib3.connectionpool:1022 | Starting new HTTPS connection (1): np-weblist.eastmoney.com:443
2026-08-17 12:19:06 | WARNING  | backpack_quant_trading.core.binance_monitor:147 | 币安行情 aiohttp 兜底失败: Cannot connect to host 127.0.0.1:7891 ssl:False [远程计算机拒绝网络连接。]
2026-08-17 12:19:06 | DEBUG    | urllib3.connectionpool:1022 | Starting new HTTPS connection (1): fapi.binance.com:443
2026-08-17 12:19:06 | DEBUG    | urllib3.connectionpool:475 | https://np-weblist.eastmoney.com:443 "GET /comm/web/getFastNewsList?client=web&biz=web_724&fastColumn=102&sortEnd=&pageSize=80&req_trace=1710315450384 HTTP/1.1" 200 None
2026-08-17 12:19:06 | DEBUG    | urllib3.connectionpool:1022 | Starting new HTTPS connection (1): zhibo.sina.com.cn:443
2026-08-17 12:19:07 | DEBUG    | urllib3.connectionpool:475 | https://zhibo.sina.com.cn:443 "GET /api/zhibo/feed?page=1&page_size=30&zhibo_id=152&tag_id=0&dire=f&dpc=1&pagesize=30&type=1 HTTP/1.1" 200 None
2026-08-17 12:19:07 | DEBUG    | urllib3.connectionpool:1022 | Starting new HTTPS connection (1): news.futunn.com:443
2026-08-17 12:19:08 | ERROR    | backpack_quant_trading.core.binance_monitor:344 | 获取币安K线失败 futures BTCUSDT 1m: HTTPSConnectionPool(host='fapi.binance.com', port=443): Max retries exceeded with url: /fapi/v1/klines?symbol=BTCUSDT&interval=1m&limit=2 (Caused by ProxyError('Cannot connect to proxy.', NewConnectionError('<urllib3.connection.HTTPSConnection object at 0x000001435A4D7610>: Failed to establish a new connection: [WinError 10061] 由于目标计算机积极拒绝，无法连接。')))
2026-08-17 12:19:08 | DEBUG    | urllib3.connectionpool:475 | https://news.futunn.com:443 "GET /news-site-api/main/get-flash-list?pageSize=40 HTTP/1.1" 200 67629
2026-08-17 12:19:08 | DEBUG    | urllib3.connectionpool:1022 | Starting new HTTPS connection (1): finance.yahoo.com:443
2026-08-17 12:19:10 | DEBUG    | urllib3.connectionpool:475 | https://finance.yahoo.com:443 "GET / HTTP/1.1" 403 3369
2026-08-17 12:19:10 | DEBUG    | urllib3.connectionpool:1022 | Starting new HTTPS connection (1): query1.finance.yahoo.com:443
2026-08-17 12:19:12 | DEBUG    | urllib3.connectionpool:475 | https://query1.finance.yahoo.com:443 "GET /v1/finance/search?q=NVIDIA&quotesCount=0&newsCount=50&enableFuzzyQuery=false HTTP/1.1" 403 3369
2026-08-17 12:19:12 | DEBUG    | urllib3.connectionpool:1022 | Starting new HTTPS connection (1): query2.finance.yahoo.com:443
2026-08-17 12:19:12 | WARNING  | backpack_quant_trading.core.binance_monitor:143 | 币安行情 curl 兜底失败: Command '['curl', '-fsSL', '--max-time', '10', '-A', 'Mozilla/5.0', '-x', 'http://127.0.0.1:7891', 'https://fapi.binance.com/fapi/v1/depth?symbol=BTCUSDT&limit=50']' returned non-zero exit status 7.
2026-08-17 12:19:12 | DEBUG    | asyncio:631 | Using proactor: IocpProactor
2026-08-17 12:19:13 | DEBUG    | urllib3.connectionpool:475 | https://query2.finance.yahoo.com:443 "GET /v1/finance/search?q=NVIDIA&quotesCount=0&newsCount=50&enableFuzzyQuery=false HTTP/1.1" 403 3369
2026-08-17 12:19:14 | DEBUG    | urllib3.connectionpool:291 | Resetting dropped connection: query1.finance.yahoo.com
2026-08-17 12:19:15 | WARNING  | backpack_quant_trading.core.binance_monitor:147 | 币安行情 aiohttp 兜底失败: Cannot connect to host 127.0.0.1:7891 ssl:False [远程计算机拒绝网络连接。]
2026-08-17 12:19:15 | DEBUG    | urllib3.connectionpool:1022 | Starting new HTTPS connection (1): fapi.binance.com:443
2026-08-17 12:19:15 | DEBUG    | urllib3.connectionpool:475 | https://query1.finance.yahoo.com:443 "GET /v1/finance/search?q=NVDA&quotesCount=0&newsCount=50&enableFuzzyQuery=false HTTP/1.1" 403 3369
2026-08-17 12:19:16 | DEBUG    | urllib3.connectionpool:291 | Resetting dropped connection: query2.finance.yahoo.com
2026-08-17 12:19:17 | ERROR    | backpack_quant_trading.core.binance_monitor:364 | 获取币安深度失败 futures BTCUSDT: HTTPSConnectionPool(host='fapi.binance.com', port=443): Max retries exceeded with url: /fapi/v1/depth?symbol=BTCUSDT&limit=50 (Caused by ProxyError('Cannot connect to proxy.', NewConnectionError('<urllib3.connection.HTTPSConnection object at 0x000001435A746990>: Failed to establish a new connection: [WinError 10061] 由于目标计算机积极拒绝，无法连接。')))
2026-08-17 12:19:18 | DEBUG    | urllib3.connectionpool:475 | https://query2.finance.yahoo.com:443 "GET /v1/finance/search?q=NVDA&quotesCount=0&newsCount=50&enableFuzzyQuery=false HTTP/1.1" 403 3369
2026-08-17 12:19:18 | DEBUG    | urllib3.connectionpool:291 | Resetting dropped connection: query1.finance.yahoo.com
2026-08-17 12:19:20 | DEBUG    | urllib3.connectionpool:475 | https://query1.finance.yahoo.com:443 "GET /v1/finance/search?q=MICRON&quotesCount=0&newsCount=50&enableFuzzyQuery=false HTTP/1.1" 403 3369
2026-08-17 12:19:24 | DEBUG    | urllib3.connectionpool:291 | Resetting dropped connection: query2.finance.yahoo.com
2026-08-17 12:19:26 | DEBUG    | urllib3.connectionpool:475 | https://query2.finance.yahoo.com:443 "GET /v1/finance/search?q=MICRON&quotesCount=0&newsCount=50&enableFuzzyQuery=false HTTP/1.1" 403 3369
2026-08-17 12:19:26 | DEBUG    | urllib3.connectionpool:291 | Resetting dropped connection: query1.finance.yahoo.com
2026-08-17 12:19:30 | DEBUG    | urllib3.connectionpool:291 | Resetting dropped connection: query2.finance.yahoo.com
2026-08-17 12:19:35 | DEBUG    | urllib3.connectionpool:475 | https://query2.finance.yahoo.com:443 "GET /v1/finance/search?q=MU&quotesCount=0&newsCount=50&enableFuzzyQuery=false HTTP/1.1" 403 3369
2026-08-17 12:19:35 | DEBUG    | urllib3.connectionpool:1022 | Starting new HTTPS connection (2): query1.finance.yahoo.com:443
2026-08-17 12:19:36 | DEBUG    | urllib3.connectionpool:475 | https://query1.finance.yahoo.com:443 "GET /v1/finance/search?q=SanDisk&quotesCount=0&newsCount=50&enableFuzzyQuery=false HTTP/1.1" 403 3369
2026-08-17 12:19:36 | DEBUG    | urllib3.connectionpool:291 | Resetting dropped connection: query2.finance.yahoo.com
2026-08-17 12:19:38 | DEBUG    | urllib3.connectionpool:475 | https://query2.finance.yahoo.com:443 "GET /v1/finance/search?q=SanDisk&quotesCount=0&newsCount=50&enableFuzzyQuery=false HTTP/1.1" 403 3369
2026-08-17 12:19:38 | DEBUG    | urllib3.connectionpool:291 | Resetting dropped connection: query1.finance.yahoo.com
2026-08-17 12:19:42 | DEBUG    | urllib3.connectionpool:475 | https://query1.finance.yahoo.com:443 "GET /v1/finance/search?q=SNDK&quotesCount=0&newsCount=50&enableFuzzyQuery=false HTTP/1.1" 403 3369
2026-08-17 12:19:42 | DEBUG    | urllib3.connectionpool:291 | Resetting dropped connection: query2.finance.yahoo.com
2026-08-17 12:19:44 | DEBUG    | urllib3.connectionpool:475 | https://query2.finance.yahoo.com:443 "GET /v1/finance/search?q=SNDK&quotesCount=0&newsCount=50&enableFuzzyQuery=false HTTP/1.1" 403 3369
2026-08-17 12:19:44 | DEBUG    | urllib3.connectionpool:291 | Resetting dropped connection: query1.finance.yahoo.com
2026-08-17 12:19:46 | DEBUG    | urllib3.connectionpool:475 | https://query1.finance.yahoo.com:443 "GET /v1/finance/search?q=INTEL&quotesCount=0&newsCount=50&enableFuzzyQuery=false HTTP/1.1" 403 3369
2026-08-17 12:19:46 | DEBUG    | urllib3.connectionpool:291 | Resetting dropped connection: query2.finance.yahoo.com
2026-08-17 12:19:48 | DEBUG    | urllib3.connectionpool:475 | https://query2.finance.yahoo.com:443 "GET /v1/finance/search?q=INTEL&quotesCount=0&newsCount=50&enableFuzzyQuery=false HTTP/1.1" 403 3369
2026-08-17 12:19:48 | DEBUG    | urllib3.connectionpool:291 | Resetting dropped connection: query1.finance.yahoo.com
2026-08-17 12:19:50 | DEBUG    | urllib3.connectionpool:475 | https://query1.finance.yahoo.com:443 "GET /v1/finance/search?q=INTC&quotesCount=0&newsCount=50&enableFuzzyQuery=false HTTP/1.1" 403 3369
2026-08-17 12:19:50 | DEBUG    | urllib3.connectionpool:291 | Resetting dropped connection: query2.finance.yahoo.com
2026-08-17 12:19:52 | DEBUG    | urllib3.connectionpool:475 | https://query2.finance.yahoo.com:443 "GET /v1/finance/search?q=INTC&quotesCount=0&newsCount=50&enableFuzzyQuery=false HTTP/1.1" 403 3369
2026-08-17 12:19:52 | DEBUG    | urllib3.connectionpool:291 | Resetting dropped connection: finance.yahoo.com
2026-08-17 12:19:55 | DEBUG    | urllib3.connectionpool:475 | https://finance.yahoo.com:443 "POST /xhr/ncp?queryRef=latestNews&serviceKey=ncp_fin HTTP/1.1" 403 3369
2026-08-17 12:19:55 | DEBUG    | urllib3.connectionpool:1022 | Starting new HTTPS connection (1): feeds.finance.yahoo.com:443
2026-08-17 12:19:57 | DEBUG    | urllib3.connectionpool:475 | https://feeds.finance.yahoo.com:443 "GET /rss/2.0/headline?s=NVIDIA&region=US&lang=en-US HTTP/1.1" 200 394
2026-08-17 12:19:57 | DEBUG    | urllib3.connectionpool:475 | https://feeds.finance.yahoo.com:443 "GET /rss/2.0/headline?s=NVDA&region=US&lang=en-US HTTP/1.1" 200 3398
2026-08-17 12:19:58 | DEBUG    | urllib3.connectionpool:475 | https://feeds.finance.yahoo.com:443 "GET /rss/2.0/headline?s=MICRON&region=US&lang=en-US HTTP/1.1" 200 394
2026-08-17 12:19:58 | DEBUG    | urllib3.connectionpool:475 | https://feeds.finance.yahoo.com:443 "GET /rss/2.0/headline?s=MU&region=US&lang=en-US HTTP/1.1" 200 5077
2026-08-17 12:19:58 | DEBUG    | backpack_quant_trading.core.stock_news_feeds:795 | [雅虎财经] 直连 Search 获取 34 条
2026-08-17 12:19:58 | INFO     | stock_news_alert:555 | 轮询完成 @ 2026-08-17 04:19:05 | 拉取 225 条 (金十数据=21, 同花顺=20, 东方财富=80, 新浪财经=30, 富途牛牛=40, 雅虎财经=34) | 已推送过 0 | 非最新 0 | 未命中关键词 206 | 非重要快讯 19 | 内容相似去重 0 | 新命中 0 | 待推送 0 | 雅虎搜索词: NVIDIA, NVDA, MICRON, MU, SanDisk, SNDK, INTEL, INTC
2026-08-17 12:20:04 | WARNING  | backpack_quant_trading.core.binance_monitor:143 | 币安行情 curl 兜底失败: Command '['curl', '-fsSL', '--max-time', '15', '-A', 'Mozilla/5.0', '-x', 'http://127.0.0.1:7891', 'https://fapi.binance.com/fapi/v1/klines?symbol=BTCUSDT&interval=1m&limit=2']' returned non-zero exit status 7.
2026-08-17 12:20:04 | DEBUG    | asyncio:631 | Using proactor: IocpProactor
2026-08-17 12:20:06 | WARNING  | backpack_quant_trading.core.binance_monitor:147 | 币安行情 aiohttp 兜底失败: Cannot connect to host 127.0.0.1:7891 ssl:False [远程计算机拒绝网络连接。]
2026-08-17 12:20:06 | DEBUG    | urllib3.connectionpool:1022 | Starting new HTTPS connection (1): fapi.binance.com:443
2026-08-17 12:20:08 | ERROR    | backpack_quant_trading.core.binance_monitor:344 | 获取币安K线失败 futures BTCUSDT 1m: HTTPSConnectionPool(host='fapi.binance.com', port=443): Max retries exceeded with url: /fapi/v1/klines?symbol=BTCUSDT&interval=1m&limit=2 (Caused by ProxyError('Cannot connect to proxy.', NewConnectionError('<urllib3.connection.HTTPSConnection object at 0x000001435A4D6C10>: Failed to establish a new connection: [WinError 10061] 由于目标计算机积极拒绝，无法连接。')))
2026-08-17 12:20:12 | WARNING  | backpack_quant_trading.core.binance_monitor:143 | 币安行情 curl 兜底失败: Command '['curl', '-fsSL', '--max-time', '10', '-A', 'Mozilla/5.0', '-x', 'http://127.0.0.1:7891', 'https://fapi.binance.com/fapi/v1/depth?symbol=BTCUSDT&limit=50']' returned non-zero exit status 7.
2026-08-17 12:20:12 | DEBUG    | asyncio:631 | Using proactor: IocpProactor
2026-08-17 12:20:14 | WARNING  | backpack_quant_trading.core.binance_monitor:147 | 币安行情 aiohttp 兜底失败: Cannot connect to host 127.0.0.1:7891 ssl:False [远程计算机拒绝网络连接。]
2026-08-17 12:20:14 | DEBUG    | urllib3.connectionpool:1022 | Starting new HTTPS connection (1): fapi.binance.com:443
2026-08-17 12:20:16 | ERROR    | backpack_quant_trading.core.binance_monitor:364 | 获取币安深度失败 futures BTCUSDT: HTTPSConnectionPool(host='fapi.binance.com', port=443): Max retries exceeded with url: /fapi/v1/depth?symbol=BTCUSDT&limit=50 (Caused by ProxyError('Cannot connect to proxy.', NewConnectionError('<urllib3.connection.HTTPSConnection object at 0x000001435A4D60D0>: Failed to establish a new connection: [WinError 10061] 由于目标计算机积极拒绝，无法连接。')))
2026-08-17 12:20:28 | DEBUG    | urllib3.connectionpool:1022 | Starting new HTTPS connection (1): flash-api.jin10.com:443
2026-08-17 12:20:29 | DEBUG    | urllib3.connectionpool:475 | https://flash-api.jin10.com:443 "GET /get_flash_list?channel=-8200&vip=1 HTTP/1.1" 200 None
2026-08-17 12:20:29 | DEBUG    | urllib3.connectionpool:1022 | Starting new HTTPS connection (1): news.10jqka.com.cn:443
2026-08-17 12:20:30 | DEBUG    | urllib3.connectionpool:475 | https://news.10jqka.com.cn:443 "GET /tapp/news/push/stock?page=1&tag=&track=website HTTP/1.1" 200 None
2026-08-17 12:20:30 | DEBUG    | urllib3.connectionpool:1022 | Starting new HTTPS connection (1): np-weblist.eastmoney.com:443
2026-08-17 12:20:30 | DEBUG    | urllib3.connectionpool:475 | https://np-weblist.eastmoney.com:443 "GET /comm/web/getFastNewsList?client=web&biz=web_724&fastColumn=102&sortEnd=&pageSize=80&req_trace=1710315450384 HTTP/1.1" 200 None
2026-08-17 12:20:30 | DEBUG    | urllib3.connectionpool:1022 | Starting new HTTPS connection (1): zhibo.sina.com.cn:443
2026-08-17 12:20:31 | DEBUG    | urllib3.connectionpool:475 | https://zhibo.sina.com.cn:443 "GET /api/zhibo/feed?page=1&page_size=30&zhibo_id=152&tag_id=0&dire=f&dpc=1&pagesize=30&type=1 HTTP/1.1" 200 None
2026-08-17 12:20:31 | DEBUG    | urllib3.connectionpool:1022 | Starting new HTTPS connection (1): news.futunn.com:443
2026-08-17 12:20:32 | DEBUG    | urllib3.connectionpool:475 | https://news.futunn.com:443 "GET /news-site-api/main/get-flash-list?pageSize=40 HTTP/1.1" 200 67717
2026-08-17 12:20:32 | DEBUG    | urllib3.connectionpool:1022 | Starting new HTTPS connection (1): finance.yahoo.com:443
2026-08-17 12:20:35 | DEBUG    | urllib3.connectionpool:475 | https://finance.yahoo.com:443 "GET / HTTP/1.1" 403 3369
2026-08-17 12:20:35 | DEBUG    | urllib3.connectionpool:1022 | Starting new HTTPS connection (1): query1.finance.yahoo.com:443
2026-08-17 12:20:38 | DEBUG    | urllib3.connectionpool:475 | https://query1.finance.yahoo.com:443 "GET /v1/finance/search?q=NVIDIA&quotesCount=0&newsCount=50&enableFuzzyQuery=false HTTP/1.1" 403 3369
2026-08-17 12:20:40 | DEBUG    | urllib3.connectionpool:1022 | Starting new HTTPS connection (1): query2.finance.yahoo.com:443
2026-08-17 12:20:42 | DEBUG    | urllib3.connectionpool:475 | https://query2.finance.yahoo.com:443 "GET /v1/finance/search?q=NVIDIA&quotesCount=0&newsCount=50&enableFuzzyQuery=false HTTP/1.1" 403 3369
2026-08-17 12:20:45 | DEBUG    | urllib3.connectionpool:291 | Resetting dropped connection: query1.finance.yahoo.com
2026-08-17 12:20:46 | DEBUG    | urllib3.connectionpool:475 | https://query1.finance.yahoo.com:443 "GET /v1/finance/search?q=NVDA&quotesCount=0&newsCount=50&enableFuzzyQuery=false HTTP/1.1" 403 3369
2026-08-17 12:20:46 | DEBUG    | urllib3.connectionpool:291 | Resetting dropped connection: query2.finance.yahoo.com
2026-08-17 12:20:47 | DEBUG    | urllib3.connectionpool:1022 | Starting new HTTPS connection (1): api.hyperliquid.xyz:443
2026-08-17 12:20:49 | DEBUG    | urllib3.connectionpool:475 | https://query2.finance.yahoo.com:443 "GET /v1/finance/search?q=NVDA&quotesCount=0&newsCount=50&enableFuzzyQuery=false HTTP/1.1" 403 3369
2026-08-17 12:20:49 | WARNING  | backpack_quant_trading.core.hyperliquid_klines:116 | HL K线拉取失败 coin=HYPE interval=4h: HTTPSConnectionPool(host='api.hyperliquid.xyz', port=443): Max retries exceeded with url: /info (Caused by ProxyError('Cannot connect to proxy.', NewConnectionError('<urllib3.connection.HTTPSConnection object at 0x000001435885BED0>: Failed to establish a new connection: [WinError 10061] 由于目标计算机积极拒绝，无法连接。')))
2026-08-17 12:20:51 | DEBUG    | urllib3.connectionpool:1022 | Starting new HTTPS connection (1): api.hyperliquid.xyz:443
2026-08-17 12:20:53 | WARNING  | backpack_quant_trading.core.hyperliquid_klines:116 | HL K线拉取失败 coin=ETH interval=2h: HTTPSConnectionPool(host='api.hyperliquid.xyz', port=443): Max retries exceeded with url: /info (Caused by ProxyError('Cannot connect to proxy.', NewConnectionError('<urllib3.connection.HTTPSConnection object at 0x000001435885AC10>: Failed to establish a new connection: [WinError 10061] 由于目标计算机积极拒绝，无法连接。')))
2026-08-17 12:20:53 | DEBUG    | urllib3.connectionpool:1022 | Starting new HTTPS connection (1): api.hyperliquid.xyz:443
2026-08-17 12:20:53 | DEBUG    | urllib3.connectionpool:291 | Resetting dropped connection: query1.finance.yahoo.com
2026-08-17 12:20:55 | WARNING  | backpack_quant_trading.core.hyperliquid_klines:116 | HL K线拉取失败 coin=ETH interval=2h: HTTPSConnectionPool(host='api.hyperliquid.xyz', port=443): Max retries exceeded with url: /info (Caused by ProxyError('Cannot connect to proxy.', NewConnectionError('<urllib3.connection.HTTPSConnection object at 0x000001435885AD50>: Failed to establish a new connection: [WinError 10061] 由于目标计算机积极拒绝，无法连接。')))
2026-08-17 12:20:55 | DEBUG    | urllib3.connectionpool:1022 | Starting new HTTPS connection (1): api.polygon.io:443
2026-08-17 12:20:55 | DEBUG    | urllib3.connectionpool:475 | https://query1.finance.yahoo.com:443 "GET /v1/finance/search?q=MICRON&quotesCount=0&newsCount=50&enableFuzzyQuery=false HTTP/1.1" 403 3369
2026-08-17 12:20:55 | DEBUG    | urllib3.connectionpool:291 | Resetting dropped connection: query2.finance.yahoo.com
2026-08-17 12:20:57 | WARNING  | backpack_quant_trading.core.massive_klines:286 | Massive 分批 K线失败 NVDA 2026-02-18~2026-03-24: HTTPSConnectionPool(host='api.polygon.io', port=443): Max retries exceeded with url: /v2/aggs/ticker/NVDA/range/2/hour/2026-02-18/2026-03-24?adjusted=true&sort=asc&limit=50000&apiKey=1sSgkUzRRI78x21KfdCjgsY47vlJPOIg (Caused by ProxyError('Cannot connect to proxy.', NewConnectionError('<urllib3.connection.HTTPSConnection object at 0x000001435885A850>: Failed to establish a new connection: [WinError 10061] 由于目标计算机积极拒绝，无法连接。')))
2026-08-17 12:20:57 | DEBUG    | urllib3.connectionpool:1022 | Starting new HTTPS connection (1): api.polygon.io:443
2026-08-17 12:21:00 | WARNING  | backpack_quant_trading.core.massive_klines:286 | Massive 分批 K线失败 NVDA 2026-03-25~2026-04-28: HTTPSConnectionPool(host='api.polygon.io', port=443): Max retries exceeded with url: /v2/aggs/ticker/NVDA/range/2/hour/2026-03-25/2026-04-28?adjusted=true&sort=asc&limit=50000&apiKey=1sSgkUzRRI78x21KfdCjgsY47vlJPOIg (Caused by ProxyError('Cannot connect to proxy.', NewConnectionError('<urllib3.connection.HTTPSConnection object at 0x000001435885AD50>: Failed to establish a new connection: [WinError 10061] 由于目标计算机积极拒绝，无法连接。')))
2026-08-17 12:21:00 | DEBUG    | urllib3.connectionpool:1022 | Starting new HTTPS connection (1): api.polygon.io:443
2026-08-17 12:21:00 | DEBUG    | urllib3.connectionpool:475 | https://query2.finance.yahoo.com:443 "GET /v1/finance/search?q=MICRON&quotesCount=0&newsCount=50&enableFuzzyQuery=false HTTP/1.1" 403 3369
2026-08-17 12:21:02 | WARNING  | backpack_quant_trading.core.massive_klines:286 | Massive 分批 K线失败 NVDA 2026-04-29~2026-06-02: HTTPSConnectionPool(host='api.polygon.io', port=443): Max retries exceeded with url: /v2/aggs/ticker/NVDA/range/2/hour/2026-04-29/2026-06-02?adjusted=true&sort=asc&limit=50000&apiKey=1sSgkUzRRI78x21KfdCjgsY47vlJPOIg (Caused by ProxyError('Cannot connect to proxy.', NewConnectionError('<urllib3.connection.HTTPSConnection object at 0x0000014358859590>: Failed to establish a new connection: [WinError 10061] 由于目标计算机积极拒绝，无法连接。')))
2026-08-17 12:21:02 | DEBUG    | urllib3.connectionpool:1022 | Starting new HTTPS connection (1): api.polygon.io:443
2026-08-17 12:21:04 | WARNING  | backpack_quant_trading.core.binance_monitor:143 | 币安行情 curl 兜底失败: Command '['curl', '-fsSL', '--max-time', '15', '-A', 'Mozilla/5.0', '-x', 'http://127.0.0.1:7891', 'https://fapi.binance.com/fapi/v1/klines?symbol=BTCUSDT&interval=1m&limit=2']' returned non-zero exit status 7.
2026-08-17 12:21:04 | DEBUG    | asyncio:631 | Using proactor: IocpProactor
2026-08-17 12:21:04 | WARNING  | backpack_quant_trading.core.massive_klines:286 | Massive 分批 K线失败 NVDA 2026-06-03~2026-07-07: HTTPSConnectionPool(host='api.polygon.io', port=443): Max retries exceeded with url: /v2/aggs/ticker/NVDA/range/2/hour/2026-06-03/2026-07-07?adjusted=true&sort=asc&limit=50000&apiKey=1sSgkUzRRI78x21KfdCjgsY47vlJPOIg (Caused by ProxyError('Cannot connect to proxy.', NewConnectionError('<urllib3.connection.HTTPSConnection object at 0x0000014358859F90>: Failed to establish a new connection: [WinError 10061] 由于目标计算机积极拒绝，无法连接。')))
2026-08-17 12:21:05 | DEBUG    | urllib3.connectionpool:1022 | Starting new HTTPS connection (1): api.polygon.io:443
2026-08-17 12:21:06 | WARNING  | backpack_quant_trading.core.binance_monitor:147 | 币安行情 aiohttp 兜底失败: Cannot connect to host 127.0.0.1:7891 ssl:False [远程计算机拒绝网络连接。]
2026-08-17 12:21:06 | DEBUG    | urllib3.connectionpool:1022 | Starting new HTTPS connection (1): fapi.binance.com:443
2026-08-17 12:21:07 | WARNING  | backpack_quant_trading.core.massive_klines:286 | Massive 分批 K线失败 NVDA 2026-07-08~2026-08-11: HTTPSConnectionPool(host='api.polygon.io', port=443): Max retries exceeded with url: /v2/aggs/ticker/NVDA/range/2/hour/2026-07-08/2026-08-11?adjusted=true&sort=asc&limit=50000&apiKey=1sSgkUzRRI78x21KfdCjgsY47vlJPOIg (Caused by ProxyError('Cannot connect to proxy.', NewConnectionError('<urllib3.connection.HTTPSConnection object at 0x000001435A4D7B10>: Failed to establish a new connection: [WinError 10061] 由于目标计算机积极拒绝，无法连接。')))
2026-08-17 12:21:07 | DEBUG    | urllib3.connectionpool:1022 | Starting new HTTPS connection (1): api.polygon.io:443
2026-08-17 12:21:08 | ERROR    | backpack_quant_trading.core.binance_monitor:344 | 获取币安K线失败 futures BTCUSDT 1m: HTTPSConnectionPool(host='fapi.binance.com', port=443): Max retries exceeded with url: /fapi/v1/klines?symbol=BTCUSDT&interval=1m&limit=2 (Caused by ProxyError('Cannot connect to proxy.', NewConnectionError('<urllib3.connection.HTTPSConnection object at 0x000001435A4D5F90>: Failed to establish a new connection: [WinError 10061] 由于目标计算机积极拒绝，无法连接。')))
2026-08-17 12:21:09 | WARNING  | backpack_quant_trading.core.massive_klines:286 | Massive 分批 K线失败 NVDA 2026-08-12~2026-08-17: HTTPSConnectionPool(host='api.polygon.io', port=443): Max retries exceeded with url: /v2/aggs/ticker/NVDA/range/2/hour/2026-08-12/2026-08-17?adjusted=true&sort=asc&limit=50000&apiKey=1sSgkUzRRI78x21KfdCjgsY47vlJPOIg (Caused by ProxyError('Cannot connect to proxy.', NewConnectionError('<urllib3.connection.HTTPSConnection object at 0x000001435A4D5D10>: Failed to establish a new connection: [WinError 10061] 由于目标计算机积极拒绝，无法连接。')))
2026-08-17 12:21:09 | INFO     | backpack_quant_trading.core.massive_klines:294 | Massive 分批 K线 NVDA 2hour: 0 批, 共 0 根
2026-08-17 12:21:09 | DEBUG    | urllib3.connectionpool:1022 | Starting new HTTPS connection (1): api.polygon.io:443
2026-08-17 12:21:11 | WARNING  | backpack_quant_trading.core.massive_klines:286 | Massive 分批 K线失败 INTC 2026-02-18~2026-03-17: HTTPSConnectionPool(host='api.polygon.io', port=443): Max retries exceeded with url: /v2/aggs/ticker/INTC/range/1/hour/2026-02-18/2026-03-17?adjusted=true&sort=asc&limit=50000&apiKey=1sSgkUzRRI78x21KfdCjgsY47vlJPOIg (Caused by ProxyError('Cannot connect to proxy.', NewConnectionError('<urllib3.connection.HTTPSConnection object at 0x000001435885AFD0>: Failed to establish a new connection: [WinError 10061] 由于目标计算机积极拒绝，无法连接。')))
2026-08-17 12:21:12 | DEBUG    | urllib3.connectionpool:1022 | Starting new HTTPS connection (1): api.polygon.io:443
2026-08-17 12:21:12 | DEBUG    | urllib3.connectionpool:291 | Resetting dropped connection: query1.finance.yahoo.com
2026-08-17 12:21:12 | WARNING  | backpack_quant_trading.core.binance_monitor:143 | 币安行情 curl 兜底失败: Command '['curl', '-fsSL', '--max-time', '10', '-A', 'Mozilla/5.0', '-x', 'http://127.0.0.1:7891', 'https://fapi.binance.com/fapi/v1/depth?symbol=BTCUSDT&limit=50']' returned non-zero exit status 7.
2026-08-17 12:21:12 | DEBUG    | asyncio:631 | Using proactor: IocpProactor
2026-08-17 12:21:13 | DEBUG    | urllib3.connectionpool:475 | https://query1.finance.yahoo.com:443 "GET /v1/finance/search?q=MU&quotesCount=0&newsCount=50&enableFuzzyQuery=false HTTP/1.1" 403 3369
2026-08-17 12:21:14 | WARNING  | backpack_quant_trading.core.massive_klines:286 | Massive 分批 K线失败 INTC 2026-03-18~2026-04-14: HTTPSConnectionPool(host='api.polygon.io', port=443): Max retries exceeded with url: /v2/aggs/ticker/INTC/range/1/hour/2026-03-18/2026-04-14?adjusted=true&sort=asc&limit=50000&apiKey=1sSgkUzRRI78x21KfdCjgsY47vlJPOIg (Caused by ProxyError('Cannot connect to proxy.', NewConnectionError('<urllib3.connection.HTTPSConnection object at 0x0000014358858E10>: Failed to establish a new connection: [WinError 10061] 由于目标计算机积极拒绝，无法连接。')))
2026-08-17 12:21:14 | DEBUG    | urllib3.connectionpool:1022 | Starting new HTTPS connection (1): api.polygon.io:443
2026-08-17 12:21:14 | WARNING  | backpack_quant_trading.core.binance_monitor:147 | 币安行情 aiohttp 兜底失败: Cannot connect to host 127.0.0.1:7891 ssl:False [远程计算机拒绝网络连接。]
2026-08-17 12:21:14 | DEBUG    | urllib3.connectionpool:1022 | Starting new HTTPS connection (1): fapi.binance.com:443
2026-08-17 12:21:16 | WARNING  | backpack_quant_trading.core.massive_klines:286 | Massive 分批 K线失败 INTC 2026-04-15~2026-05-12: HTTPSConnectionPool(host='api.polygon.io', port=443): Max retries exceeded with url: /v2/aggs/ticker/INTC/range/1/hour/2026-04-15/2026-05-12?adjusted=true&sort=asc&limit=50000&apiKey=1sSgkUzRRI78x21KfdCjgsY47vlJPOIg (Caused by ProxyError('Cannot connect to proxy.', NewConnectionError('<urllib3.connection.HTTPSConnection object at 0x000001435A4D5D10>: Failed to establish a new connection: [WinError 10061] 由于目标计算机积极拒绝，无法连接。')))
2026-08-17 12:21:16 | DEBUG    | urllib3.connectionpool:1022 | Starting new HTTPS connection (1): api.polygon.io:443
2026-08-17 12:21:16 | ERROR    | backpack_quant_trading.core.binance_monitor:364 | 获取币安深度失败 futures BTCUSDT: HTTPSConnectionPool(host='fapi.binance.com', port=443): Max retries exceeded with url: /fapi/v1/depth?symbol=BTCUSDT&limit=50 (Caused by ProxyError('Cannot connect to proxy.', NewConnectionError('<urllib3.connection.HTTPSConnection object at 0x000001435885A850>: Failed to establish a new connection: [WinError 10061] 由于目标计算机积极拒绝，无法连接。')))
2026-08-17 12:21:17 | DEBUG    | urllib3.connectionpool:291 | Resetting dropped connection: query2.finance.yahoo.com
2026-08-17 12:21:18 | WARNING  | backpack_quant_trading.core.massive_klines:286 | Massive 分批 K线失败 INTC 2026-05-13~2026-06-09: HTTPSConnectionPool(host='api.polygon.io', port=443): Max retries exceeded with url: /v2/aggs/ticker/INTC/range/1/hour/2026-05-13/2026-06-09?adjusted=true&sort=asc&limit=50000&apiKey=1sSgkUzRRI78x21KfdCjgsY47vlJPOIg (Caused by ProxyError('Cannot connect to proxy.', NewConnectionError('<urllib3.connection.HTTPSConnection object at 0x000001435A4D5F90>: Failed to establish a new connection: [WinError 10061] 由于目标计算机积极拒绝，无法连接。')))
2026-08-17 12:21:19 | DEBUG    | urllib3.connectionpool:1022 | Starting new HTTPS connection (1): api.polygon.io:443
2026-08-17 12:21:19 | DEBUG    | urllib3.connectionpool:475 | https://query2.finance.yahoo.com:443 "GET /v1/finance/search?q=MU&quotesCount=0&newsCount=50&enableFuzzyQuery=false HTTP/1.1" 403 3369
2026-08-17 12:21:19 | DEBUG    | urllib3.connectionpool:291 | Resetting dropped connection: query1.finance.yahoo.com
2026-08-17 12:21:21 | WARNING  | backpack_quant_trading.core.massive_klines:286 | Massive 分批 K线失败 INTC 2026-06-10~2026-07-07: HTTPSConnectionPool(host='api.polygon.io', port=443): Max retries exceeded with url: /v2/aggs/ticker/INTC/range/1/hour/2026-06-10/2026-07-07?adjusted=true&sort=asc&limit=50000&apiKey=1sSgkUzRRI78x21KfdCjgsY47vlJPOIg (Caused by ProxyError('Cannot connect to proxy.', NewConnectionError('<urllib3.connection.HTTPSConnection object at 0x000001435A4D6D50>: Failed to establish a new connection: [WinError 10061] 由于目标计算机积极拒绝，无法连接。')))
2026-08-17 12:21:21 | DEBUG    | urllib3.connectionpool:1022 | Starting new HTTPS connection (1): api.polygon.io:443
2026-08-17 12:21:22 | DEBUG    | urllib3.connectionpool:475 | https://query1.finance.yahoo.com:443 "GET /v1/finance/search?q=SanDisk&quotesCount=0&newsCount=50&enableFuzzyQuery=false HTTP/1.1" 403 3369
2026-08-17 12:21:22 | DEBUG    | urllib3.connectionpool:291 | Resetting dropped connection: query2.finance.yahoo.com
2026-08-17 12:21:23 | WARNING  | backpack_quant_trading.core.massive_klines:286 | Massive 分批 K线失败 INTC 2026-07-08~2026-08-04: HTTPSConnectionPool(host='api.polygon.io', port=443): Max retries exceeded with url: /v2/aggs/ticker/INTC/range/1/hour/2026-07-08/2026-08-04?adjusted=true&sort=asc&limit=50000&apiKey=1sSgkUzRRI78x21KfdCjgsY47vlJPOIg (Caused by ProxyError('Cannot connect to proxy.', NewConnectionError('<urllib3.connection.HTTPSConnection object at 0x000001435A4D51D0>: Failed to establish a new connection: [WinError 10061] 由于目标计算机积极拒绝，无法连接。')))
2026-08-17 12:21:24 | DEBUG    | urllib3.connectionpool:1022 | Starting new HTTPS connection (1): api.polygon.io:443
2026-08-17 12:21:25 | DEBUG    | urllib3.connectionpool:475 | https://query2.finance.yahoo.com:443 "GET /v1/finance/search?q=SanDisk&quotesCount=0&newsCount=50&enableFuzzyQuery=false HTTP/1.1" 403 3369
2026-08-17 12:21:25 | DEBUG    | urllib3.connectionpool:291 | Resetting dropped connection: query1.finance.yahoo.com
2026-08-17 12:21:26 | WARNING  | backpack_quant_trading.core.massive_klines:286 | Massive 分批 K线失败 INTC 2026-08-05~2026-08-17: HTTPSConnectionPool(host='api.polygon.io', port=443): Max retries exceeded with url: /v2/aggs/ticker/INTC/range/1/hour/2026-08-05/2026-08-17?adjusted=true&sort=asc&limit=50000&apiKey=1sSgkUzRRI78x21KfdCjgsY47vlJPOIg (Caused by ProxyError('Cannot connect to proxy.', NewConnectionError('<urllib3.connection.HTTPSConnection object at 0x000001435A4D65D0>: Failed to establish a new connection: [WinError 10061] 由于目标计算机积极拒绝，无法连接。')))
2026-08-17 12:21:26 | INFO     | backpack_quant_trading.core.massive_klines:294 | Massive 分批 K线 INTC 1hour: 0 批, 共 0 根
2026-08-17 12:21:26 | DEBUG    | urllib3.connectionpool:1022 | Starting new HTTPS connection (1): api.polygon.io:443
2026-08-17 12:21:28 | WARNING  | backpack_quant_trading.core.massive_klines:286 | Massive 分批 K线失败 MU 2025-12-14~2026-01-17: HTTPSConnectionPool(host='api.polygon.io', port=443): Max retries exceeded with url: /v2/aggs/ticker/MU/range/2/hour/2025-12-14/2026-01-17?adjusted=true&sort=asc&limit=50000&apiKey=1sSgkUzRRI78x21KfdCjgsY47vlJPOIg (Caused by ProxyError('Cannot connect to proxy.', NewConnectionError('<urllib3.connection.HTTPSConnection object at 0x000001435A4D7250>: Failed to establish a new connection: [WinError 10061] 由于目标计算机积极拒绝，无法连接。')))
2026-08-17 12:21:28 | DEBUG    | urllib3.connectionpool:1022 | Starting new HTTPS connection (1): api.polygon.io:443
2026-08-17 12:21:30 | WARNING  | backpack_quant_trading.core.massive_klines:286 | Massive 分批 K线失败 MU 2026-01-18~2026-02-21: HTTPSConnectionPool(host='api.polygon.io', port=443): Max retries exceeded with url: /v2/aggs/ticker/MU/range/2/hour/2026-01-18/2026-02-21?adjusted=true&sort=asc&limit=50000&apiKey=1sSgkUzRRI78x21KfdCjgsY47vlJPOIg (Caused by ProxyError('Cannot connect to proxy.', NewConnectionError('<urllib3.connection.HTTPSConnection object at 0x000001435A4D60D0>: Failed to establish a new connection: [WinError 10061] 由于目标计算机积极拒绝，无法连接。')))
2026-08-17 12:21:30 | DEBUG    | urllib3.connectionpool:1022 | Starting new HTTPS connection (1): api.polygon.io:443
2026-08-17 12:21:33 | WARNING  | backpack_quant_trading.core.massive_klines:286 | Massive 分批 K线失败 MU 2026-02-22~2026-03-28: HTTPSConnectionPool(host='api.polygon.io', port=443): Max retries exceeded with url: /v2/aggs/ticker/MU/range/2/hour/2026-02-22/2026-03-28?adjusted=true&sort=asc&limit=50000&apiKey=1sSgkUzRRI78x21KfdCjgsY47vlJPOIg (Caused by ProxyError('Cannot connect to proxy.', NewConnectionError('<urllib3.connection.HTTPSConnection object at 0x000001435A4D56D0>: Failed to establish a new connection: [WinError 10061] 由于目标计算机积极拒绝，无法连接。')))
2026-08-17 12:21:33 | DEBUG    | urllib3.connectionpool:1022 | Starting new HTTPS connection (1): api.polygon.io:443
2026-08-17 12:21:35 | WARNING  | backpack_quant_trading.core.massive_klines:286 | Massive 分批 K线失败 MU 2026-03-29~2026-05-02: HTTPSConnectionPool(host='api.polygon.io', port=443): Max retries exceeded with url: /v2/aggs/ticker/MU/range/2/hour/2026-03-29/2026-05-02?adjusted=true&sort=asc&limit=50000&apiKey=1sSgkUzRRI78x21KfdCjgsY47vlJPOIg (Caused by ProxyError('Cannot connect to proxy.', NewConnectionError('<urllib3.connection.HTTPSConnection object at 0x000001435A4D7C50>: Failed to establish a new connection: [WinError 10061] 由于目标计算机积极拒绝，无法连接。')))
2026-08-17 12:21:35 | DEBUG    | urllib3.connectionpool:475 | https://query1.finance.yahoo.com:443 "GET /v1/finance/search?q=SNDK&quotesCount=0&newsCount=50&enableFuzzyQuery=false HTTP/1.1" 403 3369
2026-08-17 12:21:35 | DEBUG    | urllib3.connectionpool:291 | Resetting dropped connection: query2.finance.yahoo.com
2026-08-17 12:21:35 | DEBUG    | urllib3.connectionpool:1022 | Starting new HTTPS connection (1): api.polygon.io:443
2026-08-17 12:21:37 | WARNING  | backpack_quant_trading.core.massive_klines:286 | Massive 分批 K线失败 MU 2026-05-03~2026-06-06: HTTPSConnectionPool(host='api.polygon.io', port=443): Max retries exceeded with url: /v2/aggs/ticker/MU/range/2/hour/2026-05-03/2026-06-06?adjusted=true&sort=asc&limit=50000&apiKey=1sSgkUzRRI78x21KfdCjgsY47vlJPOIg (Caused by ProxyError('Cannot connect to proxy.', NewConnectionError('<urllib3.connection.HTTPSConnection object at 0x000001435A4D6AD0>: Failed to establish a new connection: [WinError 10061] 由于目标计算机积极拒绝，无法连接。')))
2026-08-17 12:21:37 | DEBUG    | urllib3.connectionpool:475 | https://query2.finance.yahoo.com:443 "GET /v1/finance/search?q=SNDK&quotesCount=0&newsCount=50&enableFuzzyQuery=false HTTP/1.1" 403 3369
2026-08-17 12:21:38 | DEBUG    | urllib3.connectionpool:1022 | Starting new HTTPS connection (1): api.polygon.io:443
2026-08-17 12:21:40 | WARNING  | backpack_quant_trading.core.massive_klines:286 | Massive 分批 K线失败 MU 2026-06-07~2026-07-11: HTTPSConnectionPool(host='api.polygon.io', port=443): Max retries exceeded with url: /v2/aggs/ticker/MU/range/2/hour/2026-06-07/2026-07-11?adjusted=true&sort=asc&limit=50000&apiKey=1sSgkUzRRI78x21KfdCjgsY47vlJPOIg (Caused by ProxyError('Cannot connect to proxy.', NewConnectionError('<urllib3.connection.HTTPSConnection object at 0x000001435A4D6490>: Failed to establish a new connection: [WinError 10061] 由于目标计算机积极拒绝，无法连接。')))
2026-08-17 12:21:40 | DEBUG    | urllib3.connectionpool:1022 | Starting new HTTPS connection (1): api.polygon.io:443
2026-08-17 12:21:40 | DEBUG    | urllib3.connectionpool:291 | Resetting dropped connection: query1.finance.yahoo.com
2026-08-17 12:21:41 | DEBUG    | urllib3.connectionpool:475 | https://query1.finance.yahoo.com:443 "GET /v1/finance/search?q=INTEL&quotesCount=0&newsCount=50&enableFuzzyQuery=false HTTP/1.1" 403 3369
2026-08-17 12:21:41 | DEBUG    | urllib3.connectionpool:291 | Resetting dropped connection: query2.finance.yahoo.com
2026-08-17 12:21:42 | WARNING  | backpack_quant_trading.core.massive_klines:286 | Massive 分批 K线失败 MU 2026-07-12~2026-08-15: HTTPSConnectionPool(host='api.polygon.io', port=443): Max retries exceeded with url: /v2/aggs/ticker/MU/range/2/hour/2026-07-12/2026-08-15?adjusted=true&sort=asc&limit=50000&apiKey=1sSgkUzRRI78x21KfdCjgsY47vlJPOIg (Caused by ProxyError('Cannot connect to proxy.', NewConnectionError('<urllib3.connection.HTTPSConnection object at 0x0000014358858CD0>: Failed to establish a new connection: [WinError 10061] 由于目标计算机积极拒绝，无法连接。')))
2026-08-17 12:21:43 | DEBUG    | urllib3.connectionpool:1022 | Starting new HTTPS connection (1): api.polygon.io:443
2026-08-17 12:21:43 | DEBUG    | urllib3.connectionpool:475 | https://query2.finance.yahoo.com:443 "GET /v1/finance/search?q=INTEL&quotesCount=0&newsCount=50&enableFuzzyQuery=false HTTP/1.1" 403 3369
2026-08-17 12:21:43 | DEBUG    | urllib3.connectionpool:291 | Resetting dropped connection: query1.finance.yahoo.com
2026-08-17 12:21:45 | DEBUG    | urllib3.connectionpool:475 | https://query1.finance.yahoo.com:443 "GET /v1/finance/search?q=INTC&quotesCount=0&newsCount=50&enableFuzzyQuery=false HTTP/1.1" 403 3369
2026-08-17 12:21:45 | DEBUG    | urllib3.connectionpool:291 | Resetting dropped connection: query2.finance.yahoo.com
2026-08-17 12:21:45 | WARNING  | backpack_quant_trading.core.massive_klines:286 | Massive 分批 K线失败 MU 2026-08-16~2026-08-17: HTTPSConnectionPool(host='api.polygon.io', port=443): Max retries exceeded with url: /v2/aggs/ticker/MU/range/2/hour/2026-08-16/2026-08-17?adjusted=true&sort=asc&limit=50000&apiKey=1sSgkUzRRI78x21KfdCjgsY47vlJPOIg (Caused by ProxyError('Cannot connect to proxy.', NewConnectionError('<urllib3.connection.HTTPSConnection object at 0x000001435885AD50>: Failed to establish a new connection: [WinError 10061] 由于目标计算机积极拒绝，无法连接。')))
2026-08-17 12:21:45 | INFO     | backpack_quant_trading.core.massive_klines:294 | Massive 分批 K线 MU 2hour: 0 批, 共 0 根
2026-08-17 12:21:45 | DEBUG    | urllib3.connectionpool:1022 | Starting new HTTPS connection (1): finance.yahoo.com:443
2026-08-17 12:21:46 | DEBUG    | urllib3.connectionpool:475 | https://query2.finance.yahoo.com:443 "GET /v1/finance/search?q=INTC&quotesCount=0&newsCount=50&enableFuzzyQuery=false HTTP/1.1" 403 3369
2026-08-17 12:21:46 | DEBUG    | urllib3.connectionpool:291 | Resetting dropped connection: finance.yahoo.com
2026-08-17 12:21:47 | DEBUG    | urllib3.connectionpool:1022 | Starting new HTTPS connection (1): query1.finance.yahoo.com:443
2026-08-17 12:21:48 | DEBUG    | urllib3.connectionpool:475 | https://finance.yahoo.com:443 "POST /xhr/ncp?queryRef=latestNews&serviceKey=ncp_fin HTTP/1.1" 403 3369
2026-08-17 12:21:48 | DEBUG    | urllib3.connectionpool:1022 | Starting new HTTPS connection (1): feeds.finance.yahoo.com:443
2026-08-17 12:21:49 | WARNING  | backpack_quant_trading.core.a_share_strategy_import:826 | Yahoo K线 300308.SZ interval=60m 失败: HTTPSConnectionPool(host='query1.finance.yahoo.com', port=443): Max retries exceeded with url: /v8/finance/chart/300308.SZ?period1=1770802200&period2=1787026905&interval=60m (Caused by ProxyError('Cannot connect to proxy.', NewConnectionError('<urllib3.connection.HTTPSConnection object at 0x000001435A4D5310>: Failed to establish a new connection: [WinError 10061] 由于目标计算机积极拒绝，无法连接。')))
2026-08-17 12:21:49 | DEBUG    | urllib3.connectionpool:1022 | Starting new HTTPS connection (1): finance.yahoo.com:443
2026-08-17 12:21:50 | DEBUG    | urllib3.connectionpool:475 | https://feeds.finance.yahoo.com:443 "GET /rss/2.0/headline?s=NVIDIA&region=US&lang=en-US HTTP/1.1" 200 394
2026-08-17 12:21:50 | DEBUG    | urllib3.connectionpool:475 | https://feeds.finance.yahoo.com:443 "GET /rss/2.0/headline?s=NVDA&region=US&lang=en-US HTTP/1.1" 200 4745
2026-08-17 12:21:51 | DEBUG    | urllib3.connectionpool:1022 | Starting new HTTPS connection (1): query1.finance.yahoo.com:443
2026-08-17 12:21:51 | DEBUG    | urllib3.connectionpool:475 | https://feeds.finance.yahoo.com:443 "GET /rss/2.0/headline?s=MICRON&region=US&lang=en-US HTTP/1.1" 200 394
2026-08-17 12:21:52 | DEBUG    | urllib3.connectionpool:475 | https://feeds.finance.yahoo.com:443 "GET /rss/2.0/headline?s=MU&region=US&lang=en-US HTTP/1.1" 200 5077
2026-08-17 12:21:53 | WARNING  | backpack_quant_trading.core.a_share_strategy_import:826 | Yahoo K线 300308.SZ interval=1h 失败: HTTPSConnectionPool(host='query1.finance.yahoo.com', port=443): Max retries exceeded with url: /v8/finance/chart/300308.SZ?period1=1770802200&period2=1787026905&interval=1h (Caused by ProxyError('Cannot connect to proxy.', NewConnectionError('<urllib3.connection.HTTPSConnection object at 0x000001435A4D6D50>: Failed to establish a new connection: [WinError 10061] 由于目标计算机积极拒绝，无法连接。')))
2026-08-17 12:21:53 | DEBUG    | urllib3.connectionpool:1022 | Starting new HTTPS connection (1): finance.yahoo.com:443
2026-08-17 12:21:55 | DEBUG    | urllib3.connectionpool:1022 | Starting new HTTPS connection (1): query1.finance.yahoo.com:443
2026-08-17 12:21:57 | WARNING  | backpack_quant_trading.core.a_share_strategy_import:826 | Yahoo K线 300308.SZ interval=1d 失败: HTTPSConnectionPool(host='query1.finance.yahoo.com', port=443): Max retries exceeded with url: /v8/finance/chart/300308.SZ?period1=1770802200&period2=1787026905&interval=1d (Caused by ProxyError('Cannot connect to proxy.', NewConnectionError('<urllib3.connection.HTTPSConnection object at 0x000001435A4D5590>: Failed to establish a new connection: [WinError 10061] 由于目标计算机积极拒绝，无法连接。')))
2026-08-17 12:21:57 | DEBUG    | urllib3.connectionpool:1022 | Starting new HTTPS connection (1): money.finance.sina.com.cn:443
2026-08-17 12:21:58 | DEBUG    | urllib3.connectionpool:475 | https://money.finance.sina.com.cn:443 "GET /quotes_service/api/json_v2.php/CN_MarketData.getKLineData?symbol=sz300308&scale=60&ma=no&datalen=1023 HTTP/1.1" 200 None
2026-08-17 12:21:58 | DEBUG    | urllib3.connectionpool:1022 | Starting new HTTPS connection (1): finance.yahoo.com:443
2026-08-17 12:22:00 | DEBUG    | urllib3.connectionpool:1022 | Starting new HTTPS connection (1): query1.finance.yahoo.com:443
2026-08-17 12:22:02 | WARNING  | backpack_quant_trading.core.a_share_strategy_import:826 | Yahoo K线 603986.SS interval=60m 失败: HTTPSConnectionPool(host='query1.finance.yahoo.com', port=443): Max retries exceeded with url: /v8/finance/chart/603986.SS?period1=1770384600&period2=1787026918&interval=60m (Caused by ProxyError('Cannot connect to proxy.', NewConnectionError('<urllib3.connection.HTTPSConnection object at 0x0000014358859F90>: Failed to establish a new connection: [WinError 10061] 由于目标计算机积极拒绝，无法连接。')))
2026-08-17 12:22:02 | DEBUG    | urllib3.connectionpool:1022 | Starting new HTTPS connection (1): finance.yahoo.com:443
2026-08-17 12:22:04 | WARNING  | backpack_quant_trading.core.binance_monitor:143 | 币安行情 curl 兜底失败: Command '['curl', '-fsSL', '--max-time', '15', '-A', 'Mozilla/5.0', '-x', 'http://127.0.0.1:7891', 'https://fapi.binance.com/fapi/v1/klines?symbol=BTCUSDT&interval=1m&limit=2']' returned non-zero exit status 7.
2026-08-17 12:22:04 | DEBUG    | asyncio:631 | Using proactor: IocpProactor
2026-08-17 12:22:04 | DEBUG    | urllib3.connectionpool:1022 | Starting new HTTPS connection (1): query1.finance.yahoo.com:443
2026-08-17 12:22:05 | DEBUG    | backpack_quant_trading.core.stock_news_feeds:795 | [雅虎财经] 直连 Search 获取 39 条
2026-08-17 12:22:05 | INFO     | stock_news_alert:555 | 轮询完成 @ 2026-08-17 04:20:28 | 拉取 230 条 (金十数据=21, 同花顺=20, 东方财富=80, 新浪财经=30, 富途牛牛=40, 雅虎财经=39) | 已推送过 0 | 非最新 0 | 未命中关键词 210 | 非重要快讯 20 | 内容相似去重 0 | 新命中 0 | 待推送 0 | 雅虎搜索词: NVIDIA, NVDA, MICRON, MU, SanDisk, SNDK, INTEL, INTC
2026-08-17 12:22:06 | WARNING  | backpack_quant_trading.core.binance_monitor:147 | 币安行情 aiohttp 兜底失败: Cannot connect to host 127.0.0.1:7891 ssl:False [远程计算机拒绝网络连接。]
2026-08-17 12:22:06 | DEBUG    | urllib3.connectionpool:1022 | Starting new HTTPS connection (1): fapi.binance.com:443
2026-08-17 12:22:06 | WARNING  | backpack_quant_trading.core.a_share_strategy_import:826 | Yahoo K线 603986.SS interval=1h 失败: HTTPSConnectionPool(host='query1.finance.yahoo.com', port=443): Max retries exceeded with url: /v8/finance/chart/603986.SS?period1=1770384600&period2=1787026918&interval=1h (Caused by ProxyError('Cannot connect to proxy.', NewConnectionError('<urllib3.connection.HTTPSConnection object at 0x000001435A4D5590>: Failed to establish a new connection: [WinError 10061] 由于目标计算机积极拒绝，无法连接。')))
2026-08-17 12:22:06 | DEBUG    | urllib3.connectionpool:1022 | Starting new HTTPS connection (1): finance.yahoo.com:443
2026-08-17 12:22:08 | ERROR    | backpack_quant_trading.core.binance_monitor:344 | 获取币安K线失败 futures BTCUSDT 1m: HTTPSConnectionPool(host='fapi.binance.com', port=443): Max retries exceeded with url: /fapi/v1/klines?symbol=BTCUSDT&interval=1m&limit=2 (Caused by ProxyError('Cannot connect to proxy.', NewConnectionError('<urllib3.connection.HTTPSConnection object at 0x000001435885BED0>: Failed to establish a new connection: [WinError 10061] 由于目标计算机积极拒绝，无法连接。')))
2026-08-17 12:22:08 | DEBUG    | urllib3.connectionpool:1022 | Starting new HTTPS connection (1): query1.finance.yahoo.com:443
2026-08-17 12:22:10 | WARNING  | backpack_quant_trading.core.a_share_strategy_import:826 | Yahoo K线 603986.SS interval=1d 失败: HTTPSConnectionPool(host='query1.finance.yahoo.com', port=443): Max retries exceeded with url: /v8/finance/chart/603986.SS?period1=1770384600&period2=1787026918&interval=1d (Caused by ProxyError('Cannot connect to proxy.', NewConnectionError('<urllib3.connection.HTTPSConnection object at 0x000001435A4D5A90>: Failed to establish a new connection: [WinError 10061] 由于目标计算机积极拒绝，无法连接。')))
2026-08-17 12:22:10 | DEBUG    | urllib3.connectionpool:1022 | Starting new HTTPS connection (1): money.finance.sina.com.cn:443
2026-08-17 12:22:11 | DEBUG    | urllib3.connectionpool:475 | https://money.finance.sina.com.cn:443 "GET /quotes_service/api/json_v2.php/CN_MarketData.getKLineData?symbol=sh603986&scale=60&ma=no&datalen=1023 HTTP/1.1" 200 None
2026-08-17 12:22:11 | DEBUG    | urllib3.connectionpool:1022 | Starting new HTTPS connection (1): finance.yahoo.com:443
2026-08-17 12:22:12 | WARNING  | backpack_quant_trading.core.binance_monitor:143 | 币安行情 curl 兜底失败: Command '['curl', '-fsSL', '--max-time', '10', '-A', 'Mozilla/5.0', '-x', 'http://127.0.0.1:7891', 'https://fapi.binance.com/fapi/v1/depth?symbol=BTCUSDT&limit=50']' returned non-zero exit status 7.
2026-08-17 12:22:12 | DEBUG    | asyncio:631 | Using proactor: IocpProactor
2026-08-17 12:22:13 | DEBUG    | urllib3.connectionpool:1022 | Starting new HTTPS connection (1): query1.finance.yahoo.com:443
2026-08-17 12:22:14 | WARNING  | backpack_quant_trading.core.binance_monitor:147 | 币安行情 aiohttp 兜底失败: Cannot connect to host 127.0.0.1:7891 ssl:False [远程计算机拒绝网络连接。]
2026-08-17 12:22:14 | DEBUG    | urllib3.connectionpool:1022 | Starting new HTTPS connection (1): fapi.binance.com:443
2026-08-17 12:22:15 | WARNING  | backpack_quant_trading.core.a_share_strategy_import:826 | Yahoo K线 688146.SS interval=60m 失败: HTTPSConnectionPool(host='query1.finance.yahoo.com', port=443): Max retries exceeded with url: /v8/finance/chart/688146.SS?period1=1775899800&period2=1787026931&interval=60m (Caused by ProxyError('Cannot connect to proxy.', NewConnectionError('<urllib3.connection.HTTPSConnection object at 0x000001435885AC10>: Failed to establish a new connection: [WinError 10061] 由于目标计算机积极拒绝，无法连接。')))
2026-08-17 12:22:15 | DEBUG    | urllib3.connectionpool:1022 | Starting new HTTPS connection (1): finance.yahoo.com:443
2026-08-17 12:22:16 | ERROR    | backpack_quant_trading.core.binance_monitor:364 | 获取币安深度失败 futures BTCUSDT: HTTPSConnectionPool(host='fapi.binance.com', port=443): Max retries exceeded with url: /fapi/v1/depth?symbol=BTCUSDT&limit=50 (Caused by ProxyError('Cannot connect to proxy.', NewConnectionError('<urllib3.connection.HTTPSConnection object at 0x0000014358858CD0>: Failed to establish a new connection: [WinError 10061] 由于目标计算机积极拒绝，无法连接。')))
2026-08-17 12:22:17 | DEBUG    | urllib3.connectionpool:1022 | Starting new HTTPS connection (1): query1.finance.yahoo.com:443
2026-08-17 12:22:19 | WARNING  | backpack_quant_trading.core.a_share_strategy_import:826 | Yahoo K线 688146.SS interval=1h 失败: HTTPSConnectionPool(host='query1.finance.yahoo.com', port=443): Max retries exceeded with url: /v8/finance/chart/688146.SS?period1=1775899800&period2=1787026931&interval=1h (Caused by ProxyError('Cannot connect to proxy.', NewConnectionError('<urllib3.connection.HTTPSConnection object at 0x000001435A4D5A90>: Failed to establish a new connection: [WinError 10061] 由于目标计算机积极拒绝，无法连接。')))
2026-08-17 12:22:19 | DEBUG    | urllib3.connectionpool:1022 | Starting new HTTPS connection (1): finance.yahoo.com:443
2026-08-17 12:22:21 | DEBUG    | urllib3.connectionpool:1022 | Starting new HTTPS connection (1): query1.finance.yahoo.com:443
2026-08-17 12:22:23 | WARNING  | backpack_quant_trading.core.a_share_strategy_import:826 | Yahoo K线 688146.SS interval=1d 失败: HTTPSConnectionPool(host='query1.finance.yahoo.com', port=443): Max retries exceeded with url: /v8/finance/chart/688146.SS?period1=1775899800&period2=1787026931&interval=1d (Caused by ProxyError('Cannot connect to proxy.', NewConnectionError('<urllib3.connection.HTTPSConnection object at 0x000001435A4D79D0>: Failed to establish a new connection: [WinError 10061] 由于目标计算机积极拒绝，无法连接。')))
2026-08-17 12:22:23 | DEBUG    | urllib3.connectionpool:1022 | Starting new HTTPS connection (1): money.finance.sina.com.cn:443
2026-08-17 12:22:24 | DEBUG    | urllib3.connectionpool:475 | https://money.finance.sina.com.cn:443 "GET /quotes_service/api/json_v2.php/CN_MarketData.getKLineData?symbol=sh688146&scale=60&ma=no&datalen=1023 HTTP/1.1" 200 None
2026-08-17 12:22:24 | DEBUG    | urllib3.connectionpool:1022 | Starting new HTTPS connection (1): finance.yahoo.com:443
2026-08-17 12:22:26 | DEBUG    | urllib3.connectionpool:1022 | Starting new HTTPS connection (1): query1.finance.yahoo.com:443
2026-08-17 12:22:28 | WARNING  | backpack_quant_trading.core.a_share_strategy_import:826 | Yahoo K线 002837.SZ interval=60m 失败: HTTPSConnectionPool(host='query1.finance.yahoo.com', port=443): Max retries exceeded with url: /v8/finance/chart/002837.SZ?period1=1767087000&period2=1787026944&interval=60m (Caused by ProxyError('Cannot connect to proxy.', NewConnectionError('<urllib3.connection.HTTPSConnection object at 0x0000014358858CD0>: Failed to establish a new connection: [WinError 10061] 由于目标计算机积极拒绝，无法连接。')))
2026-08-17 12:22:28 | DEBUG    | urllib3.connectionpool:1022 | Starting new HTTPS connection (1): finance.yahoo.com:443
2026-08-17 12:22:30 | DEBUG    | urllib3.connectionpool:1022 | Starting new HTTPS connection (1): query1.finance.yahoo.com:443
2026-08-17 12:22:32 | WARNING  | backpack_quant_trading.core.a_share_strategy_import:826 | Yahoo K线 002837.SZ interval=1h 失败: HTTPSConnectionPool(host='query1.finance.yahoo.com', port=443): Max retries exceeded with url: /v8/finance/chart/002837.SZ?period1=1767087000&period2=1787026944&interval=1h (Caused by ProxyError('Cannot connect to proxy.', NewConnectionError('<urllib3.connection.HTTPSConnection object at 0x000001435885A850>: Failed to establish a new connection: [WinError 10061] 由于目标计算机积极拒绝，无法连接。')))
2026-08-17 12:22:32 | DEBUG    | urllib3.connectionpool:1022 | Starting new HTTPS connection (1): finance.yahoo.com:443
2026-08-17 12:22:34 | DEBUG    | urllib3.connectionpool:1022 | Starting new HTTPS connection (1): query1.finance.yahoo.com:443
2026-08-17 12:22:35 | DEBUG    | urllib3.connectionpool:1022 | Starting new HTTPS connection (1): flash-api.jin10.com:443
2026-08-17 12:22:36 | DEBUG    | urllib3.connectionpool:475 | https://flash-api.jin10.com:443 "GET /get_flash_list?channel=-8200&vip=1 HTTP/1.1" 200 None
2026-08-17 12:22:36 | DEBUG    | urllib3.connectionpool:1022 | Starting new HTTPS connection (1): news.10jqka.com.cn:443
2026-08-17 12:22:36 | WARNING  | backpack_quant_trading.core.a_share_strategy_import:826 | Yahoo K线 002837.SZ interval=1d 失败: HTTPSConnectionPool(host='query1.finance.yahoo.com', port=443): Max retries exceeded with url: /v8/finance/chart/002837.SZ?period1=1767087000&period2=1787026944&interval=1d (Caused by ProxyError('Cannot connect to proxy.', NewConnectionError('<urllib3.connection.HTTPSConnection object at 0x000001435A4D5590>: Failed to establish a new connection: [WinError 10061] 由于目标计算机积极拒绝，无法连接。')))
2026-08-17 12:22:36 | DEBUG    | urllib3.connectionpool:1022 | Starting new HTTPS connection (1): money.finance.sina.com.cn:443
2026-08-17 12:22:37 | DEBUG    | urllib3.connectionpool:475 | https://news.10jqka.com.cn:443 "GET /tapp/news/push/stock?page=1&tag=&track=website HTTP/1.1" 200 None
2026-08-17 12:22:37 | DEBUG    | urllib3.connectionpool:1022 | Starting new HTTPS connection (1): np-weblist.eastmoney.com:443
2026-08-17 12:22:37 | DEBUG    | urllib3.connectionpool:475 | https://money.finance.sina.com.cn:443 "GET /quotes_service/api/json_v2.php/CN_MarketData.getKLineData?symbol=sz002837&scale=60&ma=no&datalen=1023 HTTP/1.1" 200 None
2026-08-17 12:22:38 | DEBUG    | urllib3.connectionpool:1022 | Starting new HTTPS connection (1): finance.yahoo.com:443
2026-08-17 12:22:38 | DEBUG    | urllib3.connectionpool:475 | https://np-weblist.eastmoney.com:443 "GET /comm/web/getFastNewsList?client=web&biz=web_724&fastColumn=102&sortEnd=&pageSize=80&req_trace=1710315450384 HTTP/1.1" 200 None
2026-08-17 12:22:38 | DEBUG    | urllib3.connectionpool:1022 | Starting new HTTPS connection (1): zhibo.sina.com.cn:443
2026-08-17 12:22:38 | DEBUG    | urllib3.connectionpool:475 | https://zhibo.sina.com.cn:443 "GET /api/zhibo/feed?page=1&page_size=30&zhibo_id=152&tag_id=0&dire=f&dpc=1&pagesize=30&type=1 HTTP/1.1" 200 None
2026-08-17 12:22:38 | DEBUG    | urllib3.connectionpool:1022 | Starting new HTTPS connection (1): news.futunn.com:443
2026-08-17 12:22:39 | DEBUG    | urllib3.connectionpool:475 | https://news.futunn.com:443 "GET /news-site-api/main/get-flash-list?pageSize=40 HTTP/1.1" 200 68087
2026-08-17 12:22:39 | DEBUG    | urllib3.connectionpool:1022 | Starting new HTTPS connection (1): finance.yahoo.com:443
2026-08-17 12:22:40 | DEBUG    | urllib3.connectionpool:1022 | Starting new HTTPS connection (1): query1.finance.yahoo.com:443
2026-08-17 12:22:41 | DEBUG    | urllib3.connectionpool:475 | https://finance.yahoo.com:443 "GET / HTTP/1.1" 403 3369
2026-08-17 12:22:41 | DEBUG    | urllib3.connectionpool:1022 | Starting new HTTPS connection (1): query1.finance.yahoo.com:443
2026-08-17 12:22:42 | WARNING  | backpack_quant_trading.core.a_share_strategy_import:826 | Yahoo K线 159570.SZ interval=60m 失败: HTTPSConnectionPool(host='query1.finance.yahoo.com', port=443): Max retries exceeded with url: /v8/finance/chart/159570.SZ?period1=1767625200&period2=1787026958&interval=60m (Caused by ProxyError('Cannot connect to proxy.', NewConnectionError('<urllib3.connection.HTTPSConnection object at 0x000001435885BED0>: Failed to establish a new connection: [WinError 10061] 由于目标计算机积极拒绝，无法连接。')))
2026-08-17 12:22:42 | DEBUG    | urllib3.connectionpool:1022 | Starting new HTTPS connection (1): finance.yahoo.com:443
2026-08-17 12:22:43 | DEBUG    | urllib3.connectionpool:475 | https://query1.finance.yahoo.com:443 "GET /v1/finance/search?q=NVIDIA&quotesCount=0&newsCount=50&enableFuzzyQuery=false HTTP/1.1" 403 3369
2026-08-17 12:22:43 | DEBUG    | urllib3.connectionpool:1022 | Starting new HTTPS connection (1): query2.finance.yahoo.com:443
2026-08-17 12:22:44 | DEBUG    | urllib3.connectionpool:1022 | Starting new HTTPS connection (1): query1.finance.yahoo.com:443
2026-08-17 12:22:44 | DEBUG    | urllib3.connectionpool:475 | https://query2.finance.yahoo.com:443 "GET /v1/finance/search?q=NVIDIA&quotesCount=0&newsCount=50&enableFuzzyQuery=false HTTP/1.1" 403 3369
2026-08-17 12:22:46 | WARNING  | backpack_quant_trading.core.a_share_strategy_import:826 | Yahoo K线 159570.SZ interval=1h 失败: HTTPSConnectionPool(host='query1.finance.yahoo.com', port=443): Max retries exceeded with url: /v8/finance/chart/159570.SZ?period1=1767625200&period2=1787026958&interval=1h (Caused by ProxyError('Cannot connect to proxy.', NewConnectionError('<urllib3.connection.HTTPSConnection object at 0x000001435A4D5F90>: Failed to establish a new connection: [WinError 10061] 由于目标计算机积极拒绝，无法连接。')))
2026-08-17 12:22:46 | DEBUG    | urllib3.connectionpool:1022 | Starting new HTTPS connection (1): finance.yahoo.com:443
2026-08-17 12:22:48 | DEBUG    | urllib3.connectionpool:1022 | Starting new HTTPS connection (1): query1.finance.yahoo.com:443
2026-08-17 12:22:48 | DEBUG    | urllib3.connectionpool:291 | Resetting dropped connection: query1.finance.yahoo.com
2026-08-17 12:22:50 | DEBUG    | urllib3.connectionpool:475 | https://query1.finance.yahoo.com:443 "GET /v1/finance/search?q=NVDA&quotesCount=0&newsCount=50&enableFuzzyQuery=false HTTP/1.1" 403 3369
2026-08-17 12:22:50 | DEBUG    | urllib3.connectionpool:291 | Resetting dropped connection: query2.finance.yahoo.com
2026-08-17 12:22:50 | WARNING  | backpack_quant_trading.core.a_share_strategy_import:826 | Yahoo K线 159570.SZ interval=1d 失败: HTTPSConnectionPool(host='query1.finance.yahoo.com', port=443): Max retries exceeded with url: /v8/finance/chart/159570.SZ?period1=1767625200&period2=1787026958&interval=1d (Caused by ProxyError('Cannot connect to proxy.', NewConnectionError('<urllib3.connection.HTTPSConnection object at 0x000001435A4D60D0>: Failed to establish a new connection: [WinError 10061] 由于目标计算机积极拒绝，无法连接。')))
2026-08-17 12:22:50 | DEBUG    | urllib3.connectionpool:1022 | Starting new HTTPS connection (1): money.finance.sina.com.cn:443
2026-08-17 12:22:51 | DEBUG    | urllib3.connectionpool:475 | https://money.finance.sina.com.cn:443 "GET /quotes_service/api/json_v2.php/CN_MarketData.getKLineData?symbol=sz159570&scale=60&ma=no&datalen=1023 HTTP/1.1" 200 None
2026-08-17 12:22:51 | DEBUG    | urllib3.connectionpool:1022 | Starting new HTTPS connection (1): push2his.eastmoney.com:443
2026-08-17 12:22:52 | DEBUG    | urllib3.connectionpool:1022 | Starting new HTTPS connection (1): api.polygon.io:443
2026-08-17 12:22:52 | DEBUG    | urllib3.connectionpool:475 | https://query2.finance.yahoo.com:443 "GET /v1/finance/search?q=NVDA&quotesCount=0&newsCount=50&enableFuzzyQuery=false HTTP/1.1" 403 3369
2026-08-17 12:22:54 | DEBUG    | urllib3.connectionpool:291 | Resetting dropped connection: query1.finance.yahoo.com
2026-08-17 12:22:54 | WARNING  | backpack_quant_trading.core.massive_klines:286 | Massive 分批 K线失败 I:NDX 2025-07-13~2025-08-16: HTTPSConnectionPool(host='api.polygon.io', port=443): Max retries exceeded with url: /v2/aggs/ticker/I%3ANDX/range/4/hour/2025-07-13/2025-08-16?adjusted=true&sort=asc&limit=50000&apiKey=1sSgkUzRRI78x21KfdCjgsY47vlJPOIg (Caused by ProxyError('Cannot connect to proxy.', NewConnectionError('<urllib3.connection.HTTPSConnection object at 0x000001435885BED0>: Failed to establish a new connection: [WinError 10061] 由于目标计算机积极拒绝，无法连接。')))
2026-08-17 12:22:54 | DEBUG    | urllib3.connectionpool:1022 | Starting new HTTPS connection (1): api.polygon.io:443
2026-08-17 12:22:56 | DEBUG    | urllib3.connectionpool:475 | https://query1.finance.yahoo.com:443 "GET /v1/finance/search?q=MICRON&quotesCount=0&newsCount=50&enableFuzzyQuery=false HTTP/1.1" 403 3369
2026-08-17 12:22:56 | DEBUG    | urllib3.connectionpool:291 | Resetting dropped connection: query2.finance.yahoo.com
2026-08-17 12:22:56 | WARNING  | backpack_quant_trading.core.massive_klines:286 | Massive 分批 K线失败 I:NDX 2025-08-17~2025-09-20: HTTPSConnectionPool(host='api.polygon.io', port=443): Max retries exceeded with url: /v2/aggs/ticker/I%3ANDX/range/4/hour/2025-08-17/2025-09-20?adjusted=true&sort=asc&limit=50000&apiKey=1sSgkUzRRI78x21KfdCjgsY47vlJPOIg (Caused by ProxyError('Cannot connect to proxy.', NewConnectionError('<urllib3.connection.HTTPSConnection object at 0x000001435885AD50>: Failed to establish a new connection: [WinError 10061] 由于目标计算机积极拒绝，无法连接。')))
2026-08-17 12:22:57 | DEBUG    | urllib3.connectionpool:1022 | Starting new HTTPS connection (1): api.polygon.io:443
2026-08-17 12:22:59 | WARNING  | backpack_quant_trading.core.massive_klines:286 | Massive 分批 K线失败 I:NDX 2025-09-21~2025-10-25: HTTPSConnectionPool(host='api.polygon.io', port=443): Max retries exceeded with url: /v2/aggs/ticker/I%3ANDX/range/4/hour/2025-09-21/2025-10-25?adjusted=true&sort=asc&limit=50000&apiKey=1sSgkUzRRI78x21KfdCjgsY47vlJPOIg (Caused by ProxyError('Cannot connect to proxy.', NewConnectionError('<urllib3.connection.HTTPSConnection object at 0x000001435A4D6850>: Failed to establish a new connection: [WinError 10061] 由于目标计算机积极拒绝，无法连接。')))
2026-08-17 12:22:59 | DEBUG    | urllib3.connectionpool:1022 | Starting new HTTPS connection (1): api.polygon.io:443
2026-08-17 12:23:01 | WARNING  | backpack_quant_trading.core.massive_klines:286 | Massive 分批 K线失败 I:NDX 2025-10-26~2025-11-29: HTTPSConnectionPool(host='api.polygon.io', port=443): Max retries exceeded with url: /v2/aggs/ticker/I%3ANDX/range/4/hour/2025-10-26/2025-11-29?adjusted=true&sort=asc&limit=50000&apiKey=1sSgkUzRRI78x21KfdCjgsY47vlJPOIg (Caused by ProxyError('Cannot connect to proxy.', NewConnectionError('<urllib3.connection.HTTPSConnection object at 0x000001435A4D5810>: Failed to establish a new connection: [WinError 10061] 由于目标计算机积极拒绝，无法连接。')))
2026-08-17 12:23:01 | DEBUG    | urllib3.connectionpool:475 | https://query2.finance.yahoo.com:443 "GET /v1/finance/search?q=MICRON&quotesCount=0&newsCount=50&enableFuzzyQuery=false HTTP/1.1" 403 3369
2026-08-17 12:23:01 | DEBUG    | urllib3.connectionpool:1022 | Starting new HTTPS connection (1): api.polygon.io:443
2026-08-17 12:23:04 | WARNING  | backpack_quant_trading.core.massive_klines:286 | Massive 分批 K线失败 I:NDX 2025-11-30~2026-01-03: HTTPSConnectionPool(host='api.polygon.io', port=443): Max retries exceeded with url: /v2/aggs/ticker/I%3ANDX/range/4/hour/2025-11-30/2026-01-03?adjusted=true&sort=asc&limit=50000&apiKey=1sSgkUzRRI78x21KfdCjgsY47vlJPOIg (Caused by ProxyError('Cannot connect to proxy.', NewConnectionError('<urllib3.connection.HTTPSConnection object at 0x000001435A4D56D0>: Failed to establish a new connection: [WinError 10061] 由于目标计算机积极拒绝，无法连接。')))
2026-08-17 12:23:04 | WARNING  | backpack_quant_trading.core.binance_monitor:143 | 币安行情 curl 兜底失败: Command '['curl', '-fsSL', '--max-time', '15', '-A', 'Mozilla/5.0', '-x', 'http://127.0.0.1:7891', 'https://fapi.binance.com/fapi/v1/klines?symbol=BTCUSDT&interval=1m&limit=2']' returned non-zero exit status 7.
2026-08-17 12:23:04 | DEBUG    | asyncio:631 | Using proactor: IocpProactor
2026-08-17 12:23:04 | DEBUG    | urllib3.connectionpool:1022 | Starting new HTTPS connection (1): api.polygon.io:443
2026-08-17 12:23:05 | DEBUG    | urllib3.connectionpool:291 | Resetting dropped connection: query1.finance.yahoo.com
2026-08-17 12:23:06 | WARNING  | backpack_quant_trading.core.binance_monitor:147 | 币安行情 aiohttp 兜底失败: Cannot connect to host 127.0.0.1:7891 ssl:False [远程计算机拒绝网络连接。]
2026-08-17 12:23:06 | DEBUG    | urllib3.connectionpool:1022 | Starting new HTTPS connection (1): fapi.binance.com:443
2026-08-17 12:23:06 | WARNING  | backpack_quant_trading.core.massive_klines:286 | Massive 分批 K线失败 I:NDX 2026-01-04~2026-02-07: HTTPSConnectionPool(host='api.polygon.io', port=443): Max retries exceeded with url: /v2/aggs/ticker/I%3ANDX/range/4/hour/2026-01-04/2026-02-07?adjusted=true&sort=asc&limit=50000&apiKey=1sSgkUzRRI78x21KfdCjgsY47vlJPOIg (Caused by ProxyError('Cannot connect to proxy.', NewConnectionError('<urllib3.connection.HTTPSConnection object at 0x000001435A4D7D90>: Failed to establish a new connection: [WinError 10061] 由于目标计算机积极拒绝，无法连接。')))
2026-08-17 12:23:06 | DEBUG    | urllib3.connectionpool:1022 | Starting new HTTPS connection (1): api.polygon.io:443
2026-08-17 12:23:07 | DEBUG    | urllib3.connectionpool:475 | https://query1.finance.yahoo.com:443 "GET /v1/finance/search?q=MU&quotesCount=0&newsCount=50&enableFuzzyQuery=false HTTP/1.1" 403 3369
2026-08-17 12:23:07 | DEBUG    | urllib3.connectionpool:291 | Resetting dropped connection: query2.finance.yahoo.com
2026-08-17 12:23:08 | ERROR    | backpack_quant_trading.core.binance_monitor:344 | 获取币安K线失败 futures BTCUSDT 1m: HTTPSConnectionPool(host='fapi.binance.com', port=443): Max retries exceeded with url: /fapi/v1/klines?symbol=BTCUSDT&interval=1m&limit=2 (Caused by ProxyError('Cannot connect to proxy.', NewConnectionError('<urllib3.connection.HTTPSConnection object at 0x000001435A4D74D0>: Failed to establish a new connection: [WinError 10061] 由于目标计算机积极拒绝，无法连接。')))
2026-08-17 12:23:08 | WARNING  | backpack_quant_trading.core.massive_klines:286 | Massive 分批 K线失败 I:NDX 2026-02-08~2026-03-14: HTTPSConnectionPool(host='api.polygon.io', port=443): Max retries exceeded with url: /v2/aggs/ticker/I%3ANDX/range/4/hour/2026-02-08/2026-03-14?adjusted=true&sort=asc&limit=50000&apiKey=1sSgkUzRRI78x21KfdCjgsY47vlJPOIg (Caused by ProxyError('Cannot connect to proxy.', NewConnectionError('<urllib3.connection.HTTPSConnection object at 0x000001435A4D6D50>: Failed to establish a new connection: [WinError 10061] 由于目标计算机积极拒绝，无法连接。')))
2026-08-17 12:23:09 | DEBUG    | urllib3.connectionpool:1022 | Starting new HTTPS connection (1): api.polygon.io:443
2026-08-17 12:23:09 | DEBUG    | urllib3.connectionpool:475 | https://query2.finance.yahoo.com:443 "GET /v1/finance/search?q=MU&quotesCount=0&newsCount=50&enableFuzzyQuery=false HTTP/1.1" 403 3369
2026-08-17 12:23:09 | DEBUG    | urllib3.connectionpool:291 | Resetting dropped connection: query1.finance.yahoo.com
2026-08-17 12:23:11 | WARNING  | backpack_quant_trading.core.massive_klines:286 | Massive 分批 K线失败 I:NDX 2026-03-15~2026-04-18: HTTPSConnectionPool(host='api.polygon.io', port=443): Max retries exceeded with url: /v2/aggs/ticker/I%3ANDX/range/4/hour/2026-03-15/2026-04-18?adjusted=true&sort=asc&limit=50000&apiKey=1sSgkUzRRI78x21KfdCjgsY47vlJPOIg (Caused by ProxyError('Cannot connect to proxy.', NewConnectionError('<urllib3.connection.HTTPSConnection object at 0x000001435A4D7890>: Failed to establish a new connection: [WinError 10061] 由于目标计算机积极拒绝，无法连接。')))
2026-08-17 12:23:11 | DEBUG    | urllib3.connectionpool:1022 | Starting new HTTPS connection (1): api.polygon.io:443
2026-08-17 12:23:12 | DEBUG    | urllib3.connectionpool:475 | https://query1.finance.yahoo.com:443 "GET /v1/finance/search?q=SanDisk&quotesCount=0&newsCount=50&enableFuzzyQuery=false HTTP/1.1" 403 3369
2026-08-17 12:23:12 | DEBUG    | urllib3.connectionpool:291 | Resetting dropped connection: query2.finance.yahoo.com
2026-08-17 12:23:12 | WARNING  | backpack_quant_trading.core.binance_monitor:143 | 币安行情 curl 兜底失败: Command '['curl', '-fsSL', '--max-time', '10', '-A', 'Mozilla/5.0', '-x', 'http://127.0.0.1:7891', 'https://fapi.binance.com/fapi/v1/depth?symbol=BTCUSDT&limit=50']' returned non-zero exit status 7.
2026-08-17 12:23:12 | DEBUG    | asyncio:631 | Using proactor: IocpProactor
2026-08-17 12:23:13 | WARNING  | backpack_quant_trading.core.massive_klines:286 | Massive 分批 K线失败 I:NDX 2026-04-19~2026-05-23: HTTPSConnectionPool(host='api.polygon.io', port=443): Max retries exceeded with url: /v2/aggs/ticker/I%3ANDX/range/4/hour/2026-04-19/2026-05-23?adjusted=true&sort=asc&limit=50000&apiKey=1sSgkUzRRI78x21KfdCjgsY47vlJPOIg (Caused by ProxyError('Cannot connect to proxy.', NewConnectionError('<urllib3.connection.HTTPSConnection object at 0x000001435A4D5590>: Failed to establish a new connection: [WinError 10061] 由于目标计算机积极拒绝，无法连接。')))
2026-08-17 12:23:13 | DEBUG    | urllib3.connectionpool:1022 | Starting new HTTPS connection (1): api.polygon.io:443
2026-08-17 12:23:14 | DEBUG    | urllib3.connectionpool:475 | https://query2.finance.yahoo.com:443 "GET /v1/finance/search?q=SanDisk&quotesCount=0&newsCount=50&enableFuzzyQuery=false HTTP/1.1" 403 3369
2026-08-17 12:23:14 | DEBUG    | urllib3.connectionpool:291 | Resetting dropped connection: query1.finance.yahoo.com
2026-08-17 12:23:14 | WARNING  | backpack_quant_trading.core.binance_monitor:147 | 币安行情 aiohttp 兜底失败: Cannot connect to host 127.0.0.1:7891 ssl:False [远程计算机拒绝网络连接。]
2026-08-17 12:23:14 | DEBUG    | urllib3.connectionpool:1022 | Starting new HTTPS connection (1): fapi.binance.com:443
2026-08-17 12:23:15 | DEBUG    | urllib3.connectionpool:475 | https://query1.finance.yahoo.com:443 "GET /v1/finance/search?q=SNDK&quotesCount=0&newsCount=50&enableFuzzyQuery=false HTTP/1.1" 403 3369
2026-08-17 12:23:15 | WARNING  | backpack_quant_trading.core.massive_klines:286 | Massive 分批 K线失败 I:NDX 2026-05-24~2026-06-27: HTTPSConnectionPool(host='api.polygon.io', port=443): Max retries exceeded with url: /v2/aggs/ticker/I%3ANDX/range/4/hour/2026-05-24/2026-06-27?adjusted=true&sort=asc&limit=50000&apiKey=1sSgkUzRRI78x21KfdCjgsY47vlJPOIg (Caused by ProxyError('Cannot connect to proxy.', NewConnectionError('<urllib3.connection.HTTPSConnection object at 0x000001435A4D7C50>: Failed to establish a new connection: [WinError 10061] 由于目标计算机积极拒绝，无法连接。')))
2026-08-17 12:23:15 | DEBUG    | urllib3.connectionpool:291 | Resetting dropped connection: query2.finance.yahoo.com
2026-08-17 12:23:16 | DEBUG    | urllib3.connectionpool:1022 | Starting new HTTPS connection (1): api.polygon.io:443
2026-08-17 12:23:16 | ERROR    | backpack_quant_trading.core.binance_monitor:364 | 获取币安深度失败 futures BTCUSDT: HTTPSConnectionPool(host='fapi.binance.com', port=443): Max retries exceeded with url: /fapi/v1/depth?symbol=BTCUSDT&limit=50 (Caused by ProxyError('Cannot connect to proxy.', NewConnectionError('<urllib3.connection.HTTPSConnection object at 0x000001435A4D6C10>: Failed to establish a new connection: [WinError 10061] 由于目标计算机积极拒绝，无法连接。')))
2026-08-17 12:23:18 | WARNING  | backpack_quant_trading.core.massive_klines:286 | Massive 分批 K线失败 I:NDX 2026-06-28~2026-08-01: HTTPSConnectionPool(host='api.polygon.io', port=443): Max retries exceeded with url: /v2/aggs/ticker/I%3ANDX/range/4/hour/2026-06-28/2026-08-01?adjusted=true&sort=asc&limit=50000&apiKey=1sSgkUzRRI78x21KfdCjgsY47vlJPOIg (Caused by ProxyError('Cannot connect to proxy.', NewConnectionError('<urllib3.connection.HTTPSConnection object at 0x000001435885AD50>: Failed to establish a new connection: [WinError 10061] 由于目标计算机积极拒绝，无法连接。')))
2026-08-17 12:23:18 | DEBUG    | urllib3.connectionpool:1022 | Starting new HTTPS connection (1): api.polygon.io:443
2026-08-17 12:23:20 | WARNING  | backpack_quant_trading.core.massive_klines:286 | Massive 分批 K线失败 I:NDX 2026-08-02~2026-08-17: HTTPSConnectionPool(host='api.polygon.io', port=443): Max retries exceeded with url: /v2/aggs/ticker/I%3ANDX/range/4/hour/2026-08-02/2026-08-17?adjusted=true&sort=asc&limit=50000&apiKey=1sSgkUzRRI78x21KfdCjgsY47vlJPOIg (Caused by ProxyError('Cannot connect to proxy.', NewConnectionError('<urllib3.connection.HTTPSConnection object at 0x000001435885AFD0>: Failed to establish a new connection: [WinError 10061] 由于目标计算机积极拒绝，无法连接。')))
2026-08-17 12:23:20 | INFO     | backpack_quant_trading.core.massive_klines:294 | Massive 分批 K线 I:NDX 4hour: 0 批, 共 0 根
2026-08-17 12:23:20 | INFO     | kline_scheduler:446 | [K线定时] 同步完成: {'hype_4h': {'inserted': 0, 'updated': 0, 'deduped': 0, 'source': 'hyperliquid'}, 'eth_2h': {'inserted': 0, 'updated': 0, 'deduped': 0, 'source': 'hyperliquid'}, 'alpha_eth_2h': {'inserted': 0, 'updated': 0, 'deduped': 0, 'source': 'hyperliquid'}, 'nvda': {'inserted': 0, 'deduped': 0, 'source': 'massive', 'ticker': 'NVDA', 'interval': '2h', 'from': '2026-02-18T04:20:55.618090'}, 'intc': {'inserted': 0, 'deduped': 0, 'source': 'massive', 'ticker': 'INTC', 'interval': '1h', 'from': '2026-02-18T04:21:09.644327'}, 'mu': {'inserted': 0, 'deduped': 0, 'source': 'massive', 'ticker': 'MU', 'interval': '2h', 'from': '2025-12-14T04:30:00'}, 'a_share_2h': {'300308': {'code': '300308', 'inserted': 245, 'total': 245, 'source': 'sina_2h', 'kline_chart_start': '2026-02-11 09:30:00', 'first': '2026-02-11 10:00:00', 'last': '2026-08-17 10:00:00', 'error': None}, '603986': {'code': '603986', 'inserted': 250, 'total': 250, 'source': 'sina_2h', 'kline_chart_start': '2026-02-06 13:30:00', 'first': '2026-02-06 14:00:00', 'last': '2026-08-17 10:00:00', 'error': None}, '688146': {'code': '688146', 'inserted': 167, 'total': 167, 'source': 'sina_2h', 'kline_chart_start': '2026-04-11 09:30:00', 'first': '2026-04-13 10:00:00', 'last': '2026-08-17 10:00:00', 'error': None}, '002837': {'code': '002837', 'inserted': 303, 'total': 303, 'source': 'sina_2h', 'kline_chart_start': '2025-12-30 09:30:00', 'first': '2025-12-30 10:00:00', 'last': '2026-08-17 10:00:00', 'error': None}, '159570': {'code': '159570', 'inserted': 298, 'total': 298, 'source': 'sina_2h', 'kline_chart_start': '2026-01-05 15:00:00', 'first': '2026-01-05 14:00:00', 'last': '2026-08-17 10:00:00', 'error': None}}, 'sse_510210_4h': {'inserted': 0, 'source': 'eastmoney', 'error': "('Connection aborted.', RemoteDisconnected('Remote end closed connection without response'))"}, 'mnq_dip_4h': {'inserted': 0, 'deduped': 0, 'source': 'massive', 'ticker': 'I:NDX', 'interval': '4h', 'from': '2025-06-17T18:00:00'}}
2026-08-17 12:23:20 | INFO     | kline_scheduler:449 | [K线定时] 下次同步约 4h 后
2026-08-17 12:23:21 | DEBUG    | urllib3.connectionpool:475 | https://query2.finance.yahoo.com:443 "GET /v1/finance/search?q=SNDK&quotesCount=0&newsCount=50&enableFuzzyQuery=false HTTP/1.1" 403 3369
2026-08-17 12:23:21 | DEBUG    | urllib3.connectionpool:291 | Resetting dropped connection: query1.finance.yahoo.com
2026-08-17 12:23:23 | DEBUG    | urllib3.connectionpool:475 | https://query1.finance.yahoo.com:443 "GET /v1/finance/search?q=INTEL&quotesCount=0&newsCount=50&enableFuzzyQuery=false HTTP/1.1" 403 3369
2026-08-17 12:23:23 | DEBUG    | urllib3.connectionpool:291 | Resetting dropped connection: query2.finance.yahoo.com
2026-08-17 12:23:25 | DEBUG    | urllib3.connectionpool:475 | https://query2.finance.yahoo.com:443 "GET /v1/finance/search?q=INTEL&quotesCount=0&newsCount=50&enableFuzzyQuery=false HTTP/1.1" 403 3369
2026-08-17 12:23:25 | DEBUG    | urllib3.connectionpool:291 | Resetting dropped connection: query1.finance.yahoo.com
2026-08-17 12:23:30 | DEBUG    | urllib3.connectionpool:475 | https://query1.finance.yahoo.com:443 "GET /v1/finance/search?q=INTC&quotesCount=0&newsCount=50&enableFuzzyQuery=false HTTP/1.1" 403 3369
2026-08-17 12:23:30 | DEBUG    | urllib3.connectionpool:291 | Resetting dropped connection: query2.finance.yahoo.com
2026-08-17 12:23:33 | DEBUG    | urllib3.connectionpool:475 | https://query2.finance.yahoo.com:443 "GET /v1/finance/search?q=INTC&quotesCount=0&newsCount=50&enableFuzzyQuery=false HTTP/1.1" 403 3369
2026-08-17 12:23:33 | DEBUG    | urllib3.connectionpool:291 | Resetting dropped connection: finance.yahoo.com
2026-08-17 12:23:38 | DEBUG    | urllib3.connectionpool:1022 | Starting new HTTPS connection (1): feeds.finance.yahoo.com:443
2026-08-17 12:23:39 | DEBUG    | urllib3.connectionpool:475 | https://feeds.finance.yahoo.com:443 "GET /rss/2.0/headline?s=NVIDIA&region=US&lang=en-US HTTP/1.1" 200 394
2026-08-17 12:23:40 | DEBUG    | urllib3.connectionpool:475 | https://feeds.finance.yahoo.com:443 "GET /rss/2.0/headline?s=NVDA&region=US&lang=en-US HTTP/1.1" 200 3399
2026-08-17 12:23:43 | DEBUG    | urllib3.connectionpool:475 | https://feeds.finance.yahoo.com:443 "GET /rss/2.0/headline?s=MICRON&region=US&lang=en-US HTTP/1.1" 200 394
2026-08-17 12:23:44 | DEBUG    | urllib3.connectionpool:475 | https://feeds.finance.yahoo.com:443 "GET /rss/2.0/headline?s=MU&region=US&lang=en-US HTTP/1.1" 200 2999
2026-08-17 12:23:44 | DEBUG    | backpack_quant_trading.core.stock_news_feeds:795 | [雅虎财经] 直连 Search 获取 25 条
2026-08-17 12:23:44 | INFO     | stock_news_alert:555 | 轮询完成 @ 2026-08-17 04:22:35 | 拉取 215 条 (金十数据=20, 同花顺=20, 东方财富=80, 新浪财经=30, 富途牛牛=40, 雅虎财经=25) | 已推送过 0 | 非最新 0 | 未命中关键词 201 | 非重要快讯 14 | 内容相似去重 0 | 新命中 0 | 待推送 0 | 雅虎搜索词: NVIDIA, NVDA, MICRON, MU, SanDisk, SNDK, INTEL, INTC
2026-08-17 12:24:04 | WARNING  | backpack_quant_trading.core.binance_monitor:143 | 币安行情 curl 兜底失败: Command '['curl', '-fsSL', '--max-time', '15', '-A', 'Mozilla/5.0', '-x', 'http://127.0.0.1:7891', 'https://fapi.binance.com/fapi/v1/klines?symbol=BTCUSDT&interval=1m&limit=2']' returned non-zero exit status 7.
2026-08-17 12:24:04 | DEBUG    | asyncio:631 | Using proactor: IocpProactor
2026-08-17 12:24:06 | WARNING  | backpack_quant_trading.core.binance_monitor:147 | 币安行情 aiohttp 兜底失败: Cannot connect to host 127.0.0.1:7891 ssl:False [远程计算机拒绝网络连接。]
2026-08-17 12:24:06 | DEBUG    | urllib3.connectionpool:1022 | Starting new HTTPS connection (1): fapi.binance.com:443
2026-08-17 12:24:08 | ERROR    | backpack_quant_trading.core.binance_monitor:344 | 获取币安K线失败 futures BTCUSDT 1m: HTTPSConnectionPool(host='fapi.binance.com', port=443): Max retries exceeded with url: /fapi/v1/klines?symbol=BTCUSDT&interval=1m&limit=2 (Caused by ProxyError('Cannot connect to proxy.', NewConnectionError('<urllib3.connection.HTTPSConnection object at 0x000001435A4D74D0>: Failed to establish a new connection: [WinError 10061] 由于目标计算机积极拒绝，无法连接。')))
2026-08-17 12:24:12 | WARNING  | backpack_quant_trading.core.binance_monitor:143 | 币安行情 curl 兜底失败: Command '['curl', '-fsSL', '--max-time', '10', '-A', 'Mozilla/5.0', '-x', 'http://127.0.0.1:7891', 'https://fapi.binance.com/fapi/v1/depth?symbol=BTCUSDT&limit=50']' returned non-zero exit status 7.
2026-08-17 12:24:12 | DEBUG    | asyncio:631 | Using proactor: IocpProactor
2026-08-17 12:24:14 | WARNING  | backpack_quant_trading.core.binance_monitor:147 | 币安行情 aiohttp 兜底失败: Cannot connect to host 127.0.0.1:7891 ssl:False [远程计算机拒绝网络连接。]
2026-08-17 12:24:14 | DEBUG    | urllib3.connectionpool:1022 | Starting new HTTPS connection (1): fapi.binance.com:443
2026-08-17 12:24:14 | DEBUG    | urllib3.connectionpool:1022 | Starting new HTTPS connection (1): flash-api.jin10.com:443
2026-08-17 12:24:15 | DEBUG    | urllib3.connectionpool:475 | https://flash-api.jin10.com:443 "GET /get_flash_list?channel=-8200&vip=1 HTTP/1.1" 200 None
2026-08-17 12:24:15 | DEBUG    | urllib3.connectionpool:1022 | Starting new HTTPS connection (1): news.10jqka.com.cn:443
2026-08-17 12:24:16 | ERROR    | backpack_quant_trading.core.binance_monitor:364 | 获取币安深度失败 futures BTCUSDT: HTTPSConnectionPool(host='fapi.binance.com', port=443): Max retries exceeded with url: /fapi/v1/depth?symbol=BTCUSDT&limit=50 (Caused by ProxyError('Cannot connect to proxy.', NewConnectionError('<urllib3.connection.HTTPSConnection object at 0x000001435A4D5310>: Failed to establish a new connection: [WinError 10061] 由于目标计算机积极拒绝，无法连接。')))
2026-08-17 12:24:16 | DEBUG    | urllib3.connectionpool:475 | https://news.10jqka.com.cn:443 "GET /tapp/news/push/stock?page=1&tag=&track=website HTTP/1.1" 200 None
2026-08-17 12:24:16 | DEBUG    | urllib3.connectionpool:1022 | Starting new HTTPS connection (1): np-weblist.eastmoney.com:443
2026-08-17 12:24:17 | DEBUG    | urllib3.connectionpool:475 | https://np-weblist.eastmoney.com:443 "GET /comm/web/getFastNewsList?client=web&biz=web_724&fastColumn=102&sortEnd=&pageSize=80&req_trace=1710315450384 HTTP/1.1" 200 None
2026-08-17 12:24:17 | DEBUG    | urllib3.connectionpool:1022 | Starting new HTTPS connection (1): zhibo.sina.com.cn:443
2026-08-17 12:24:18 | DEBUG    | urllib3.connectionpool:475 | https://zhibo.sina.com.cn:443 "GET /api/zhibo/feed?page=1&page_size=30&zhibo_id=152&tag_id=0&dire=f&dpc=1&pagesize=30&type=1 HTTP/1.1" 200 None
2026-08-17 12:24:18 | DEBUG    | urllib3.connectionpool:1022 | Starting new HTTPS connection (1): news.futunn.com:443
2026-08-17 12:24:20 | DEBUG    | urllib3.connectionpool:475 | https://news.futunn.com:443 "GET /news-site-api/main/get-flash-list?pageSize=40 HTTP/1.1" 200 68859
2026-08-17 12:24:20 | DEBUG    | urllib3.connectionpool:1022 | Starting new HTTPS connection (1): finance.yahoo.com:443
2026-08-17 12:24:22 | DEBUG    | urllib3.connectionpool:475 | https://finance.yahoo.com:443 "GET / HTTP/1.1" 403 3369
2026-08-17 12:24:23 | DEBUG    | urllib3.connectionpool:1022 | Starting new HTTPS connection (1): query1.finance.yahoo.com:443
2026-08-17 12:24:25 | DEBUG    | urllib3.connectionpool:475 | https://query1.finance.yahoo.com:443 "GET /v1/finance/search?q=NVIDIA&quotesCount=0&newsCount=50&enableFuzzyQuery=false HTTP/1.1" 403 3369
2026-08-17 12:24:25 | DEBUG    | urllib3.connectionpool:1022 | Starting new HTTPS connection (1): query2.finance.yahoo.com:443
2026-08-17 12:24:30 | DEBUG    | urllib3.connectionpool:475 | https://query2.finance.yahoo.com:443 "GET /v1/finance/search?q=NVIDIA&quotesCount=0&newsCount=50&enableFuzzyQuery=false HTTP/1.1" 403 3369
2026-08-17 12:24:33 | DEBUG    | urllib3.connectionpool:291 | Resetting dropped connection: query1.finance.yahoo.com
2026-08-17 12:24:34 | DEBUG    | urllib3.connectionpool:475 | https://query1.finance.yahoo.com:443 "GET /v1/finance/search?q=NVDA&quotesCount=0&newsCount=50&enableFuzzyQuery=false HTTP/1.1" 403 3369
2026-08-17 12:24:35 | DEBUG    | urllib3.connectionpool:291 | Resetting dropped connection: query2.finance.yahoo.com
2026-08-17 12:24:36 | DEBUG    | urllib3.connectionpool:475 | https://query2.finance.yahoo.com:443 "GET /v1/finance/search?q=NVDA&quotesCount=0&newsCount=50&enableFuzzyQuery=false HTTP/1.1" 403 3369
2026-08-17 12:24:36 | DEBUG    | urllib3.connectionpool:291 | Resetting dropped connection: query1.finance.yahoo.com
2026-08-17 12:24:42 | DEBUG    | urllib3.connectionpool:475 | https://query1.finance.yahoo.com:443 "GET /v1/finance/search?q=MICRON&quotesCount=0&newsCount=50&enableFuzzyQuery=false HTTP/1.1" 403 3369
2026-08-17 12:24:42 | DEBUG    | urllib3.connectionpool:291 | Resetting dropped connection: query2.finance.yahoo.com
2026-08-17 12:24:43 | DEBUG    | urllib3.connectionpool:475 | https://query2.finance.yahoo.com:443 "GET /v1/finance/search?q=MICRON&quotesCount=0&newsCount=50&enableFuzzyQuery=false HTTP/1.1" 403 3369
2026-08-17 12:24:43 | DEBUG    | urllib3.connectionpool:291 | Resetting dropped connection: query1.finance.yahoo.com
2026-08-17 12:24:45 | DEBUG    | urllib3.connectionpool:475 | https://query1.finance.yahoo.com:443 "GET /v1/finance/search?q=MU&quotesCount=0&newsCount=50&enableFuzzyQuery=false HTTP/1.1" 403 3369
2026-08-17 12:24:46 | DEBUG    | urllib3.connectionpool:291 | Resetting dropped connection: query2.finance.yahoo.com
2026-08-17 12:24:47 | DEBUG    | urllib3.connectionpool:475 | https://query2.finance.yahoo.com:443 "GET /v1/finance/search?q=MU&quotesCount=0&newsCount=50&enableFuzzyQuery=false HTTP/1.1" 403 3369
2026-08-17 12:24:47 | DEBUG    | urllib3.connectionpool:291 | Resetting dropped connection: query1.finance.yahoo.com
2026-08-17 12:24:49 | DEBUG    | urllib3.connectionpool:475 | https://query1.finance.yahoo.com:443 "GET /v1/finance/search?q=SanDisk&quotesCount=0&newsCount=50&enableFuzzyQuery=false HTTP/1.1" 403 3369
2026-08-17 12:24:49 | DEBUG    | urllib3.connectionpool:291 | Resetting dropped connection: query2.finance.yahoo.com
2026-08-17 12:24:54 | DEBUG    | urllib3.connectionpool:475 | https://query2.finance.yahoo.com:443 "GET /v1/finance/search?q=SanDisk&quotesCount=0&newsCount=50&enableFuzzyQuery=false HTTP/1.1" 403 3369
2026-08-17 12:24:54 | DEBUG    | urllib3.connectionpool:291 | Resetting dropped connection: query1.finance.yahoo.com
2026-08-17 12:24:59 | DEBUG    | urllib3.connectionpool:475 | https://query1.finance.yahoo.com:443 "GET /v1/finance/search?q=SNDK&quotesCount=0&newsCount=50&enableFuzzyQuery=false HTTP/1.1" 403 3369
2026-08-17 12:24:59 | DEBUG    | urllib3.connectionpool:291 | Resetting dropped connection: query2.finance.yahoo.com
2026-08-17 12:25:01 | DEBUG    | urllib3.connectionpool:475 | https://query2.finance.yahoo.com:443 "GET /v1/finance/search?q=SNDK&quotesCount=0&newsCount=50&enableFuzzyQuery=false HTTP/1.1" 403 3369
2026-08-17 12:25:01 | DEBUG    | urllib3.connectionpool:291 | Resetting dropped connection: query1.finance.yahoo.com
2026-08-17 12:25:02 | DEBUG    | urllib3.connectionpool:475 | https://query1.finance.yahoo.com:443 "GET /v1/finance/search?q=INTEL&quotesCount=0&newsCount=50&enableFuzzyQuery=false HTTP/1.1" 403 3369
2026-08-17 12:25:03 | DEBUG    | urllib3.connectionpool:291 | Resetting dropped connection: query2.finance.yahoo.com
2026-08-17 12:25:05 | DEBUG    | urllib3.connectionpool:475 | https://query2.finance.yahoo.com:443 "GET /v1/finance/search?q=INTEL&quotesCount=0&newsCount=50&enableFuzzyQuery=false HTTP/1.1" 403 3369
2026-08-17 12:25:05 | DEBUG    | urllib3.connectionpool:291 | Resetting dropped connection: query1.finance.yahoo.com
2026-08-17 12:25:05 | WARNING  | backpack_quant_trading.core.binance_monitor:143 | 币安行情 curl 兜底失败: Command '['curl', '-fsSL', '--max-time', '15', '-A', 'Mozilla/5.0', '-x', 'http://127.0.0.1:7891', 'https://fapi.binance.com/fapi/v1/klines?symbol=BTCUSDT&interval=1m&limit=2']' returned non-zero exit status 7.
2026-08-17 12:25:05 | DEBUG    | asyncio:631 | Using proactor: IocpProactor
2026-08-17 12:25:07 | DEBUG    | urllib3.connectionpool:475 | https://query1.finance.yahoo.com:443 "GET /v1/finance/search?q=INTC&quotesCount=0&newsCount=50&enableFuzzyQuery=false HTTP/1.1" 403 3369
2026-08-17 12:25:07 | WARNING  | backpack_quant_trading.core.binance_monitor:147 | 币安行情 aiohttp 兜底失败: Cannot connect to host 127.0.0.1:7891 ssl:False [远程计算机拒绝网络连接。]
2026-08-17 12:25:07 | DEBUG    | urllib3.connectionpool:1022 | Starting new HTTPS connection (1): fapi.binance.com:443
2026-08-17 12:25:07 | DEBUG    | urllib3.connectionpool:291 | Resetting dropped connection: query2.finance.yahoo.com
2026-08-17 12:25:09 | ERROR    | backpack_quant_trading.core.binance_monitor:344 | 获取币安K线失败 futures BTCUSDT 1m: HTTPSConnectionPool(host='fapi.binance.com', port=443): Max retries exceeded with url: /fapi/v1/klines?symbol=BTCUSDT&interval=1m&limit=2 (Caused by ProxyError('Cannot connect to proxy.', NewConnectionError('<urllib3.connection.HTTPSConnection object at 0x000001435A4D7B10>: Failed to establish a new connection: [WinError 10061] 由于目标计算机积极拒绝，无法连接。')))
2026-08-17 12:25:11 | DEBUG    | urllib3.connectionpool:475 | https://query2.finance.yahoo.com:443 "GET /v1/finance/search?q=INTC&quotesCount=0&newsCount=50&enableFuzzyQuery=false HTTP/1.1" 403 3369
2026-08-17 12:25:11 | DEBUG    | urllib3.connectionpool:291 | Resetting dropped connection: finance.yahoo.com
2026-08-17 12:25:13 | WARNING  | backpack_quant_trading.core.binance_monitor:143 | 币安行情 curl 兜底失败: Command '['curl', '-fsSL', '--max-time', '10', '-A', 'Mozilla/5.0', '-x', 'http://127.0.0.1:7891', 'https://fapi.binance.com/fapi/v1/depth?symbol=BTCUSDT&limit=50']' returned non-zero exit status 7.
2026-08-17 12:25:13 | DEBUG    | asyncio:631 | Using proactor: IocpProactor
2026-08-17 12:25:15 | DEBUG    | urllib3.connectionpool:475 | https://finance.yahoo.com:443 "POST /xhr/ncp?queryRef=latestNews&serviceKey=ncp_fin HTTP/1.1" 403 3369
2026-08-17 12:25:15 | WARNING  | backpack_quant_trading.core.binance_monitor:147 | 币安行情 aiohttp 兜底失败: Cannot connect to host 127.0.0.1:7891 ssl:False [远程计算机拒绝网络连接。]
2026-08-17 12:25:15 | DEBUG    | urllib3.connectionpool:1022 | Starting new HTTPS connection (1): fapi.binance.com:443
2026-08-17 12:25:17 | ERROR    | backpack_quant_trading.core.binance_monitor:364 | 获取币安深度失败 futures BTCUSDT: HTTPSConnectionPool(host='fapi.binance.com', port=443): Max retries exceeded with url: /fapi/v1/depth?symbol=BTCUSDT&limit=50 (Caused by ProxyError('Cannot connect to proxy.', NewConnectionError('<urllib3.connection.HTTPSConnection object at 0x000001435A4D6D50>: Failed to establish a new connection: [WinError 10061] 由于目标计算机积极拒绝，无法连接。')))
2026-08-17 12:25:19 | DEBUG    | urllib3.connectionpool:1022 | Starting new HTTPS connection (1): feeds.finance.yahoo.com:443
2026-08-17 12:25:26 | DEBUG    | urllib3.connectionpool:475 | https://feeds.finance.yahoo.com:443 "GET /rss/2.0/headline?s=NVIDIA&region=US&lang=en-US HTTP/1.1" 200 394
2026-08-17 12:25:27 | DEBUG    | urllib3.connectionpool:475 | https://feeds.finance.yahoo.com:443 "GET /rss/2.0/headline?s=NVDA&region=US&lang=en-US HTTP/1.1" 200 3401
2026-08-17 12:25:38 | DEBUG    | urllib3.connectionpool:475 | https://feeds.finance.yahoo.com:443 "GET /rss/2.0/headline?s=MICRON&region=US&lang=en-US HTTP/1.1" 200 394
2026-08-17 12:25:39 | DEBUG    | urllib3.connectionpool:475 | https://feeds.finance.yahoo.com:443 "GET /rss/2.0/headline?s=MU&region=US&lang=en-US HTTP/1.1" 200 2999
2026-08-17 12:25:39 | DEBUG    | backpack_quant_trading.core.stock_news_feeds:795 | [雅虎财经] 直连 Search 获取 25 条
2026-08-17 12:25:39 | INFO     | stock_news_alert:555 | 轮询完成 @ 2026-08-17 04:24:14 | 拉取 216 条 (金十数据=21, 同花顺=20, 东方财富=80, 新浪财经=30, 富途牛牛=40, 雅虎财经=25) | 已推送过 0 | 非最新 0 | 未命中关键词 202 | 非重要快讯 14 | 内容相似去重 0 | 新命中 0 | 待推送 0 | 雅虎搜索词: NVIDIA, NVDA, MICRON, MU, SanDisk, SNDK, INTEL, INTC
2026-08-17 12:26:04 | WARNING  | backpack_quant_trading.core.binance_monitor:143 | 币安行情 curl 兜底失败: Command '['curl', '-fsSL', '--max-time', '15', '-A', 'Mozilla/5.0', '-x', 'http://127.0.0.1:7891', 'https://fapi.binance.com/fapi/v1/klines?symbol=BTCUSDT&interval=1m&limit=2']' returned non-zero exit status 7.
2026-08-17 12:26:04 | DEBUG    | asyncio:631 | Using proactor: IocpProactor
2026-08-17 12:26:06 | WARNING  | backpack_quant_trading.core.binance_monitor:147 | 币安行情 aiohttp 兜底失败: Cannot connect to host 127.0.0.1:7891 ssl:False [远程计算机拒绝网络连接。]
2026-08-17 12:26:06 | DEBUG    | urllib3.connectionpool:1022 | Starting new HTTPS connection (1): fapi.binance.com:443
2026-08-17 12:26:08 | ERROR    | backpack_quant_trading.core.binance_monitor:344 | 获取币安K线失败 futures BTCUSDT 1m: HTTPSConnectionPool(host='fapi.binance.com', port=443): Max retries exceeded with url: /fapi/v1/klines?symbol=BTCUSDT&interval=1m&limit=2 (Caused by ProxyError('Cannot connect to proxy.', NewConnectionError('<urllib3.connection.HTTPSConnection object at 0x000001435885A850>: Failed to establish a new connection: [WinError 10061] 由于目标计算机积极拒绝，无法连接。')))
2026-08-17 12:26:09 | DEBUG    | urllib3.connectionpool:1022 | Starting new HTTPS connection (1): flash-api.jin10.com:443
2026-08-17 12:26:10 | DEBUG    | urllib3.connectionpool:475 | https://flash-api.jin10.com:443 "GET /get_flash_list?channel=-8200&vip=1 HTTP/1.1" 200 None
2026-08-17 12:26:10 | DEBUG    | urllib3.connectionpool:1022 | Starting new HTTPS connection (1): news.10jqka.com.cn:443
2026-08-17 12:26:10 | DEBUG    | urllib3.connectionpool:475 | https://news.10jqka.com.cn:443 "GET /tapp/news/push/stock?page=1&tag=&track=website HTTP/1.1" 200 None
2026-08-17 12:26:10 | DEBUG    | urllib3.connectionpool:1022 | Starting new HTTPS connection (1): np-weblist.eastmoney.com:443
2026-08-17 12:26:11 | DEBUG    | urllib3.connectionpool:475 | https://np-weblist.eastmoney.com:443 "GET /comm/web/getFastNewsList?client=web&biz=web_724&fastColumn=102&sortEnd=&pageSize=80&req_trace=1710315450384 HTTP/1.1" 200 None
2026-08-17 12:26:11 | DEBUG    | urllib3.connectionpool:1022 | Starting new HTTPS connection (1): zhibo.sina.com.cn:443
2026-08-17 12:26:12 | DEBUG    | urllib3.connectionpool:475 | https://zhibo.sina.com.cn:443 "GET /api/zhibo/feed?page=1&page_size=30&zhibo_id=152&tag_id=0&dire=f&dpc=1&pagesize=30&type=1 HTTP/1.1" 200 None
2026-08-17 12:26:12 | DEBUG    | urllib3.connectionpool:1022 | Starting new HTTPS connection (1): news.futunn.com:443
2026-08-17 12:26:12 | WARNING  | backpack_quant_trading.core.binance_monitor:143 | 币安行情 curl 兜底失败: Command '['curl', '-fsSL', '--max-time', '10', '-A', 'Mozilla/5.0', '-x', 'http://127.0.0.1:7891', 'https://fapi.binance.com/fapi/v1/depth?symbol=BTCUSDT&limit=50']' returned non-zero exit status 7.
2026-08-17 12:26:12 | DEBUG    | asyncio:631 | Using proactor: IocpProactor
2026-08-17 12:26:12 | DEBUG    | urllib3.connectionpool:475 | https://news.futunn.com:443 "GET /news-site-api/main/get-flash-list?pageSize=40 HTTP/1.1" 200 68859
2026-08-17 12:26:13 | DEBUG    | urllib3.connectionpool:1022 | Starting new HTTPS connection (1): finance.yahoo.com:443
2026-08-17 12:26:14 | WARNING  | backpack_quant_trading.core.binance_monitor:147 | 币安行情 aiohttp 兜底失败: Cannot connect to host 127.0.0.1:7891 ssl:False [远程计算机拒绝网络连接。]
2026-08-17 12:26:14 | DEBUG    | urllib3.connectionpool:1022 | Starting new HTTPS connection (1): fapi.binance.com:443
2026-08-17 12:26:17 | ERROR    | backpack_quant_trading.core.binance_monitor:364 | 获取币安深度失败 futures BTCUSDT: HTTPSConnectionPool(host='fapi.binance.com', port=443): Max retries exceeded with url: /fapi/v1/depth?symbol=BTCUSDT&limit=50 (Caused by ProxyError('Cannot connect to proxy.', NewConnectionError('<urllib3.connection.HTTPSConnection object at 0x0000014358859590>: Failed to establish a new connection: [WinError 10061] 由于目标计算机积极拒绝，无法连接。')))
2026-08-17 12:26:18 | DEBUG    | urllib3.connectionpool:475 | https://finance.yahoo.com:443 "GET / HTTP/1.1" 403 3369
2026-08-17 12:26:18 | DEBUG    | urllib3.connectionpool:1022 | Starting new HTTPS connection (1): query1.finance.yahoo.com:443
2026-08-17 12:26:22 | DEBUG    | urllib3.connectionpool:475 | https://query1.finance.yahoo.com:443 "GET /v1/finance/search?q=NVIDIA&quotesCount=0&newsCount=50&enableFuzzyQuery=false HTTP/1.1" 403 3369
2026-08-17 12:26:22 | DEBUG    | urllib3.connectionpool:1022 | Starting new HTTPS connection (1): query2.finance.yahoo.com:443
2026-08-17 12:26:26 | DEBUG    | urllib3.connectionpool:475 | https://query2.finance.yahoo.com:443 "GET /v1/finance/search?q=NVIDIA&quotesCount=0&newsCount=50&enableFuzzyQuery=false HTTP/1.1" 403 3369
2026-08-17 12:26:26 | DEBUG    | urllib3.connectionpool:291 | Resetting dropped connection: query1.finance.yahoo.com
2026-08-17 12:26:28 | DEBUG    | urllib3.connectionpool:475 | https://query1.finance.yahoo.com:443 "GET /v1/finance/search?q=NVDA&quotesCount=0&newsCount=50&enableFuzzyQuery=false HTTP/1.1" 403 3369
2026-08-17 12:26:31 | DEBUG    | urllib3.connectionpool:291 | Resetting dropped connection: query2.finance.yahoo.com
2026-08-17 12:26:36 | DEBUG    | urllib3.connectionpool:475 | https://query2.finance.yahoo.com:443 "GET /v1/finance/search?q=NVDA&quotesCount=0&newsCount=50&enableFuzzyQuery=false HTTP/1.1" 403 3369
2026-08-17 12:26:40 | DEBUG    | urllib3.connectionpool:291 | Resetting dropped connection: query1.finance.yahoo.com
2026-08-17 12:26:42 | DEBUG    | urllib3.connectionpool:475 | https://query1.finance.yahoo.com:443 "GET /v1/finance/search?q=MICRON&quotesCount=0&newsCount=50&enableFuzzyQuery=false HTTP/1.1" 403 3369
2026-08-17 12:26:42 | DEBUG    | urllib3.connectionpool:291 | Resetting dropped connection: query2.finance.yahoo.com
2026-08-17 12:26:43 | DEBUG    | urllib3.connectionpool:475 | https://query2.finance.yahoo.com:443 "GET /v1/finance/search?q=MICRON&quotesCount=0&newsCount=50&enableFuzzyQuery=false HTTP/1.1" 403 3369
2026-08-17 12:26:43 | DEBUG    | urllib3.connectionpool:291 | Resetting dropped connection: query1.finance.yahoo.com
2026-08-17 12:26:45 | DEBUG    | urllib3.connectionpool:475 | https://query1.finance.yahoo.com:443 "GET /v1/finance/search?q=MU&quotesCount=0&newsCount=50&enableFuzzyQuery=false HTTP/1.1" 403 3369
2026-08-17 12:26:45 | DEBUG    | urllib3.connectionpool:291 | Resetting dropped connection: query2.finance.yahoo.com
2026-08-17 12:26:47 | DEBUG    | urllib3.connectionpool:475 | https://query2.finance.yahoo.com:443 "GET /v1/finance/search?q=MU&quotesCount=0&newsCount=50&enableFuzzyQuery=false HTTP/1.1" 403 3369
2026-08-17 12:26:47 | DEBUG    | urllib3.connectionpool:291 | Resetting dropped connection: query1.finance.yahoo.com
2026-08-17 12:26:49 | DEBUG    | urllib3.connectionpool:475 | https://query1.finance.yahoo.com:443 "GET /v1/finance/search?q=SanDisk&quotesCount=0&newsCount=50&enableFuzzyQuery=false HTTP/1.1" 403 3369
2026-08-17 12:26:49 | DEBUG    | urllib3.connectionpool:291 | Resetting dropped connection: query2.finance.yahoo.com
2026-08-17 12:26:52 | DEBUG    | urllib3.connectionpool:475 | https://query2.finance.yahoo.com:443 "GET /v1/finance/search?q=SanDisk&quotesCount=0&newsCount=50&enableFuzzyQuery=false HTTP/1.1" 403 3369
2026-08-17 12:26:52 | DEBUG    | urllib3.connectionpool:291 | Resetting dropped connection: query1.finance.yahoo.com
2026-08-17 12:26:54 | DEBUG    | urllib3.connectionpool:475 | https://query1.finance.yahoo.com:443 "GET /v1/finance/search?q=SNDK&quotesCount=0&newsCount=50&enableFuzzyQuery=false HTTP/1.1" 403 3369
2026-08-17 12:26:56 | DEBUG    | urllib3.connectionpool:291 | Resetting dropped connection: query2.finance.yahoo.com
2026-08-17 12:26:58 | DEBUG    | urllib3.connectionpool:475 | https://query2.finance.yahoo.com:443 "GET /v1/finance/search?q=SNDK&quotesCount=0&newsCount=50&enableFuzzyQuery=false HTTP/1.1" 403 3369
2026-08-17 12:26:58 | DEBUG    | urllib3.connectionpool:291 | Resetting dropped connection: query1.finance.yahoo.com
2026-08-17 12:27:01 | DEBUG    | urllib3.connectionpool:475 | https://query1.finance.yahoo.com:443 "GET /v1/finance/search?q=INTEL&quotesCount=0&newsCount=50&enableFuzzyQuery=false HTTP/1.1" 403 3369
2026-08-17 12:27:01 | DEBUG    | urllib3.connectionpool:291 | Resetting dropped connection: query2.finance.yahoo.com
2026-08-17 12:27:03 | DEBUG    | urllib3.connectionpool:475 | https://query2.finance.yahoo.com:443 "GET /v1/finance/search?q=INTEL&quotesCount=0&newsCount=50&enableFuzzyQuery=false HTTP/1.1" 403 3369
2026-08-17 12:27:05 | WARNING  | backpack_quant_trading.core.binance_monitor:143 | 币安行情 curl 兜底失败: Command '['curl', '-fsSL', '--max-time', '15', '-A', 'Mozilla/5.0', '-x', 'http://127.0.0.1:7891', 'https://fapi.binance.com/fapi/v1/klines?symbol=BTCUSDT&interval=1m&limit=2']' returned non-zero exit status 7.
2026-08-17 12:27:05 | DEBUG    | asyncio:631 | Using proactor: IocpProactor
2026-08-17 12:27:07 | WARNING  | backpack_quant_trading.core.binance_monitor:147 | 币安行情 aiohttp 兜底失败: Cannot connect to host 127.0.0.1:7891 ssl:False [远程计算机拒绝网络连接。]
2026-08-17 12:27:07 | DEBUG    | urllib3.connectionpool:1022 | Starting new HTTPS connection (1): fapi.binance.com:443
2026-08-17 12:27:09 | ERROR    | backpack_quant_trading.core.binance_monitor:344 | 获取币安K线失败 futures BTCUSDT 1m: HTTPSConnectionPool(host='fapi.binance.com', port=443): Max retries exceeded with url: /fapi/v1/klines?symbol=BTCUSDT&interval=1m&limit=2 (Caused by ProxyError('Cannot connect to proxy.', NewConnectionError('<urllib3.connection.HTTPSConnection object at 0x000001435A4D6210>: Failed to establish a new connection: [WinError 10061] 由于目标计算机积极拒绝，无法连接。')))
2026-08-17 12:27:11 | DEBUG    | urllib3.connectionpool:291 | Resetting dropped connection: query1.finance.yahoo.com
2026-08-17 12:27:14 | WARNING  | backpack_quant_trading.core.binance_monitor:143 | 币安行情 curl 兜底失败: Command '['curl', '-fsSL', '--max-time', '10', '-A', 'Mozilla/5.0', '-x', 'http://127.0.0.1:7891', 'https://fapi.binance.com/fapi/v1/depth?symbol=BTCUSDT&limit=50']' returned non-zero exit status 7.
2026-08-17 12:27:14 | DEBUG    | asyncio:631 | Using proactor: IocpProactor
2026-08-17 12:27:16 | WARNING  | backpack_quant_trading.core.binance_monitor:147 | 币安行情 aiohttp 兜底失败: Cannot connect to host 127.0.0.1:7891 ssl:False [远程计算机拒绝网络连接。]
2026-08-17 12:27:16 | DEBUG    | urllib3.connectionpool:1022 | Starting new HTTPS connection (1): fapi.binance.com:443
2026-08-17 12:27:16 | DEBUG    | urllib3.connectionpool:475 | https://query1.finance.yahoo.com:443 "GET /v1/finance/search?q=INTC&quotesCount=0&newsCount=50&enableFuzzyQuery=false HTTP/1.1" 403 3369
2026-08-17 12:27:16 | DEBUG    | urllib3.connectionpool:291 | Resetting dropped connection: query2.finance.yahoo.com
2026-08-17 12:27:18 | ERROR    | backpack_quant_trading.core.binance_monitor:364 | 获取币安深度失败 futures BTCUSDT: HTTPSConnectionPool(host='fapi.binance.com', port=443): Max retries exceeded with url: /fapi/v1/depth?symbol=BTCUSDT&limit=50 (Caused by ProxyError('Cannot connect to proxy.', NewConnectionError('<urllib3.connection.HTTPSConnection object at 0x000001435A4D5090>: Failed to establish a new connection: [WinError 10061] 由于目标计算机积极拒绝，无法连接。')))
2026-08-17 12:27:19 | DEBUG    | urllib3.connectionpool:475 | https://query2.finance.yahoo.com:443 "GET /v1/finance/search?q=INTC&quotesCount=0&newsCount=50&enableFuzzyQuery=false HTTP/1.1" 403 3369
2026-08-17 12:27:19 | DEBUG    | urllib3.connectionpool:291 | Resetting dropped connection: finance.yahoo.com
2026-08-17 12:27:21 | DEBUG    | urllib3.connectionpool:1022 | Starting new HTTPS connection (1): feeds.finance.yahoo.com:443
2026-08-17 12:27:24 | DEBUG    | urllib3.connectionpool:475 | https://feeds.finance.yahoo.com:443 "GET /rss/2.0/headline?s=NVIDIA&region=US&lang=en-US HTTP/1.1" 200 394
2026-08-17 12:27:25 | DEBUG    | urllib3.connectionpool:475 | https://feeds.finance.yahoo.com:443 "GET /rss/2.0/headline?s=NVDA&region=US&lang=en-US HTTP/1.1" 200 3399
2026-08-17 12:27:26 | DEBUG    | urllib3.connectionpool:475 | https://feeds.finance.yahoo.com:443 "GET /rss/2.0/headline?s=MICRON&region=US&lang=en-US HTTP/1.1" 200 394
2026-08-17 12:27:26 | DEBUG    | urllib3.connectionpool:475 | https://feeds.finance.yahoo.com:443 "GET /rss/2.0/headline?s=MU&region=US&lang=en-US HTTP/1.1" 200 5077
2026-08-17 12:27:26 | DEBUG    | backpack_quant_trading.core.stock_news_feeds:795 | [雅虎财经] 直连 Search 获取 34 条
2026-08-17 12:27:26 | INFO     | stock_news_alert:555 | 轮询完成 @ 2026-08-17 04:26:09 | 拉取 225 条 (金十数据=21, 同花顺=20, 东方财富=80, 新浪财经=30, 富途牛牛=40, 雅虎财经=34) | 已推送过 0 | 非最新 0 | 未命中关键词 206 | 非重要快讯 19 | 内容相似去重 0 | 新命中 0 | 待推送 0 | 雅虎搜索词: NVIDIA, NVDA, MICRON, MU, SanDisk, SNDK, INTEL, INTC
2026-08-17 12:27:56 | DEBUG    | urllib3.connectionpool:1022 | Starting new HTTPS connection (1): flash-api.jin10.com:443
2026-08-17 12:27:57 | DEBUG    | urllib3.connectionpool:475 | https://flash-api.jin10.com:443 "GET /get_flash_list?channel=-8200&vip=1 HTTP/1.1" 200 None
2026-08-17 12:27:57 | DEBUG    | urllib3.connectionpool:1022 | Starting new HTTPS connection (1): news.10jqka.com.cn:443
2026-08-17 12:27:57 | DEBUG    | urllib3.connectionpool:475 | https://news.10jqka.com.cn:443 "GET /tapp/news/push/stock?page=1&tag=&track=website HTTP/1.1" 200 None
2026-08-17 12:27:57 | DEBUG    | urllib3.connectionpool:1022 | Starting new HTTPS connection (1): np-weblist.eastmoney.com:443
2026-08-17 12:27:58 | DEBUG    | urllib3.connectionpool:475 | https://np-weblist.eastmoney.com:443 "GET /comm/web/getFastNewsList?client=web&biz=web_724&fastColumn=102&sortEnd=&pageSize=80&req_trace=1710315450384 HTTP/1.1" 200 None
2026-08-17 12:27:58 | DEBUG    | urllib3.connectionpool:1022 | Starting new HTTPS connection (1): zhibo.sina.com.cn:443
2026-08-17 12:27:59 | DEBUG    | urllib3.connectionpool:475 | https://zhibo.sina.com.cn:443 "GET /api/zhibo/feed?page=1&page_size=30&zhibo_id=152&tag_id=0&dire=f&dpc=1&pagesize=30&type=1 HTTP/1.1" 200 None
2026-08-17 12:27:59 | DEBUG    | urllib3.connectionpool:1022 | Starting new HTTPS connection (1): news.futunn.com:443
2026-08-17 12:28:00 | DEBUG    | urllib3.connectionpool:475 | https://news.futunn.com:443 "GET /news-site-api/main/get-flash-list?pageSize=40 HTTP/1.1" 200 68859
2026-08-17 12:28:00 | DEBUG    | urllib3.connectionpool:1022 | Starting new HTTPS connection (1): finance.yahoo.com:443
2026-08-17 12:28:04 | DEBUG    | urllib3.connectionpool:475 | https://finance.yahoo.com:443 "GET / HTTP/1.1" 403 3369
2026-08-17 12:28:04 | DEBUG    | urllib3.connectionpool:1022 | Starting new HTTPS connection (1): query1.finance.yahoo.com:443
2026-08-17 12:28:05 | WARNING  | backpack_quant_trading.core.binance_monitor:143 | 币安行情 curl 兜底失败: Command '['curl', '-fsSL', '--max-time', '15', '-A', 'Mozilla/5.0', '-x', 'http://127.0.0.1:7891', 'https://fapi.binance.com/fapi/v1/klines?symbol=BTCUSDT&interval=1m&limit=2']' returned non-zero exit status 7.
2026-08-17 12:28:05 | DEBUG    | asyncio:631 | Using proactor: IocpProactor
2026-08-17 12:28:06 | DEBUG    | urllib3.connectionpool:475 | https://query1.finance.yahoo.com:443 "GET /v1/finance/search?q=NVIDIA&quotesCount=0&newsCount=50&enableFuzzyQuery=false HTTP/1.1" 403 3369
2026-08-17 12:28:07 | WARNING  | backpack_quant_trading.core.binance_monitor:147 | 币安行情 aiohttp 兜底失败: Cannot connect to host 127.0.0.1:7891 ssl:False [远程计算机拒绝网络连接。]
2026-08-17 12:28:07 | DEBUG    | urllib3.connectionpool:1022 | Starting new HTTPS connection (1): fapi.binance.com:443
2026-08-17 12:28:09 | ERROR    | backpack_quant_trading.core.binance_monitor:344 | 获取币安K线失败 futures BTCUSDT 1m: HTTPSConnectionPool(host='fapi.binance.com', port=443): Max retries exceeded with url: /fapi/v1/klines?symbol=BTCUSDT&interval=1m&limit=2 (Caused by ProxyError('Cannot connect to proxy.', NewConnectionError('<urllib3.connection.HTTPSConnection object at 0x000001435A4D6490>: Failed to establish a new connection: [WinError 10061] 由于目标计算机积极拒绝，无法连接。')))
2026-08-17 12:28:10 | DEBUG    | urllib3.connectionpool:1022 | Starting new HTTPS connection (1): query2.finance.yahoo.com:443
2026-08-17 12:28:13 | WARNING  | backpack_quant_trading.core.binance_monitor:143 | 币安行情 curl 兜底失败: Command '['curl', '-fsSL', '--max-time', '10', '-A', 'Mozilla/5.0', '-x', 'http://127.0.0.1:7891', 'https://fapi.binance.com/fapi/v1/depth?symbol=BTCUSDT&limit=50']' returned non-zero exit status 7.
2026-08-17 12:28:13 | DEBUG    | asyncio:631 | Using proactor: IocpProactor
2026-08-17 12:28:13 | DEBUG    | urllib3.connectionpool:475 | https://query2.finance.yahoo.com:443 "GET /v1/finance/search?q=NVIDIA&quotesCount=0&newsCount=50&enableFuzzyQuery=false HTTP/1.1" 403 3369
2026-08-17 12:28:13 | DEBUG    | urllib3.connectionpool:291 | Resetting dropped connection: query1.finance.yahoo.com
2026-08-17 12:28:15 | DEBUG    | urllib3.connectionpool:475 | https://query1.finance.yahoo.com:443 "GET /v1/finance/search?q=NVDA&quotesCount=0&newsCount=50&enableFuzzyQuery=false HTTP/1.1" 403 3369
2026-08-17 12:28:15 | WARNING  | backpack_quant_trading.core.binance_monitor:147 | 币安行情 aiohttp 兜底失败: Cannot connect to host 127.0.0.1:7891 ssl:False [远程计算机拒绝网络连接。]
2026-08-17 12:28:15 | DEBUG    | urllib3.connectionpool:1022 | Starting new HTTPS connection (1): fapi.binance.com:443
2026-08-17 12:28:17 | ERROR    | backpack_quant_trading.core.binance_monitor:364 | 获取币安深度失败 futures BTCUSDT: HTTPSConnectionPool(host='fapi.binance.com', port=443): Max retries exceeded with url: /fapi/v1/depth?symbol=BTCUSDT&limit=50 (Caused by ProxyError('Cannot connect to proxy.', NewConnectionError('<urllib3.connection.HTTPSConnection object at 0x000001435A4D5810>: Failed to establish a new connection: [WinError 10061] 由于目标计算机积极拒绝，无法连接。')))
2026-08-17 12:28:17 | DEBUG    | urllib3.connectionpool:291 | Resetting dropped connection: query2.finance.yahoo.com
2026-08-17 12:28:20 | DEBUG    | urllib3.connectionpool:475 | https://query2.finance.yahoo.com:443 "GET /v1/finance/search?q=NVDA&quotesCount=0&newsCount=50&enableFuzzyQuery=false HTTP/1.1" 403 3369
2026-08-17 12:28:20 | DEBUG    | urllib3.connectionpool:291 | Resetting dropped connection: query1.finance.yahoo.com
2026-08-17 12:28:22 | DEBUG    | urllib3.connectionpool:475 | https://query1.finance.yahoo.com:443 "GET /v1/finance/search?q=MICRON&quotesCount=0&newsCount=50&enableFuzzyQuery=false HTTP/1.1" 403 3369
2026-08-17 12:28:23 | DEBUG    | urllib3.connectionpool:291 | Resetting dropped connection: query2.finance.yahoo.com
2026-08-17 12:28:27 | DEBUG    | urllib3.connectionpool:475 | https://query2.finance.yahoo.com:443 "GET /v1/finance/search?q=MICRON&quotesCount=0&newsCount=50&enableFuzzyQuery=false HTTP/1.1" 403 3369
2026-08-17 12:28:27 | DEBUG    | urllib3.connectionpool:291 | Resetting dropped connection: query1.finance.yahoo.com
2026-08-17 12:28:28 | DEBUG    | urllib3.connectionpool:475 | https://query1.finance.yahoo.com:443 "GET /v1/finance/search?q=MU&quotesCount=0&newsCount=50&enableFuzzyQuery=false HTTP/1.1" 403 3369
2026-08-17 12:28:28 | DEBUG    | urllib3.connectionpool:291 | Resetting dropped connection: query2.finance.yahoo.com
2026-08-17 12:28:31 | DEBUG    | urllib3.connectionpool:475 | https://query2.finance.yahoo.com:443 "GET /v1/finance/search?q=MU&quotesCount=0&newsCount=50&enableFuzzyQuery=false HTTP/1.1" 403 3369
2026-08-17 12:28:32 | DEBUG    | urllib3.connectionpool:291 | Resetting dropped connection: query1.finance.yahoo.com
2026-08-17 12:28:34 | DEBUG    | urllib3.connectionpool:475 | https://query1.finance.yahoo.com:443 "GET /v1/finance/search?q=SanDisk&quotesCount=0&newsCount=50&enableFuzzyQuery=false HTTP/1.1" 403 3369
2026-08-17 12:28:34 | DEBUG    | urllib3.connectionpool:291 | Resetting dropped connection: query2.finance.yahoo.com
2026-08-17 12:28:36 | DEBUG    | urllib3.connectionpool:475 | https://query2.finance.yahoo.com:443 "GET /v1/finance/search?q=SanDisk&quotesCount=0&newsCount=50&enableFuzzyQuery=false HTTP/1.1" 403 3369
2026-08-17 12:28:36 | DEBUG    | urllib3.connectionpool:291 | Resetting dropped connection: query1.finance.yahoo.com
2026-08-17 12:28:38 | DEBUG    | urllib3.connectionpool:475 | https://query1.finance.yahoo.com:443 "GET /v1/finance/search?q=SNDK&quotesCount=0&newsCount=50&enableFuzzyQuery=false HTTP/1.1" 403 3369
2026-08-17 12:28:38 | DEBUG    | urllib3.connectionpool:291 | Resetting dropped connection: query2.finance.yahoo.com
2026-08-17 12:28:39 | DEBUG    | urllib3.connectionpool:475 | https://query2.finance.yahoo.com:443 "GET /v1/finance/search?q=SNDK&quotesCount=0&newsCount=50&enableFuzzyQuery=false HTTP/1.1" 403 3369
2026-08-17 12:28:39 | DEBUG    | urllib3.connectionpool:291 | Resetting dropped connection: query1.finance.yahoo.com
2026-08-17 12:28:42 | DEBUG    | urllib3.connectionpool:475 | https://query1.finance.yahoo.com:443 "GET /v1/finance/search?q=INTEL&quotesCount=0&newsCount=50&enableFuzzyQuery=false HTTP/1.1" 403 3369
2026-08-17 12:28:42 | DEBUG    | urllib3.connectionpool:291 | Resetting dropped connection: query2.finance.yahoo.com
2026-08-17 12:28:44 | DEBUG    | urllib3.connectionpool:475 | https://query2.finance.yahoo.com:443 "GET /v1/finance/search?q=INTEL&quotesCount=0&newsCount=50&enableFuzzyQuery=false HTTP/1.1" 403 3369
2026-08-17 12:28:44 | DEBUG    | urllib3.connectionpool:291 | Resetting dropped connection: query1.finance.yahoo.com
2026-08-17 12:28:45 | DEBUG    | urllib3.connectionpool:475 | https://query1.finance.yahoo.com:443 "GET /v1/finance/search?q=INTC&quotesCount=0&newsCount=50&enableFuzzyQuery=false HTTP/1.1" 403 3369
2026-08-17 12:28:45 | DEBUG    | urllib3.connectionpool:291 | Resetting dropped connection: query2.finance.yahoo.com
2026-08-17 12:28:49 | DEBUG    | urllib3.connectionpool:475 | https://query2.finance.yahoo.com:443 "GET /v1/finance/search?q=INTC&quotesCount=0&newsCount=50&enableFuzzyQuery=false HTTP/1.1" 403 3369
2026-08-17 12:28:49 | DEBUG    | urllib3.connectionpool:291 | Resetting dropped connection: finance.yahoo.com
2026-08-17 12:28:51 | DEBUG    | urllib3.connectionpool:475 | https://finance.yahoo.com:443 "POST /xhr/ncp?queryRef=latestNews&serviceKey=ncp_fin HTTP/1.1" 403 3369
2026-08-17 12:28:51 | DEBUG    | urllib3.connectionpool:1022 | Starting new HTTPS connection (1): feeds.finance.yahoo.com:443
2026-08-17 12:28:55 | DEBUG    | urllib3.connectionpool:475 | https://feeds.finance.yahoo.com:443 "GET /rss/2.0/headline?s=NVIDIA&region=US&lang=en-US HTTP/1.1" 200 394
2026-08-17 12:28:56 | DEBUG    | urllib3.connectionpool:475 | https://feeds.finance.yahoo.com:443 "GET /rss/2.0/headline?s=NVDA&region=US&lang=en-US HTTP/1.1" 200 3399
2026-08-17 12:28:57 | DEBUG    | urllib3.connectionpool:475 | https://feeds.finance.yahoo.com:443 "GET /rss/2.0/headline?s=MICRON&region=US&lang=en-US HTTP/1.1" 200 394
2026-08-17 12:28:58 | DEBUG    | urllib3.connectionpool:475 | https://feeds.finance.yahoo.com:443 "GET /rss/2.0/headline?s=MU&region=US&lang=en-US HTTP/1.1" 200 2999
2026-08-17 12:28:58 | DEBUG    | backpack_quant_trading.core.stock_news_feeds:795 | [雅虎财经] 直连 Search 获取 25 条
2026-08-17 12:28:58 | INFO     | stock_news_alert:555 | 轮询完成 @ 2026-08-17 04:27:56 | 拉取 216 条 (金十数据=21, 同花顺=20, 东方财富=80, 新浪财经=30, 富途牛牛=40, 雅虎财经=25) | 已推送过 0 | 非最新 0 | 未命中关键词 202 | 非重要快讯 14 | 内容相似去重 0 | 新命中 0 | 待推送 0 | 雅虎搜索词: NVIDIA, NVDA, MICRON, MU, SanDisk, SNDK, INTEL, INTC
2026-08-17 12:29:04 | WARNING  | backpack_quant_trading.core.binance_monitor:143 | 币安行情 curl 兜底失败: Command '['curl', '-fsSL', '--max-time', '15', '-A', 'Mozilla/5.0', '-x', 'http://127.0.0.1:7891', 'https://fapi.binance.com/fapi/v1/klines?symbol=BTCUSDT&interval=1m&limit=2']' returned non-zero exit status 7.
2026-08-17 12:29:04 | DEBUG    | asyncio:631 | Using proactor: IocpProactor
2026-08-17 12:29:06 | WARNING  | backpack_quant_trading.core.binance_monitor:147 | 币安行情 aiohttp 兜底失败: Cannot connect to host 127.0.0.1:7891 ssl:False [远程计算机拒绝网络连接。]
2026-08-17 12:29:06 | DEBUG    | urllib3.connectionpool:1022 | Starting new HTTPS connection (1): fapi.binance.com:443
2026-08-17 12:29:08 | ERROR    | backpack_quant_trading.core.binance_monitor:344 | 获取币安K线失败 futures BTCUSDT 1m: HTTPSConnectionPool(host='fapi.binance.com', port=443): Max retries exceeded with url: /fapi/v1/klines?symbol=BTCUSDT&interval=1m&limit=2 (Caused by ProxyError('Cannot connect to proxy.', NewConnectionError('<urllib3.connection.HTTPSConnection object at 0x000001435A700190>: Failed to establish a new connection: [WinError 10061] 由于目标计算机积极拒绝，无法连接。')))
2026-08-17 12:29:12 | WARNING  | backpack_quant_trading.core.binance_monitor:143 | 币安行情 curl 兜底失败: Command '['curl', '-fsSL', '--max-time', '10', '-A', 'Mozilla/5.0', '-x', 'http://127.0.0.1:7891', 'https://fapi.binance.com/fapi/v1/depth?symbol=BTCUSDT&limit=50']' returned non-zero exit status 7.
2026-08-17 12:29:12 | DEBUG    | asyncio:631 | Using proactor: IocpProactor
2026-08-17 12:29:14 | WARNING  | backpack_quant_trading.core.binance_monitor:147 | 币安行情 aiohttp 兜底失败: Cannot connect to host 127.0.0.1:7891 ssl:False [远程计算机拒绝网络连接。]
2026-08-17 12:29:14 | DEBUG    | urllib3.connectionpool:1022 | Starting new HTTPS connection (1): fapi.binance.com:443
2026-08-17 12:29:16 | ERROR    | backpack_quant_trading.core.binance_monitor:364 | 获取币安深度失败 futures BTCUSDT: HTTPSConnectionPool(host='fapi.binance.com', port=443): Max retries exceeded with url: /fapi/v1/depth?symbol=BTCUSDT&limit=50 (Caused by ProxyError('Cannot connect to proxy.', NewConnectionError('<urllib3.connection.HTTPSConnection object at 0x000001435A4D5BD0>: Failed to establish a new connection: [WinError 10061] 由于目标计算机积极拒绝，无法连接。')))
2026-08-17 12:29:28 | DEBUG    | urllib3.connectionpool:1022 | Starting new HTTPS connection (1): flash-api.jin10.com:443
2026-08-17 12:29:29 | DEBUG    | urllib3.connectionpool:475 | https://flash-api.jin10.com:443 "GET /get_flash_list?channel=-8200&vip=1 HTTP/1.1" 200 None
2026-08-17 12:29:29 | DEBUG    | urllib3.connectionpool:1022 | Starting new HTTPS connection (1): news.10jqka.com.cn:443
2026-08-17 12:29:30 | DEBUG    | urllib3.connectionpool:475 | https://news.10jqka.com.cn:443 "GET /tapp/news/push/stock?page=1&tag=&track=website HTTP/1.1" 200 None
2026-08-17 12:29:30 | DEBUG    | urllib3.connectionpool:1022 | Starting new HTTPS connection (1): np-weblist.eastmoney.com:443
2026-08-17 12:29:30 | DEBUG    | urllib3.connectionpool:475 | https://np-weblist.eastmoney.com:443 "GET /comm/web/getFastNewsList?client=web&biz=web_724&fastColumn=102&sortEnd=&pageSize=80&req_trace=1710315450384 HTTP/1.1" 200 None
2026-08-17 12:29:30 | DEBUG    | urllib3.connectionpool:1022 | Starting new HTTPS connection (1): zhibo.sina.com.cn:443
2026-08-17 12:29:31 | DEBUG    | urllib3.connectionpool:475 | https://zhibo.sina.com.cn:443 "GET /api/zhibo/feed?page=1&page_size=30&zhibo_id=152&tag_id=0&dire=f&dpc=1&pagesize=30&type=1 HTTP/1.1" 200 None
2026-08-17 12:29:31 | DEBUG    | urllib3.connectionpool:1022 | Starting new HTTPS connection (1): news.futunn.com:443
2026-08-17 12:29:32 | DEBUG    | urllib3.connectionpool:475 | https://news.futunn.com:443 "GET /news-site-api/main/get-flash-list?pageSize=40 HTTP/1.1" 200 68859
2026-08-17 12:29:32 | DEBUG    | urllib3.connectionpool:1022 | Starting new HTTPS connection (1): finance.yahoo.com:443
2026-08-17 12:29:36 | DEBUG    | urllib3.connectionpool:475 | https://finance.yahoo.com:443 "GET / HTTP/1.1" 403 3369
2026-08-17 12:29:37 | DEBUG    | urllib3.connectionpool:1022 | Starting new HTTPS connection (1): query1.finance.yahoo.com:443
2026-08-17 12:29:38 | DEBUG    | urllib3.connectionpool:475 | https://query1.finance.yahoo.com:443 "GET /v1/finance/search?q=NVIDIA&quotesCount=0&newsCount=50&enableFuzzyQuery=false HTTP/1.1" 403 3369
2026-08-17 12:29:47 | DEBUG    | urllib3.connectionpool:1022 | Starting new HTTPS connection (1): query2.finance.yahoo.com:443
2026-08-17 12:29:49 | DEBUG    | urllib3.connectionpool:475 | https://query2.finance.yahoo.com:443 "GET /v1/finance/search?q=NVIDIA&quotesCount=0&newsCount=50&enableFuzzyQuery=false HTTP/1.1" 403 3369
2026-08-17 12:29:49 | DEBUG    | urllib3.connectionpool:291 | Resetting dropped connection: query1.finance.yahoo.com
2026-08-17 12:29:51 | DEBUG    | urllib3.connectionpool:475 | https://query1.finance.yahoo.com:443 "GET /v1/finance/search?q=NVDA&quotesCount=0&newsCount=50&enableFuzzyQuery=false HTTP/1.1" 403 3369
2026-08-17 12:29:52 | DEBUG    | urllib3.connectionpool:291 | Resetting dropped connection: query2.finance.yahoo.com
2026-08-17 12:29:53 | DEBUG    | urllib3.connectionpool:475 | https://query2.finance.yahoo.com:443 "GET /v1/finance/search?q=NVDA&quotesCount=0&newsCount=50&enableFuzzyQuery=false HTTP/1.1" 403 3369
2026-08-17 12:29:53 | DEBUG    | urllib3.connectionpool:291 | Resetting dropped connection: query1.finance.yahoo.com
2026-08-17 12:29:58 | DEBUG    | urllib3.connectionpool:475 | https://query1.finance.yahoo.com:443 "GET /v1/finance/search?q=MICRON&quotesCount=0&newsCount=50&enableFuzzyQuery=false HTTP/1.1" 403 3369
2026-08-17 12:29:59 | DEBUG    | urllib3.connectionpool:291 | Resetting dropped connection: query2.finance.yahoo.com
2026-08-17 12:30:01 | DEBUG    | urllib3.connectionpool:475 | https://query2.finance.yahoo.com:443 "GET /v1/finance/search?q=MICRON&quotesCount=0&newsCount=50&enableFuzzyQuery=false HTTP/1.1" 403 3369
2026-08-17 12:30:02 | DEBUG    | urllib3.connectionpool:291 | Resetting dropped connection: query1.finance.yahoo.com
2026-08-17 12:30:04 | DEBUG    | urllib3.connectionpool:475 | https://query1.finance.yahoo.com:443 "GET /v1/finance/search?q=MU&quotesCount=0&newsCount=50&enableFuzzyQuery=false HTTP/1.1" 403 3369
2026-08-17 12:30:04 | DEBUG    | urllib3.connectionpool:291 | Resetting dropped connection: query2.finance.yahoo.com
2026-08-17 12:30:04 | WARNING  | backpack_quant_trading.core.binance_monitor:143 | 币安行情 curl 兜底失败: Command '['curl', '-fsSL', '--max-time', '15', '-A', 'Mozilla/5.0', '-x', 'http://127.0.0.1:7891', 'https://fapi.binance.com/fapi/v1/klines?symbol=BTCUSDT&interval=1m&limit=2']' returned non-zero exit status 7.
2026-08-17 12:30:04 | DEBUG    | asyncio:631 | Using proactor: IocpProactor
2026-08-17 12:30:06 | DEBUG    | urllib3.connectionpool:475 | https://query2.finance.yahoo.com:443 "GET /v1/finance/search?q=MU&quotesCount=0&newsCount=50&enableFuzzyQuery=false HTTP/1.1" 403 3369
2026-08-17 12:30:06 | DEBUG    | urllib3.connectionpool:291 | Resetting dropped connection: query1.finance.yahoo.com
2026-08-17 12:30:06 | WARNING  | backpack_quant_trading.core.binance_monitor:147 | 币安行情 aiohttp 兜底失败: Cannot connect to host 127.0.0.1:7891 ssl:False [远程计算机拒绝网络连接。]
2026-08-17 12:30:06 | DEBUG    | urllib3.connectionpool:1022 | Starting new HTTPS connection (1): fapi.binance.com:443
2026-08-17 12:30:07 | DEBUG    | urllib3.connectionpool:475 | https://query1.finance.yahoo.com:443 "GET /v1/finance/search?q=SanDisk&quotesCount=0&newsCount=50&enableFuzzyQuery=false HTTP/1.1" 403 3369
2026-08-17 12:30:08 | ERROR    | backpack_quant_trading.core.binance_monitor:344 | 获取币安K线失败 futures BTCUSDT 1m: HTTPSConnectionPool(host='fapi.binance.com', port=443): Max retries exceeded with url: /fapi/v1/klines?symbol=BTCUSDT&interval=1m&limit=2 (Caused by ProxyError('Cannot connect to proxy.', NewConnectionError('<urllib3.connection.HTTPSConnection object at 0x000001435A4D7D90>: Failed to establish a new connection: [WinError 10061] 由于目标计算机积极拒绝，无法连接。')))
2026-08-17 12:30:11 | DEBUG    | urllib3.connectionpool:291 | Resetting dropped connection: query2.finance.yahoo.com
2026-08-17 12:30:13 | WARNING  | backpack_quant_trading.core.binance_monitor:143 | 币安行情 curl 兜底失败: Command '['curl', '-fsSL', '--max-time', '10', '-A', 'Mozilla/5.0', '-x', 'http://127.0.0.1:7891', 'https://fapi.binance.com/fapi/v1/depth?symbol=BTCUSDT&limit=50']' returned non-zero exit status 7.
2026-08-17 12:30:13 | DEBUG    | asyncio:631 | Using proactor: IocpProactor
2026-08-17 12:30:14 | DEBUG    | urllib3.connectionpool:475 | https://query2.finance.yahoo.com:443 "GET /v1/finance/search?q=SanDisk&quotesCount=0&newsCount=50&enableFuzzyQuery=false HTTP/1.1" 403 3369
2026-08-17 12:30:15 | DEBUG    | urllib3.connectionpool:291 | Resetting dropped connection: query1.finance.yahoo.com
2026-08-17 12:30:15 | WARNING  | backpack_quant_trading.core.binance_monitor:147 | 币安行情 aiohttp 兜底失败: Cannot connect to host 127.0.0.1:7891 ssl:False [远程计算机拒绝网络连接。]
2026-08-17 12:30:15 | DEBUG    | urllib3.connectionpool:1022 | Starting new HTTPS connection (1): fapi.binance.com:443
2026-08-17 12:30:16 | DEBUG    | urllib3.connectionpool:475 | https://query1.finance.yahoo.com:443 "GET /v1/finance/search?q=SNDK&quotesCount=0&newsCount=50&enableFuzzyQuery=false HTTP/1.1" 403 3369
2026-08-17 12:30:17 | ERROR    | backpack_quant_trading.core.binance_monitor:364 | 获取币安深度失败 futures BTCUSDT: HTTPSConnectionPool(host='fapi.binance.com', port=443): Max retries exceeded with url: /fapi/v1/depth?symbol=BTCUSDT&limit=50 (Caused by ProxyError('Cannot connect to proxy.', NewConnectionError('<urllib3.connection.HTTPSConnection object at 0x000001435885AFD0>: Failed to establish a new connection: [WinError 10061] 由于目标计算机积极拒绝，无法连接。')))
2026-08-17 12:30:18 | WARNING  | backpack_quant_trading.core.binance_monitor:143 | 币安行情 curl 兜底失败: Command '['curl', '-fsSL', '--max-time', '15', '-A', 'Mozilla/5.0', '-x', 'http://127.0.0.1:7891', 'https://fapi.binance.com/fapi/v1/klines?symbol=0GUSDT&interval=1h&limit=500']' returned non-zero exit status 7.
2026-08-17 12:30:18 | DEBUG    | asyncio:631 | Using proactor: IocpProactor
2026-08-17 12:30:19 | DEBUG    | urllib3.connectionpool:291 | Resetting dropped connection: query2.finance.yahoo.com
2026-08-17 12:30:20 | WARNING  | backpack_quant_trading.core.binance_monitor:147 | 币安行情 aiohttp 兜底失败: Cannot connect to host 127.0.0.1:7891 ssl:False [远程计算机拒绝网络连接。]
2026-08-17 12:30:20 | DEBUG    | urllib3.connectionpool:1022 | Starting new HTTPS connection (1): fapi.binance.com:443
2026-08-17 12:30:21 | DEBUG    | urllib3.connectionpool:475 | https://query2.finance.yahoo.com:443 "GET /v1/finance/search?q=SNDK&quotesCount=0&newsCount=50&enableFuzzyQuery=false HTTP/1.1" 403 3369
2026-08-17 12:30:23 | ERROR    | backpack_quant_trading.core.binance_monitor:344 | 获取币安K线失败 futures 0GUSDT 1h: HTTPSConnectionPool(host='fapi.binance.com', port=443): Max retries exceeded with url: /fapi/v1/klines?symbol=0GUSDT&interval=1h&limit=500 (Caused by ProxyError('Cannot connect to proxy.', NewConnectionError('<urllib3.connection.HTTPSConnection object at 0x0000014358858CD0>: Failed to establish a new connection: [WinError 10061] 由于目标计算机积极拒绝，无法连接。')))
2026-08-17 12:30:26 | DEBUG    | urllib3.connectionpool:291 | Resetting dropped connection: query1.finance.yahoo.com
2026-08-17 12:30:27 | WARNING  | backpack_quant_trading.core.binance_monitor:143 | 币安行情 curl 兜底失败: Command '['curl', '-fsSL', '--max-time', '15', '-A', 'Mozilla/5.0', '-x', 'http://127.0.0.1:7891', 'https://fapi.binance.com/fapi/v1/klines?symbol=ETHUSDT&interval=1h&limit=500']' returned non-zero exit status 7.
2026-08-17 12:30:27 | DEBUG    | asyncio:631 | Using proactor: IocpProactor
2026-08-17 12:30:28 | DEBUG    | urllib3.connectionpool:475 | https://query1.finance.yahoo.com:443 "GET /v1/finance/search?q=INTEL&quotesCount=0&newsCount=50&enableFuzzyQuery=false HTTP/1.1" 403 3369
2026-08-17 12:30:29 | WARNING  | backpack_quant_trading.core.binance_monitor:147 | 币安行情 aiohttp 兜底失败: Cannot connect to host 127.0.0.1:7891 ssl:False [远程计算机拒绝网络连接。]
2026-08-17 12:30:29 | DEBUG    | urllib3.connectionpool:1022 | Starting new HTTPS connection (1): fapi.binance.com:443
2026-08-17 12:30:31 | ERROR    | backpack_quant_trading.core.binance_monitor:344 | 获取币安K线失败 futures ETHUSDT 1h: HTTPSConnectionPool(host='fapi.binance.com', port=443): Max retries exceeded with url: /fapi/v1/klines?symbol=ETHUSDT&interval=1h&limit=500 (Caused by ProxyError('Cannot connect to proxy.', NewConnectionError('<urllib3.connection.HTTPSConnection object at 0x000001435885BED0>: Failed to establish a new connection: [WinError 10061] 由于目标计算机积极拒绝，无法连接。')))
2026-08-17 12:30:32 | DEBUG    | urllib3.connectionpool:291 | Resetting dropped connection: query2.finance.yahoo.com
2026-08-17 12:30:35 | WARNING  | backpack_quant_trading.core.binance_monitor:143 | 币安行情 curl 兜底失败: Command '['curl', '-fsSL', '--max-time', '15', '-A', 'Mozilla/5.0', '-x', 'http://127.0.0.1:7891', 'https://fapi.binance.com/fapi/v1/klines?symbol=1000000BOBUSDT&interval=2h&limit=500']' returned non-zero exit status 7.
2026-08-17 12:30:35 | DEBUG    | asyncio:631 | Using proactor: IocpProactor
2026-08-17 12:30:36 | DEBUG    | urllib3.connectionpool:475 | https://query2.finance.yahoo.com:443 "GET /v1/finance/search?q=INTEL&quotesCount=0&newsCount=50&enableFuzzyQuery=false HTTP/1.1" 403 3369
2026-08-17 12:30:37 | DEBUG    | urllib3.connectionpool:291 | Resetting dropped connection: query1.finance.yahoo.com
2026-08-17 12:30:38 | WARNING  | backpack_quant_trading.core.binance_monitor:147 | 币安行情 aiohttp 兜底失败: Cannot connect to host 127.0.0.1:7891 ssl:False [远程计算机拒绝网络连接。]
2026-08-17 12:30:38 | DEBUG    | urllib3.connectionpool:1022 | Starting new HTTPS connection (1): fapi.binance.com:443
2026-08-17 12:30:39 | DEBUG    | urllib3.connectionpool:475 | https://query1.finance.yahoo.com:443 "GET /v1/finance/search?q=INTC&quotesCount=0&newsCount=50&enableFuzzyQuery=false HTTP/1.1" 403 3369
2026-08-17 12:30:39 | DEBUG    | urllib3.connectionpool:291 | Resetting dropped connection: query2.finance.yahoo.com
2026-08-17 12:30:40 | ERROR    | backpack_quant_trading.core.binance_monitor:344 | 获取币安K线失败 futures 1000000BOBUSDT 2h: HTTPSConnectionPool(host='fapi.binance.com', port=443): Max retries exceeded with url: /fapi/v1/klines?symbol=1000000BOBUSDT&interval=2h&limit=500 (Caused by ProxyError('Cannot connect to proxy.', NewConnectionError('<urllib3.connection.HTTPSConnection object at 0x000001435885AC10>: Failed to establish a new connection: [WinError 10061] 由于目标计算机积极拒绝，无法连接。')))
2026-08-17 12:30:40 | DEBUG    | urllib3.connectionpool:475 | https://query2.finance.yahoo.com:443 "GET /v1/finance/search?q=INTC&quotesCount=0&newsCount=50&enableFuzzyQuery=false HTTP/1.1" 403 3369
2026-08-17 12:30:44 | WARNING  | backpack_quant_trading.core.binance_monitor:143 | 币安行情 curl 兜底失败: Command '['curl', '-fsSL', '--max-time', '15', '-A', 'Mozilla/5.0', '-x', 'http://127.0.0.1:7891', 'https://fapi.binance.com/fapi/v1/klines?symbol=ETHUSDT&interval=2h&limit=500']' returned non-zero exit status 7.
2026-08-17 12:30:44 | DEBUG    | asyncio:631 | Using proactor: IocpProactor
2026-08-17 12:30:44 | DEBUG    | urllib3.connectionpool:291 | Resetting dropped connection: finance.yahoo.com
2026-08-17 12:30:46 | WARNING  | backpack_quant_trading.core.binance_monitor:147 | 币安行情 aiohttp 兜底失败: Cannot connect to host 127.0.0.1:7891 ssl:False [远程计算机拒绝网络连接。]
2026-08-17 12:30:46 | DEBUG    | urllib3.connectionpool:1022 | Starting new HTTPS connection (1): fapi.binance.com:443
2026-08-17 12:30:48 | ERROR    | backpack_quant_trading.core.binance_monitor:344 | 获取币安K线失败 futures ETHUSDT 2h: HTTPSConnectionPool(host='fapi.binance.com', port=443): Max retries exceeded with url: /fapi/v1/klines?symbol=ETHUSDT&interval=2h&limit=500 (Caused by ProxyError('Cannot connect to proxy.', NewConnectionError('<urllib3.connection.HTTPSConnection object at 0x000001435A4D51D0>: Failed to establish a new connection: [WinError 10061] 由于目标计算机积极拒绝，无法连接。')))
2026-08-17 12:30:49 | DEBUG    | urllib3.connectionpool:475 | https://finance.yahoo.com:443 "POST /xhr/ncp?queryRef=latestNews&serviceKey=ncp_fin HTTP/1.1" 403 3369
2026-08-17 12:30:50 | DEBUG    | urllib3.connectionpool:1022 | Starting new HTTPS connection (1): feeds.finance.yahoo.com:443
2026-08-17 12:30:52 | WARNING  | backpack_quant_trading.core.binance_monitor:143 | 币安行情 curl 兜底失败: Command '['curl', '-fsSL', '--max-time', '15', '-A', 'Mozilla/5.0', '-x', 'http://127.0.0.1:7891', 'https://fapi.binance.com/fapi/v1/klines?symbol=1000000BOBUSDT&interval=4h&limit=500']' returned non-zero exit status 7.
2026-08-17 12:30:52 | DEBUG    | asyncio:631 | Using proactor: IocpProactor
2026-08-17 12:30:55 | WARNING  | backpack_quant_trading.core.binance_monitor:147 | 币安行情 aiohttp 兜底失败: Cannot connect to host 127.0.0.1:7891 ssl:False [远程计算机拒绝网络连接。]
2026-08-17 12:30:55 | DEBUG    | urllib3.connectionpool:1022 | Starting new HTTPS connection (1): fapi.binance.com:443
2026-08-17 12:30:55 | DEBUG    | urllib3.connectionpool:475 | https://feeds.finance.yahoo.com:443 "GET /rss/2.0/headline?s=NVIDIA&region=US&lang=en-US HTTP/1.1" 200 394
2026-08-17 12:30:55 | DEBUG    | urllib3.connectionpool:475 | https://feeds.finance.yahoo.com:443 "GET /rss/2.0/headline?s=NVDA&region=US&lang=en-US HTTP/1.1" 200 4745
2026-08-17 12:30:56 | DEBUG    | urllib3.connectionpool:475 | https://feeds.finance.yahoo.com:443 "GET /rss/2.0/headline?s=MICRON&region=US&lang=en-US HTTP/1.1" 200 394
2026-08-17 12:30:57 | ERROR    | backpack_quant_trading.core.binance_monitor:344 | 获取币安K线失败 futures 1000000BOBUSDT 4h: HTTPSConnectionPool(host='fapi.binance.com', port=443): Max retries exceeded with url: /fapi/v1/klines?symbol=1000000BOBUSDT&interval=4h&limit=500 (Caused by ProxyError('Cannot connect to proxy.', NewConnectionError('<urllib3.connection.HTTPSConnection object at 0x000001435A4D5BD0>: Failed to establish a new connection: [WinError 10061] 由于目标计算机积极拒绝，无法连接。')))
2026-08-17 12:30:57 | DEBUG    | urllib3.connectionpool:475 | https://feeds.finance.yahoo.com:443 "GET /rss/2.0/headline?s=MU&region=US&lang=en-US HTTP/1.1" 500 32
2026-08-17 12:30:57 | DEBUG    | backpack_quant_trading.core.stock_news_feeds:795 | [雅虎财经] 直连 Search 获取 20 条
2026-08-17 12:30:57 | INFO     | stock_news_alert:555 | 轮询完成 @ 2026-08-17 04:29:28 | 拉取 211 条 (金十数据=21, 同花顺=20, 东方财富=80, 新浪财经=30, 富途牛牛=40, 雅虎财经=20) | 已推送过 0 | 非最新 0 | 未命中关键词 203 | 非重要快讯 8 | 内容相似去重 0 | 新命中 0 | 待推送 0 | 雅虎搜索词: NVIDIA, NVDA, MICRON, MU, SanDisk, SNDK, INTEL, INTC
2026-08-17 12:31:01 | WARNING  | backpack_quant_trading.core.binance_monitor:143 | 币安行情 curl 兜底失败: Command '['curl', '-fsSL', '--max-time', '15', '-A', 'Mozilla/5.0', '-x', 'http://127.0.0.1:7891', 'https://fapi.binance.com/fapi/v1/klines?symbol=ETHUSDT&interval=4h&limit=500']' returned non-zero exit status 7.
2026-08-17 12:31:01 | DEBUG    | asyncio:631 | Using proactor: IocpProactor
2026-08-17 12:31:03 | WARNING  | backpack_quant_trading.core.binance_monitor:147 | 币安行情 aiohttp 兜底失败: Cannot connect to host 127.0.0.1:7891 ssl:False [远程计算机拒绝网络连接。]
2026-08-17 12:31:03 | DEBUG    | urllib3.connectionpool:1022 | Starting new HTTPS connection (1): fapi.binance.com:443
2026-08-17 12:31:04 | WARNING  | backpack_quant_trading.core.binance_monitor:143 | 币安行情 curl 兜底失败: Command '['curl', '-fsSL', '--max-time', '15', '-A', 'Mozilla/5.0', '-x', 'http://127.0.0.1:7891', 'https://fapi.binance.com/fapi/v1/klines?symbol=BTCUSDT&interval=1m&limit=2']' returned non-zero exit status 7.
2026-08-17 12:31:04 | DEBUG    | asyncio:631 | Using proactor: IocpProactor
2026-08-17 12:31:05 | ERROR    | backpack_quant_trading.core.binance_monitor:344 | 获取币安K线失败 futures ETHUSDT 4h: HTTPSConnectionPool(host='fapi.binance.com', port=443): Max retries exceeded with url: /fapi/v1/klines?symbol=ETHUSDT&interval=4h&limit=500 (Caused by ProxyError('Cannot connect to proxy.', NewConnectionError('<urllib3.connection.HTTPSConnection object at 0x000001435A4D65D0>: Failed to establish a new connection: [WinError 10061] 由于目标计算机积极拒绝，无法连接。')))
2026-08-17 12:31:06 | WARNING  | backpack_quant_trading.core.binance_monitor:147 | 币安行情 aiohttp 兜底失败: Cannot connect to host 127.0.0.1:7891 ssl:False [远程计算机拒绝网络连接。]
2026-08-17 12:31:06 | DEBUG    | urllib3.connectionpool:1022 | Starting new HTTPS connection (1): fapi.binance.com:443
2026-08-17 12:31:08 | ERROR    | backpack_quant_trading.core.binance_monitor:344 | 获取币安K线失败 futures BTCUSDT 1m: HTTPSConnectionPool(host='fapi.binance.com', port=443): Max retries exceeded with url: /fapi/v1/klines?symbol=BTCUSDT&interval=1m&limit=2 (Caused by ProxyError('Cannot connect to proxy.', NewConnectionError('<urllib3.connection.HTTPSConnection object at 0x000001435A700190>: Failed to establish a new connection: [WinError 10061] 由于目标计算机积极拒绝，无法连接。')))
2026-08-17 12:31:12 | WARNING  | backpack_quant_trading.core.binance_monitor:143 | 币安行情 curl 兜底失败: Command '['curl', '-fsSL', '--max-time', '10', '-A', 'Mozilla/5.0', '-x', 'http://127.0.0.1:7891', 'https://fapi.binance.com/fapi/v1/depth?symbol=BTCUSDT&limit=50']' returned non-zero exit status 7.
2026-08-17 12:31:12 | DEBUG    | asyncio:631 | Using proactor: IocpProactor
2026-08-17 12:31:15 | WARNING  | backpack_quant_trading.core.binance_monitor:147 | 币安行情 aiohttp 兜底失败: Cannot connect to host 127.0.0.1:7891 ssl:False [远程计算机拒绝网络连接。]
2026-08-17 12:31:15 | DEBUG    | urllib3.connectionpool:1022 | Starting new HTTPS connection (1): fapi.binance.com:443
2026-08-17 12:31:17 | ERROR    | backpack_quant_trading.core.binance_monitor:364 | 获取币安深度失败 futures BTCUSDT: HTTPSConnectionPool(host='fapi.binance.com', port=443): Max retries exceeded with url: /fapi/v1/depth?symbol=BTCUSDT&limit=50 (Caused by ProxyError('Cannot connect to proxy.', NewConnectionError('<urllib3.connection.HTTPSConnection object at 0x000001435A700E10>: Failed to establish a new connection: [WinError 10061] 由于目标计算机积极拒绝，无法连接。')))
2026-08-17 12:31:27 | DEBUG    | urllib3.connectionpool:1022 | Starting new HTTPS connection (1): flash-api.jin10.com:443
2026-08-17 12:31:28 | DEBUG    | urllib3.connectionpool:475 | https://flash-api.jin10.com:443 "GET /get_flash_list?channel=-8200&vip=1 HTTP/1.1" 200 None
2026-08-17 12:31:28 | DEBUG    | urllib3.connectionpool:1022 | Starting new HTTPS connection (1): news.10jqka.com.cn:443
2026-08-17 12:31:29 | DEBUG    | urllib3.connectionpool:475 | https://news.10jqka.com.cn:443 "GET /tapp/news/push/stock?page=1&tag=&track=website HTTP/1.1" 200 None
2026-08-17 12:31:29 | DEBUG    | urllib3.connectionpool:1022 | Starting new HTTPS connection (1): np-weblist.eastmoney.com:443
2026-08-17 12:31:29 | DEBUG    | urllib3.connectionpool:475 | https://np-weblist.eastmoney.com:443 "GET /comm/web/getFastNewsList?client=web&biz=web_724&fastColumn=102&sortEnd=&pageSize=80&req_trace=1710315450384 HTTP/1.1" 200 None
2026-08-17 12:31:29 | DEBUG    | urllib3.connectionpool:1022 | Starting new HTTPS connection (1): zhibo.sina.com.cn:443
2026-08-17 12:31:30 | DEBUG    | urllib3.connectionpool:475 | https://zhibo.sina.com.cn:443 "GET /api/zhibo/feed?page=1&page_size=30&zhibo_id=152&tag_id=0&dire=f&dpc=1&pagesize=30&type=1 HTTP/1.1" 200 None
2026-08-17 12:31:30 | DEBUG    | urllib3.connectionpool:1022 | Starting new HTTPS connection (1): news.futunn.com:443
2026-08-17 12:31:31 | DEBUG    | urllib3.connectionpool:475 | https://news.futunn.com:443 "GET /news-site-api/main/get-flash-list?pageSize=40 HTTP/1.1" 200 68211
2026-08-17 12:31:32 | DEBUG    | urllib3.connectionpool:1022 | Starting new HTTPS connection (1): finance.yahoo.com:443
2026-08-17 12:31:35 | DEBUG    | urllib3.connectionpool:475 | https://finance.yahoo.com:443 "GET / HTTP/1.1" 403 3369
2026-08-17 12:31:35 | DEBUG    | urllib3.connectionpool:1022 | Starting new HTTPS connection (1): query1.finance.yahoo.com:443
2026-08-17 12:31:37 | DEBUG    | urllib3.connectionpool:475 | https://query1.finance.yahoo.com:443 "GET /v1/finance/search?q=NVIDIA&quotesCount=0&newsCount=50&enableFuzzyQuery=false HTTP/1.1" 403 3369
2026-08-17 12:31:37 | DEBUG    | urllib3.connectionpool:1022 | Starting new HTTPS connection (1): query2.finance.yahoo.com:443
2026-08-17 12:31:42 | DEBUG    | urllib3.connectionpool:475 | https://query2.finance.yahoo.com:443 "GET /v1/finance/search?q=NVIDIA&quotesCount=0&newsCount=50&enableFuzzyQuery=false HTTP/1.1" 403 3369
2026-08-17 12:31:42 | DEBUG    | urllib3.connectionpool:291 | Resetting dropped connection: query1.finance.yahoo.com
2026-08-17 12:31:44 | DEBUG    | urllib3.connectionpool:475 | https://query1.finance.yahoo.com:443 "GET /v1/finance/search?q=NVDA&quotesCount=0&newsCount=50&enableFuzzyQuery=false HTTP/1.1" 403 3369
2026-08-17 12:31:44 | DEBUG    | urllib3.connectionpool:291 | Resetting dropped connection: query2.finance.yahoo.com
2026-08-17 12:31:46 | DEBUG    | urllib3.connectionpool:475 | https://query2.finance.yahoo.com:443 "GET /v1/finance/search?q=NVDA&quotesCount=0&newsCount=50&enableFuzzyQuery=false HTTP/1.1" 403 3369
2026-08-17 12:31:47 | DEBUG    | urllib3.connectionpool:291 | Resetting dropped connection: query1.finance.yahoo.com
2026-08-17 12:31:51 | DEBUG    | urllib3.connectionpool:475 | https://query1.finance.yahoo.com:443 "GET /v1/finance/search?q=MICRON&quotesCount=0&newsCount=50&enableFuzzyQuery=false HTTP/1.1" 403 3369
2026-08-17 12:31:51 | DEBUG    | urllib3.connectionpool:291 | Resetting dropped connection: query2.finance.yahoo.com
2026-08-17 12:31:53 | DEBUG    | urllib3.connectionpool:475 | https://query2.finance.yahoo.com:443 "GET /v1/finance/search?q=MICRON&quotesCount=0&newsCount=50&enableFuzzyQuery=false HTTP/1.1" 403 3369
2026-08-17 12:31:53 | DEBUG    | urllib3.connectionpool:291 | Resetting dropped connection: query1.finance.yahoo.com
2026-08-17 12:31:56 | DEBUG    | urllib3.connectionpool:475 | https://query1.finance.yahoo.com:443 "GET /v1/finance/search?q=MU&quotesCount=0&newsCount=50&enableFuzzyQuery=false HTTP/1.1" 403 3369
2026-08-17 12:31:57 | DEBUG    | urllib3.connectionpool:291 | Resetting dropped connection: query2.finance.yahoo.com
2026-08-17 12:32:02 | DEBUG    | urllib3.connectionpool:475 | https://query2.finance.yahoo.com:443 "GET /v1/finance/search?q=MU&quotesCount=0&newsCount=50&enableFuzzyQuery=false HTTP/1.1" 403 3369
2026-08-17 12:32:02 | DEBUG    | urllib3.connectionpool:291 | Resetting dropped connection: query1.finance.yahoo.com
2026-08-17 12:32:04 | WARNING  | backpack_quant_trading.core.binance_monitor:143 | 币安行情 curl 兜底失败: Command '['curl', '-fsSL', '--max-time', '15', '-A', 'Mozilla/5.0', '-x', 'http://127.0.0.1:7891', 'https://fapi.binance.com/fapi/v1/klines?symbol=BTCUSDT&interval=1m&limit=2']' returned non-zero exit status 7.
2026-08-17 12:32:04 | DEBUG    | asyncio:631 | Using proactor: IocpProactor
2026-08-17 12:32:06 | WARNING  | backpack_quant_trading.core.binance_monitor:147 | 币安行情 aiohttp 兜底失败: Cannot connect to host 127.0.0.1:7891 ssl:False [远程计算机拒绝网络连接。]
2026-08-17 12:32:06 | DEBUG    | urllib3.connectionpool:1022 | Starting new HTTPS connection (1): fapi.binance.com:443
2026-08-17 12:32:08 | DEBUG    | urllib3.connectionpool:291 | Resetting dropped connection: query2.finance.yahoo.com
2026-08-17 12:32:08 | ERROR    | backpack_quant_trading.core.binance_monitor:344 | 获取币安K线失败 futures BTCUSDT 1m: HTTPSConnectionPool(host='fapi.binance.com', port=443): Max retries exceeded with url: /fapi/v1/klines?symbol=BTCUSDT&interval=1m&limit=2 (Caused by ProxyError('Cannot connect to proxy.', NewConnectionError('<urllib3.connection.HTTPSConnection object at 0x000001435A4D5590>: Failed to establish a new connection: [WinError 10061] 由于目标计算机积极拒绝，无法连接。')))
2026-08-17 12:32:09 | DEBUG    | urllib3.connectionpool:475 | https://query2.finance.yahoo.com:443 "GET /v1/finance/search?q=SanDisk&quotesCount=0&newsCount=50&enableFuzzyQuery=false HTTP/1.1" 403 3369
2026-08-17 12:32:09 | DEBUG    | urllib3.connectionpool:1022 | Starting new HTTPS connection (2): query1.finance.yahoo.com:443
2026-08-17 12:32:11 | DEBUG    | urllib3.connectionpool:475 | https://query1.finance.yahoo.com:443 "GET /v1/finance/search?q=SNDK&quotesCount=0&newsCount=50&enableFuzzyQuery=false HTTP/1.1" 403 3369
2026-08-17 12:32:11 | DEBUG    | urllib3.connectionpool:291 | Resetting dropped connection: query2.finance.yahoo.com
2026-08-17 12:32:12 | WARNING  | backpack_quant_trading.core.binance_monitor:143 | 币安行情 curl 兜底失败: Command '['curl', '-fsSL', '--max-time', '10', '-A', 'Mozilla/5.0', '-x', 'http://127.0.0.1:7891', 'https://fapi.binance.com/fapi/v1/depth?symbol=BTCUSDT&limit=50']' returned non-zero exit status 7.
2026-08-17 12:32:12 | DEBUG    | asyncio:631 | Using proactor: IocpProactor
2026-08-17 12:32:14 | DEBUG    | urllib3.connectionpool:475 | https://query2.finance.yahoo.com:443 "GET /v1/finance/search?q=SNDK&quotesCount=0&newsCount=50&enableFuzzyQuery=false HTTP/1.1" 403 3369
2026-08-17 12:32:14 | WARNING  | backpack_quant_trading.core.binance_monitor:147 | 币安行情 aiohttp 兜底失败: Cannot connect to host 127.0.0.1:7891 ssl:False [远程计算机拒绝网络连接。]
2026-08-17 12:32:14 | DEBUG    | urllib3.connectionpool:1022 | Starting new HTTPS connection (1): fapi.binance.com:443
2026-08-17 12:32:15 | DEBUG    | urllib3.connectionpool:291 | Resetting dropped connection: query1.finance.yahoo.com
2026-08-17 12:32:16 | DEBUG    | urllib3.connectionpool:475 | https://query1.finance.yahoo.com:443 "GET /v1/finance/search?q=INTEL&quotesCount=0&newsCount=50&enableFuzzyQuery=false HTTP/1.1" 403 3369
2026-08-17 12:32:16 | DEBUG    | urllib3.connectionpool:291 | Resetting dropped connection: query2.finance.yahoo.com
2026-08-17 12:32:16 | ERROR    | backpack_quant_trading.core.binance_monitor:364 | 获取币安深度失败 futures BTCUSDT: HTTPSConnectionPool(host='fapi.binance.com', port=443): Max retries exceeded with url: /fapi/v1/depth?symbol=BTCUSDT&limit=50 (Caused by ProxyError('Cannot connect to proxy.', NewConnectionError('<urllib3.connection.HTTPSConnection object at 0x0000014358858CD0>: Failed to establish a new connection: [WinError 10061] 由于目标计算机积极拒绝，无法连接。')))
2026-08-17 12:32:19 | DEBUG    | urllib3.connectionpool:475 | https://query2.finance.yahoo.com:443 "GET /v1/finance/search?q=INTEL&quotesCount=0&newsCount=50&enableFuzzyQuery=false HTTP/1.1" 403 3369
2026-08-17 12:32:19 | DEBUG    | urllib3.connectionpool:291 | Resetting dropped connection: query1.finance.yahoo.com
2026-08-17 12:32:21 | DEBUG    | urllib3.connectionpool:475 | https://query1.finance.yahoo.com:443 "GET /v1/finance/search?q=INTC&quotesCount=0&newsCount=50&enableFuzzyQuery=false HTTP/1.1" 403 3369
2026-08-17 12:32:21 | DEBUG    | urllib3.connectionpool:291 | Resetting dropped connection: query2.finance.yahoo.com
2026-08-17 12:32:24 | DEBUG    | urllib3.connectionpool:475 | https://query2.finance.yahoo.com:443 "GET /v1/finance/search?q=INTC&quotesCount=0&newsCount=50&enableFuzzyQuery=false HTTP/1.1" 403 3369
2026-08-17 12:32:24 | DEBUG    | urllib3.connectionpool:291 | Resetting dropped connection: finance.yahoo.com
2026-08-17 12:32:29 | DEBUG    | urllib3.connectionpool:475 | https://finance.yahoo.com:443 "POST /xhr/ncp?queryRef=latestNews&serviceKey=ncp_fin HTTP/1.1" 403 3369
2026-08-17 12:32:29 | DEBUG    | urllib3.connectionpool:1022 | Starting new HTTPS connection (1): feeds.finance.yahoo.com:443
2026-08-17 12:32:31 | DEBUG    | urllib3.connectionpool:475 | https://feeds.finance.yahoo.com:443 "GET /rss/2.0/headline?s=NVIDIA&region=US&lang=en-US HTTP/1.1" 200 394
2026-08-17 12:32:33 | DEBUG    | urllib3.connectionpool:475 | https://feeds.finance.yahoo.com:443 "GET /rss/2.0/headline?s=NVDA&region=US&lang=en-US HTTP/1.1" 200 3399
2026-08-17 12:32:35 | DEBUG    | urllib3.connectionpool:475 | https://feeds.finance.yahoo.com:443 "GET /rss/2.0/headline?s=MICRON&region=US&lang=en-US HTTP/1.1" 200 394
2026-08-17 12:32:35 | DEBUG    | urllib3.connectionpool:475 | https://feeds.finance.yahoo.com:443 "GET /rss/2.0/headline?s=MU&region=US&lang=en-US HTTP/1.1" 200 2999
2026-08-17 12:32:37 | DEBUG    | backpack_quant_trading.core.stock_news_feeds:795 | [雅虎财经] 直连 Search 获取 25 条
2026-08-17 12:32:37 | INFO     | stock_news_alert:555 | 轮询完成 @ 2026-08-17 04:31:27 | 拉取 211 条 (金十数据=16, 同花顺=20, 东方财富=80, 新浪财经=30, 富途牛牛=40, 雅虎财经=25) | 已推送过 0 | 非最新 0 | 未命中关键词 198 | 非重要快讯 13 | 内容相似去重 0 | 新命中 0 | 待推送 0 | 雅虎搜索词: NVIDIA, NVDA, MICRON, MU, SanDisk, SNDK, INTEL, INTC
2026-08-17 12:33:06 | WARNING  | backpack_quant_trading.core.binance_monitor:143 | 币安行情 curl 兜底失败: Command '['curl', '-fsSL', '--max-time', '15', '-A', 'Mozilla/5.0', '-x', 'http://127.0.0.1:7891', 'https://fapi.binance.com/fapi/v1/klines?symbol=BTCUSDT&interval=1m&limit=2']' returned non-zero exit status 7.
2026-08-17 12:33:06 | DEBUG    | asyncio:631 | Using proactor: IocpProactor
2026-08-17 12:33:08 | DEBUG    | urllib3.connectionpool:1022 | Starting new HTTPS connection (1): flash-api.jin10.com:443
2026-08-17 12:33:08 | WARNING  | backpack_quant_trading.core.binance_monitor:147 | 币安行情 aiohttp 兜底失败: Cannot connect to host 127.0.0.1:7891 ssl:False [远程计算机拒绝网络连接。]
2026-08-17 12:33:08 | DEBUG    | urllib3.connectionpool:1022 | Starting new HTTPS connection (1): fapi.binance.com:443
2026-08-17 12:33:08 | DEBUG    | urllib3.connectionpool:475 | https://flash-api.jin10.com:443 "GET /get_flash_list?channel=-8200&vip=1 HTTP/1.1" 200 None
2026-08-17 12:33:08 | DEBUG    | urllib3.connectionpool:1022 | Starting new HTTPS connection (1): news.10jqka.com.cn:443
2026-08-17 12:33:09 | DEBUG    | urllib3.connectionpool:475 | https://news.10jqka.com.cn:443 "GET /tapp/news/push/stock?page=1&tag=&track=website HTTP/1.1" 200 None
2026-08-17 12:33:09 | DEBUG    | urllib3.connectionpool:1022 | Starting new HTTPS connection (1): np-weblist.eastmoney.com:443
2026-08-17 12:33:10 | ERROR    | backpack_quant_trading.core.binance_monitor:344 | 获取币安K线失败 futures BTCUSDT 1m: HTTPSConnectionPool(host='fapi.binance.com', port=443): Max retries exceeded with url: /fapi/v1/klines?symbol=BTCUSDT&interval=1m&limit=2 (Caused by ProxyError('Cannot connect to proxy.', NewConnectionError('<urllib3.connection.HTTPSConnection object at 0x000001435A4D56D0>: Failed to establish a new connection: [WinError 10061] 由于目标计算机积极拒绝，无法连接。')))
2026-08-17 12:33:10 | DEBUG    | urllib3.connectionpool:475 | https://np-weblist.eastmoney.com:443 "GET /comm/web/getFastNewsList?client=web&biz=web_724&fastColumn=102&sortEnd=&pageSize=80&req_trace=1710315450384 HTTP/1.1" 200 None
2026-08-17 12:33:10 | DEBUG    | urllib3.connectionpool:1022 | Starting new HTTPS connection (1): zhibo.sina.com.cn:443
2026-08-17 12:33:10 | DEBUG    | urllib3.connectionpool:475 | https://zhibo.sina.com.cn:443 "GET /api/zhibo/feed?page=1&page_size=30&zhibo_id=152&tag_id=0&dire=f&dpc=1&pagesize=30&type=1 HTTP/1.1" 200 None
2026-08-17 12:33:10 | DEBUG    | urllib3.connectionpool:1022 | Starting new HTTPS connection (1): news.futunn.com:443
2026-08-17 12:33:11 | DEBUG    | urllib3.connectionpool:475 | https://news.futunn.com:443 "GET /news-site-api/main/get-flash-list?pageSize=40 HTTP/1.1" 200 66012
2026-08-17 12:33:11 | DEBUG    | urllib3.connectionpool:1022 | Starting new HTTPS connection (1): finance.yahoo.com:443
2026-08-17 12:33:13 | DEBUG    | urllib3.connectionpool:475 | https://finance.yahoo.com:443 "GET / HTTP/1.1" 403 3369
2026-08-17 12:33:13 | DEBUG    | urllib3.connectionpool:1022 | Starting new HTTPS connection (1): query1.finance.yahoo.com:443
2026-08-17 12:33:14 | WARNING  | backpack_quant_trading.core.binance_monitor:143 | 币安行情 curl 兜底失败: Command '['curl', '-fsSL', '--max-time', '10', '-A', 'Mozilla/5.0', '-x', 'http://127.0.0.1:7891', 'https://fapi.binance.com/fapi/v1/depth?symbol=BTCUSDT&limit=50']' returned non-zero exit status 7.
2026-08-17 12:33:14 | DEBUG    | asyncio:631 | Using proactor: IocpProactor
2026-08-17 12:33:15 | DEBUG    | urllib3.connectionpool:475 | https://query1.finance.yahoo.com:443 "GET /v1/finance/search?q=NVIDIA&quotesCount=0&newsCount=50&enableFuzzyQuery=false HTTP/1.1" 403 3369
2026-08-17 12:33:15 | DEBUG    | urllib3.connectionpool:1022 | Starting new HTTPS connection (1): query2.finance.yahoo.com:443
2026-08-17 12:33:16 | WARNING  | backpack_quant_trading.core.binance_monitor:147 | 币安行情 aiohttp 兜底失败: Cannot connect to host 127.0.0.1:7891 ssl:False [远程计算机拒绝网络连接。]
2026-08-17 12:33:16 | DEBUG    | urllib3.connectionpool:1022 | Starting new HTTPS connection (1): fapi.binance.com:443
2026-08-17 12:33:17 | DEBUG    | urllib3.connectionpool:475 | https://query2.finance.yahoo.com:443 "GET /v1/finance/search?q=NVIDIA&quotesCount=0&newsCount=50&enableFuzzyQuery=false HTTP/1.1" 403 3369
2026-08-17 12:33:17 | DEBUG    | urllib3.connectionpool:291 | Resetting dropped connection: query1.finance.yahoo.com
2026-08-17 12:33:18 | DEBUG    | urllib3.connectionpool:475 | https://query1.finance.yahoo.com:443 "GET /v1/finance/search?q=NVDA&quotesCount=0&newsCount=50&enableFuzzyQuery=false HTTP/1.1" 403 3369
2026-08-17 12:33:18 | DEBUG    | urllib3.connectionpool:291 | Resetting dropped connection: query2.finance.yahoo.com
2026-08-17 12:33:18 | ERROR    | backpack_quant_trading.core.binance_monitor:364 | 获取币安深度失败 futures BTCUSDT: HTTPSConnectionPool(host='fapi.binance.com', port=443): Max retries exceeded with url: /fapi/v1/depth?symbol=BTCUSDT&limit=50 (Caused by ProxyError('Cannot connect to proxy.', NewConnectionError('<urllib3.connection.HTTPSConnection object at 0x000001435A4D6990>: Failed to establish a new connection: [WinError 10061] 由于目标计算机积极拒绝，无法连接。')))
2026-08-17 12:33:20 | DEBUG    | urllib3.connectionpool:475 | https://query2.finance.yahoo.com:443 "GET /v1/finance/search?q=NVDA&quotesCount=0&newsCount=50&enableFuzzyQuery=false HTTP/1.1" 403 3369
2026-08-17 12:33:23 | DEBUG    | urllib3.connectionpool:291 | Resetting dropped connection: query1.finance.yahoo.com
2026-08-17 12:33:25 | DEBUG    | urllib3.connectionpool:475 | https://query1.finance.yahoo.com:443 "GET /v1/finance/search?q=MICRON&quotesCount=0&newsCount=50&enableFuzzyQuery=false HTTP/1.1" 403 3369
2026-08-17 12:33:28 | DEBUG    | urllib3.connectionpool:291 | Resetting dropped connection: query2.finance.yahoo.com
2026-08-17 12:33:29 | DEBUG    | urllib3.connectionpool:475 | https://query2.finance.yahoo.com:443 "GET /v1/finance/search?q=MICRON&quotesCount=0&newsCount=50&enableFuzzyQuery=false HTTP/1.1" 403 3369
2026-08-17 12:33:29 | DEBUG    | urllib3.connectionpool:291 | Resetting dropped connection: query1.finance.yahoo.com
2026-08-17 12:33:35 | DEBUG    | urllib3.connectionpool:291 | Resetting dropped connection: query2.finance.yahoo.com
2026-08-17 12:33:36 | DEBUG    | urllib3.connectionpool:475 | https://query2.finance.yahoo.com:443 "GET /v1/finance/search?q=MU&quotesCount=0&newsCount=50&enableFuzzyQuery=false HTTP/1.1" 403 3369
2026-08-17 12:33:37 | DEBUG    | urllib3.connectionpool:1022 | Starting new HTTPS connection (2): query1.finance.yahoo.com:443
2026-08-17 12:33:40 | DEBUG    | urllib3.connectionpool:475 | https://query1.finance.yahoo.com:443 "GET /v1/finance/search?q=SanDisk&quotesCount=0&newsCount=50&enableFuzzyQuery=false HTTP/1.1" 403 3369
2026-08-17 12:33:42 | DEBUG    | urllib3.connectionpool:291 | Resetting dropped connection: query2.finance.yahoo.com
2026-08-17 12:33:44 | DEBUG    | urllib3.connectionpool:475 | https://query2.finance.yahoo.com:443 "GET /v1/finance/search?q=SanDisk&quotesCount=0&newsCount=50&enableFuzzyQuery=false HTTP/1.1" 403 3369
2026-08-17 12:33:44 | DEBUG    | urllib3.connectionpool:291 | Resetting dropped connection: query1.finance.yahoo.com
2026-08-17 12:33:45 | DEBUG    | urllib3.connectionpool:475 | https://query1.finance.yahoo.com:443 "GET /v1/finance/search?q=SNDK&quotesCount=0&newsCount=50&enableFuzzyQuery=false HTTP/1.1" 403 3369
2026-08-17 12:33:45 | DEBUG    | urllib3.connectionpool:291 | Resetting dropped connection: query2.finance.yahoo.com
2026-08-17 12:33:47 | DEBUG    | urllib3.connectionpool:475 | https://query2.finance.yahoo.com:443 "GET /v1/finance/search?q=SNDK&quotesCount=0&newsCount=50&enableFuzzyQuery=false HTTP/1.1" 403 3369
2026-08-17 12:33:47 | DEBUG    | urllib3.connectionpool:291 | Resetting dropped connection: query1.finance.yahoo.com
2026-08-17 12:33:49 | DEBUG    | urllib3.connectionpool:475 | https://query1.finance.yahoo.com:443 "GET /v1/finance/search?q=INTEL&quotesCount=0&newsCount=50&enableFuzzyQuery=false HTTP/1.1" 403 3369
2026-08-17 12:33:51 | DEBUG    | urllib3.connectionpool:291 | Resetting dropped connection: query2.finance.yahoo.com
2026-08-17 12:33:54 | DEBUG    | urllib3.connectionpool:475 | https://query2.finance.yahoo.com:443 "GET /v1/finance/search?q=INTEL&quotesCount=0&newsCount=50&enableFuzzyQuery=false HTTP/1.1" 403 3369
2026-08-17 12:33:54 | DEBUG    | urllib3.connectionpool:291 | Resetting dropped connection: query1.finance.yahoo.com
2026-08-17 12:33:58 | DEBUG    | urllib3.connectionpool:475 | https://query1.finance.yahoo.com:443 "GET /v1/finance/search?q=INTC&quotesCount=0&newsCount=50&enableFuzzyQuery=false HTTP/1.1" 403 3369
2026-08-17 12:33:58 | DEBUG    | urllib3.connectionpool:291 | Resetting dropped connection: query2.finance.yahoo.com
2026-08-17 12:34:00 | DEBUG    | urllib3.connectionpool:475 | https://query2.finance.yahoo.com:443 "GET /v1/finance/search?q=INTC&quotesCount=0&newsCount=50&enableFuzzyQuery=false HTTP/1.1" 403 3369
2026-08-17 12:34:00 | DEBUG    | urllib3.connectionpool:291 | Resetting dropped connection: finance.yahoo.com
2026-08-17 12:34:02 | DEBUG    | urllib3.connectionpool:1022 | Starting new HTTPS connection (1): feeds.finance.yahoo.com:443
2026-08-17 12:34:04 | WARNING  | backpack_quant_trading.core.binance_monitor:143 | 币安行情 curl 兜底失败: Command '['curl', '-fsSL', '--max-time', '15', '-A', 'Mozilla/5.0', '-x', 'http://127.0.0.1:7891', 'https://fapi.binance.com/fapi/v1/klines?symbol=BTCUSDT&interval=1m&limit=2']' returned non-zero exit status 7.
2026-08-17 12:34:04 | DEBUG    | asyncio:631 | Using proactor: IocpProactor
2026-08-17 12:34:06 | WARNING  | backpack_quant_trading.core.binance_monitor:147 | 币安行情 aiohttp 兜底失败: Cannot connect to host 127.0.0.1:7891 ssl:False [远程计算机拒绝网络连接。]
2026-08-17 12:34:06 | DEBUG    | urllib3.connectionpool:1022 | Starting new HTTPS connection (1): fapi.binance.com:443
2026-08-17 12:34:08 | ERROR    | backpack_quant_trading.core.binance_monitor:344 | 获取币安K线失败 futures BTCUSDT 1m: HTTPSConnectionPool(host='fapi.binance.com', port=443): Max retries exceeded with url: /fapi/v1/klines?symbol=BTCUSDT&interval=1m&limit=2 (Caused by ProxyError('Cannot connect to proxy.', NewConnectionError('<urllib3.connection.HTTPSConnection object at 0x000001435A4D5090>: Failed to establish a new connection: [WinError 10061] 由于目标计算机积极拒绝，无法连接。')))
2026-08-17 12:34:09 | DEBUG    | urllib3.connectionpool:475 | https://feeds.finance.yahoo.com:443 "GET /rss/2.0/headline?s=NVIDIA&region=US&lang=en-US HTTP/1.1" 200 394
2026-08-17 12:34:10 | DEBUG    | urllib3.connectionpool:475 | https://feeds.finance.yahoo.com:443 "GET /rss/2.0/headline?s=NVDA&region=US&lang=en-US HTTP/1.1" 200 3398
2026-08-17 12:34:10 | DEBUG    | urllib3.connectionpool:475 | https://feeds.finance.yahoo.com:443 "GET /rss/2.0/headline?s=MICRON&region=US&lang=en-US HTTP/1.1" 200 394
2026-08-17 12:34:11 | DEBUG    | urllib3.connectionpool:475 | https://feeds.finance.yahoo.com:443 "GET /rss/2.0/headline?s=MU&region=US&lang=en-US HTTP/1.1" 200 5076
2026-08-17 12:34:11 | DEBUG    | backpack_quant_trading.core.stock_news_feeds:795 | [雅虎财经] 直连 Search 获取 34 条
2026-08-17 12:34:12 | INFO     | stock_news_alert:555 | 轮询完成 @ 2026-08-17 04:33:08 | 拉取 219 条 (金十数据=15, 同花顺=20, 东方财富=80, 新浪财经=30, 富途牛牛=40, 雅虎财经=34) | 已推送过 0 | 非最新 0 | 未命中关键词 201 | 非重要快讯 18 | 内容相似去重 0 | 新命中 0 | 待推送 0 | 雅虎搜索词: NVIDIA, NVDA, MICRON, MU, SanDisk, SNDK, INTEL, INTC
2026-08-17 12:34:13 | WARNING  | backpack_quant_trading.core.binance_monitor:143 | 币安行情 curl 兜底失败: Command '['curl', '-fsSL', '--max-time', '10', '-A', 'Mozilla/5.0', '-x', 'http://127.0.0.1:7891', 'https://fapi.binance.com/fapi/v1/depth?symbol=BTCUSDT&limit=50']' returned non-zero exit status 7.
2026-08-17 12:34:13 | DEBUG    | asyncio:631 | Using proactor: IocpProactor
2026-08-17 12:34:15 | WARNING  | backpack_quant_trading.core.binance_monitor:147 | 币安行情 aiohttp 兜底失败: Cannot connect to host 127.0.0.1:7891 ssl:False [远程计算机拒绝网络连接。]
2026-08-17 12:34:15 | DEBUG    | urllib3.connectionpool:1022 | Starting new HTTPS connection (1): fapi.binance.com:443
2026-08-17 12:34:17 | ERROR    | backpack_quant_trading.core.binance_monitor:364 | 获取币安深度失败 futures BTCUSDT: HTTPSConnectionPool(host='fapi.binance.com', port=443): Max retries exceeded with url: /fapi/v1/depth?symbol=BTCUSDT&limit=50 (Caused by ProxyError('Cannot connect to proxy.', NewConnectionError('<urllib3.connection.HTTPSConnection object at 0x0000014358859F90>: Failed to establish a new connection: [WinError 10061] 由于目标计算机积极拒绝，无法连接。')))
2026-08-17 12:34:42 | DEBUG    | urllib3.connectionpool:1022 | Starting new HTTPS connection (1): flash-api.jin10.com:443
2026-08-17 12:34:42 | DEBUG    | urllib3.connectionpool:475 | https://flash-api.jin10.com:443 "GET /get_flash_list?channel=-8200&vip=1 HTTP/1.1" 200 None
2026-08-17 12:34:42 | DEBUG    | urllib3.connectionpool:1022 | Starting new HTTPS connection (1): news.10jqka.com.cn:443
2026-08-17 12:34:43 | DEBUG    | urllib3.connectionpool:475 | https://news.10jqka.com.cn:443 "GET /tapp/news/push/stock?page=1&tag=&track=website HTTP/1.1" 200 None
2026-08-17 12:34:43 | DEBUG    | urllib3.connectionpool:1022 | Starting new HTTPS connection (1): np-weblist.eastmoney.com:443
2026-08-17 12:34:44 | DEBUG    | urllib3.connectionpool:475 | https://np-weblist.eastmoney.com:443 "GET /comm/web/getFastNewsList?client=web&biz=web_724&fastColumn=102&sortEnd=&pageSize=80&req_trace=1710315450384 HTTP/1.1" 200 None
2026-08-17 12:34:44 | DEBUG    | urllib3.connectionpool:1022 | Starting new HTTPS connection (1): zhibo.sina.com.cn:443
2026-08-17 12:34:44 | DEBUG    | urllib3.connectionpool:475 | https://zhibo.sina.com.cn:443 "GET /api/zhibo/feed?page=1&page_size=30&zhibo_id=152&tag_id=0&dire=f&dpc=1&pagesize=30&type=1 HTTP/1.1" 200 None
2026-08-17 12:34:44 | DEBUG    | urllib3.connectionpool:1022 | Starting new HTTPS connection (1): news.futunn.com:443
2026-08-17 12:34:46 | DEBUG    | urllib3.connectionpool:475 | https://news.futunn.com:443 "GET /news-site-api/main/get-flash-list?pageSize=40 HTTP/1.1" 200 66939
2026-08-17 12:34:46 | DEBUG    | urllib3.connectionpool:1022 | Starting new HTTPS connection (1): finance.yahoo.com:443
2026-08-17 12:34:47 | DEBUG    | urllib3.connectionpool:475 | https://finance.yahoo.com:443 "GET / HTTP/1.1" 403 3369
2026-08-17 12:34:55 | DEBUG    | urllib3.connectionpool:1022 | Starting new HTTPS connection (1): query1.finance.yahoo.com:443
2026-08-17 12:34:59 | DEBUG    | urllib3.connectionpool:475 | https://query1.finance.yahoo.com:443 "GET /v1/finance/search?q=NVIDIA&quotesCount=0&newsCount=50&enableFuzzyQuery=false HTTP/1.1" 403 3369
2026-08-17 12:35:03 | DEBUG    | urllib3.connectionpool:1022 | Starting new HTTPS connection (1): query2.finance.yahoo.com:443
2026-08-17 12:35:04 | WARNING  | backpack_quant_trading.core.binance_monitor:143 | 币安行情 curl 兜底失败: Command '['curl', '-fsSL', '--max-time', '15', '-A', 'Mozilla/5.0', '-x', 'http://127.0.0.1:7891', 'https://fapi.binance.com/fapi/v1/klines?symbol=BTCUSDT&interval=1m&limit=2']' returned non-zero exit status 7.
2026-08-17 12:35:04 | DEBUG    | asyncio:631 | Using proactor: IocpProactor
2026-08-17 12:35:04 | DEBUG    | urllib3.connectionpool:475 | https://query2.finance.yahoo.com:443 "GET /v1/finance/search?q=NVIDIA&quotesCount=0&newsCount=50&enableFuzzyQuery=false HTTP/1.1" 403 3369
2026-08-17 12:35:04 | DEBUG    | urllib3.connectionpool:291 | Resetting dropped connection: query1.finance.yahoo.com
2026-08-17 12:35:06 | WARNING  | backpack_quant_trading.core.binance_monitor:147 | 币安行情 aiohttp 兜底失败: Cannot connect to host 127.0.0.1:7891 ssl:False [远程计算机拒绝网络连接。]
2026-08-17 12:35:06 | DEBUG    | urllib3.connectionpool:1022 | Starting new HTTPS connection (1): fapi.binance.com:443
2026-08-17 12:35:06 | DEBUG    | urllib3.connectionpool:475 | https://query1.finance.yahoo.com:443 "GET /v1/finance/search?q=NVDA&quotesCount=0&newsCount=50&enableFuzzyQuery=false HTTP/1.1" 403 3369
2026-08-17 12:35:08 | ERROR    | backpack_quant_trading.core.binance_monitor:344 | 获取币安K线失败 futures BTCUSDT 1m: HTTPSConnectionPool(host='fapi.binance.com', port=443): Max retries exceeded with url: /fapi/v1/klines?symbol=BTCUSDT&interval=1m&limit=2 (Caused by ProxyError('Cannot connect to proxy.', NewConnectionError('<urllib3.connection.HTTPSConnection object at 0x000001435A4D6D50>: Failed to establish a new connection: [WinError 10061] 由于目标计算机积极拒绝，无法连接。')))
2026-08-17 12:35:11 | DEBUG    | urllib3.connectionpool:291 | Resetting dropped connection: query2.finance.yahoo.com
2026-08-17 12:35:12 | WARNING  | backpack_quant_trading.core.binance_monitor:143 | 币安行情 curl 兜底失败: Command '['curl', '-fsSL', '--max-time', '10', '-A', 'Mozilla/5.0', '-x', 'http://127.0.0.1:7891', 'https://fapi.binance.com/fapi/v1/depth?symbol=BTCUSDT&limit=50']' returned non-zero exit status 7.
2026-08-17 12:35:12 | DEBUG    | asyncio:631 | Using proactor: IocpProactor
2026-08-17 12:35:13 | DEBUG    | urllib3.connectionpool:475 | https://query2.finance.yahoo.com:443 "GET /v1/finance/search?q=NVDA&quotesCount=0&newsCount=50&enableFuzzyQuery=false HTTP/1.1" 403 3369
2026-08-17 12:35:13 | DEBUG    | urllib3.connectionpool:291 | Resetting dropped connection: query1.finance.yahoo.com
2026-08-17 12:35:14 | WARNING  | backpack_quant_trading.core.binance_monitor:147 | 币安行情 aiohttp 兜底失败: Cannot connect to host 127.0.0.1:7891 ssl:False [远程计算机拒绝网络连接。]
2026-08-17 12:35:14 | DEBUG    | urllib3.connectionpool:1022 | Starting new HTTPS connection (1): fapi.binance.com:443
2026-08-17 12:35:15 | DEBUG    | urllib3.connectionpool:475 | https://query1.finance.yahoo.com:443 "GET /v1/finance/search?q=MICRON&quotesCount=0&newsCount=50&enableFuzzyQuery=false HTTP/1.1" 403 3369
2026-08-17 12:35:15 | DEBUG    | urllib3.connectionpool:291 | Resetting dropped connection: query2.finance.yahoo.com
2026-08-17 12:35:16 | DEBUG    | urllib3.connectionpool:475 | https://query2.finance.yahoo.com:443 "GET /v1/finance/search?q=MICRON&quotesCount=0&newsCount=50&enableFuzzyQuery=false HTTP/1.1" 403 3369
2026-08-17 12:35:16 | DEBUG    | urllib3.connectionpool:291 | Resetting dropped connection: query1.finance.yahoo.com
2026-08-17 12:35:16 | ERROR    | backpack_quant_trading.core.binance_monitor:364 | 获取币安深度失败 futures BTCUSDT: HTTPSConnectionPool(host='fapi.binance.com', port=443): Max retries exceeded with url: /fapi/v1/depth?symbol=BTCUSDT&limit=50 (Caused by ProxyError('Cannot connect to proxy.', NewConnectionError('<urllib3.connection.HTTPSConnection object at 0x000001435A4D6C10>: Failed to establish a new connection: [WinError 10061] 由于目标计算机积极拒绝，无法连接。')))
2026-08-17 12:35:18 | DEBUG    | urllib3.connectionpool:475 | https://query1.finance.yahoo.com:443 "GET /v1/finance/search?q=MU&quotesCount=0&newsCount=50&enableFuzzyQuery=false HTTP/1.1" 403 3369
2026-08-17 12:35:22 | DEBUG    | urllib3.connectionpool:291 | Resetting dropped connection: query2.finance.yahoo.com
2026-08-17 12:35:25 | DEBUG    | urllib3.connectionpool:475 | https://query2.finance.yahoo.com:443 "GET /v1/finance/search?q=MU&quotesCount=0&newsCount=50&enableFuzzyQuery=false HTTP/1.1" 403 3369
2026-08-17 12:35:33 | DEBUG    | urllib3.connectionpool:291 | Resetting dropped connection: query1.finance.yahoo.com
2026-08-17 12:35:39 | DEBUG    | urllib3.connectionpool:291 | Resetting dropped connection: query2.finance.yahoo.com
2026-08-17 12:35:43 | DEBUG    | urllib3.connectionpool:475 | https://query2.finance.yahoo.com:443 "GET /v1/finance/search?q=SanDisk&quotesCount=0&newsCount=50&enableFuzzyQuery=false HTTP/1.1" 403 3369
2026-08-17 12:35:43 | DEBUG    | urllib3.connectionpool:1022 | Starting new HTTPS connection (2): query1.finance.yahoo.com:443
2026-08-17 12:35:45 | DEBUG    | urllib3.connectionpool:475 | https://query1.finance.yahoo.com:443 "GET /v1/finance/search?q=SNDK&quotesCount=0&newsCount=50&enableFuzzyQuery=false HTTP/1.1" 403 3369
2026-08-17 12:35:45 | DEBUG    | urllib3.connectionpool:291 | Resetting dropped connection: query2.finance.yahoo.com
2026-08-17 12:35:50 | DEBUG    | urllib3.connectionpool:475 | https://query2.finance.yahoo.com:443 "GET /v1/finance/search?q=SNDK&quotesCount=0&newsCount=50&enableFuzzyQuery=false HTTP/1.1" 403 3369
2026-08-17 12:35:50 | DEBUG    | urllib3.connectionpool:291 | Resetting dropped connection: query1.finance.yahoo.com
2026-08-17 12:35:52 | DEBUG    | urllib3.connectionpool:475 | https://query1.finance.yahoo.com:443 "GET /v1/finance/search?q=INTEL&quotesCount=0&newsCount=50&enableFuzzyQuery=false HTTP/1.1" 403 3369
2026-08-17 12:35:52 | DEBUG    | urllib3.connectionpool:291 | Resetting dropped connection: query2.finance.yahoo.com
2026-08-17 12:35:54 | DEBUG    | urllib3.connectionpool:475 | https://query2.finance.yahoo.com:443 "GET /v1/finance/search?q=INTEL&quotesCount=0&newsCount=50&enableFuzzyQuery=false HTTP/1.1" 403 3369
2026-08-17 12:35:56 | DEBUG    | urllib3.connectionpool:291 | Resetting dropped connection: query1.finance.yahoo.com
2026-08-17 12:35:58 | DEBUG    | urllib3.connectionpool:475 | https://query1.finance.yahoo.com:443 "GET /v1/finance/search?q=INTC&quotesCount=0&newsCount=50&enableFuzzyQuery=false HTTP/1.1" 403 3369
2026-08-17 12:35:58 | DEBUG    | urllib3.connectionpool:291 | Resetting dropped connection: query2.finance.yahoo.com
2026-08-17 12:36:00 | DEBUG    | urllib3.connectionpool:475 | https://query2.finance.yahoo.com:443 "GET /v1/finance/search?q=INTC&quotesCount=0&newsCount=50&enableFuzzyQuery=false HTTP/1.1" 403 3369
2026-08-17 12:36:04 | WARNING  | backpack_quant_trading.core.binance_monitor:143 | 币安行情 curl 兜底失败: Command '['curl', '-fsSL', '--max-time', '15', '-A', 'Mozilla/5.0', '-x', 'http://127.0.0.1:7891', 'https://fapi.binance.com/fapi/v1/klines?symbol=BTCUSDT&interval=1m&limit=2']' returned non-zero exit status 7.
2026-08-17 12:36:04 | DEBUG    | asyncio:631 | Using proactor: IocpProactor
2026-08-17 12:36:06 | WARNING  | backpack_quant_trading.core.binance_monitor:147 | 币安行情 aiohttp 兜底失败: Cannot connect to host 127.0.0.1:7891 ssl:False [远程计算机拒绝网络连接。]
2026-08-17 12:36:06 | DEBUG    | urllib3.connectionpool:1022 | Starting new HTTPS connection (1): fapi.binance.com:443
2026-08-17 12:36:08 | ERROR    | backpack_quant_trading.core.binance_monitor:344 | 获取币安K线失败 futures BTCUSDT 1m: HTTPSConnectionPool(host='fapi.binance.com', port=443): Max retries exceeded with url: /fapi/v1/klines?symbol=BTCUSDT&interval=1m&limit=2 (Caused by ProxyError('Cannot connect to proxy.', NewConnectionError('<urllib3.connection.HTTPSConnection object at 0x000001435A4D5F90>: Failed to establish a new connection: [WinError 10061] 由于目标计算机积极拒绝，无法连接。')))
2026-08-17 12:36:12 | DEBUG    | urllib3.connectionpool:291 | Resetting dropped connection: finance.yahoo.com
2026-08-17 12:36:12 | WARNING  | backpack_quant_trading.core.binance_monitor:143 | 币安行情 curl 兜底失败: Command '['curl', '-fsSL', '--max-time', '10', '-A', 'Mozilla/5.0', '-x', 'http://127.0.0.1:7891', 'https://fapi.binance.com/fapi/v1/depth?symbol=BTCUSDT&limit=50']' returned non-zero exit status 7.
2026-08-17 12:36:12 | DEBUG    | asyncio:631 | Using proactor: IocpProactor
2026-08-17 12:36:14 | WARNING  | backpack_quant_trading.core.binance_monitor:147 | 币安行情 aiohttp 兜底失败: Cannot connect to host 127.0.0.1:7891 ssl:False [远程计算机拒绝网络连接。]
2026-08-17 12:36:14 | DEBUG    | urllib3.connectionpool:1022 | Starting new HTTPS connection (1): fapi.binance.com:443
2026-08-17 12:36:16 | DEBUG    | urllib3.connectionpool:475 | https://finance.yahoo.com:443 "POST /xhr/ncp?queryRef=latestNews&serviceKey=ncp_fin HTTP/1.1" 403 3369
2026-08-17 12:36:16 | DEBUG    | urllib3.connectionpool:1022 | Starting new HTTPS connection (1): feeds.finance.yahoo.com:443
2026-08-17 12:36:16 | ERROR    | backpack_quant_trading.core.binance_monitor:364 | 获取币安深度失败 futures BTCUSDT: HTTPSConnectionPool(host='fapi.binance.com', port=443): Max retries exceeded with url: /fapi/v1/depth?symbol=BTCUSDT&limit=50 (Caused by ProxyError('Cannot connect to proxy.', NewConnectionError('<urllib3.connection.HTTPSConnection object at 0x000001435A4D7110>: Failed to establish a new connection: [WinError 10061] 由于目标计算机积极拒绝，无法连接。')))
2026-08-17 12:36:19 | DEBUG    | urllib3.connectionpool:475 | https://feeds.finance.yahoo.com:443 "GET /rss/2.0/headline?s=NVIDIA&region=US&lang=en-US HTTP/1.1" 200 394
2026-08-17 12:36:22 | DEBUG    | urllib3.connectionpool:475 | https://feeds.finance.yahoo.com:443 "GET /rss/2.0/headline?s=NVDA&region=US&lang=en-US HTTP/1.1" 200 3399
2026-08-17 12:36:24 | DEBUG    | urllib3.connectionpool:475 | https://feeds.finance.yahoo.com:443 "GET /rss/2.0/headline?s=MICRON&region=US&lang=en-US HTTP/1.1" 200 394
2026-08-17 12:36:25 | DEBUG    | urllib3.connectionpool:475 | https://feeds.finance.yahoo.com:443 "GET /rss/2.0/headline?s=MU&region=US&lang=en-US HTTP/1.1" 200 2999
2026-08-17 12:36:25 | DEBUG    | backpack_quant_trading.core.stock_news_feeds:795 | [雅虎财经] 直连 Search 获取 25 条
2026-08-17 12:36:25 | INFO     | stock_news_alert:555 | 轮询完成 @ 2026-08-17 04:34:42 | 拉取 210 条 (金十数据=15, 同花顺=20, 东方财富=80, 新浪财经=30, 富途牛牛=40, 雅虎财经=25) | 已推送过 0 | 非最新 0 | 未命中关键词 198 | 非重要快讯 12 | 内容相似去重 0 | 新命中 0 | 待推送 0 | 雅虎搜索词: NVIDIA, NVDA, MICRON, MU, SanDisk, SNDK, INTEL, INTC
2026-08-17 12:36:55 | DEBUG    | urllib3.connectionpool:1022 | Starting new HTTPS connection (1): flash-api.jin10.com:443
2026-08-17 12:36:56 | DEBUG    | urllib3.connectionpool:475 | https://flash-api.jin10.com:443 "GET /get_flash_list?channel=-8200&vip=1 HTTP/1.1" 200 None
2026-08-17 12:36:56 | DEBUG    | urllib3.connectionpool:1022 | Starting new HTTPS connection (1): news.10jqka.com.cn:443
2026-08-17 12:36:57 | DEBUG    | urllib3.connectionpool:475 | https://news.10jqka.com.cn:443 "GET /tapp/news/push/stock?page=1&tag=&track=website HTTP/1.1" 200 None
2026-08-17 12:36:57 | DEBUG    | urllib3.connectionpool:1022 | Starting new HTTPS connection (1): np-weblist.eastmoney.com:443
2026-08-17 12:36:57 | DEBUG    | urllib3.connectionpool:475 | https://np-weblist.eastmoney.com:443 "GET /comm/web/getFastNewsList?client=web&biz=web_724&fastColumn=102&sortEnd=&pageSize=80&req_trace=1710315450384 HTTP/1.1" 200 None
2026-08-17 12:36:57 | DEBUG    | urllib3.connectionpool:1022 | Starting new HTTPS connection (1): zhibo.sina.com.cn:443
2026-08-17 12:36:58 | DEBUG    | urllib3.connectionpool:475 | https://zhibo.sina.com.cn:443 "GET /api/zhibo/feed?page=1&page_size=30&zhibo_id=152&tag_id=0&dire=f&dpc=1&pagesize=30&type=1 HTTP/1.1" 200 None
2026-08-17 12:36:58 | DEBUG    | urllib3.connectionpool:1022 | Starting new HTTPS connection (1): news.futunn.com:443
2026-08-17 12:36:59 | DEBUG    | urllib3.connectionpool:475 | https://news.futunn.com:443 "GET /news-site-api/main/get-flash-list?pageSize=40 HTTP/1.1" 200 67448
2026-08-17 12:36:59 | DEBUG    | urllib3.connectionpool:1022 | Starting new HTTPS connection (1): finance.yahoo.com:443
2026-08-17 12:37:01 | DEBUG    | urllib3.connectionpool:475 | https://finance.yahoo.com:443 "GET / HTTP/1.1" 403 3369
2026-08-17 12:37:01 | DEBUG    | urllib3.connectionpool:1022 | Starting new HTTPS connection (1): query1.finance.yahoo.com:443
2026-08-17 12:37:04 | WARNING  | backpack_quant_trading.core.binance_monitor:143 | 币安行情 curl 兜底失败: Command '['curl', '-fsSL', '--max-time', '15', '-A', 'Mozilla/5.0', '-x', 'http://127.0.0.1:7891', 'https://fapi.binance.com/fapi/v1/klines?symbol=BTCUSDT&interval=1m&limit=2']' returned non-zero exit status 7.
2026-08-17 12:37:04 | DEBUG    | asyncio:631 | Using proactor: IocpProactor
2026-08-17 12:37:06 | DEBUG    | urllib3.connectionpool:1022 | Starting new HTTPS connection (1): query2.finance.yahoo.com:443
2026-08-17 12:37:06 | WARNING  | backpack_quant_trading.core.binance_monitor:147 | 币安行情 aiohttp 兜底失败: Cannot connect to host 127.0.0.1:7891 ssl:False [远程计算机拒绝网络连接。]
2026-08-17 12:37:06 | DEBUG    | urllib3.connectionpool:1022 | Starting new HTTPS connection (1): fapi.binance.com:443
2026-08-17 12:37:08 | ERROR    | backpack_quant_trading.core.binance_monitor:344 | 获取币安K线失败 futures BTCUSDT 1m: HTTPSConnectionPool(host='fapi.binance.com', port=443): Max retries exceeded with url: /fapi/v1/klines?symbol=BTCUSDT&interval=1m&limit=2 (Caused by ProxyError('Cannot connect to proxy.', NewConnectionError('<urllib3.connection.HTTPSConnection object at 0x000001435A4D74D0>: Failed to establish a new connection: [WinError 10061] 由于目标计算机积极拒绝，无法连接。')))
2026-08-17 12:37:10 | DEBUG    | urllib3.connectionpool:475 | https://query2.finance.yahoo.com:443 "GET /v1/finance/search?q=NVIDIA&quotesCount=0&newsCount=50&enableFuzzyQuery=false HTTP/1.1" 403 3369
2026-08-17 12:37:10 | DEBUG    | urllib3.connectionpool:1022 | Starting new HTTPS connection (2): query1.finance.yahoo.com:443
2026-08-17 12:37:13 | WARNING  | backpack_quant_trading.core.binance_monitor:143 | 币安行情 curl 兜底失败: Command '['curl', '-fsSL', '--max-time', '10', '-A', 'Mozilla/5.0', '-x', 'http://127.0.0.1:7891', 'https://fapi.binance.com/fapi/v1/depth?symbol=BTCUSDT&limit=50']' returned non-zero exit status 7.
2026-08-17 12:37:13 | DEBUG    | asyncio:631 | Using proactor: IocpProactor
2026-08-17 12:37:13 | DEBUG    | urllib3.connectionpool:475 | https://query1.finance.yahoo.com:443 "GET /v1/finance/search?q=NVDA&quotesCount=0&newsCount=50&enableFuzzyQuery=false HTTP/1.1" 403 3369
2026-08-17 12:37:13 | DEBUG    | urllib3.connectionpool:291 | Resetting dropped connection: query2.finance.yahoo.com
2026-08-17 12:37:15 | WARNING  | backpack_quant_trading.core.binance_monitor:147 | 币安行情 aiohttp 兜底失败: Cannot connect to host 127.0.0.1:7891 ssl:False [远程计算机拒绝网络连接。]
2026-08-17 12:37:15 | DEBUG    | urllib3.connectionpool:1022 | Starting new HTTPS connection (1): fapi.binance.com:443
2026-08-17 12:37:15 | DEBUG    | urllib3.connectionpool:475 | https://query2.finance.yahoo.com:443 "GET /v1/finance/search?q=NVDA&quotesCount=0&newsCount=50&enableFuzzyQuery=false HTTP/1.1" 403 3369
2026-08-17 12:37:15 | DEBUG    | urllib3.connectionpool:291 | Resetting dropped connection: query1.finance.yahoo.com
2026-08-17 12:37:17 | DEBUG    | urllib3.connectionpool:475 | https://query1.finance.yahoo.com:443 "GET /v1/finance/search?q=MICRON&quotesCount=0&newsCount=50&enableFuzzyQuery=false HTTP/1.1" 403 3369
2026-08-17 12:37:17 | ERROR    | backpack_quant_trading.core.binance_monitor:364 | 获取币安深度失败 futures BTCUSDT: HTTPSConnectionPool(host='fapi.binance.com', port=443): Max retries exceeded with url: /fapi/v1/depth?symbol=BTCUSDT&limit=50 (Caused by ProxyError('Cannot connect to proxy.', NewConnectionError('<urllib3.connection.HTTPSConnection object at 0x000001435A4D5810>: Failed to establish a new connection: [WinError 10061] 由于目标计算机积极拒绝，无法连接。')))
2026-08-17 12:37:17 | DEBUG    | urllib3.connectionpool:291 | Resetting dropped connection: query2.finance.yahoo.com
2026-08-17 12:37:22 | DEBUG    | urllib3.connectionpool:475 | https://query2.finance.yahoo.com:443 "GET /v1/finance/search?q=MICRON&quotesCount=0&newsCount=50&enableFuzzyQuery=false HTTP/1.1" 403 3369
2026-08-17 12:37:24 | DEBUG    | urllib3.connectionpool:291 | Resetting dropped connection: query1.finance.yahoo.com
2026-08-17 12:37:32 | DEBUG    | urllib3.connectionpool:291 | Resetting dropped connection: query2.finance.yahoo.com
2026-08-17 12:37:36 | DEBUG    | urllib3.connectionpool:475 | https://query2.finance.yahoo.com:443 "GET /v1/finance/search?q=MU&quotesCount=0&newsCount=50&enableFuzzyQuery=false HTTP/1.1" 403 3369
2026-08-17 12:37:36 | DEBUG    | urllib3.connectionpool:1022 | Starting new HTTPS connection (3): query1.finance.yahoo.com:443
2026-08-17 12:37:38 | DEBUG    | urllib3.connectionpool:475 | https://query1.finance.yahoo.com:443 "GET /v1/finance/search?q=SanDisk&quotesCount=0&newsCount=50&enableFuzzyQuery=false HTTP/1.1" 403 3369
2026-08-17 12:37:38 | DEBUG    | urllib3.connectionpool:291 | Resetting dropped connection: query2.finance.yahoo.com
2026-08-17 12:37:40 | DEBUG    | urllib3.connectionpool:475 | https://query2.finance.yahoo.com:443 "GET /v1/finance/search?q=SanDisk&quotesCount=0&newsCount=50&enableFuzzyQuery=false HTTP/1.1" 403 3369
2026-08-17 12:37:42 | DEBUG    | urllib3.connectionpool:291 | Resetting dropped connection: query1.finance.yahoo.com
2026-08-17 12:37:44 | DEBUG    | urllib3.connectionpool:475 | https://query1.finance.yahoo.com:443 "GET /v1/finance/search?q=SNDK&quotesCount=0&newsCount=50&enableFuzzyQuery=false HTTP/1.1" 403 3369
2026-08-17 12:37:44 | DEBUG    | urllib3.connectionpool:291 | Resetting dropped connection: query2.finance.yahoo.com
2026-08-17 12:37:45 | DEBUG    | urllib3.connectionpool:475 | https://query2.finance.yahoo.com:443 "GET /v1/finance/search?q=SNDK&quotesCount=0&newsCount=50&enableFuzzyQuery=false HTTP/1.1" 403 3369
2026-08-17 12:37:45 | DEBUG    | urllib3.connectionpool:291 | Resetting dropped connection: query1.finance.yahoo.com
2026-08-17 12:37:47 | DEBUG    | urllib3.connectionpool:475 | https://query1.finance.yahoo.com:443 "GET /v1/finance/search?q=INTEL&quotesCount=0&newsCount=50&enableFuzzyQuery=false HTTP/1.1" 403 3369
2026-08-17 12:37:47 | DEBUG    | urllib3.connectionpool:291 | Resetting dropped connection: query2.finance.yahoo.com
2026-08-17 12:37:48 | DEBUG    | urllib3.connectionpool:475 | https://query2.finance.yahoo.com:443 "GET /v1/finance/search?q=INTEL&quotesCount=0&newsCount=50&enableFuzzyQuery=false HTTP/1.1" 403 3369
2026-08-17 12:37:51 | DEBUG    | urllib3.connectionpool:291 | Resetting dropped connection: query1.finance.yahoo.com
2026-08-17 12:37:57 | DEBUG    | urllib3.connectionpool:475 | https://query1.finance.yahoo.com:443 "GET /v1/finance/search?q=INTC&quotesCount=0&newsCount=50&enableFuzzyQuery=false HTTP/1.1" 403 3369
2026-08-17 12:38:02 | DEBUG    | urllib3.connectionpool:291 | Resetting dropped connection: query2.finance.yahoo.com
2026-08-17 12:38:04 | WARNING  | backpack_quant_trading.core.binance_monitor:143 | 币安行情 curl 兜底失败: Command '['curl', '-fsSL', '--max-time', '15', '-A', 'Mozilla/5.0', '-x', 'http://127.0.0.1:7891', 'https://fapi.binance.com/fapi/v1/klines?symbol=BTCUSDT&interval=1m&limit=2']' returned non-zero exit status 7.
2026-08-17 12:38:04 | DEBUG    | asyncio:631 | Using proactor: IocpProactor
2026-08-17 12:38:06 | DEBUG    | urllib3.connectionpool:475 | https://query2.finance.yahoo.com:443 "GET /v1/finance/search?q=INTC&quotesCount=0&newsCount=50&enableFuzzyQuery=false HTTP/1.1" 403 3369
2026-08-17 12:38:06 | DEBUG    | urllib3.connectionpool:291 | Resetting dropped connection: finance.yahoo.com
2026-08-17 12:38:06 | WARNING  | backpack_quant_trading.core.binance_monitor:147 | 币安行情 aiohttp 兜底失败: Cannot connect to host 127.0.0.1:7891 ssl:False [远程计算机拒绝网络连接。]
2026-08-17 12:38:06 | DEBUG    | urllib3.connectionpool:1022 | Starting new HTTPS connection (1): fapi.binance.com:443
2026-08-17 12:38:08 | DEBUG    | urllib3.connectionpool:1022 | Starting new HTTPS connection (1): feeds.finance.yahoo.com:443
2026-08-17 12:38:08 | ERROR    | backpack_quant_trading.core.binance_monitor:344 | 获取币安K线失败 futures BTCUSDT 1m: HTTPSConnectionPool(host='fapi.binance.com', port=443): Max retries exceeded with url: /fapi/v1/klines?symbol=BTCUSDT&interval=1m&limit=2 (Caused by ProxyError('Cannot connect to proxy.', NewConnectionError('<urllib3.connection.HTTPSConnection object at 0x000001435A4D60D0>: Failed to establish a new connection: [WinError 10061] 由于目标计算机积极拒绝，无法连接。')))
2026-08-17 12:38:11 | DEBUG    | urllib3.connectionpool:475 | https://feeds.finance.yahoo.com:443 "GET /rss/2.0/headline?s=NVIDIA&region=US&lang=en-US HTTP/1.1" 200 394
2026-08-17 12:38:12 | DEBUG    | urllib3.connectionpool:475 | https://feeds.finance.yahoo.com:443 "GET /rss/2.0/headline?s=NVDA&region=US&lang=en-US HTTP/1.1" 200 3399
2026-08-17 12:38:12 | WARNING  | backpack_quant_trading.core.binance_monitor:143 | 币安行情 curl 兜底失败: Command '['curl', '-fsSL', '--max-time', '10', '-A', 'Mozilla/5.0', '-x', 'http://127.0.0.1:7891', 'https://fapi.binance.com/fapi/v1/depth?symbol=BTCUSDT&limit=50']' returned non-zero exit status 7.
2026-08-17 12:38:12 | DEBUG    | asyncio:631 | Using proactor: IocpProactor
2026-08-17 12:38:13 | DEBUG    | urllib3.connectionpool:475 | https://feeds.finance.yahoo.com:443 "GET /rss/2.0/headline?s=MICRON&region=US&lang=en-US HTTP/1.1" 200 394
2026-08-17 12:38:14 | DEBUG    | urllib3.connectionpool:475 | https://feeds.finance.yahoo.com:443 "GET /rss/2.0/headline?s=MU&region=US&lang=en-US HTTP/1.1" 200 2996
2026-08-17 12:38:14 | WARNING  | backpack_quant_trading.core.binance_monitor:147 | 币安行情 aiohttp 兜底失败: Cannot connect to host 127.0.0.1:7891 ssl:False [远程计算机拒绝网络连接。]
2026-08-17 12:38:14 | DEBUG    | urllib3.connectionpool:1022 | Starting new HTTPS connection (1): fapi.binance.com:443
2026-08-17 12:38:15 | DEBUG    | backpack_quant_trading.core.stock_news_feeds:795 | [雅虎财经] 直连 Search 获取 25 条
2026-08-17 12:38:15 | INFO     | stock_news_alert:555 | 轮询完成 @ 2026-08-17 04:36:55 | 拉取 210 条 (金十数据=15, 同花顺=20, 东方财富=80, 新浪财经=30, 富途牛牛=40, 雅虎财经=25) | 已推送过 0 | 非最新 0 | 未命中关键词 198 | 非重要快讯 12 | 内容相似去重 0 | 新命中 0 | 待推送 0 | 雅虎搜索词: NVIDIA, NVDA, MICRON, MU, SanDisk, SNDK, INTEL, INTC
2026-08-17 12:38:16 | ERROR    | backpack_quant_trading.core.binance_monitor:364 | 获取币安深度失败 futures BTCUSDT: HTTPSConnectionPool(host='fapi.binance.com', port=443): Max retries exceeded with url: /fapi/v1/depth?symbol=BTCUSDT&limit=50 (Caused by ProxyError('Cannot connect to proxy.', NewConnectionError('<urllib3.connection.HTTPSConnection object at 0x000001435A4D6FD0>: Failed to establish a new connection: [WinError 10061] 由于目标计算机积极拒绝，无法连接。')))
2026-08-17 12:38:45 | DEBUG    | urllib3.connectionpool:1022 | Starting new HTTPS connection (1): flash-api.jin10.com:443
2026-08-17 12:38:46 | DEBUG    | urllib3.connectionpool:475 | https://flash-api.jin10.com:443 "GET /get_flash_list?channel=-8200&vip=1 HTTP/1.1" 200 None
2026-08-17 12:38:46 | DEBUG    | urllib3.connectionpool:1022 | Starting new HTTPS connection (1): news.10jqka.com.cn:443
2026-08-17 12:38:47 | DEBUG    | urllib3.connectionpool:475 | https://news.10jqka.com.cn:443 "GET /tapp/news/push/stock?page=1&tag=&track=website HTTP/1.1" 200 None
2026-08-17 12:38:47 | DEBUG    | urllib3.connectionpool:1022 | Starting new HTTPS connection (1): np-weblist.eastmoney.com:443
2026-08-17 12:38:47 | DEBUG    | urllib3.connectionpool:475 | https://np-weblist.eastmoney.com:443 "GET /comm/web/getFastNewsList?client=web&biz=web_724&fastColumn=102&sortEnd=&pageSize=80&req_trace=1710315450384 HTTP/1.1" 200 None
2026-08-17 12:38:48 | DEBUG    | urllib3.connectionpool:1022 | Starting new HTTPS connection (1): zhibo.sina.com.cn:443
2026-08-17 12:38:48 | DEBUG    | urllib3.connectionpool:475 | https://zhibo.sina.com.cn:443 "GET /api/zhibo/feed?page=1&page_size=30&zhibo_id=152&tag_id=0&dire=f&dpc=1&pagesize=30&type=1 HTTP/1.1" 200 None
2026-08-17 12:38:48 | DEBUG    | urllib3.connectionpool:1022 | Starting new HTTPS connection (1): news.futunn.com:443
2026-08-17 12:38:49 | DEBUG    | urllib3.connectionpool:475 | https://news.futunn.com:443 "GET /news-site-api/main/get-flash-list?pageSize=40 HTTP/1.1" 200 67448
2026-08-17 12:38:49 | DEBUG    | urllib3.connectionpool:1022 | Starting new HTTPS connection (1): finance.yahoo.com:443
2026-08-17 12:38:53 | DEBUG    | urllib3.connectionpool:475 | https://finance.yahoo.com:443 "GET / HTTP/1.1" 403 3369
2026-08-17 12:38:53 | DEBUG    | urllib3.connectionpool:1022 | Starting new HTTPS connection (1): query1.finance.yahoo.com:443
2026-08-17 12:38:56 | DEBUG    | urllib3.connectionpool:475 | https://query1.finance.yahoo.com:443 "GET /v1/finance/search?q=NVIDIA&quotesCount=0&newsCount=50&enableFuzzyQuery=false HTTP/1.1" 403 3369
2026-08-17 12:38:59 | DEBUG    | urllib3.connectionpool:1022 | Starting new HTTPS connection (1): query2.finance.yahoo.com:443
2026-08-17 12:39:01 | DEBUG    | urllib3.connectionpool:475 | https://query2.finance.yahoo.com:443 "GET /v1/finance/search?q=NVIDIA&quotesCount=0&newsCount=50&enableFuzzyQuery=false HTTP/1.1" 403 3369
2026-08-17 12:39:01 | DEBUG    | urllib3.connectionpool:291 | Resetting dropped connection: query1.finance.yahoo.com
2026-08-17 12:39:03 | DEBUG    | urllib3.connectionpool:475 | https://query1.finance.yahoo.com:443 "GET /v1/finance/search?q=NVDA&quotesCount=0&newsCount=50&enableFuzzyQuery=false HTTP/1.1" 403 3369
2026-08-17 12:39:04 | WARNING  | backpack_quant_trading.core.binance_monitor:143 | 币安行情 curl 兜底失败: Command '['curl', '-fsSL', '--max-time', '15', '-A', 'Mozilla/5.0', '-x', 'http://127.0.0.1:7891', 'https://fapi.binance.com/fapi/v1/klines?symbol=BTCUSDT&interval=1m&limit=2']' returned non-zero exit status 7.
2026-08-17 12:39:04 | DEBUG    | asyncio:631 | Using proactor: IocpProactor
2026-08-17 12:39:06 | DEBUG    | urllib3.connectionpool:291 | Resetting dropped connection: query2.finance.yahoo.com
2026-08-17 12:39:06 | WARNING  | backpack_quant_trading.core.binance_monitor:147 | 币安行情 aiohttp 兜底失败: Cannot connect to host 127.0.0.1:7891 ssl:False [远程计算机拒绝网络连接。]
2026-08-17 12:39:06 | DEBUG    | urllib3.connectionpool:1022 | Starting new HTTPS connection (1): fapi.binance.com:443
2026-08-17 12:39:07 | DEBUG    | urllib3.connectionpool:475 | https://query2.finance.yahoo.com:443 "GET /v1/finance/search?q=NVDA&quotesCount=0&newsCount=50&enableFuzzyQuery=false HTTP/1.1" 403 3369
2026-08-17 12:39:08 | ERROR    | backpack_quant_trading.core.binance_monitor:344 | 获取币安K线失败 futures BTCUSDT 1m: HTTPSConnectionPool(host='fapi.binance.com', port=443): Max retries exceeded with url: /fapi/v1/klines?symbol=BTCUSDT&interval=1m&limit=2 (Caused by ProxyError('Cannot connect to proxy.', NewConnectionError('<urllib3.connection.HTTPSConnection object at 0x0000014358859F90>: Failed to establish a new connection: [WinError 10061] 由于目标计算机积极拒绝，无法连接。')))
2026-08-17 12:39:11 | DEBUG    | urllib3.connectionpool:291 | Resetting dropped connection: query1.finance.yahoo.com
2026-08-17 12:39:12 | WARNING  | backpack_quant_trading.core.binance_monitor:143 | 币安行情 curl 兜底失败: Command '['curl', '-fsSL', '--max-time', '10', '-A', 'Mozilla/5.0', '-x', 'http://127.0.0.1:7891', 'https://fapi.binance.com/fapi/v1/depth?symbol=BTCUSDT&limit=50']' returned non-zero exit status 7.
2026-08-17 12:39:12 | DEBUG    | asyncio:631 | Using proactor: IocpProactor
2026-08-17 12:39:14 | WARNING  | backpack_quant_trading.core.binance_monitor:147 | 币安行情 aiohttp 兜底失败: Cannot connect to host 127.0.0.1:7891 ssl:False [远程计算机拒绝网络连接。]
2026-08-17 12:39:14 | DEBUG    | urllib3.connectionpool:1022 | Starting new HTTPS connection (1): fapi.binance.com:443
2026-08-17 12:39:15 | DEBUG    | urllib3.connectionpool:475 | https://query1.finance.yahoo.com:443 "GET /v1/finance/search?q=MICRON&quotesCount=0&newsCount=50&enableFuzzyQuery=false HTTP/1.1" 403 3369
2026-08-17 12:39:15 | DEBUG    | urllib3.connectionpool:291 | Resetting dropped connection: query2.finance.yahoo.com
2026-08-17 12:39:16 | ERROR    | backpack_quant_trading.core.binance_monitor:364 | 获取币安深度失败 futures BTCUSDT: HTTPSConnectionPool(host='fapi.binance.com', port=443): Max retries exceeded with url: /fapi/v1/depth?symbol=BTCUSDT&limit=50 (Caused by ProxyError('Cannot connect to proxy.', NewConnectionError('<urllib3.connection.HTTPSConnection object at 0x000001435A4D79D0>: Failed to establish a new connection: [WinError 10061] 由于目标计算机积极拒绝，无法连接。')))
2026-08-17 12:39:17 | DEBUG    | urllib3.connectionpool:475 | https://query2.finance.yahoo.com:443 "GET /v1/finance/search?q=MICRON&quotesCount=0&newsCount=50&enableFuzzyQuery=false HTTP/1.1" 403 3369
2026-08-17 12:39:17 | DEBUG    | urllib3.connectionpool:291 | Resetting dropped connection: query1.finance.yahoo.com
2026-08-17 12:39:19 | DEBUG    | urllib3.connectionpool:475 | https://query1.finance.yahoo.com:443 "GET /v1/finance/search?q=MU&quotesCount=0&newsCount=50&enableFuzzyQuery=false HTTP/1.1" 403 3369
2026-08-17 12:39:19 | DEBUG    | urllib3.connectionpool:291 | Resetting dropped connection: query2.finance.yahoo.com
2026-08-17 12:39:23 | DEBUG    | urllib3.connectionpool:475 | https://query2.finance.yahoo.com:443 "GET /v1/finance/search?q=MU&quotesCount=0&newsCount=50&enableFuzzyQuery=false HTTP/1.1" 403 3369
2026-08-17 12:39:23 | DEBUG    | urllib3.connectionpool:291 | Resetting dropped connection: query1.finance.yahoo.com
2026-08-17 12:39:25 | DEBUG    | urllib3.connectionpool:475 | https://query1.finance.yahoo.com:443 "GET /v1/finance/search?q=SanDisk&quotesCount=0&newsCount=50&enableFuzzyQuery=false HTTP/1.1" 403 3369
2026-08-17 12:39:25 | DEBUG    | urllib3.connectionpool:291 | Resetting dropped connection: query2.finance.yahoo.com
2026-08-17 12:39:27 | DEBUG    | urllib3.connectionpool:475 | https://query2.finance.yahoo.com:443 "GET /v1/finance/search?q=SanDisk&quotesCount=0&newsCount=50&enableFuzzyQuery=false HTTP/1.1" 403 3369
2026-08-17 12:39:27 | DEBUG    | urllib3.connectionpool:291 | Resetting dropped connection: query1.finance.yahoo.com
2026-08-17 12:39:30 | DEBUG    | urllib3.connectionpool:475 | https://query1.finance.yahoo.com:443 "GET /v1/finance/search?q=SNDK&quotesCount=0&newsCount=50&enableFuzzyQuery=false HTTP/1.1" 403 3369
2026-08-17 12:39:30 | DEBUG    | urllib3.connectionpool:291 | Resetting dropped connection: query2.finance.yahoo.com
2026-08-17 12:39:39 | DEBUG    | urllib3.connectionpool:475 | https://query2.finance.yahoo.com:443 "GET /v1/finance/search?q=SNDK&quotesCount=0&newsCount=50&enableFuzzyQuery=false HTTP/1.1" 403 3369
2026-08-17 12:39:39 | DEBUG    | urllib3.connectionpool:291 | Resetting dropped connection: query1.finance.yahoo.com
2026-08-17 12:39:41 | DEBUG    | urllib3.connectionpool:475 | https://query1.finance.yahoo.com:443 "GET /v1/finance/search?q=INTEL&quotesCount=0&newsCount=50&enableFuzzyQuery=false HTTP/1.1" 403 3369
2026-08-17 12:39:41 | DEBUG    | urllib3.connectionpool:291 | Resetting dropped connection: query2.finance.yahoo.com
2026-08-17 12:39:43 | DEBUG    | urllib3.connectionpool:475 | https://query2.finance.yahoo.com:443 "GET /v1/finance/search?q=INTEL&quotesCount=0&newsCount=50&enableFuzzyQuery=false HTTP/1.1" 403 3369
2026-08-17 12:39:43 | DEBUG    | urllib3.connectionpool:291 | Resetting dropped connection: query1.finance.yahoo.com
2026-08-17 12:39:47 | DEBUG    | urllib3.connectionpool:475 | https://query1.finance.yahoo.com:443 "GET /v1/finance/search?q=INTC&quotesCount=0&newsCount=50&enableFuzzyQuery=false HTTP/1.1" 403 3369
2026-08-17 12:39:47 | DEBUG    | urllib3.connectionpool:291 | Resetting dropped connection: query2.finance.yahoo.com
2026-08-17 12:39:50 | DEBUG    | urllib3.connectionpool:475 | https://query2.finance.yahoo.com:443 "GET /v1/finance/search?q=INTC&quotesCount=0&newsCount=50&enableFuzzyQuery=false HTTP/1.1" 403 3369
2026-08-17 12:39:50 | DEBUG    | urllib3.connectionpool:291 | Resetting dropped connection: finance.yahoo.com
2026-08-17 12:39:53 | DEBUG    | urllib3.connectionpool:475 | https://finance.yahoo.com:443 "POST /xhr/ncp?queryRef=latestNews&serviceKey=ncp_fin HTTP/1.1" 403 3369
2026-08-17 12:39:53 | DEBUG    | urllib3.connectionpool:1022 | Starting new HTTPS connection (1): feeds.finance.yahoo.com:443
2026-08-17 12:39:57 | DEBUG    | urllib3.connectionpool:475 | https://feeds.finance.yahoo.com:443 "GET /rss/2.0/headline?s=NVIDIA&region=US&lang=en-US HTTP/1.1" 200 394
2026-08-17 12:39:58 | DEBUG    | urllib3.connectionpool:475 | https://feeds.finance.yahoo.com:443 "GET /rss/2.0/headline?s=NVDA&region=US&lang=en-US HTTP/1.1" 200 3399
2026-08-17 12:39:59 | DEBUG    | urllib3.connectionpool:475 | https://feeds.finance.yahoo.com:443 "GET /rss/2.0/headline?s=MICRON&region=US&lang=en-US HTTP/1.1" 200 394
2026-08-17 12:39:59 | DEBUG    | urllib3.connectionpool:475 | https://feeds.finance.yahoo.com:443 "GET /rss/2.0/headline?s=MU&region=US&lang=en-US HTTP/1.1" 200 2998
2026-08-17 12:40:00 | DEBUG    | backpack_quant_trading.core.stock_news_feeds:795 | [雅虎财经] 直连 Search 获取 25 条
2026-08-17 12:40:00 | INFO     | stock_news_alert:555 | 轮询完成 @ 2026-08-17 04:38:45 | 拉取 210 条 (金十数据=15, 同花顺=20, 东方财富=80, 新浪财经=30, 富途牛牛=40, 雅虎财经=25) | 已推送过 0 | 非最新 0 | 未命中关键词 198 | 非重要快讯 12 | 内容相似去重 0 | 新命中 0 | 待推送 0 | 雅虎搜索词: NVIDIA, NVDA, MICRON, MU, SanDisk, SNDK, INTEL, INTC
2026-08-17 12:40:04 | WARNING  | backpack_quant_trading.core.binance_monitor:143 | 币安行情 curl 兜底失败: Command '['curl', '-fsSL', '--max-time', '15', '-A', 'Mozilla/5.0', '-x', 'http://127.0.0.1:7891', 'https://fapi.binance.com/fapi/v1/klines?symbol=BTCUSDT&interval=1m&limit=2']' returned non-zero exit status 7.
2026-08-17 12:40:04 | DEBUG    | asyncio:631 | Using proactor: IocpProactor
2026-08-17 12:40:06 | WARNING  | backpack_quant_trading.core.binance_monitor:147 | 币安行情 aiohttp 兜底失败: Cannot connect to host 127.0.0.1:7891 ssl:False [远程计算机拒绝网络连接。]
2026-08-17 12:40:06 | DEBUG    | urllib3.connectionpool:1022 | Starting new HTTPS connection (1): fapi.binance.com:443
2026-08-17 12:40:08 | ERROR    | backpack_quant_trading.core.binance_monitor:344 | 获取币安K线失败 futures BTCUSDT 1m: HTTPSConnectionPool(host='fapi.binance.com', port=443): Max retries exceeded with url: /fapi/v1/klines?symbol=BTCUSDT&interval=1m&limit=2 (Caused by ProxyError('Cannot connect to proxy.', NewConnectionError('<urllib3.connection.HTTPSConnection object at 0x000001435A4D5810>: Failed to establish a new connection: [WinError 10061] 由于目标计算机积极拒绝，无法连接。')))
2026-08-17 12:40:12 | WARNING  | backpack_quant_trading.core.binance_monitor:143 | 币安行情 curl 兜底失败: Command '['curl', '-fsSL', '--max-time', '10', '-A', 'Mozilla/5.0', '-x', 'http://127.0.0.1:7891', 'https://fapi.binance.com/fapi/v1/depth?symbol=BTCUSDT&limit=50']' returned non-zero exit status 7.
2026-08-17 12:40:12 | DEBUG    | asyncio:631 | Using proactor: IocpProactor
2026-08-17 12:40:14 | WARNING  | backpack_quant_trading.core.binance_monitor:147 | 币安行情 aiohttp 兜底失败: Cannot connect to host 127.0.0.1:7891 ssl:False [远程计算机拒绝网络连接。]
2026-08-17 12:40:14 | DEBUG    | urllib3.connectionpool:1022 | Starting new HTTPS connection (1): fapi.binance.com:443
2026-08-17 12:40:16 | ERROR    | backpack_quant_trading.core.binance_monitor:364 | 获取币安深度失败 futures BTCUSDT: HTTPSConnectionPool(host='fapi.binance.com', port=443): Max retries exceeded with url: /fapi/v1/depth?symbol=BTCUSDT&limit=50 (Caused by ProxyError('Cannot connect to proxy.', NewConnectionError('<urllib3.connection.HTTPSConnection object at 0x000001435A4D65D0>: Failed to establish a new connection: [WinError 10061] 由于目标计算机积极拒绝，无法连接。')))
2026-08-17 12:40:30 | DEBUG    | urllib3.connectionpool:1022 | Starting new HTTPS connection (1): flash-api.jin10.com:443
2026-08-17 12:40:31 | DEBUG    | urllib3.connectionpool:475 | https://flash-api.jin10.com:443 "GET /get_flash_list?channel=-8200&vip=1 HTTP/1.1" 200 None
2026-08-17 12:40:31 | DEBUG    | urllib3.connectionpool:1022 | Starting new HTTPS connection (1): news.10jqka.com.cn:443
2026-08-17 12:40:31 | DEBUG    | urllib3.connectionpool:475 | https://news.10jqka.com.cn:443 "GET /tapp/news/push/stock?page=1&tag=&track=website HTTP/1.1" 200 None
2026-08-17 12:40:31 | DEBUG    | urllib3.connectionpool:1022 | Starting new HTTPS connection (1): np-weblist.eastmoney.com:443
2026-08-17 12:40:32 | DEBUG    | urllib3.connectionpool:475 | https://np-weblist.eastmoney.com:443 "GET /comm/web/getFastNewsList?client=web&biz=web_724&fastColumn=102&sortEnd=&pageSize=80&req_trace=1710315450384 HTTP/1.1" 200 None
2026-08-17 12:40:32 | DEBUG    | urllib3.connectionpool:1022 | Starting new HTTPS connection (1): zhibo.sina.com.cn:443
2026-08-17 12:40:33 | DEBUG    | urllib3.connectionpool:475 | https://zhibo.sina.com.cn:443 "GET /api/zhibo/feed?page=1&page_size=30&zhibo_id=152&tag_id=0&dire=f&dpc=1&pagesize=30&type=1 HTTP/1.1" 200 None
2026-08-17 12:40:33 | DEBUG    | urllib3.connectionpool:1022 | Starting new HTTPS connection (1): news.futunn.com:443
2026-08-17 12:40:34 | DEBUG    | urllib3.connectionpool:475 | https://news.futunn.com:443 "GET /news-site-api/main/get-flash-list?pageSize=40 HTTP/1.1" 200 67448
2026-08-17 12:40:34 | DEBUG    | urllib3.connectionpool:1022 | Starting new HTTPS connection (1): finance.yahoo.com:443
2026-08-17 12:40:36 | DEBUG    | urllib3.connectionpool:475 | https://finance.yahoo.com:443 "GET / HTTP/1.1" 403 3369
2026-08-17 12:40:36 | DEBUG    | urllib3.connectionpool:1022 | Starting new HTTPS connection (1): query1.finance.yahoo.com:443
2026-08-17 12:40:38 | DEBUG    | urllib3.connectionpool:475 | https://query1.finance.yahoo.com:443 "GET /v1/finance/search?q=NVIDIA&quotesCount=0&newsCount=50&enableFuzzyQuery=false HTTP/1.1" 403 3369
2026-08-17 12:40:40 | DEBUG    | urllib3.connectionpool:1022 | Starting new HTTPS connection (1): query2.finance.yahoo.com:443
2026-08-17 12:40:43 | DEBUG    | urllib3.connectionpool:475 | https://query2.finance.yahoo.com:443 "GET /v1/finance/search?q=NVIDIA&quotesCount=0&newsCount=50&enableFuzzyQuery=false HTTP/1.1" 403 3369
2026-08-17 12:40:43 | DEBUG    | urllib3.connectionpool:291 | Resetting dropped connection: query1.finance.yahoo.com
2026-08-17 12:40:48 | DEBUG    | urllib3.connectionpool:475 | https://query1.finance.yahoo.com:443 "GET /v1/finance/search?q=NVDA&quotesCount=0&newsCount=50&enableFuzzyQuery=false HTTP/1.1" 403 3369
2026-08-17 12:40:48 | DEBUG    | urllib3.connectionpool:291 | Resetting dropped connection: query2.finance.yahoo.com
2026-08-17 12:40:54 | DEBUG    | urllib3.connectionpool:475 | https://query2.finance.yahoo.com:443 "GET /v1/finance/search?q=NVDA&quotesCount=0&newsCount=50&enableFuzzyQuery=false HTTP/1.1" 403 3369
2026-08-17 12:40:55 | DEBUG    | urllib3.connectionpool:291 | Resetting dropped connection: query1.finance.yahoo.com
2026-08-17 12:40:57 | DEBUG    | urllib3.connectionpool:475 | https://query1.finance.yahoo.com:443 "GET /v1/finance/search?q=MICRON&quotesCount=0&newsCount=50&enableFuzzyQuery=false HTTP/1.1" 403 3369
2026-08-17 12:40:57 | DEBUG    | urllib3.connectionpool:291 | Resetting dropped connection: query2.finance.yahoo.com
2026-08-17 12:40:59 | DEBUG    | urllib3.connectionpool:475 | https://query2.finance.yahoo.com:443 "GET /v1/finance/search?q=MICRON&quotesCount=0&newsCount=50&enableFuzzyQuery=false HTTP/1.1" 403 3369
2026-08-17 12:40:59 | DEBUG    | urllib3.connectionpool:291 | Resetting dropped connection: query1.finance.yahoo.com
2026-08-17 12:41:04 | DEBUG    | urllib3.connectionpool:291 | Resetting dropped connection: query2.finance.yahoo.com
2026-08-17 12:41:04 | WARNING  | backpack_quant_trading.core.binance_monitor:143 | 币安行情 curl 兜底失败: Command '['curl', '-fsSL', '--max-time', '15', '-A', 'Mozilla/5.0', '-x', 'http://127.0.0.1:7891', 'https://fapi.binance.com/fapi/v1/klines?symbol=BTCUSDT&interval=1m&limit=2']' returned non-zero exit status 7.
2026-08-17 12:41:04 | DEBUG    | asyncio:631 | Using proactor: IocpProactor
2026-08-17 12:41:06 | DEBUG    | urllib3.connectionpool:475 | https://query2.finance.yahoo.com:443 "GET /v1/finance/search?q=MU&quotesCount=0&newsCount=50&enableFuzzyQuery=false HTTP/1.1" 403 3369
2026-08-17 12:41:06 | DEBUG    | urllib3.connectionpool:1022 | Starting new HTTPS connection (2): query1.finance.yahoo.com:443
2026-08-17 12:41:06 | WARNING  | backpack_quant_trading.core.binance_monitor:147 | 币安行情 aiohttp 兜底失败: Cannot connect to host 127.0.0.1:7891 ssl:False [远程计算机拒绝网络连接。]
2026-08-17 12:41:06 | DEBUG    | urllib3.connectionpool:1022 | Starting new HTTPS connection (1): fapi.binance.com:443
2026-08-17 12:41:08 | DEBUG    | urllib3.connectionpool:475 | https://query1.finance.yahoo.com:443 "GET /v1/finance/search?q=SanDisk&quotesCount=0&newsCount=50&enableFuzzyQuery=false HTTP/1.1" 403 3369
2026-08-17 12:41:08 | DEBUG    | urllib3.connectionpool:291 | Resetting dropped connection: query2.finance.yahoo.com
2026-08-17 12:41:08 | ERROR    | backpack_quant_trading.core.binance_monitor:344 | 获取币安K线失败 futures BTCUSDT 1m: HTTPSConnectionPool(host='fapi.binance.com', port=443): Max retries exceeded with url: /fapi/v1/klines?symbol=BTCUSDT&interval=1m&limit=2 (Caused by ProxyError('Cannot connect to proxy.', NewConnectionError('<urllib3.connection.HTTPSConnection object at 0x000001435A4D51D0>: Failed to establish a new connection: [WinError 10061] 由于目标计算机积极拒绝，无法连接。')))
2026-08-17 12:41:10 | DEBUG    | urllib3.connectionpool:475 | https://query2.finance.yahoo.com:443 "GET /v1/finance/search?q=SanDisk&quotesCount=0&newsCount=50&enableFuzzyQuery=false HTTP/1.1" 403 3369
2026-08-17 12:41:13 | WARNING  | backpack_quant_trading.core.binance_monitor:143 | 币安行情 curl 兜底失败: Command '['curl', '-fsSL', '--max-time', '10', '-A', 'Mozilla/5.0', '-x', 'http://127.0.0.1:7891', 'https://fapi.binance.com/fapi/v1/depth?symbol=BTCUSDT&limit=50']' returned non-zero exit status 7.
2026-08-17 12:41:13 | DEBUG    | asyncio:631 | Using proactor: IocpProactor
2026-08-17 12:41:13 | DEBUG    | urllib3.connectionpool:291 | Resetting dropped connection: query1.finance.yahoo.com
2026-08-17 12:41:15 | WARNING  | backpack_quant_trading.core.binance_monitor:147 | 币安行情 aiohttp 兜底失败: Cannot connect to host 127.0.0.1:7891 ssl:False [远程计算机拒绝网络连接。]
2026-08-17 12:41:15 | DEBUG    | urllib3.connectionpool:1022 | Starting new HTTPS connection (1): fapi.binance.com:443
2026-08-17 12:41:15 | DEBUG    | urllib3.connectionpool:475 | https://query1.finance.yahoo.com:443 "GET /v1/finance/search?q=SNDK&quotesCount=0&newsCount=50&enableFuzzyQuery=false HTTP/1.1" 403 3369
2026-08-17 12:41:15 | DEBUG    | urllib3.connectionpool:291 | Resetting dropped connection: query2.finance.yahoo.com
2026-08-17 12:41:17 | ERROR    | backpack_quant_trading.core.binance_monitor:364 | 获取币安深度失败 futures BTCUSDT: HTTPSConnectionPool(host='fapi.binance.com', port=443): Max retries exceeded with url: /fapi/v1/depth?symbol=BTCUSDT&limit=50 (Caused by ProxyError('Cannot connect to proxy.', NewConnectionError('<urllib3.connection.HTTPSConnection object at 0x000001435A4D6350>: Failed to establish a new connection: [WinError 10061] 由于目标计算机积极拒绝，无法连接。')))
2026-08-17 12:41:17 | DEBUG    | urllib3.connectionpool:475 | https://query2.finance.yahoo.com:443 "GET /v1/finance/search?q=SNDK&quotesCount=0&newsCount=50&enableFuzzyQuery=false HTTP/1.1" 403 3369
2026-08-17 12:41:17 | DEBUG    | urllib3.connectionpool:291 | Resetting dropped connection: query1.finance.yahoo.com
2026-08-17 12:41:19 | DEBUG    | urllib3.connectionpool:475 | https://query1.finance.yahoo.com:443 "GET /v1/finance/search?q=INTEL&quotesCount=0&newsCount=50&enableFuzzyQuery=false HTTP/1.1" 403 3369
2026-08-17 12:41:19 | DEBUG    | urllib3.connectionpool:291 | Resetting dropped connection: query2.finance.yahoo.com
2026-08-17 12:41:21 | DEBUG    | urllib3.connectionpool:475 | https://query2.finance.yahoo.com:443 "GET /v1/finance/search?q=INTEL&quotesCount=0&newsCount=50&enableFuzzyQuery=false HTTP/1.1" 403 3369
2026-08-17 12:41:21 | DEBUG    | urllib3.connectionpool:291 | Resetting dropped connection: query1.finance.yahoo.com
2026-08-17 12:41:23 | DEBUG    | urllib3.connectionpool:475 | https://query1.finance.yahoo.com:443 "GET /v1/finance/search?q=INTC&quotesCount=0&newsCount=50&enableFuzzyQuery=false HTTP/1.1" 403 3369
2026-08-17 12:41:23 | DEBUG    | urllib3.connectionpool:291 | Resetting dropped connection: query2.finance.yahoo.com
2026-08-17 12:41:24 | DEBUG    | urllib3.connectionpool:475 | https://query2.finance.yahoo.com:443 "GET /v1/finance/search?q=INTC&quotesCount=0&newsCount=50&enableFuzzyQuery=false HTTP/1.1" 403 3369
2026-08-17 12:41:24 | DEBUG    | urllib3.connectionpool:291 | Resetting dropped connection: finance.yahoo.com
2026-08-17 12:41:26 | DEBUG    | urllib3.connectionpool:475 | https://finance.yahoo.com:443 "POST /xhr/ncp?queryRef=latestNews&serviceKey=ncp_fin HTTP/1.1" 403 3369
2026-08-17 12:41:26 | DEBUG    | urllib3.connectionpool:1022 | Starting new HTTPS connection (1): feeds.finance.yahoo.com:443
2026-08-17 12:41:27 | DEBUG    | urllib3.connectionpool:1022 | Starting new HTTPS connection (1): api.hyperliquid.xyz:443
2026-08-17 12:41:28 | DEBUG    | urllib3.connectionpool:475 | https://feeds.finance.yahoo.com:443 "GET /rss/2.0/headline?s=NVIDIA&region=US&lang=en-US HTTP/1.1" 200 394
2026-08-17 12:41:29 | DEBUG    | urllib3.connectionpool:475 | https://feeds.finance.yahoo.com:443 "GET /rss/2.0/headline?s=NVDA&region=US&lang=en-US HTTP/1.1" 200 3399
2026-08-17 12:41:29 | ERROR    | backpack_quant_trading.core.hyperliquid_klines:225 | HL metaAndAssetCtxs 失败: HTTPSConnectionPool(host='api.hyperliquid.xyz', port=443): Max retries exceeded with url: /info (Caused by ProxyError('Cannot connect to proxy.', NewConnectionError('<urllib3.connection.HTTPSConnection object at 0x000001435A4D6E90>: Failed to establish a new connection: [WinError 10061] 由于目标计算机积极拒绝，无法连接。')))
2026-08-17 12:41:29 | INFO     | kline_scheduler:424 | [上涨扫描] 定时完成: 2026-08-17 04:41:29 UTC · 通过 0 个 · 耗时 2.1s
2026-08-17 12:41:29 | INFO     | kline_scheduler:434 | [上涨扫描] 下次扫描约 1.0h 后
2026-08-17 12:41:29 | DEBUG    | urllib3.connectionpool:475 | https://feeds.finance.yahoo.com:443 "GET /rss/2.0/headline?s=MICRON&region=US&lang=en-US HTTP/1.1" 200 394
2026-08-17 12:41:31 | DEBUG    | urllib3.connectionpool:475 | https://feeds.finance.yahoo.com:443 "GET /rss/2.0/headline?s=MU&region=US&lang=en-US HTTP/1.1" 200 2998
2026-08-17 12:41:31 | DEBUG    | backpack_quant_trading.core.stock_news_feeds:795 | [雅虎财经] 直连 Search 获取 25 条
2026-08-17 12:41:31 | INFO     | stock_news_alert:555 | 轮询完成 @ 2026-08-17 04:40:30 | 拉取 210 条 (金十数据=15, 同花顺=20, 东方财富=80, 新浪财经=30, 富途牛牛=40, 雅虎财经=25) | 已推送过 0 | 非最新 0 | 未命中关键词 198 | 非重要快讯 12 | 内容相似去重 0 | 新命中 0 | 待推送 0 | 雅虎搜索词: NVIDIA, NVDA, MICRON, MU, SanDisk, SNDK, INTEL, INTC
2026-08-17 12:42:01 | DEBUG    | urllib3.connectionpool:1022 | Starting new HTTPS connection (1): flash-api.jin10.com:443
2026-08-17 12:42:02 | DEBUG    | urllib3.connectionpool:475 | https://flash-api.jin10.com:443 "GET /get_flash_list?channel=-8200&vip=1 HTTP/1.1" 200 None
2026-08-17 12:42:02 | DEBUG    | urllib3.connectionpool:1022 | Starting new HTTPS connection (1): news.10jqka.com.cn:443
2026-08-17 12:42:02 | DEBUG    | urllib3.connectionpool:475 | https://news.10jqka.com.cn:443 "GET /tapp/news/push/stock?page=1&tag=&track=website HTTP/1.1" 200 None
2026-08-17 12:42:02 | DEBUG    | urllib3.connectionpool:1022 | Starting new HTTPS connection (1): np-weblist.eastmoney.com:443
2026-08-17 12:42:03 | DEBUG    | urllib3.connectionpool:475 | https://np-weblist.eastmoney.com:443 "GET /comm/web/getFastNewsList?client=web&biz=web_724&fastColumn=102&sortEnd=&pageSize=80&req_trace=1710315450384 HTTP/1.1" 200 None
2026-08-17 12:42:03 | DEBUG    | urllib3.connectionpool:1022 | Starting new HTTPS connection (1): zhibo.sina.com.cn:443
2026-08-17 12:42:04 | DEBUG    | urllib3.connectionpool:475 | https://zhibo.sina.com.cn:443 "GET /api/zhibo/feed?page=1&page_size=30&zhibo_id=152&tag_id=0&dire=f&dpc=1&pagesize=30&type=1 HTTP/1.1" 200 None
2026-08-17 12:42:04 | DEBUG    | urllib3.connectionpool:1022 | Starting new HTTPS connection (1): news.futunn.com:443
2026-08-17 12:42:05 | DEBUG    | urllib3.connectionpool:475 | https://news.futunn.com:443 "GET /news-site-api/main/get-flash-list?pageSize=40 HTTP/1.1" 200 67448
2026-08-17 12:42:05 | DEBUG    | urllib3.connectionpool:1022 | Starting new HTTPS connection (1): finance.yahoo.com:443
2026-08-17 12:42:06 | WARNING  | backpack_quant_trading.core.binance_monitor:143 | 币安行情 curl 兜底失败: Command '['curl', '-fsSL', '--max-time', '15', '-A', 'Mozilla/5.0', '-x', 'http://127.0.0.1:7891', 'https://fapi.binance.com/fapi/v1/klines?symbol=BTCUSDT&interval=1m&limit=2']' returned non-zero exit status 7.
2026-08-17 12:42:06 | DEBUG    | asyncio:631 | Using proactor: IocpProactor
2026-08-17 12:42:06 | DEBUG    | urllib3.connectionpool:475 | https://finance.yahoo.com:443 "GET / HTTP/1.1" 403 3369
2026-08-17 12:42:08 | WARNING  | backpack_quant_trading.core.binance_monitor:147 | 币安行情 aiohttp 兜底失败: Cannot connect to host 127.0.0.1:7891 ssl:False [远程计算机拒绝网络连接。]
2026-08-17 12:42:08 | DEBUG    | urllib3.connectionpool:1022 | Starting new HTTPS connection (1): fapi.binance.com:443
2026-08-17 12:42:10 | ERROR    | backpack_quant_trading.core.binance_monitor:344 | 获取币安K线失败 futures BTCUSDT 1m: HTTPSConnectionPool(host='fapi.binance.com', port=443): Max retries exceeded with url: /fapi/v1/klines?symbol=BTCUSDT&interval=1m&limit=2 (Caused by ProxyError('Cannot connect to proxy.', NewConnectionError('<urllib3.connection.HTTPSConnection object at 0x000001435A4D51D0>: Failed to establish a new connection: [WinError 10061] 由于目标计算机积极拒绝，无法连接。')))
2026-08-17 12:42:10 | DEBUG    | urllib3.connectionpool:1022 | Starting new HTTPS connection (1): query1.finance.yahoo.com:443
2026-08-17 12:42:12 | DEBUG    | urllib3.connectionpool:475 | https://query1.finance.yahoo.com:443 "GET /v1/finance/search?q=NVIDIA&quotesCount=0&newsCount=50&enableFuzzyQuery=false HTTP/1.1" 403 3369
2026-08-17 12:42:12 | DEBUG    | urllib3.connectionpool:1022 | Starting new HTTPS connection (1): query2.finance.yahoo.com:443
2026-08-17 12:42:15 | DEBUG    | urllib3.connectionpool:475 | https://query2.finance.yahoo.com:443 "GET /v1/finance/search?q=NVIDIA&quotesCount=0&newsCount=50&enableFuzzyQuery=false HTTP/1.1" 403 3369
2026-08-17 12:42:15 | WARNING  | backpack_quant_trading.core.binance_monitor:143 | 币安行情 curl 兜底失败: Command '['curl', '-fsSL', '--max-time', '10', '-A', 'Mozilla/5.0', '-x', 'http://127.0.0.1:7891', 'https://fapi.binance.com/fapi/v1/depth?symbol=BTCUSDT&limit=50']' returned non-zero exit status 7.
2026-08-17 12:42:15 | DEBUG    | asyncio:631 | Using proactor: IocpProactor
2026-08-17 12:42:17 | WARNING  | backpack_quant_trading.core.binance_monitor:147 | 币安行情 aiohttp 兜底失败: Cannot connect to host 127.0.0.1:7891 ssl:False [远程计算机拒绝网络连接。]
2026-08-17 12:42:17 | DEBUG    | urllib3.connectionpool:1022 | Starting new HTTPS connection (1): fapi.binance.com:443
2026-08-17 12:42:17 | DEBUG    | urllib3.connectionpool:291 | Resetting dropped connection: query1.finance.yahoo.com
2026-08-17 12:42:19 | DEBUG    | urllib3.connectionpool:475 | https://query1.finance.yahoo.com:443 "GET /v1/finance/search?q=NVDA&quotesCount=0&newsCount=50&enableFuzzyQuery=false HTTP/1.1" 403 3369
2026-08-17 12:42:19 | DEBUG    | urllib3.connectionpool:291 | Resetting dropped connection: query2.finance.yahoo.com
2026-08-17 12:42:19 | ERROR    | backpack_quant_trading.core.binance_monitor:364 | 获取币安深度失败 futures BTCUSDT: HTTPSConnectionPool(host='fapi.binance.com', port=443): Max retries exceeded with url: /fapi/v1/depth?symbol=BTCUSDT&limit=50 (Caused by ProxyError('Cannot connect to proxy.', NewConnectionError('<urllib3.connection.HTTPSConnection object at 0x000001435A4D5E50>: Failed to establish a new connection: [WinError 10061] 由于目标计算机积极拒绝，无法连接。')))
2026-08-17 12:42:21 | DEBUG    | urllib3.connectionpool:475 | https://query2.finance.yahoo.com:443 "GET /v1/finance/search?q=NVDA&quotesCount=0&newsCount=50&enableFuzzyQuery=false HTTP/1.1" 403 3369
2026-08-17 12:42:22 | DEBUG    | urllib3.connectionpool:291 | Resetting dropped connection: query1.finance.yahoo.com
2026-08-17 12:42:30 | DEBUG    | urllib3.connectionpool:475 | https://query1.finance.yahoo.com:443 "GET /v1/finance/search?q=MICRON&quotesCount=0&newsCount=50&enableFuzzyQuery=false HTTP/1.1" 403 3369
2026-08-17 12:42:31 | DEBUG    | urllib3.connectionpool:291 | Resetting dropped connection: query2.finance.yahoo.com
2026-08-17 12:42:40 | DEBUG    | urllib3.connectionpool:475 | https://query2.finance.yahoo.com:443 "GET /v1/finance/search?q=MICRON&quotesCount=0&newsCount=50&enableFuzzyQuery=false HTTP/1.1" 403 3369
2026-08-17 12:42:40 | DEBUG    | urllib3.connectionpool:291 | Resetting dropped connection: query1.finance.yahoo.com
2026-08-17 12:42:42 | DEBUG    | urllib3.connectionpool:475 | https://query1.finance.yahoo.com:443 "GET /v1/finance/search?q=MU&quotesCount=0&newsCount=50&enableFuzzyQuery=false HTTP/1.1" 403 3369
2026-08-17 12:42:42 | DEBUG    | urllib3.connectionpool:291 | Resetting dropped connection: query2.finance.yahoo.com
2026-08-17 12:42:43 | DEBUG    | urllib3.connectionpool:475 | https://query2.finance.yahoo.com:443 "GET /v1/finance/search?q=MU&quotesCount=0&newsCount=50&enableFuzzyQuery=false HTTP/1.1" 403 3369
2026-08-17 12:42:43 | DEBUG    | urllib3.connectionpool:291 | Resetting dropped connection: query1.finance.yahoo.com
2026-08-17 12:42:49 | DEBUG    | urllib3.connectionpool:291 | Resetting dropped connection: query2.finance.yahoo.com
2026-08-17 12:42:54 | DEBUG    | urllib3.connectionpool:475 | https://query2.finance.yahoo.com:443 "GET /v1/finance/search?q=SanDisk&quotesCount=0&newsCount=50&enableFuzzyQuery=false HTTP/1.1" 403 3369
2026-08-17 12:42:54 | DEBUG    | urllib3.connectionpool:1022 | Starting new HTTPS connection (2): query1.finance.yahoo.com:443
2026-08-17 12:42:56 | DEBUG    | urllib3.connectionpool:475 | https://query1.finance.yahoo.com:443 "GET /v1/finance/search?q=SNDK&quotesCount=0&newsCount=50&enableFuzzyQuery=false HTTP/1.1" 403 3369
2026-08-17 12:42:56 | DEBUG    | urllib3.connectionpool:291 | Resetting dropped connection: query2.finance.yahoo.com
2026-08-17 12:42:58 | DEBUG    | urllib3.connectionpool:475 | https://query2.finance.yahoo.com:443 "GET /v1/finance/search?q=SNDK&quotesCount=0&newsCount=50&enableFuzzyQuery=false HTTP/1.1" 403 3369
2026-08-17 12:42:58 | DEBUG    | urllib3.connectionpool:291 | Resetting dropped connection: query1.finance.yahoo.com
2026-08-17 12:43:00 | DEBUG    | urllib3.connectionpool:475 | https://query1.finance.yahoo.com:443 "GET /v1/finance/search?q=INTEL&quotesCount=0&newsCount=50&enableFuzzyQuery=false HTTP/1.1" 403 3369
2026-08-17 12:43:00 | DEBUG    | urllib3.connectionpool:291 | Resetting dropped connection: query2.finance.yahoo.com
2026-08-17 12:43:03 | DEBUG    | urllib3.connectionpool:475 | https://query2.finance.yahoo.com:443 "GET /v1/finance/search?q=INTEL&quotesCount=0&newsCount=50&enableFuzzyQuery=false HTTP/1.1" 403 3369
2026-08-17 12:43:03 | DEBUG    | urllib3.connectionpool:291 | Resetting dropped connection: query1.finance.yahoo.com
2026-08-17 12:43:04 | WARNING  | backpack_quant_trading.core.binance_monitor:143 | 币安行情 curl 兜底失败: Command '['curl', '-fsSL', '--max-time', '15', '-A', 'Mozilla/5.0', '-x', 'http://127.0.0.1:7891', 'https://fapi.binance.com/fapi/v1/klines?symbol=BTCUSDT&interval=1m&limit=2']' returned non-zero exit status 7.
2026-08-17 12:43:04 | DEBUG    | asyncio:631 | Using proactor: IocpProactor
2026-08-17 12:43:06 | DEBUG    | urllib3.connectionpool:475 | https://query1.finance.yahoo.com:443 "GET /v1/finance/search?q=INTC&quotesCount=0&newsCount=50&enableFuzzyQuery=false HTTP/1.1" 403 3369
2026-08-17 12:43:06 | WARNING  | backpack_quant_trading.core.binance_monitor:147 | 币安行情 aiohttp 兜底失败: Cannot connect to host 127.0.0.1:7891 ssl:False [远程计算机拒绝网络连接。]
2026-08-17 12:43:06 | DEBUG    | urllib3.connectionpool:1022 | Starting new HTTPS connection (1): fapi.binance.com:443
2026-08-17 12:43:06 | DEBUG    | urllib3.connectionpool:291 | Resetting dropped connection: query2.finance.yahoo.com
2026-08-17 12:43:08 | ERROR    | backpack_quant_trading.core.binance_monitor:344 | 获取币安K线失败 futures BTCUSDT 1m: HTTPSConnectionPool(host='fapi.binance.com', port=443): Max retries exceeded with url: /fapi/v1/klines?symbol=BTCUSDT&interval=1m&limit=2 (Caused by ProxyError('Cannot connect to proxy.', NewConnectionError('<urllib3.connection.HTTPSConnection object at 0x000001435A4D5810>: Failed to establish a new connection: [WinError 10061] 由于目标计算机积极拒绝，无法连接。')))
2026-08-17 12:43:08 | DEBUG    | urllib3.connectionpool:475 | https://query2.finance.yahoo.com:443 "GET /v1/finance/search?q=INTC&quotesCount=0&newsCount=50&enableFuzzyQuery=false HTTP/1.1" 403 3369
2026-08-17 12:43:08 | DEBUG    | urllib3.connectionpool:291 | Resetting dropped connection: finance.yahoo.com
2026-08-17 12:43:10 | DEBUG    | urllib3.connectionpool:475 | https://finance.yahoo.com:443 "POST /xhr/ncp?queryRef=latestNews&serviceKey=ncp_fin HTTP/1.1" 403 3369
2026-08-17 12:43:10 | DEBUG    | urllib3.connectionpool:1022 | Starting new HTTPS connection (1): feeds.finance.yahoo.com:443
2026-08-17 12:43:12 | DEBUG    | urllib3.connectionpool:475 | https://feeds.finance.yahoo.com:443 "GET /rss/2.0/headline?s=NVIDIA&region=US&lang=en-US HTTP/1.1" 200 394
2026-08-17 12:43:12 | WARNING  | backpack_quant_trading.core.binance_monitor:143 | 币安行情 curl 兜底失败: Command '['curl', '-fsSL', '--max-time', '10', '-A', 'Mozilla/5.0', '-x', 'http://127.0.0.1:7891', 'https://fapi.binance.com/fapi/v1/depth?symbol=BTCUSDT&limit=50']' returned non-zero exit status 7.
2026-08-17 12:43:12 | DEBUG    | asyncio:631 | Using proactor: IocpProactor
2026-08-17 12:43:13 | DEBUG    | urllib3.connectionpool:475 | https://feeds.finance.yahoo.com:443 "GET /rss/2.0/headline?s=NVDA&region=US&lang=en-US HTTP/1.1" 200 3398
2026-08-17 12:43:14 | DEBUG    | urllib3.connectionpool:475 | https://feeds.finance.yahoo.com:443 "GET /rss/2.0/headline?s=MICRON&region=US&lang=en-US HTTP/1.1" 200 394
2026-08-17 12:43:14 | WARNING  | backpack_quant_trading.core.binance_monitor:147 | 币安行情 aiohttp 兜底失败: Cannot connect to host 127.0.0.1:7891 ssl:False [远程计算机拒绝网络连接。]
2026-08-17 12:43:14 | DEBUG    | urllib3.connectionpool:1022 | Starting new HTTPS connection (1): fapi.binance.com:443
2026-08-17 12:43:14 | DEBUG    | urllib3.connectionpool:475 | https://feeds.finance.yahoo.com:443 "GET /rss/2.0/headline?s=MU&region=US&lang=en-US HTTP/1.1" 200 2996
2026-08-17 12:43:15 | DEBUG    | backpack_quant_trading.core.stock_news_feeds:795 | [雅虎财经] 直连 Search 获取 25 条
2026-08-17 12:43:15 | INFO     | stock_news_alert:555 | 轮询完成 @ 2026-08-17 04:42:01 | 拉取 210 条 (金十数据=15, 同花顺=20, 东方财富=80, 新浪财经=30, 富途牛牛=40, 雅虎财经=25) | 已推送过 0 | 非最新 0 | 未命中关键词 199 | 非重要快讯 11 | 内容相似去重 0 | 新命中 0 | 待推送 0 | 雅虎搜索词: NVIDIA, NVDA, MICRON, MU, SanDisk, SNDK, INTEL, INTC
2026-08-17 12:43:16 | ERROR    | backpack_quant_trading.core.binance_monitor:364 | 获取币安深度失败 futures BTCUSDT: HTTPSConnectionPool(host='fapi.binance.com', port=443): Max retries exceeded with url: /fapi/v1/depth?symbol=BTCUSDT&limit=50 (Caused by ProxyError('Cannot connect to proxy.', NewConnectionError('<urllib3.connection.HTTPSConnection object at 0x000001435A4D5090>: Failed to establish a new connection: [WinError 10061] 由于目标计算机积极拒绝，无法连接。')))
2026-08-17 12:43:45 | DEBUG    | urllib3.connectionpool:1022 | Starting new HTTPS connection (1): flash-api.jin10.com:443
2026-08-17 12:43:46 | DEBUG    | urllib3.connectionpool:475 | https://flash-api.jin10.com:443 "GET /get_flash_list?channel=-8200&vip=1 HTTP/1.1" 200 None
2026-08-17 12:43:46 | DEBUG    | urllib3.connectionpool:1022 | Starting new HTTPS connection (1): news.10jqka.com.cn:443
2026-08-17 12:43:46 | DEBUG    | urllib3.connectionpool:475 | https://news.10jqka.com.cn:443 "GET /tapp/news/push/stock?page=1&tag=&track=website HTTP/1.1" 200 None
2026-08-17 12:43:46 | DEBUG    | urllib3.connectionpool:1022 | Starting new HTTPS connection (1): np-weblist.eastmoney.com:443
2026-08-17 12:43:47 | DEBUG    | urllib3.connectionpool:475 | https://np-weblist.eastmoney.com:443 "GET /comm/web/getFastNewsList?client=web&biz=web_724&fastColumn=102&sortEnd=&pageSize=80&req_trace=1710315450384 HTTP/1.1" 200 None
2026-08-17 12:43:47 | DEBUG    | urllib3.connectionpool:1022 | Starting new HTTPS connection (1): zhibo.sina.com.cn:443
2026-08-17 12:43:48 | DEBUG    | urllib3.connectionpool:475 | https://zhibo.sina.com.cn:443 "GET /api/zhibo/feed?page=1&page_size=30&zhibo_id=152&tag_id=0&dire=f&dpc=1&pagesize=30&type=1 HTTP/1.1" 200 None
2026-08-17 12:43:48 | DEBUG    | urllib3.connectionpool:1022 | Starting new HTTPS connection (1): news.futunn.com:443
2026-08-17 12:43:49 | DEBUG    | urllib3.connectionpool:475 | https://news.futunn.com:443 "GET /news-site-api/main/get-flash-list?pageSize=40 HTTP/1.1" 200 67448
2026-08-17 12:43:49 | DEBUG    | urllib3.connectionpool:1022 | Starting new HTTPS connection (1): finance.yahoo.com:443
2026-08-17 12:43:53 | DEBUG    | urllib3.connectionpool:1022 | Starting new HTTPS connection (1): query1.finance.yahoo.com:443
2026-08-17 12:43:55 | DEBUG    | urllib3.connectionpool:475 | https://query1.finance.yahoo.com:443 "GET /v1/finance/search?q=NVIDIA&quotesCount=0&newsCount=50&enableFuzzyQuery=false HTTP/1.1" 403 3369
2026-08-17 12:43:55 | DEBUG    | urllib3.connectionpool:1022 | Starting new HTTPS connection (1): query2.finance.yahoo.com:443
2026-08-17 12:43:58 | DEBUG    | urllib3.connectionpool:475 | https://query2.finance.yahoo.com:443 "GET /v1/finance/search?q=NVIDIA&quotesCount=0&newsCount=50&enableFuzzyQuery=false HTTP/1.1" 403 3369
2026-08-17 12:43:58 | DEBUG    | urllib3.connectionpool:291 | Resetting dropped connection: query1.finance.yahoo.com
2026-08-17 12:44:01 | DEBUG    | urllib3.connectionpool:475 | https://query1.finance.yahoo.com:443 "GET /v1/finance/search?q=NVDA&quotesCount=0&newsCount=50&enableFuzzyQuery=false HTTP/1.1" 403 3369
2026-08-17 12:44:01 | DEBUG    | urllib3.connectionpool:291 | Resetting dropped connection: query2.finance.yahoo.com
2026-08-17 12:44:04 | WARNING  | backpack_quant_trading.core.binance_monitor:143 | 币安行情 curl 兜底失败: Command '['curl', '-fsSL', '--max-time', '15', '-A', 'Mozilla/5.0', '-x', 'http://127.0.0.1:7891', 'https://fapi.binance.com/fapi/v1/klines?symbol=BTCUSDT&interval=1m&limit=2']' returned non-zero exit status 7.
2026-08-17 12:44:04 | DEBUG    | asyncio:631 | Using proactor: IocpProactor
2026-08-17 12:44:06 | WARNING  | backpack_quant_trading.core.binance_monitor:147 | 币安行情 aiohttp 兜底失败: Cannot connect to host 127.0.0.1:7891 ssl:False [远程计算机拒绝网络连接。]
2026-08-17 12:44:06 | DEBUG    | urllib3.connectionpool:1022 | Starting new HTTPS connection (1): fapi.binance.com:443
2026-08-17 12:44:08 | ERROR    | backpack_quant_trading.core.binance_monitor:344 | 获取币安K线失败 futures BTCUSDT 1m: HTTPSConnectionPool(host='fapi.binance.com', port=443): Max retries exceeded with url: /fapi/v1/klines?symbol=BTCUSDT&interval=1m&limit=2 (Caused by ProxyError('Cannot connect to proxy.', NewConnectionError('<urllib3.connection.HTTPSConnection object at 0x000001435A7011D0>: Failed to establish a new connection: [WinError 10061] 由于目标计算机积极拒绝，无法连接。')))
2026-08-17 12:44:08 | DEBUG    | urllib3.connectionpool:475 | https://query2.finance.yahoo.com:443 "GET /v1/finance/search?q=NVDA&quotesCount=0&newsCount=50&enableFuzzyQuery=false HTTP/1.1" 403 3369
2026-08-17 12:44:12 | WARNING  | backpack_quant_trading.core.binance_monitor:143 | 币安行情 curl 兜底失败: Command '['curl', '-fsSL', '--max-time', '10', '-A', 'Mozilla/5.0', '-x', 'http://127.0.0.1:7891', 'https://fapi.binance.com/fapi/v1/depth?symbol=BTCUSDT&limit=50']' returned non-zero exit status 7.
2026-08-17 12:44:12 | DEBUG    | asyncio:631 | Using proactor: IocpProactor
2026-08-17 12:44:14 | WARNING  | backpack_quant_trading.core.binance_monitor:147 | 币安行情 aiohttp 兜底失败: Cannot connect to host 127.0.0.1:7891 ssl:False [远程计算机拒绝网络连接。]
2026-08-17 12:44:14 | DEBUG    | urllib3.connectionpool:1022 | Starting new HTTPS connection (1): fapi.binance.com:443
2026-08-17 12:44:16 | ERROR    | backpack_quant_trading.core.binance_monitor:364 | 获取币安深度失败 futures BTCUSDT: HTTPSConnectionPool(host='fapi.binance.com', port=443): Max retries exceeded with url: /fapi/v1/depth?symbol=BTCUSDT&limit=50 (Caused by ProxyError('Cannot connect to proxy.', NewConnectionError('<urllib3.connection.HTTPSConnection object at 0x0000014358858CD0>: Failed to establish a new connection: [WinError 10061] 由于目标计算机积极拒绝，无法连接。')))
2026-08-17 12:44:19 | DEBUG    | urllib3.connectionpool:291 | Resetting dropped connection: query1.finance.yahoo.com
2026-08-17 12:44:21 | DEBUG    | urllib3.connectionpool:475 | https://query1.finance.yahoo.com:443 "GET /v1/finance/search?q=MICRON&quotesCount=0&newsCount=50&enableFuzzyQuery=false HTTP/1.1" 403 3369
2026-08-17 12:44:21 | DEBUG    | urllib3.connectionpool:291 | Resetting dropped connection: query2.finance.yahoo.com
2026-08-17 12:44:23 | DEBUG    | urllib3.connectionpool:475 | https://query2.finance.yahoo.com:443 "GET /v1/finance/search?q=MICRON&quotesCount=0&newsCount=50&enableFuzzyQuery=false HTTP/1.1" 403 3369
2026-08-17 12:44:23 | DEBUG    | urllib3.connectionpool:291 | Resetting dropped connection: query1.finance.yahoo.com
2026-08-17 12:44:26 | DEBUG    | urllib3.connectionpool:475 | https://query1.finance.yahoo.com:443 "GET /v1/finance/search?q=MU&quotesCount=0&newsCount=50&enableFuzzyQuery=false HTTP/1.1" 403 3369
2026-08-17 12:44:26 | DEBUG    | urllib3.connectionpool:291 | Resetting dropped connection: query2.finance.yahoo.com
2026-08-17 12:44:28 | DEBUG    | urllib3.connectionpool:475 | https://query2.finance.yahoo.com:443 "GET /v1/finance/search?q=MU&quotesCount=0&newsCount=50&enableFuzzyQuery=false HTTP/1.1" 403 3369
2026-08-17 12:44:28 | DEBUG    | urllib3.connectionpool:291 | Resetting dropped connection: query1.finance.yahoo.com
2026-08-17 12:44:30 | DEBUG    | urllib3.connectionpool:475 | https://query1.finance.yahoo.com:443 "GET /v1/finance/search?q=SanDisk&quotesCount=0&newsCount=50&enableFuzzyQuery=false HTTP/1.1" 403 3369
2026-08-17 12:44:34 | DEBUG    | urllib3.connectionpool:291 | Resetting dropped connection: query2.finance.yahoo.com
2026-08-17 12:44:35 | DEBUG    | urllib3.connectionpool:475 | https://query2.finance.yahoo.com:443 "GET /v1/finance/search?q=SanDisk&quotesCount=0&newsCount=50&enableFuzzyQuery=false HTTP/1.1" 403 3369
2026-08-17 12:44:35 | DEBUG    | urllib3.connectionpool:291 | Resetting dropped connection: query1.finance.yahoo.com
2026-08-17 12:44:39 | DEBUG    | urllib3.connectionpool:475 | https://query1.finance.yahoo.com:443 "GET /v1/finance/search?q=SNDK&quotesCount=0&newsCount=50&enableFuzzyQuery=false HTTP/1.1" 403 3369
2026-08-17 12:44:39 | DEBUG    | urllib3.connectionpool:291 | Resetting dropped connection: query2.finance.yahoo.com
2026-08-17 12:44:45 | DEBUG    | urllib3.connectionpool:475 | https://query2.finance.yahoo.com:443 "GET /v1/finance/search?q=SNDK&quotesCount=0&newsCount=50&enableFuzzyQuery=false HTTP/1.1" 403 3369
2026-08-17 12:44:49 | DEBUG    | urllib3.connectionpool:291 | Resetting dropped connection: query1.finance.yahoo.com
2026-08-17 12:44:51 | DEBUG    | urllib3.connectionpool:475 | https://query1.finance.yahoo.com:443 "GET /v1/finance/search?q=INTEL&quotesCount=0&newsCount=50&enableFuzzyQuery=false HTTP/1.1" 403 3369
2026-08-17 12:44:51 | DEBUG    | urllib3.connectionpool:291 | Resetting dropped connection: query2.finance.yahoo.com
2026-08-17 12:44:53 | DEBUG    | urllib3.connectionpool:475 | https://query2.finance.yahoo.com:443 "GET /v1/finance/search?q=INTEL&quotesCount=0&newsCount=50&enableFuzzyQuery=false HTTP/1.1" 403 3369
2026-08-17 12:44:53 | DEBUG    | urllib3.connectionpool:291 | Resetting dropped connection: query1.finance.yahoo.com
2026-08-17 12:44:55 | DEBUG    | urllib3.connectionpool:475 | https://query1.finance.yahoo.com:443 "GET /v1/finance/search?q=INTC&quotesCount=0&newsCount=50&enableFuzzyQuery=false HTTP/1.1" 403 3369
2026-08-17 12:44:56 | DEBUG    | urllib3.connectionpool:291 | Resetting dropped connection: query2.finance.yahoo.com
2026-08-17 12:45:01 | DEBUG    | urllib3.connectionpool:1022 | Starting new HTTPS connection (2): finance.yahoo.com:443
2026-08-17 12:45:04 | DEBUG    | urllib3.connectionpool:475 | https://finance.yahoo.com:443 "POST /xhr/ncp?queryRef=latestNews&serviceKey=ncp_fin HTTP/1.1" 403 3369
2026-08-17 12:45:05 | DEBUG    | urllib3.connectionpool:1022 | Starting new HTTPS connection (1): feeds.finance.yahoo.com:443
2026-08-17 12:45:08 | WARNING  | backpack_quant_trading.core.binance_monitor:143 | 币安行情 curl 兜底失败: Command '['curl', '-fsSL', '--max-time', '15', '-A', 'Mozilla/5.0', '-x', 'http://127.0.0.1:7891', 'https://fapi.binance.com/fapi/v1/klines?symbol=BTCUSDT&interval=1m&limit=2']' returned non-zero exit status 7.
2026-08-17 12:45:08 | DEBUG    | asyncio:631 | Using proactor: IocpProactor
2026-08-17 12:45:09 | DEBUG    | urllib3.connectionpool:475 | https://feeds.finance.yahoo.com:443 "GET /rss/2.0/headline?s=NVIDIA&region=US&lang=en-US HTTP/1.1" 200 394
2026-08-17 12:45:10 | DEBUG    | urllib3.connectionpool:475 | https://feeds.finance.yahoo.com:443 "GET /rss/2.0/headline?s=NVDA&region=US&lang=en-US HTTP/1.1" 200 4744
2026-08-17 12:45:10 | WARNING  | backpack_quant_trading.core.binance_monitor:147 | 币安行情 aiohttp 兜底失败: Cannot connect to host 127.0.0.1:7891 ssl:False [远程计算机拒绝网络连接。]
2026-08-17 12:45:10 | DEBUG    | urllib3.connectionpool:1022 | Starting new HTTPS connection (1): fapi.binance.com:443
2026-08-17 12:45:10 | DEBUG    | urllib3.connectionpool:475 | https://feeds.finance.yahoo.com:443 "GET /rss/2.0/headline?s=MICRON&region=US&lang=en-US HTTP/1.1" 200 394
2026-08-17 12:45:12 | DEBUG    | urllib3.connectionpool:475 | https://feeds.finance.yahoo.com:443 "GET /rss/2.0/headline?s=MU&region=US&lang=en-US HTTP/1.1" 200 5078
2026-08-17 12:45:12 | DEBUG    | backpack_quant_trading.core.stock_news_feeds:795 | [雅虎财经] 直连 Search 获取 39 条
2026-08-17 12:45:12 | INFO     | stock_news_alert:555 | 轮询完成 @ 2026-08-17 04:43:45 | 拉取 224 条 (金十数据=15, 同花顺=20, 东方财富=80, 新浪财经=30, 富途牛牛=40, 雅虎财经=39) | 已推送过 0 | 非最新 0 | 未命中关键词 207 | 非重要快讯 17 | 内容相似去重 0 | 新命中 0 | 待推送 0 | 雅虎搜索词: NVIDIA, NVDA, MICRON, MU, SanDisk, SNDK, INTEL, INTC
2026-08-17 12:45:12 | ERROR    | backpack_quant_trading.core.binance_monitor:344 | 获取币安K线失败 futures BTCUSDT 1m: HTTPSConnectionPool(host='fapi.binance.com', port=443): Max retries exceeded with url: /fapi/v1/klines?symbol=BTCUSDT&interval=1m&limit=2 (Caused by ProxyError('Cannot connect to proxy.', NewConnectionError('<urllib3.connection.HTTPSConnection object at 0x000001435A4D7B10>: Failed to establish a new connection: [WinError 10061] 由于目标计算机积极拒绝，无法连接。')))
2026-08-17 12:45:17 | WARNING  | backpack_quant_trading.core.binance_monitor:143 | 币安行情 curl 兜底失败: Command '['curl', '-fsSL', '--max-time', '10', '-A', 'Mozilla/5.0', '-x', 'http://127.0.0.1:7891', 'https://fapi.binance.com/fapi/v1/depth?symbol=BTCUSDT&limit=50']' returned non-zero exit status 7.
2026-08-17 12:45:17 | DEBUG    | asyncio:631 | Using proactor: IocpProactor
2026-08-17 12:45:19 | WARNING  | backpack_quant_trading.core.binance_monitor:147 | 币安行情 aiohttp 兜底失败: Cannot connect to host 127.0.0.1:7891 ssl:False [远程计算机拒绝网络连接。]
2026-08-17 12:45:19 | DEBUG    | urllib3.connectionpool:1022 | Starting new HTTPS connection (1): fapi.binance.com:443
2026-08-17 12:45:21 | ERROR    | backpack_quant_trading.core.binance_monitor:364 | 获取币安深度失败 futures BTCUSDT: HTTPSConnectionPool(host='fapi.binance.com', port=443): Max retries exceeded with url: /fapi/v1/depth?symbol=BTCUSDT&limit=50 (Caused by ProxyError('Cannot connect to proxy.', NewConnectionError('<urllib3.connection.HTTPSConnection object at 0x000001435A4D7D90>: Failed to establish a new connection: [WinError 10061] 由于目标计算机积极拒绝，无法连接。')))
2026-08-17 12:45:42 | DEBUG    | urllib3.connectionpool:1022 | Starting new HTTPS connection (1): flash-api.jin10.com:443
2026-08-17 12:45:43 | DEBUG    | urllib3.connectionpool:475 | https://flash-api.jin10.com:443 "GET /get_flash_list?channel=-8200&vip=1 HTTP/1.1" 200 None
2026-08-17 12:45:43 | DEBUG    | urllib3.connectionpool:1022 | Starting new HTTPS connection (1): news.10jqka.com.cn:443
2026-08-17 12:45:43 | DEBUG    | urllib3.connectionpool:475 | https://news.10jqka.com.cn:443 "GET /tapp/news/push/stock?page=1&tag=&track=website HTTP/1.1" 200 None
2026-08-17 12:45:43 | DEBUG    | urllib3.connectionpool:1022 | Starting new HTTPS connection (1): np-weblist.eastmoney.com:443
2026-08-17 12:45:44 | DEBUG    | urllib3.connectionpool:475 | https://np-weblist.eastmoney.com:443 "GET /comm/web/getFastNewsList?client=web&biz=web_724&fastColumn=102&sortEnd=&pageSize=80&req_trace=1710315450384 HTTP/1.1" 200 None
2026-08-17 12:45:44 | DEBUG    | urllib3.connectionpool:1022 | Starting new HTTPS connection (1): zhibo.sina.com.cn:443
2026-08-17 12:45:45 | DEBUG    | urllib3.connectionpool:475 | https://zhibo.sina.com.cn:443 "GET /api/zhibo/feed?page=1&page_size=30&zhibo_id=152&tag_id=0&dire=f&dpc=1&pagesize=30&type=1 HTTP/1.1" 200 None
2026-08-17 12:45:45 | DEBUG    | urllib3.connectionpool:1022 | Starting new HTTPS connection (1): news.futunn.com:443
2026-08-17 12:45:46 | DEBUG    | urllib3.connectionpool:475 | https://news.futunn.com:443 "GET /news-site-api/main/get-flash-list?pageSize=40 HTTP/1.1" 200 66926
2026-08-17 12:45:46 | DEBUG    | urllib3.connectionpool:1022 | Starting new HTTPS connection (1): finance.yahoo.com:443
2026-08-17 12:45:49 | DEBUG    | urllib3.connectionpool:475 | https://finance.yahoo.com:443 "GET / HTTP/1.1" 403 3369
2026-08-17 12:45:49 | DEBUG    | urllib3.connectionpool:1022 | Starting new HTTPS connection (1): query1.finance.yahoo.com:443
2026-08-17 12:45:55 | DEBUG    | urllib3.connectionpool:475 | https://query1.finance.yahoo.com:443 "GET /v1/finance/search?q=NVIDIA&quotesCount=0&newsCount=50&enableFuzzyQuery=false HTTP/1.1" 403 3369
2026-08-17 12:45:55 | DEBUG    | urllib3.connectionpool:1022 | Starting new HTTPS connection (1): query2.finance.yahoo.com:443
2026-08-17 12:45:56 | DEBUG    | urllib3.connectionpool:475 | https://query2.finance.yahoo.com:443 "GET /v1/finance/search?q=NVIDIA&quotesCount=0&newsCount=50&enableFuzzyQuery=false HTTP/1.1" 403 3369
2026-08-17 12:45:57 | DEBUG    | urllib3.connectionpool:291 | Resetting dropped connection: query1.finance.yahoo.com
2026-08-17 12:45:59 | DEBUG    | urllib3.connectionpool:475 | https://query1.finance.yahoo.com:443 "GET /v1/finance/search?q=NVDA&quotesCount=0&newsCount=50&enableFuzzyQuery=false HTTP/1.1" 403 3369
2026-08-17 12:46:02 | DEBUG    | urllib3.connectionpool:291 | Resetting dropped connection: query2.finance.yahoo.com
2026-08-17 12:46:04 | DEBUG    | urllib3.connectionpool:475 | https://query2.finance.yahoo.com:443 "GET /v1/finance/search?q=NVDA&quotesCount=0&newsCount=50&enableFuzzyQuery=false HTTP/1.1" 403 3369
2026-08-17 12:46:04 | DEBUG    | urllib3.connectionpool:291 | Resetting dropped connection: query1.finance.yahoo.com
2026-08-17 12:46:04 | WARNING  | backpack_quant_trading.core.binance_monitor:143 | 币安行情 curl 兜底失败: Command '['curl', '-fsSL', '--max-time', '15', '-A', 'Mozilla/5.0', '-x', 'http://127.0.0.1:7891', 'https://fapi.binance.com/fapi/v1/klines?symbol=BTCUSDT&interval=1m&limit=2']' returned non-zero exit status 7.
2026-08-17 12:46:04 | DEBUG    | asyncio:631 | Using proactor: IocpProactor
2026-08-17 12:46:06 | DEBUG    | urllib3.connectionpool:475 | https://query1.finance.yahoo.com:443 "GET /v1/finance/search?q=MICRON&quotesCount=0&newsCount=50&enableFuzzyQuery=false HTTP/1.1" 403 3369
2026-08-17 12:46:06 | WARNING  | backpack_quant_trading.core.binance_monitor:147 | 币安行情 aiohttp 兜底失败: Cannot connect to host 127.0.0.1:7891 ssl:False [远程计算机拒绝网络连接。]
2026-08-17 12:46:06 | DEBUG    | urllib3.connectionpool:1022 | Starting new HTTPS connection (1): fapi.binance.com:443
2026-08-17 12:46:08 | ERROR    | backpack_quant_trading.core.binance_monitor:344 | 获取币安K线失败 futures BTCUSDT 1m: HTTPSConnectionPool(host='fapi.binance.com', port=443): Max retries exceeded with url: /fapi/v1/klines?symbol=BTCUSDT&interval=1m&limit=2 (Caused by ProxyError('Cannot connect to proxy.', NewConnectionError('<urllib3.connection.HTTPSConnection object at 0x000001435A4D65D0>: Failed to establish a new connection: [WinError 10061] 由于目标计算机积极拒绝，无法连接。')))
2026-08-17 12:46:12 | WARNING  | backpack_quant_trading.core.binance_monitor:143 | 币安行情 curl 兜底失败: Command '['curl', '-fsSL', '--max-time', '10', '-A', 'Mozilla/5.0', '-x', 'http://127.0.0.1:7891', 'https://fapi.binance.com/fapi/v1/depth?symbol=BTCUSDT&limit=50']' returned non-zero exit status 7.
2026-08-17 12:46:12 | DEBUG    | asyncio:631 | Using proactor: IocpProactor
2026-08-17 12:46:14 | WARNING  | backpack_quant_trading.core.binance_monitor:147 | 币安行情 aiohttp 兜底失败: Cannot connect to host 127.0.0.1:7891 ssl:False [远程计算机拒绝网络连接。]
2026-08-17 12:46:14 | DEBUG    | urllib3.connectionpool:1022 | Starting new HTTPS connection (1): fapi.binance.com:443
2026-08-17 12:46:16 | ERROR    | backpack_quant_trading.core.binance_monitor:364 | 获取币安深度失败 futures BTCUSDT: HTTPSConnectionPool(host='fapi.binance.com', port=443): Max retries exceeded with url: /fapi/v1/depth?symbol=BTCUSDT&limit=50 (Caused by ProxyError('Cannot connect to proxy.', NewConnectionError('<urllib3.connection.HTTPSConnection object at 0x000001435A4D6FD0>: Failed to establish a new connection: [WinError 10061] 由于目标计算机积极拒绝，无法连接。')))
2026-08-17 12:46:16 | DEBUG    | urllib3.connectionpool:291 | Resetting dropped connection: query2.finance.yahoo.com
2026-08-17 12:46:18 | DEBUG    | urllib3.connectionpool:475 | https://query2.finance.yahoo.com:443 "GET /v1/finance/search?q=MICRON&quotesCount=0&newsCount=50&enableFuzzyQuery=false HTTP/1.1" 403 3369
2026-08-17 12:46:20 | DEBUG    | urllib3.connectionpool:291 | Resetting dropped connection: query1.finance.yahoo.com
2026-08-17 12:46:22 | DEBUG    | urllib3.connectionpool:475 | https://query1.finance.yahoo.com:443 "GET /v1/finance/search?q=MU&quotesCount=0&newsCount=50&enableFuzzyQuery=false HTTP/1.1" 403 3369
2026-08-17 12:46:22 | DEBUG    | urllib3.connectionpool:291 | Resetting dropped connection: query2.finance.yahoo.com
2026-08-17 12:46:27 | DEBUG    | urllib3.connectionpool:475 | https://query2.finance.yahoo.com:443 "GET /v1/finance/search?q=MU&quotesCount=0&newsCount=50&enableFuzzyQuery=false HTTP/1.1" 403 3369
2026-08-17 12:46:28 | DEBUG    | urllib3.connectionpool:291 | Resetting dropped connection: query1.finance.yahoo.com
2026-08-17 12:46:29 | DEBUG    | urllib3.connectionpool:475 | https://query1.finance.yahoo.com:443 "GET /v1/finance/search?q=SanDisk&quotesCount=0&newsCount=50&enableFuzzyQuery=false HTTP/1.1" 403 3369
2026-08-17 12:46:30 | DEBUG    | urllib3.connectionpool:291 | Resetting dropped connection: query2.finance.yahoo.com
2026-08-17 12:46:32 | DEBUG    | urllib3.connectionpool:475 | https://query2.finance.yahoo.com:443 "GET /v1/finance/search?q=SanDisk&quotesCount=0&newsCount=50&enableFuzzyQuery=false HTTP/1.1" 403 3369
2026-08-17 12:46:32 | DEBUG    | urllib3.connectionpool:291 | Resetting dropped connection: query1.finance.yahoo.com
2026-08-17 12:46:34 | DEBUG    | urllib3.connectionpool:475 | https://query1.finance.yahoo.com:443 "GET /v1/finance/search?q=SNDK&quotesCount=0&newsCount=50&enableFuzzyQuery=false HTTP/1.1" 403 3369
2026-08-17 12:46:34 | DEBUG    | urllib3.connectionpool:291 | Resetting dropped connection: query2.finance.yahoo.com
2026-08-17 12:46:37 | DEBUG    | urllib3.connectionpool:475 | https://query2.finance.yahoo.com:443 "GET /v1/finance/search?q=SNDK&quotesCount=0&newsCount=50&enableFuzzyQuery=false HTTP/1.1" 403 3369
2026-08-17 12:46:41 | DEBUG    | urllib3.connectionpool:291 | Resetting dropped connection: query1.finance.yahoo.com
2026-08-17 12:46:43 | DEBUG    | urllib3.connectionpool:475 | https://query1.finance.yahoo.com:443 "GET /v1/finance/search?q=INTEL&quotesCount=0&newsCount=50&enableFuzzyQuery=false HTTP/1.1" 403 3369
2026-08-17 12:46:47 | DEBUG    | urllib3.connectionpool:291 | Resetting dropped connection: query2.finance.yahoo.com
2026-08-17 12:46:48 | DEBUG    | urllib3.connectionpool:475 | https://query2.finance.yahoo.com:443 "GET /v1/finance/search?q=INTEL&quotesCount=0&newsCount=50&enableFuzzyQuery=false HTTP/1.1" 403 3369
2026-08-17 12:46:48 | DEBUG    | urllib3.connectionpool:291 | Resetting dropped connection: query1.finance.yahoo.com
2026-08-17 12:46:50 | DEBUG    | urllib3.connectionpool:475 | https://query1.finance.yahoo.com:443 "GET /v1/finance/search?q=INTC&quotesCount=0&newsCount=50&enableFuzzyQuery=false HTTP/1.1" 403 3369
2026-08-17 12:46:50 | DEBUG    | urllib3.connectionpool:291 | Resetting dropped connection: query2.finance.yahoo.com
2026-08-17 12:46:52 | DEBUG    | urllib3.connectionpool:475 | https://query2.finance.yahoo.com:443 "GET /v1/finance/search?q=INTC&quotesCount=0&newsCount=50&enableFuzzyQuery=false HTTP/1.1" 403 3369
2026-08-17 12:46:52 | DEBUG    | urllib3.connectionpool:291 | Resetting dropped connection: finance.yahoo.com
2026-08-17 12:46:54 | DEBUG    | urllib3.connectionpool:475 | https://finance.yahoo.com:443 "POST /xhr/ncp?queryRef=latestNews&serviceKey=ncp_fin HTTP/1.1" 403 3369
2026-08-17 12:46:54 | DEBUG    | urllib3.connectionpool:1022 | Starting new HTTPS connection (1): feeds.finance.yahoo.com:443
2026-08-17 12:46:56 | DEBUG    | urllib3.connectionpool:475 | https://feeds.finance.yahoo.com:443 "GET /rss/2.0/headline?s=NVIDIA&region=US&lang=en-US HTTP/1.1" 200 394
2026-08-17 12:46:57 | DEBUG    | urllib3.connectionpool:475 | https://feeds.finance.yahoo.com:443 "GET /rss/2.0/headline?s=NVDA&region=US&lang=en-US HTTP/1.1" 500 32
2026-08-17 12:46:59 | DEBUG    | urllib3.connectionpool:475 | https://feeds.finance.yahoo.com:443 "GET /rss/2.0/headline?s=MICRON&region=US&lang=en-US HTTP/1.1" 200 394
2026-08-17 12:46:59 | DEBUG    | urllib3.connectionpool:475 | https://feeds.finance.yahoo.com:443 "GET /rss/2.0/headline?s=MU&region=US&lang=en-US HTTP/1.1" 200 2998
2026-08-17 12:47:00 | DEBUG    | backpack_quant_trading.core.stock_news_feeds:795 | [雅虎财经] 直连 Search 获取 11 条
2026-08-17 12:47:00 | INFO     | stock_news_alert:555 | 轮询完成 @ 2026-08-17 04:45:42 | 拉取 196 条 (金十数据=15, 同花顺=20, 东方财富=80, 新浪财经=30, 富途牛牛=40, 雅虎财经=11) | 已推送过 0 | 非最新 0 | 未命中关键词 188 | 非重要快讯 8 | 内容相似去重 0 | 新命中 0 | 待推送 0 | 雅虎搜索词: NVIDIA, NVDA, MICRON, MU, SanDisk, SNDK, INTEL, INTC
2026-08-17 12:47:04 | WARNING  | backpack_quant_trading.core.binance_monitor:143 | 币安行情 curl 兜底失败: Command '['curl', '-fsSL', '--max-time', '15', '-A', 'Mozilla/5.0', '-x', 'http://127.0.0.1:7891', 'https://fapi.binance.com/fapi/v1/klines?symbol=BTCUSDT&interval=1m&limit=2']' returned non-zero exit status 7.
2026-08-17 12:47:04 | DEBUG    | asyncio:631 | Using proactor: IocpProactor
2026-08-17 12:47:06 | WARNING  | backpack_quant_trading.core.binance_monitor:147 | 币安行情 aiohttp 兜底失败: Cannot connect to host 127.0.0.1:7891 ssl:False [远程计算机拒绝网络连接。]
2026-08-17 12:47:06 | DEBUG    | urllib3.connectionpool:1022 | Starting new HTTPS connection (1): fapi.binance.com:443
2026-08-17 12:47:08 | ERROR    | backpack_quant_trading.core.binance_monitor:344 | 获取币安K线失败 futures BTCUSDT 1m: HTTPSConnectionPool(host='fapi.binance.com', port=443): Max retries exceeded with url: /fapi/v1/klines?symbol=BTCUSDT&interval=1m&limit=2 (Caused by ProxyError('Cannot connect to proxy.', NewConnectionError('<urllib3.connection.HTTPSConnection object at 0x000001435A7007D0>: Failed to establish a new connection: [WinError 10061] 由于目标计算机积极拒绝，无法连接。')))
2026-08-17 12:47:12 | WARNING  | backpack_quant_trading.core.binance_monitor:143 | 币安行情 curl 兜底失败: Command '['curl', '-fsSL', '--max-time', '10', '-A', 'Mozilla/5.0', '-x', 'http://127.0.0.1:7891', 'https://fapi.binance.com/fapi/v1/depth?symbol=BTCUSDT&limit=50']' returned non-zero exit status 7.
2026-08-17 12:47:12 | DEBUG    | asyncio:631 | Using proactor: IocpProactor
2026-08-17 12:47:14 | WARNING  | backpack_quant_trading.core.binance_monitor:147 | 币安行情 aiohttp 兜底失败: Cannot connect to host 127.0.0.1:7891 ssl:False [远程计算机拒绝网络连接。]
2026-08-17 12:47:14 | DEBUG    | urllib3.connectionpool:1022 | Starting new HTTPS connection (1): fapi.binance.com:443
2026-08-17 12:47:16 | ERROR    | backpack_quant_trading.core.binance_monitor:364 | 获取币安深度失败 futures BTCUSDT: HTTPSConnectionPool(host='fapi.binance.com', port=443): Max retries exceeded with url: /fapi/v1/depth?symbol=BTCUSDT&limit=50 (Caused by ProxyError('Cannot connect to proxy.', NewConnectionError('<urllib3.connection.HTTPSConnection object at 0x000001435A701D10>: Failed to establish a new connection: [WinError 10061] 由于目标计算机积极拒绝，无法连接。')))
2026-08-17 12:47:30 | DEBUG    | urllib3.connectionpool:1022 | Starting new HTTPS connection (1): flash-api.jin10.com:443
2026-08-17 12:47:31 | DEBUG    | urllib3.connectionpool:475 | https://flash-api.jin10.com:443 "GET /get_flash_list?channel=-8200&vip=1 HTTP/1.1" 200 None
2026-08-17 12:47:31 | DEBUG    | urllib3.connectionpool:1022 | Starting new HTTPS connection (1): news.10jqka.com.cn:443
2026-08-17 12:47:31 | DEBUG    | urllib3.connectionpool:475 | https://news.10jqka.com.cn:443 "GET /tapp/news/push/stock?page=1&tag=&track=website HTTP/1.1" 200 None
2026-08-17 12:47:31 | DEBUG    | urllib3.connectionpool:1022 | Starting new HTTPS connection (1): np-weblist.eastmoney.com:443
2026-08-17 12:47:32 | DEBUG    | urllib3.connectionpool:475 | https://np-weblist.eastmoney.com:443 "GET /comm/web/getFastNewsList?client=web&biz=web_724&fastColumn=102&sortEnd=&pageSize=80&req_trace=1710315450384 HTTP/1.1" 200 None
2026-08-17 12:47:32 | DEBUG    | urllib3.connectionpool:1022 | Starting new HTTPS connection (1): zhibo.sina.com.cn:443
2026-08-17 12:47:33 | DEBUG    | urllib3.connectionpool:475 | https://zhibo.sina.com.cn:443 "GET /api/zhibo/feed?page=1&page_size=30&zhibo_id=152&tag_id=0&dire=f&dpc=1&pagesize=30&type=1 HTTP/1.1" 200 None
2026-08-17 12:47:33 | DEBUG    | urllib3.connectionpool:1022 | Starting new HTTPS connection (1): news.futunn.com:443
2026-08-17 12:47:33 | DEBUG    | urllib3.connectionpool:475 | https://news.futunn.com:443 "GET /news-site-api/main/get-flash-list?pageSize=40 HTTP/1.1" 200 66926
2026-08-17 12:47:33 | DEBUG    | urllib3.connectionpool:1022 | Starting new HTTPS connection (1): finance.yahoo.com:443
2026-08-17 12:47:36 | DEBUG    | urllib3.connectionpool:475 | https://finance.yahoo.com:443 "GET / HTTP/1.1" 403 3369
2026-08-17 12:47:36 | DEBUG    | urllib3.connectionpool:1022 | Starting new HTTPS connection (1): query1.finance.yahoo.com:443
2026-08-17 12:47:38 | DEBUG    | urllib3.connectionpool:475 | https://query1.finance.yahoo.com:443 "GET /v1/finance/search?q=NVIDIA&quotesCount=0&newsCount=50&enableFuzzyQuery=false HTTP/1.1" 403 3369
2026-08-17 12:47:38 | DEBUG    | urllib3.connectionpool:1022 | Starting new HTTPS connection (1): query2.finance.yahoo.com:443
2026-08-17 12:47:40 | DEBUG    | urllib3.connectionpool:475 | https://query2.finance.yahoo.com:443 "GET /v1/finance/search?q=NVIDIA&quotesCount=0&newsCount=50&enableFuzzyQuery=false HTTP/1.1" 403 3369
2026-08-17 12:47:40 | DEBUG    | urllib3.connectionpool:291 | Resetting dropped connection: query1.finance.yahoo.com
2026-08-17 12:47:42 | DEBUG    | urllib3.connectionpool:475 | https://query1.finance.yahoo.com:443 "GET /v1/finance/search?q=NVDA&quotesCount=0&newsCount=50&enableFuzzyQuery=false HTTP/1.1" 403 3369
2026-08-17 12:47:42 | DEBUG    | urllib3.connectionpool:291 | Resetting dropped connection: query2.finance.yahoo.com
2026-08-17 12:47:47 | DEBUG    | urllib3.connectionpool:291 | Resetting dropped connection: query1.finance.yahoo.com
2026-08-17 12:47:49 | DEBUG    | urllib3.connectionpool:475 | https://query1.finance.yahoo.com:443 "GET /v1/finance/search?q=MICRON&quotesCount=0&newsCount=50&enableFuzzyQuery=false HTTP/1.1" 403 3369
2026-08-17 12:47:49 | DEBUG    | urllib3.connectionpool:1022 | Starting new HTTPS connection (2): query2.finance.yahoo.com:443
2026-08-17 12:47:51 | DEBUG    | urllib3.connectionpool:475 | https://query2.finance.yahoo.com:443 "GET /v1/finance/search?q=MICRON&quotesCount=0&newsCount=50&enableFuzzyQuery=false HTTP/1.1" 403 3369
2026-08-17 12:47:51 | DEBUG    | urllib3.connectionpool:291 | Resetting dropped connection: query1.finance.yahoo.com
2026-08-17 12:47:52 | DEBUG    | urllib3.connectionpool:475 | https://query1.finance.yahoo.com:443 "GET /v1/finance/search?q=MU&quotesCount=0&newsCount=50&enableFuzzyQuery=false HTTP/1.1" 403 3369
2026-08-17 12:47:52 | DEBUG    | urllib3.connectionpool:291 | Resetting dropped connection: query2.finance.yahoo.com
2026-08-17 12:47:54 | DEBUG    | urllib3.connectionpool:475 | https://query2.finance.yahoo.com:443 "GET /v1/finance/search?q=MU&quotesCount=0&newsCount=50&enableFuzzyQuery=false HTTP/1.1" 403 3369
2026-08-17 12:47:54 | DEBUG    | urllib3.connectionpool:291 | Resetting dropped connection: query1.finance.yahoo.com
2026-08-17 12:47:56 | DEBUG    | urllib3.connectionpool:475 | https://query1.finance.yahoo.com:443 "GET /v1/finance/search?q=SanDisk&quotesCount=0&newsCount=50&enableFuzzyQuery=false HTTP/1.1" 403 3369
2026-08-17 12:47:56 | DEBUG    | urllib3.connectionpool:291 | Resetting dropped connection: query2.finance.yahoo.com
2026-08-17 12:48:02 | DEBUG    | urllib3.connectionpool:291 | Resetting dropped connection: query1.finance.yahoo.com
2026-08-17 12:48:04 | DEBUG    | urllib3.connectionpool:475 | https://query1.finance.yahoo.com:443 "GET /v1/finance/search?q=SNDK&quotesCount=0&newsCount=50&enableFuzzyQuery=false HTTP/1.1" 403 3369
2026-08-17 12:48:04 | DEBUG    | urllib3.connectionpool:1022 | Starting new HTTPS connection (3): query2.finance.yahoo.com:443
2026-08-17 12:48:04 | WARNING  | backpack_quant_trading.core.binance_monitor:143 | 币安行情 curl 兜底失败: Command '['curl', '-fsSL', '--max-time', '15', '-A', 'Mozilla/5.0', '-x', 'http://127.0.0.1:7891', 'https://fapi.binance.com/fapi/v1/klines?symbol=BTCUSDT&interval=1m&limit=2']' returned non-zero exit status 7.
2026-08-17 12:48:04 | DEBUG    | asyncio:631 | Using proactor: IocpProactor
2026-08-17 12:48:06 | DEBUG    | urllib3.connectionpool:475 | https://query2.finance.yahoo.com:443 "GET /v1/finance/search?q=SNDK&quotesCount=0&newsCount=50&enableFuzzyQuery=false HTTP/1.1" 403 3369
2026-08-17 12:48:06 | WARNING  | backpack_quant_trading.core.binance_monitor:147 | 币安行情 aiohttp 兜底失败: Cannot connect to host 127.0.0.1:7891 ssl:False [远程计算机拒绝网络连接。]
2026-08-17 12:48:06 | DEBUG    | urllib3.connectionpool:1022 | Starting new HTTPS connection (1): fapi.binance.com:443
2026-08-17 12:48:06 | DEBUG    | urllib3.connectionpool:291 | Resetting dropped connection: query1.finance.yahoo.com
2026-08-17 12:48:07 | DEBUG    | urllib3.connectionpool:475 | https://query1.finance.yahoo.com:443 "GET /v1/finance/search?q=INTEL&quotesCount=0&newsCount=50&enableFuzzyQuery=false HTTP/1.1" 403 3369
2026-08-17 12:48:07 | DEBUG    | urllib3.connectionpool:291 | Resetting dropped connection: query2.finance.yahoo.com
2026-08-17 12:48:08 | ERROR    | backpack_quant_trading.core.binance_monitor:344 | 获取币安K线失败 futures BTCUSDT 1m: HTTPSConnectionPool(host='fapi.binance.com', port=443): Max retries exceeded with url: /fapi/v1/klines?symbol=BTCUSDT&interval=1m&limit=2 (Caused by ProxyError('Cannot connect to proxy.', NewConnectionError('<urllib3.connection.HTTPSConnection object at 0x000001435A4D5F90>: Failed to establish a new connection: [WinError 10061] 由于目标计算机积极拒绝，无法连接。')))
2026-08-17 12:48:09 | DEBUG    | urllib3.connectionpool:475 | https://query2.finance.yahoo.com:443 "GET /v1/finance/search?q=INTEL&quotesCount=0&newsCount=50&enableFuzzyQuery=false HTTP/1.1" 403 3369
2026-08-17 12:48:09 | DEBUG    | urllib3.connectionpool:291 | Resetting dropped connection: query1.finance.yahoo.com
2026-08-17 12:48:11 | DEBUG    | urllib3.connectionpool:475 | https://query1.finance.yahoo.com:443 "GET /v1/finance/search?q=INTC&quotesCount=0&newsCount=50&enableFuzzyQuery=false HTTP/1.1" 403 3369
2026-08-17 12:48:12 | WARNING  | backpack_quant_trading.core.binance_monitor:143 | 币安行情 curl 兜底失败: Command '['curl', '-fsSL', '--max-time', '10', '-A', 'Mozilla/5.0', '-x', 'http://127.0.0.1:7891', 'https://fapi.binance.com/fapi/v1/depth?symbol=BTCUSDT&limit=50']' returned non-zero exit status 7.
2026-08-17 12:48:12 | DEBUG    | asyncio:631 | Using proactor: IocpProactor
2026-08-17 12:48:14 | DEBUG    | urllib3.connectionpool:291 | Resetting dropped connection: query2.finance.yahoo.com
2026-08-17 12:48:14 | WARNING  | backpack_quant_trading.core.binance_monitor:147 | 币安行情 aiohttp 兜底失败: Cannot connect to host 127.0.0.1:7891 ssl:False [远程计算机拒绝网络连接。]
2026-08-17 12:48:14 | DEBUG    | urllib3.connectionpool:1022 | Starting new HTTPS connection (1): fapi.binance.com:443
2026-08-17 12:48:16 | ERROR    | backpack_quant_trading.core.binance_monitor:364 | 获取币安深度失败 futures BTCUSDT: HTTPSConnectionPool(host='fapi.binance.com', port=443): Max retries exceeded with url: /fapi/v1/depth?symbol=BTCUSDT&limit=50 (Caused by ProxyError('Cannot connect to proxy.', NewConnectionError('<urllib3.connection.HTTPSConnection object at 0x000001435A4D5D10>: Failed to establish a new connection: [WinError 10061] 由于目标计算机积极拒绝，无法连接。')))
2026-08-17 12:48:18 | DEBUG    | urllib3.connectionpool:475 | https://query2.finance.yahoo.com:443 "GET /v1/finance/search?q=INTC&quotesCount=0&newsCount=50&enableFuzzyQuery=false HTTP/1.1" 403 3369
2026-08-17 12:48:19 | DEBUG    | urllib3.connectionpool:291 | Resetting dropped connection: finance.yahoo.com
2026-08-17 12:48:21 | DEBUG    | urllib3.connectionpool:1022 | Starting new HTTPS connection (1): feeds.finance.yahoo.com:443
2026-08-17 12:48:24 | DEBUG    | urllib3.connectionpool:475 | https://feeds.finance.yahoo.com:443 "GET /rss/2.0/headline?s=NVIDIA&region=US&lang=en-US HTTP/1.1" 200 393
2026-08-17 12:48:25 | DEBUG    | urllib3.connectionpool:475 | https://feeds.finance.yahoo.com:443 "GET /rss/2.0/headline?s=NVDA&region=US&lang=en-US HTTP/1.1" 200 4742
2026-08-17 12:48:25 | DEBUG    | urllib3.connectionpool:475 | https://feeds.finance.yahoo.com:443 "GET /rss/2.0/headline?s=MICRON&region=US&lang=en-US HTTP/1.1" 200 393
2026-08-17 12:48:26 | DEBUG    | urllib3.connectionpool:475 | https://feeds.finance.yahoo.com:443 "GET /rss/2.0/headline?s=MU&region=US&lang=en-US HTTP/1.1" 200 2999
2026-08-17 12:48:26 | DEBUG    | backpack_quant_trading.core.stock_news_feeds:795 | [雅虎财经] 直连 Search 获取 30 条
2026-08-17 12:48:26 | INFO     | stock_news_alert:555 | 轮询完成 @ 2026-08-17 04:47:30 | 拉取 215 条 (金十数据=15, 同花顺=20, 东方财富=80, 新浪财经=30, 富途牛牛=40, 雅虎财经=30) | 已推送过 0 | 非最新 0 | 未命中关键词 203 | 非重要快讯 12 | 内容相似去重 0 | 新命中 0 | 待推送 0 | 雅虎搜索词: NVIDIA, NVDA, MICRON, MU, SanDisk, SNDK, INTEL, INTC
2026-08-17 12:48:56 | DEBUG    | urllib3.connectionpool:1022 | Starting new HTTPS connection (1): flash-api.jin10.com:443
2026-08-17 12:48:56 | DEBUG    | urllib3.connectionpool:475 | https://flash-api.jin10.com:443 "GET /get_flash_list?channel=-8200&vip=1 HTTP/1.1" 200 None
2026-08-17 12:48:56 | DEBUG    | urllib3.connectionpool:1022 | Starting new HTTPS connection (1): news.10jqka.com.cn:443
2026-08-17 12:48:57 | DEBUG    | urllib3.connectionpool:475 | https://news.10jqka.com.cn:443 "GET /tapp/news/push/stock?page=1&tag=&track=website HTTP/1.1" 200 None
2026-08-17 12:48:57 | DEBUG    | urllib3.connectionpool:1022 | Starting new HTTPS connection (1): np-weblist.eastmoney.com:443
2026-08-17 12:48:58 | DEBUG    | urllib3.connectionpool:475 | https://np-weblist.eastmoney.com:443 "GET /comm/web/getFastNewsList?client=web&biz=web_724&fastColumn=102&sortEnd=&pageSize=80&req_trace=1710315450384 HTTP/1.1" 200 None
2026-08-17 12:48:58 | DEBUG    | urllib3.connectionpool:1022 | Starting new HTTPS connection (1): zhibo.sina.com.cn:443
2026-08-17 12:48:58 | DEBUG    | urllib3.connectionpool:475 | https://zhibo.sina.com.cn:443 "GET /api/zhibo/feed?page=1&page_size=30&zhibo_id=152&tag_id=0&dire=f&dpc=1&pagesize=30&type=1 HTTP/1.1" 200 None
2026-08-17 12:48:58 | DEBUG    | urllib3.connectionpool:1022 | Starting new HTTPS connection (1): news.futunn.com:443
2026-08-17 12:48:59 | DEBUG    | urllib3.connectionpool:475 | https://news.futunn.com:443 "GET /news-site-api/main/get-flash-list?pageSize=40 HTTP/1.1" 200 66926
2026-08-17 12:48:59 | DEBUG    | urllib3.connectionpool:1022 | Starting new HTTPS connection (1): finance.yahoo.com:443
2026-08-17 12:49:04 | DEBUG    | urllib3.connectionpool:475 | https://finance.yahoo.com:443 "GET / HTTP/1.1" 403 3369
2026-08-17 12:49:04 | DEBUG    | urllib3.connectionpool:1022 | Starting new HTTPS connection (1): query1.finance.yahoo.com:443
2026-08-17 12:49:05 | WARNING  | backpack_quant_trading.core.binance_monitor:143 | 币安行情 curl 兜底失败: Command '['curl', '-fsSL', '--max-time', '15', '-A', 'Mozilla/5.0', '-x', 'http://127.0.0.1:7891', 'https://fapi.binance.com/fapi/v1/klines?symbol=BTCUSDT&interval=1m&limit=2']' returned non-zero exit status 7.
2026-08-17 12:49:05 | DEBUG    | asyncio:631 | Using proactor: IocpProactor
2026-08-17 12:49:05 | DEBUG    | urllib3.connectionpool:475 | https://query1.finance.yahoo.com:443 "GET /v1/finance/search?q=NVIDIA&quotesCount=0&newsCount=50&enableFuzzyQuery=false HTTP/1.1" 403 3369
2026-08-17 12:49:05 | DEBUG    | urllib3.connectionpool:1022 | Starting new HTTPS connection (1): query2.finance.yahoo.com:443
2026-08-17 12:49:07 | WARNING  | backpack_quant_trading.core.binance_monitor:147 | 币安行情 aiohttp 兜底失败: Cannot connect to host 127.0.0.1:7891 ssl:False [远程计算机拒绝网络连接。]
2026-08-17 12:49:07 | DEBUG    | urllib3.connectionpool:1022 | Starting new HTTPS connection (1): fapi.binance.com:443
2026-08-17 12:49:09 | ERROR    | backpack_quant_trading.core.binance_monitor:344 | 获取币安K线失败 futures BTCUSDT 1m: HTTPSConnectionPool(host='fapi.binance.com', port=443): Max retries exceeded with url: /fapi/v1/klines?symbol=BTCUSDT&interval=1m&limit=2 (Caused by ProxyError('Cannot connect to proxy.', NewConnectionError('<urllib3.connection.HTTPSConnection object at 0x000001435A4D6FD0>: Failed to establish a new connection: [WinError 10061] 由于目标计算机积极拒绝，无法连接。')))
2026-08-17 12:49:10 | DEBUG    | urllib3.connectionpool:291 | Resetting dropped connection: query1.finance.yahoo.com
2026-08-17 12:49:13 | WARNING  | backpack_quant_trading.core.binance_monitor:143 | 币安行情 curl 兜底失败: Command '['curl', '-fsSL', '--max-time', '10', '-A', 'Mozilla/5.0', '-x', 'http://127.0.0.1:7891', 'https://fapi.binance.com/fapi/v1/depth?symbol=BTCUSDT&limit=50']' returned non-zero exit status 7.
2026-08-17 12:49:13 | DEBUG    | asyncio:631 | Using proactor: IocpProactor
2026-08-17 12:49:15 | WARNING  | backpack_quant_trading.core.binance_monitor:147 | 币安行情 aiohttp 兜底失败: Cannot connect to host 127.0.0.1:7891 ssl:False [远程计算机拒绝网络连接。]
2026-08-17 12:49:15 | DEBUG    | urllib3.connectionpool:1022 | Starting new HTTPS connection (1): fapi.binance.com:443
2026-08-17 12:49:16 | DEBUG    | urllib3.connectionpool:475 | https://query1.finance.yahoo.com:443 "GET /v1/finance/search?q=NVDA&quotesCount=0&newsCount=50&enableFuzzyQuery=false HTTP/1.1" 403 3369
2026-08-17 12:49:17 | ERROR    | backpack_quant_trading.core.binance_monitor:364 | 获取币安深度失败 futures BTCUSDT: HTTPSConnectionPool(host='fapi.binance.com', port=443): Max retries exceeded with url: /fapi/v1/depth?symbol=BTCUSDT&limit=50 (Caused by ProxyError('Cannot connect to proxy.', NewConnectionError('<urllib3.connection.HTTPSConnection object at 0x000001435A4D7B10>: Failed to establish a new connection: [WinError 10061] 由于目标计算机积极拒绝，无法连接。')))
2026-08-17 12:49:18 | DEBUG    | urllib3.connectionpool:1022 | Starting new HTTPS connection (2): query2.finance.yahoo.com:443
2026-08-17 12:49:22 | DEBUG    | urllib3.connectionpool:475 | https://query2.finance.yahoo.com:443 "GET /v1/finance/search?q=NVDA&quotesCount=0&newsCount=50&enableFuzzyQuery=false HTTP/1.1" 403 3369
2026-08-17 12:49:22 | DEBUG    | urllib3.connectionpool:291 | Resetting dropped connection: query1.finance.yahoo.com
2026-08-17 12:49:27 | DEBUG    | urllib3.connectionpool:475 | https://query1.finance.yahoo.com:443 "GET /v1/finance/search?q=MICRON&quotesCount=0&newsCount=50&enableFuzzyQuery=false HTTP/1.1" 403 3369
2026-08-17 12:49:29 | DEBUG    | urllib3.connectionpool:291 | Resetting dropped connection: query2.finance.yahoo.com
2026-08-17 12:49:31 | DEBUG    | urllib3.connectionpool:475 | https://query2.finance.yahoo.com:443 "GET /v1/finance/search?q=MICRON&quotesCount=0&newsCount=50&enableFuzzyQuery=false HTTP/1.1" 403 3369
2026-08-17 12:49:32 | DEBUG    | urllib3.connectionpool:291 | Resetting dropped connection: query1.finance.yahoo.com
2026-08-17 12:49:37 | DEBUG    | urllib3.connectionpool:475 | https://query1.finance.yahoo.com:443 "GET /v1/finance/search?q=MU&quotesCount=0&newsCount=50&enableFuzzyQuery=false HTTP/1.1" 403 3369
2026-08-17 12:49:37 | DEBUG    | urllib3.connectionpool:291 | Resetting dropped connection: query2.finance.yahoo.com
2026-08-17 12:49:39 | DEBUG    | urllib3.connectionpool:475 | https://query2.finance.yahoo.com:443 "GET /v1/finance/search?q=MU&quotesCount=0&newsCount=50&enableFuzzyQuery=false HTTP/1.1" 403 3369
2026-08-17 12:49:39 | DEBUG    | urllib3.connectionpool:291 | Resetting dropped connection: query1.finance.yahoo.com
2026-08-17 12:49:40 | DEBUG    | urllib3.connectionpool:475 | https://query1.finance.yahoo.com:443 "GET /v1/finance/search?q=SanDisk&quotesCount=0&newsCount=50&enableFuzzyQuery=false HTTP/1.1" 403 3369
2026-08-17 12:49:40 | DEBUG    | urllib3.connectionpool:291 | Resetting dropped connection: query2.finance.yahoo.com
2026-08-17 12:49:43 | DEBUG    | urllib3.connectionpool:475 | https://query2.finance.yahoo.com:443 "GET /v1/finance/search?q=SanDisk&quotesCount=0&newsCount=50&enableFuzzyQuery=false HTTP/1.1" 403 3369
2026-08-17 12:49:43 | DEBUG    | urllib3.connectionpool:291 | Resetting dropped connection: query1.finance.yahoo.com
2026-08-17 12:49:46 | DEBUG    | urllib3.connectionpool:475 | https://query1.finance.yahoo.com:443 "GET /v1/finance/search?q=SNDK&quotesCount=0&newsCount=50&enableFuzzyQuery=false HTTP/1.1" 403 3369
2026-08-17 12:49:46 | DEBUG    | urllib3.connectionpool:291 | Resetting dropped connection: query2.finance.yahoo.com
2026-08-17 12:49:49 | DEBUG    | urllib3.connectionpool:475 | https://query2.finance.yahoo.com:443 "GET /v1/finance/search?q=SNDK&quotesCount=0&newsCount=50&enableFuzzyQuery=false HTTP/1.1" 403 3369
2026-08-17 12:49:49 | DEBUG    | urllib3.connectionpool:291 | Resetting dropped connection: query1.finance.yahoo.com
2026-08-17 12:49:51 | DEBUG    | urllib3.connectionpool:475 | https://query1.finance.yahoo.com:443 "GET /v1/finance/search?q=INTEL&quotesCount=0&newsCount=50&enableFuzzyQuery=false HTTP/1.1" 403 3369
2026-08-17 12:49:52 | DEBUG    | urllib3.connectionpool:291 | Resetting dropped connection: query2.finance.yahoo.com
2026-08-17 12:49:54 | DEBUG    | urllib3.connectionpool:475 | https://query2.finance.yahoo.com:443 "GET /v1/finance/search?q=INTEL&quotesCount=0&newsCount=50&enableFuzzyQuery=false HTTP/1.1" 403 3369
2026-08-17 12:49:54 | DEBUG    | urllib3.connectionpool:291 | Resetting dropped connection: query1.finance.yahoo.com
2026-08-17 12:49:55 | DEBUG    | urllib3.connectionpool:475 | https://query1.finance.yahoo.com:443 "GET /v1/finance/search?q=INTC&quotesCount=0&newsCount=50&enableFuzzyQuery=false HTTP/1.1" 403 3369
2026-08-17 12:49:55 | DEBUG    | urllib3.connectionpool:291 | Resetting dropped connection: query2.finance.yahoo.com
2026-08-17 12:50:00 | DEBUG    | urllib3.connectionpool:291 | Resetting dropped connection: finance.yahoo.com
2026-08-17 12:50:02 | DEBUG    | urllib3.connectionpool:475 | https://finance.yahoo.com:443 "POST /xhr/ncp?queryRef=latestNews&serviceKey=ncp_fin HTTP/1.1" 403 3369
2026-08-17 12:50:02 | DEBUG    | urllib3.connectionpool:1022 | Starting new HTTPS connection (1): feeds.finance.yahoo.com:443
2026-08-17 12:50:04 | WARNING  | backpack_quant_trading.core.binance_monitor:143 | 币安行情 curl 兜底失败: Command '['curl', '-fsSL', '--max-time', '15', '-A', 'Mozilla/5.0', '-x', 'http://127.0.0.1:7891', 'https://fapi.binance.com/fapi/v1/klines?symbol=BTCUSDT&interval=1m&limit=2']' returned non-zero exit status 7.
2026-08-17 12:50:04 | DEBUG    | asyncio:631 | Using proactor: IocpProactor
2026-08-17 12:50:06 | WARNING  | backpack_quant_trading.core.binance_monitor:147 | 币安行情 aiohttp 兜底失败: Cannot connect to host 127.0.0.1:7891 ssl:False [远程计算机拒绝网络连接。]
2026-08-17 12:50:06 | DEBUG    | urllib3.connectionpool:1022 | Starting new HTTPS connection (1): fapi.binance.com:443
2026-08-17 12:50:07 | DEBUG    | urllib3.connectionpool:475 | https://feeds.finance.yahoo.com:443 "GET /rss/2.0/headline?s=NVIDIA&region=US&lang=en-US HTTP/1.1" 200 393
2026-08-17 12:50:07 | DEBUG    | urllib3.connectionpool:475 | https://feeds.finance.yahoo.com:443 "GET /rss/2.0/headline?s=NVDA&region=US&lang=en-US HTTP/1.1" 200 3397
2026-08-17 12:50:08 | DEBUG    | urllib3.connectionpool:475 | https://feeds.finance.yahoo.com:443 "GET /rss/2.0/headline?s=MICRON&region=US&lang=en-US HTTP/1.1" 200 394
2026-08-17 12:50:08 | ERROR    | backpack_quant_trading.core.binance_monitor:344 | 获取币安K线失败 futures BTCUSDT 1m: HTTPSConnectionPool(host='fapi.binance.com', port=443): Max retries exceeded with url: /fapi/v1/klines?symbol=BTCUSDT&interval=1m&limit=2 (Caused by ProxyError('Cannot connect to proxy.', NewConnectionError('<urllib3.connection.HTTPSConnection object at 0x000001435A4D6AD0>: Failed to establish a new connection: [WinError 10061] 由于目标计算机积极拒绝，无法连接。')))
2026-08-17 12:50:10 | DEBUG    | urllib3.connectionpool:475 | https://feeds.finance.yahoo.com:443 "GET /rss/2.0/headline?s=MU&region=US&lang=en-US HTTP/1.1" 200 2997
2026-08-17 12:50:10 | DEBUG    | backpack_quant_trading.core.stock_news_feeds:795 | [雅虎财经] 直连 Search 获取 25 条
2026-08-17 12:50:10 | INFO     | stock_news_alert:555 | 轮询完成 @ 2026-08-17 04:48:56 | 拉取 210 条 (金十数据=15, 同花顺=20, 东方财富=80, 新浪财经=30, 富途牛牛=40, 雅虎财经=25) | 已推送过 0 | 非最新 0 | 未命中关键词 199 | 非重要快讯 11 | 内容相似去重 0 | 新命中 0 | 待推送 0 | 雅虎搜索词: NVIDIA, NVDA, MICRON, MU, SanDisk, SNDK, INTEL, INTC
2026-08-17 12:50:12 | WARNING  | backpack_quant_trading.core.binance_monitor:143 | 币安行情 curl 兜底失败: Command '['curl', '-fsSL', '--max-time', '10', '-A', 'Mozilla/5.0', '-x', 'http://127.0.0.1:7891', 'https://fapi.binance.com/fapi/v1/depth?symbol=BTCUSDT&limit=50']' returned non-zero exit status 7.
2026-08-17 12:50:12 | DEBUG    | asyncio:631 | Using proactor: IocpProactor
2026-08-17 12:50:14 | WARNING  | backpack_quant_trading.core.binance_monitor:147 | 币安行情 aiohttp 兜底失败: Cannot connect to host 127.0.0.1:7891 ssl:False [远程计算机拒绝网络连接。]
2026-08-17 12:50:14 | DEBUG    | urllib3.connectionpool:1022 | Starting new HTTPS connection (1): fapi.binance.com:443
2026-08-17 12:50:16 | ERROR    | backpack_quant_trading.core.binance_monitor:364 | 获取币安深度失败 futures BTCUSDT: HTTPSConnectionPool(host='fapi.binance.com', port=443): Max retries exceeded with url: /fapi/v1/depth?symbol=BTCUSDT&limit=50 (Caused by ProxyError('Cannot connect to proxy.', NewConnectionError('<urllib3.connection.HTTPSConnection object at 0x000001435A4D5BD0>: Failed to establish a new connection: [WinError 10061] 由于目标计算机积极拒绝，无法连接。')))
2026-08-17 12:50:40 | DEBUG    | urllib3.connectionpool:1022 | Starting new HTTPS connection (1): flash-api.jin10.com:443
2026-08-17 12:50:41 | DEBUG    | urllib3.connectionpool:475 | https://flash-api.jin10.com:443 "GET /get_flash_list?channel=-8200&vip=1 HTTP/1.1" 200 None
2026-08-17 12:50:41 | DEBUG    | urllib3.connectionpool:1022 | Starting new HTTPS connection (1): news.10jqka.com.cn:443
2026-08-17 12:50:41 | DEBUG    | urllib3.connectionpool:475 | https://news.10jqka.com.cn:443 "GET /tapp/news/push/stock?page=1&tag=&track=website HTTP/1.1" 200 None
2026-08-17 12:50:41 | DEBUG    | urllib3.connectionpool:1022 | Starting new HTTPS connection (1): np-weblist.eastmoney.com:443
2026-08-17 12:50:42 | DEBUG    | urllib3.connectionpool:475 | https://np-weblist.eastmoney.com:443 "GET /comm/web/getFastNewsList?client=web&biz=web_724&fastColumn=102&sortEnd=&pageSize=80&req_trace=1710315450384 HTTP/1.1" 200 None
2026-08-17 12:50:42 | DEBUG    | urllib3.connectionpool:1022 | Starting new HTTPS connection (1): zhibo.sina.com.cn:443
2026-08-17 12:50:43 | DEBUG    | urllib3.connectionpool:475 | https://zhibo.sina.com.cn:443 "GET /api/zhibo/feed?page=1&page_size=30&zhibo_id=152&tag_id=0&dire=f&dpc=1&pagesize=30&type=1 HTTP/1.1" 200 None
2026-08-17 12:50:43 | DEBUG    | urllib3.connectionpool:1022 | Starting new HTTPS connection (1): news.futunn.com:443
2026-08-17 12:50:43 | DEBUG    | urllib3.connectionpool:475 | https://news.futunn.com:443 "GET /news-site-api/main/get-flash-list?pageSize=40 HTTP/1.1" 200 66926
2026-08-17 12:50:43 | DEBUG    | urllib3.connectionpool:1022 | Starting new HTTPS connection (1): finance.yahoo.com:443
2026-08-17 12:50:45 | DEBUG    | urllib3.connectionpool:475 | https://finance.yahoo.com:443 "GET / HTTP/1.1" 403 3369
2026-08-17 12:50:46 | DEBUG    | urllib3.connectionpool:1022 | Starting new HTTPS connection (1): query1.finance.yahoo.com:443
2026-08-17 12:50:48 | DEBUG    | urllib3.connectionpool:475 | https://query1.finance.yahoo.com:443 "GET /v1/finance/search?q=NVIDIA&quotesCount=0&newsCount=50&enableFuzzyQuery=false HTTP/1.1" 403 3369
2026-08-17 12:50:48 | DEBUG    | urllib3.connectionpool:1022 | Starting new HTTPS connection (1): query2.finance.yahoo.com:443
2026-08-17 12:50:51 | DEBUG    | urllib3.connectionpool:475 | https://query2.finance.yahoo.com:443 "GET /v1/finance/search?q=NVIDIA&quotesCount=0&newsCount=50&enableFuzzyQuery=false HTTP/1.1" 403 3369
2026-08-17 12:50:51 | DEBUG    | urllib3.connectionpool:291 | Resetting dropped connection: query1.finance.yahoo.com
2026-08-17 12:50:53 | DEBUG    | urllib3.connectionpool:475 | https://query1.finance.yahoo.com:443 "GET /v1/finance/search?q=NVDA&quotesCount=0&newsCount=50&enableFuzzyQuery=false HTTP/1.1" 403 3369
2026-08-17 12:50:56 | DEBUG    | urllib3.connectionpool:291 | Resetting dropped connection: query2.finance.yahoo.com
2026-08-17 12:50:58 | DEBUG    | urllib3.connectionpool:475 | https://query2.finance.yahoo.com:443 "GET /v1/finance/search?q=NVDA&quotesCount=0&newsCount=50&enableFuzzyQuery=false HTTP/1.1" 403 3369
2026-08-17 12:50:58 | DEBUG    | urllib3.connectionpool:291 | Resetting dropped connection: query1.finance.yahoo.com
2026-08-17 12:51:00 | DEBUG    | urllib3.connectionpool:475 | https://query1.finance.yahoo.com:443 "GET /v1/finance/search?q=MICRON&quotesCount=0&newsCount=50&enableFuzzyQuery=false HTTP/1.1" 403 3369
2026-08-17 12:51:00 | DEBUG    | urllib3.connectionpool:291 | Resetting dropped connection: query2.finance.yahoo.com
2026-08-17 12:51:02 | DEBUG    | urllib3.connectionpool:475 | https://query2.finance.yahoo.com:443 "GET /v1/finance/search?q=MICRON&quotesCount=0&newsCount=50&enableFuzzyQuery=false HTTP/1.1" 403 3369
2026-08-17 12:51:02 | DEBUG    | urllib3.connectionpool:291 | Resetting dropped connection: query1.finance.yahoo.com
2026-08-17 12:51:04 | DEBUG    | urllib3.connectionpool:475 | https://query1.finance.yahoo.com:443 "GET /v1/finance/search?q=MU&quotesCount=0&newsCount=50&enableFuzzyQuery=false HTTP/1.1" 403 3369
2026-08-17 12:51:04 | WARNING  | backpack_quant_trading.core.binance_monitor:143 | 币安行情 curl 兜底失败: Command '['curl', '-fsSL', '--max-time', '15', '-A', 'Mozilla/5.0', '-x', 'http://127.0.0.1:7891', 'https://fapi.binance.com/fapi/v1/klines?symbol=BTCUSDT&interval=1m&limit=2']' returned non-zero exit status 7.
2026-08-17 12:51:04 | DEBUG    | asyncio:631 | Using proactor: IocpProactor
2026-08-17 12:51:06 | WARNING  | backpack_quant_trading.core.binance_monitor:147 | 币安行情 aiohttp 兜底失败: Cannot connect to host 127.0.0.1:7891 ssl:False [远程计算机拒绝网络连接。]
2026-08-17 12:51:06 | DEBUG    | urllib3.connectionpool:1022 | Starting new HTTPS connection (1): fapi.binance.com:443
2026-08-17 12:51:08 | ERROR    | backpack_quant_trading.core.binance_monitor:344 | 获取币安K线失败 futures BTCUSDT 1m: HTTPSConnectionPool(host='fapi.binance.com', port=443): Max retries exceeded with url: /fapi/v1/klines?symbol=BTCUSDT&interval=1m&limit=2 (Caused by ProxyError('Cannot connect to proxy.', NewConnectionError('<urllib3.connection.HTTPSConnection object at 0x000001435A702210>: Failed to establish a new connection: [WinError 10061] 由于目标计算机积极拒绝，无法连接。')))
2026-08-17 12:51:08 | DEBUG    | urllib3.connectionpool:291 | Resetting dropped connection: query2.finance.yahoo.com
2026-08-17 12:51:09 | DEBUG    | urllib3.connectionpool:475 | https://query2.finance.yahoo.com:443 "GET /v1/finance/search?q=MU&quotesCount=0&newsCount=50&enableFuzzyQuery=false HTTP/1.1" 403 3369
2026-08-17 12:51:09 | DEBUG    | urllib3.connectionpool:291 | Resetting dropped connection: query1.finance.yahoo.com
2026-08-17 12:51:11 | DEBUG    | urllib3.connectionpool:475 | https://query1.finance.yahoo.com:443 "GET /v1/finance/search?q=SanDisk&quotesCount=0&newsCount=50&enableFuzzyQuery=false HTTP/1.1" 403 3369
2026-08-17 12:51:12 | WARNING  | backpack_quant_trading.core.binance_monitor:143 | 币安行情 curl 兜底失败: Command '['curl', '-fsSL', '--max-time', '10', '-A', 'Mozilla/5.0', '-x', 'http://127.0.0.1:7891', 'https://fapi.binance.com/fapi/v1/depth?symbol=BTCUSDT&limit=50']' returned non-zero exit status 7.
2026-08-17 12:51:12 | DEBUG    | asyncio:631 | Using proactor: IocpProactor
2026-08-17 12:51:14 | WARNING  | backpack_quant_trading.core.binance_monitor:147 | 币安行情 aiohttp 兜底失败: Cannot connect to host 127.0.0.1:7891 ssl:False [远程计算机拒绝网络连接。]
2026-08-17 12:51:14 | DEBUG    | urllib3.connectionpool:1022 | Starting new HTTPS connection (1): fapi.binance.com:443
2026-08-17 12:51:15 | DEBUG    | urllib3.connectionpool:291 | Resetting dropped connection: query2.finance.yahoo.com
2026-08-17 12:51:16 | ERROR    | backpack_quant_trading.core.binance_monitor:364 | 获取币安深度失败 futures BTCUSDT: HTTPSConnectionPool(host='fapi.binance.com', port=443): Max retries exceeded with url: /fapi/v1/depth?symbol=BTCUSDT&limit=50 (Caused by ProxyError('Cannot connect to proxy.', NewConnectionError('<urllib3.connection.HTTPSConnection object at 0x0000014358859590>: Failed to establish a new connection: [WinError 10061] 由于目标计算机积极拒绝，无法连接。')))
2026-08-17 12:51:20 | DEBUG    | urllib3.connectionpool:291 | Resetting dropped connection: query1.finance.yahoo.com
2026-08-17 12:51:24 | DEBUG    | urllib3.connectionpool:475 | https://query1.finance.yahoo.com:443 "GET /v1/finance/search?q=SNDK&quotesCount=0&newsCount=50&enableFuzzyQuery=false HTTP/1.1" 403 3369
2026-08-17 12:51:24 | DEBUG    | urllib3.connectionpool:1022 | Starting new HTTPS connection (2): query2.finance.yahoo.com:443
2026-08-17 12:51:25 | DEBUG    | urllib3.connectionpool:475 | https://query2.finance.yahoo.com:443 "GET /v1/finance/search?q=SNDK&quotesCount=0&newsCount=50&enableFuzzyQuery=false HTTP/1.1" 403 3369
2026-08-17 12:51:29 | DEBUG    | urllib3.connectionpool:291 | Resetting dropped connection: query1.finance.yahoo.com
2026-08-17 12:51:31 | DEBUG    | urllib3.connectionpool:475 | https://query1.finance.yahoo.com:443 "GET /v1/finance/search?q=INTEL&quotesCount=0&newsCount=50&enableFuzzyQuery=false HTTP/1.1" 403 3369
2026-08-17 12:51:31 | DEBUG    | urllib3.connectionpool:291 | Resetting dropped connection: query2.finance.yahoo.com
2026-08-17 12:51:34 | DEBUG    | urllib3.connectionpool:475 | https://query2.finance.yahoo.com:443 "GET /v1/finance/search?q=INTEL&quotesCount=0&newsCount=50&enableFuzzyQuery=false HTTP/1.1" 403 3369
2026-08-17 12:51:34 | DEBUG    | urllib3.connectionpool:291 | Resetting dropped connection: query1.finance.yahoo.com
2026-08-17 12:51:38 | DEBUG    | urllib3.connectionpool:475 | https://query1.finance.yahoo.com:443 "GET /v1/finance/search?q=INTC&quotesCount=0&newsCount=50&enableFuzzyQuery=false HTTP/1.1" 403 3369
2026-08-17 12:51:38 | DEBUG    | urllib3.connectionpool:291 | Resetting dropped connection: query2.finance.yahoo.com
2026-08-17 12:51:40 | DEBUG    | urllib3.connectionpool:475 | https://query2.finance.yahoo.com:443 "GET /v1/finance/search?q=INTC&quotesCount=0&newsCount=50&enableFuzzyQuery=false HTTP/1.1" 403 3369
2026-08-17 12:51:40 | DEBUG    | urllib3.connectionpool:291 | Resetting dropped connection: finance.yahoo.com
2026-08-17 12:51:46 | DEBUG    | urllib3.connectionpool:1022 | Starting new HTTPS connection (1): feeds.finance.yahoo.com:443
2026-08-17 12:51:48 | DEBUG    | urllib3.connectionpool:475 | https://feeds.finance.yahoo.com:443 "GET /rss/2.0/headline?s=NVIDIA&region=US&lang=en-US HTTP/1.1" 200 394
2026-08-17 12:51:48 | DEBUG    | urllib3.connectionpool:475 | https://feeds.finance.yahoo.com:443 "GET /rss/2.0/headline?s=NVDA&region=US&lang=en-US HTTP/1.1" 200 3399
2026-08-17 12:51:49 | DEBUG    | urllib3.connectionpool:475 | https://feeds.finance.yahoo.com:443 "GET /rss/2.0/headline?s=MICRON&region=US&lang=en-US HTTP/1.1" 200 394
2026-08-17 12:51:49 | DEBUG    | urllib3.connectionpool:475 | https://feeds.finance.yahoo.com:443 "GET /rss/2.0/headline?s=MU&region=US&lang=en-US HTTP/1.1" 200 2999
2026-08-17 12:51:49 | DEBUG    | backpack_quant_trading.core.stock_news_feeds:795 | [雅虎财经] 直连 Search 获取 25 条
2026-08-17 12:51:50 | INFO     | stock_news_alert:555 | 轮询完成 @ 2026-08-17 04:50:40 | 拉取 210 条 (金十数据=15, 同花顺=20, 东方财富=80, 新浪财经=30, 富途牛牛=40, 雅虎财经=25) | 已推送过 0 | 非最新 0 | 未命中关键词 200 | 非重要快讯 10 | 内容相似去重 0 | 新命中 0 | 待推送 0 | 雅虎搜索词: NVIDIA, NVDA, MICRON, MU, SanDisk, SNDK, INTEL, INTC
2026-08-17 12:52:04 | WARNING  | backpack_quant_trading.core.binance_monitor:143 | 币安行情 curl 兜底失败: Command '['curl', '-fsSL', '--max-time', '15', '-A', 'Mozilla/5.0', '-x', 'http://127.0.0.1:7891', 'https://fapi.binance.com/fapi/v1/klines?symbol=BTCUSDT&interval=1m&limit=2']' returned non-zero exit status 7.
2026-08-17 12:52:04 | DEBUG    | asyncio:631 | Using proactor: IocpProactor
2026-08-17 12:52:06 | WARNING  | backpack_quant_trading.core.binance_monitor:147 | 币安行情 aiohttp 兜底失败: Cannot connect to host 127.0.0.1:7891 ssl:False [远程计算机拒绝网络连接。]
2026-08-17 12:52:06 | DEBUG    | urllib3.connectionpool:1022 | Starting new HTTPS connection (1): fapi.binance.com:443
2026-08-17 12:52:08 | ERROR    | backpack_quant_trading.core.binance_monitor:344 | 获取币安K线失败 futures BTCUSDT 1m: HTTPSConnectionPool(host='fapi.binance.com', port=443): Max retries exceeded with url: /fapi/v1/klines?symbol=BTCUSDT&interval=1m&limit=2 (Caused by ProxyError('Cannot connect to proxy.', NewConnectionError('<urllib3.connection.HTTPSConnection object at 0x000001435A4D7B10>: Failed to establish a new connection: [WinError 10061] 由于目标计算机积极拒绝，无法连接。')))
2026-08-17 12:52:13 | WARNING  | backpack_quant_trading.core.binance_monitor:143 | 币安行情 curl 兜底失败: Command '['curl', '-fsSL', '--max-time', '10', '-A', 'Mozilla/5.0', '-x', 'http://127.0.0.1:7891', 'https://fapi.binance.com/fapi/v1/depth?symbol=BTCUSDT&limit=50']' returned non-zero exit status 7.
2026-08-17 12:52:13 | DEBUG    | asyncio:631 | Using proactor: IocpProactor
2026-08-17 12:52:15 | WARNING  | backpack_quant_trading.core.binance_monitor:147 | 币安行情 aiohttp 兜底失败: Cannot connect to host 127.0.0.1:7891 ssl:False [远程计算机拒绝网络连接。]
2026-08-17 12:52:15 | DEBUG    | urllib3.connectionpool:1022 | Starting new HTTPS connection (1): fapi.binance.com:443
2026-08-17 12:52:17 | ERROR    | backpack_quant_trading.core.binance_monitor:364 | 获取币安深度失败 futures BTCUSDT: HTTPSConnectionPool(host='fapi.binance.com', port=443): Max retries exceeded with url: /fapi/v1/depth?symbol=BTCUSDT&limit=50 (Caused by ProxyError('Cannot connect to proxy.', NewConnectionError('<urllib3.connection.HTTPSConnection object at 0x000001435A4D74D0>: Failed to establish a new connection: [WinError 10061] 由于目标计算机积极拒绝，无法连接。')))
2026-08-17 12:52:20 | DEBUG    | urllib3.connectionpool:1022 | Starting new HTTPS connection (1): flash-api.jin10.com:443
2026-08-17 12:52:20 | DEBUG    | urllib3.connectionpool:475 | https://flash-api.jin10.com:443 "GET /get_flash_list?channel=-8200&vip=1 HTTP/1.1" 200 None
2026-08-17 12:52:20 | DEBUG    | urllib3.connectionpool:1022 | Starting new HTTPS connection (1): news.10jqka.com.cn:443
2026-08-17 12:52:21 | DEBUG    | urllib3.connectionpool:475 | https://news.10jqka.com.cn:443 "GET /tapp/news/push/stock?page=1&tag=&track=website HTTP/1.1" 200 None
2026-08-17 12:52:21 | DEBUG    | urllib3.connectionpool:1022 | Starting new HTTPS connection (1): np-weblist.eastmoney.com:443
2026-08-17 12:52:22 | DEBUG    | urllib3.connectionpool:475 | https://np-weblist.eastmoney.com:443 "GET /comm/web/getFastNewsList?client=web&biz=web_724&fastColumn=102&sortEnd=&pageSize=80&req_trace=1710315450384 HTTP/1.1" 200 None
2026-08-17 12:52:22 | DEBUG    | urllib3.connectionpool:1022 | Starting new HTTPS connection (1): zhibo.sina.com.cn:443
2026-08-17 12:52:22 | DEBUG    | urllib3.connectionpool:475 | https://zhibo.sina.com.cn:443 "GET /api/zhibo/feed?page=1&page_size=30&zhibo_id=152&tag_id=0&dire=f&dpc=1&pagesize=30&type=1 HTTP/1.1" 200 None
2026-08-17 12:52:22 | DEBUG    | urllib3.connectionpool:1022 | Starting new HTTPS connection (1): news.futunn.com:443
2026-08-17 12:52:23 | DEBUG    | urllib3.connectionpool:475 | https://news.futunn.com:443 "GET /news-site-api/main/get-flash-list?pageSize=40 HTTP/1.1" 200 66926
2026-08-17 12:52:23 | DEBUG    | urllib3.connectionpool:1022 | Starting new HTTPS connection (1): finance.yahoo.com:443
2026-08-17 12:52:28 | DEBUG    | urllib3.connectionpool:475 | https://finance.yahoo.com:443 "GET / HTTP/1.1" 403 3369
2026-08-17 12:52:28 | DEBUG    | urllib3.connectionpool:1022 | Starting new HTTPS connection (1): query1.finance.yahoo.com:443
2026-08-17 12:52:30 | DEBUG    | urllib3.connectionpool:475 | https://query1.finance.yahoo.com:443 "GET /v1/finance/search?q=NVIDIA&quotesCount=0&newsCount=50&enableFuzzyQuery=false HTTP/1.1" 403 3369
2026-08-17 12:52:32 | DEBUG    | urllib3.connectionpool:1022 | Starting new HTTPS connection (1): query2.finance.yahoo.com:443
2026-08-17 12:52:34 | DEBUG    | urllib3.connectionpool:475 | https://query2.finance.yahoo.com:443 "GET /v1/finance/search?q=NVIDIA&quotesCount=0&newsCount=50&enableFuzzyQuery=false HTTP/1.1" 403 3369
2026-08-17 12:52:34 | DEBUG    | urllib3.connectionpool:291 | Resetting dropped connection: query1.finance.yahoo.com
2026-08-17 12:52:36 | DEBUG    | urllib3.connectionpool:475 | https://query1.finance.yahoo.com:443 "GET /v1/finance/search?q=NVDA&quotesCount=0&newsCount=50&enableFuzzyQuery=false HTTP/1.1" 403 3369
2026-08-17 12:52:36 | DEBUG    | urllib3.connectionpool:291 | Resetting dropped connection: query2.finance.yahoo.com
2026-08-17 12:52:39 | DEBUG    | urllib3.connectionpool:475 | https://query2.finance.yahoo.com:443 "GET /v1/finance/search?q=NVDA&quotesCount=0&newsCount=50&enableFuzzyQuery=false HTTP/1.1" 403 3369
2026-08-17 12:52:40 | DEBUG    | urllib3.connectionpool:291 | Resetting dropped connection: query1.finance.yahoo.com
2026-08-17 12:52:49 | DEBUG    | urllib3.connectionpool:475 | https://query1.finance.yahoo.com:443 "GET /v1/finance/search?q=MICRON&quotesCount=0&newsCount=50&enableFuzzyQuery=false HTTP/1.1" 403 3369
2026-08-17 12:52:49 | DEBUG    | urllib3.connectionpool:291 | Resetting dropped connection: query2.finance.yahoo.com
2026-08-17 12:52:51 | DEBUG    | urllib3.connectionpool:475 | https://query2.finance.yahoo.com:443 "GET /v1/finance/search?q=MICRON&quotesCount=0&newsCount=50&enableFuzzyQuery=false HTTP/1.1" 403 3369
2026-08-17 12:52:51 | DEBUG    | urllib3.connectionpool:291 | Resetting dropped connection: query1.finance.yahoo.com
2026-08-17 12:52:54 | DEBUG    | urllib3.connectionpool:475 | https://query1.finance.yahoo.com:443 "GET /v1/finance/search?q=MU&quotesCount=0&newsCount=50&enableFuzzyQuery=false HTTP/1.1" 403 3369
2026-08-17 12:52:54 | DEBUG    | urllib3.connectionpool:291 | Resetting dropped connection: query2.finance.yahoo.com
2026-08-17 12:52:56 | DEBUG    | urllib3.connectionpool:475 | https://query2.finance.yahoo.com:443 "GET /v1/finance/search?q=MU&quotesCount=0&newsCount=50&enableFuzzyQuery=false HTTP/1.1" 403 3369
2026-08-17 12:52:57 | DEBUG    | urllib3.connectionpool:291 | Resetting dropped connection: query1.finance.yahoo.com
2026-08-17 12:52:59 | DEBUG    | urllib3.connectionpool:475 | https://query1.finance.yahoo.com:443 "GET /v1/finance/search?q=SanDisk&quotesCount=0&newsCount=50&enableFuzzyQuery=false HTTP/1.1" 403 3369
2026-08-17 12:52:59 | DEBUG    | urllib3.connectionpool:291 | Resetting dropped connection: query2.finance.yahoo.com
2026-08-17 12:53:02 | DEBUG    | urllib3.connectionpool:475 | https://query2.finance.yahoo.com:443 "GET /v1/finance/search?q=SanDisk&quotesCount=0&newsCount=50&enableFuzzyQuery=false HTTP/1.1" 403 3369
2026-08-17 12:53:02 | DEBUG    | urllib3.connectionpool:291 | Resetting dropped connection: query1.finance.yahoo.com
2026-08-17 12:53:04 | WARNING  | backpack_quant_trading.core.binance_monitor:143 | 币安行情 curl 兜底失败: Command '['curl', '-fsSL', '--max-time', '15', '-A', 'Mozilla/5.0', '-x', 'http://127.0.0.1:7891', 'https://fapi.binance.com/fapi/v1/klines?symbol=BTCUSDT&interval=1m&limit=2']' returned non-zero exit status 7.
2026-08-17 12:53:04 | DEBUG    | asyncio:631 | Using proactor: IocpProactor
2026-08-17 12:53:04 | DEBUG    | urllib3.connectionpool:475 | https://query1.finance.yahoo.com:443 "GET /v1/finance/search?q=SNDK&quotesCount=0&newsCount=50&enableFuzzyQuery=false HTTP/1.1" 403 3369
2026-08-17 12:53:04 | DEBUG    | urllib3.connectionpool:291 | Resetting dropped connection: query2.finance.yahoo.com
2026-08-17 12:53:06 | DEBUG    | urllib3.connectionpool:475 | https://query2.finance.yahoo.com:443 "GET /v1/finance/search?q=SNDK&quotesCount=0&newsCount=50&enableFuzzyQuery=false HTTP/1.1" 403 3369
2026-08-17 12:53:06 | WARNING  | backpack_quant_trading.core.binance_monitor:147 | 币安行情 aiohttp 兜底失败: Cannot connect to host 127.0.0.1:7891 ssl:False [远程计算机拒绝网络连接。]
2026-08-17 12:53:06 | DEBUG    | urllib3.connectionpool:1022 | Starting new HTTPS connection (1): fapi.binance.com:443
2026-08-17 12:53:06 | DEBUG    | urllib3.connectionpool:291 | Resetting dropped connection: query1.finance.yahoo.com
2026-08-17 12:53:08 | ERROR    | backpack_quant_trading.core.binance_monitor:344 | 获取币安K线失败 futures BTCUSDT 1m: HTTPSConnectionPool(host='fapi.binance.com', port=443): Max retries exceeded with url: /fapi/v1/klines?symbol=BTCUSDT&interval=1m&limit=2 (Caused by ProxyError('Cannot connect to proxy.', NewConnectionError('<urllib3.connection.HTTPSConnection object at 0x000001435A4D5090>: Failed to establish a new connection: [WinError 10061] 由于目标计算机积极拒绝，无法连接。')))
2026-08-17 12:53:08 | DEBUG    | urllib3.connectionpool:475 | https://query1.finance.yahoo.com:443 "GET /v1/finance/search?q=INTEL&quotesCount=0&newsCount=50&enableFuzzyQuery=false HTTP/1.1" 403 3369
2026-08-17 12:53:08 | DEBUG    | urllib3.connectionpool:291 | Resetting dropped connection: query2.finance.yahoo.com
2026-08-17 12:53:10 | DEBUG    | urllib3.connectionpool:475 | https://query2.finance.yahoo.com:443 "GET /v1/finance/search?q=INTEL&quotesCount=0&newsCount=50&enableFuzzyQuery=false HTTP/1.1" 403 3369
2026-08-17 12:53:12 | WARNING  | backpack_quant_trading.core.binance_monitor:143 | 币安行情 curl 兜底失败: Command '['curl', '-fsSL', '--max-time', '10', '-A', 'Mozilla/5.0', '-x', 'http://127.0.0.1:7891', 'https://fapi.binance.com/fapi/v1/depth?symbol=BTCUSDT&limit=50']' returned non-zero exit status 7.
2026-08-17 12:53:12 | DEBUG    | asyncio:631 | Using proactor: IocpProactor
2026-08-17 12:53:14 | WARNING  | backpack_quant_trading.core.binance_monitor:147 | 币安行情 aiohttp 兜底失败: Cannot connect to host 127.0.0.1:7891 ssl:False [远程计算机拒绝网络连接。]
2026-08-17 12:53:14 | DEBUG    | urllib3.connectionpool:1022 | Starting new HTTPS connection (1): fapi.binance.com:443
2026-08-17 12:53:16 | ERROR    | backpack_quant_trading.core.binance_monitor:364 | 获取币安深度失败 futures BTCUSDT: HTTPSConnectionPool(host='fapi.binance.com', port=443): Max retries exceeded with url: /fapi/v1/depth?symbol=BTCUSDT&limit=50 (Caused by ProxyError('Cannot connect to proxy.', NewConnectionError('<urllib3.connection.HTTPSConnection object at 0x000001435A4D5F90>: Failed to establish a new connection: [WinError 10061] 由于目标计算机积极拒绝，无法连接。')))
2026-08-17 12:53:20 | DEBUG    | urllib3.connectionpool:291 | Resetting dropped connection: query1.finance.yahoo.com
2026-08-17 12:53:24 | DEBUG    | urllib3.connectionpool:475 | https://query1.finance.yahoo.com:443 "GET /v1/finance/search?q=INTC&quotesCount=0&newsCount=50&enableFuzzyQuery=false HTTP/1.1" 403 3369
2026-08-17 12:53:27 | DEBUG    | urllib3.connectionpool:291 | Resetting dropped connection: query2.finance.yahoo.com
2026-08-17 12:53:28 | DEBUG    | urllib3.connectionpool:475 | https://query2.finance.yahoo.com:443 "GET /v1/finance/search?q=INTC&quotesCount=0&newsCount=50&enableFuzzyQuery=false HTTP/1.1" 403 3369
2026-08-17 12:53:29 | DEBUG    | urllib3.connectionpool:291 | Resetting dropped connection: finance.yahoo.com
2026-08-17 12:53:30 | DEBUG    | urllib3.connectionpool:475 | https://finance.yahoo.com:443 "POST /xhr/ncp?queryRef=latestNews&serviceKey=ncp_fin HTTP/1.1" 403 3369
2026-08-17 12:53:30 | DEBUG    | urllib3.connectionpool:1022 | Starting new HTTPS connection (1): feeds.finance.yahoo.com:443
2026-08-17 12:53:36 | DEBUG    | urllib3.connectionpool:475 | https://feeds.finance.yahoo.com:443 "GET /rss/2.0/headline?s=NVIDIA&region=US&lang=en-US HTTP/1.1" 200 394
2026-08-17 12:53:37 | DEBUG    | urllib3.connectionpool:475 | https://feeds.finance.yahoo.com:443 "GET /rss/2.0/headline?s=NVDA&region=US&lang=en-US HTTP/1.1" 200 4746
2026-08-17 12:53:37 | DEBUG    | urllib3.connectionpool:475 | https://feeds.finance.yahoo.com:443 "GET /rss/2.0/headline?s=MICRON&region=US&lang=en-US HTTP/1.1" 200 394
2026-08-17 12:53:42 | DEBUG    | urllib3.connectionpool:475 | https://feeds.finance.yahoo.com:443 "GET /rss/2.0/headline?s=MU&region=US&lang=en-US HTTP/1.1" 200 2999
2026-08-17 12:53:42 | DEBUG    | backpack_quant_trading.core.stock_news_feeds:795 | [雅虎财经] 直连 Search 获取 30 条
2026-08-17 12:53:42 | INFO     | stock_news_alert:555 | 轮询完成 @ 2026-08-17 04:52:20 | 拉取 215 条 (金十数据=15, 同花顺=20, 东方财富=80, 新浪财经=30, 富途牛牛=40, 雅虎财经=30) | 已推送过 0 | 非最新 0 | 未命中关键词 204 | 非重要快讯 11 | 内容相似去重 0 | 新命中 0 | 待推送 0 | 雅虎搜索词: NVIDIA, NVDA, MICRON, MU, SanDisk, SNDK, INTEL, INTC
2026-08-17 12:54:04 | WARNING  | backpack_quant_trading.core.binance_monitor:143 | 币安行情 curl 兜底失败: Command '['curl', '-fsSL', '--max-time', '15', '-A', 'Mozilla/5.0', '-x', 'http://127.0.0.1:7891', 'https://fapi.binance.com/fapi/v1/klines?symbol=BTCUSDT&interval=1m&limit=2']' returned non-zero exit status 7.
2026-08-17 12:54:04 | DEBUG    | asyncio:631 | Using proactor: IocpProactor
2026-08-17 12:54:06 | WARNING  | backpack_quant_trading.core.binance_monitor:147 | 币安行情 aiohttp 兜底失败: Cannot connect to host 127.0.0.1:7891 ssl:False [远程计算机拒绝网络连接。]
2026-08-17 12:54:06 | DEBUG    | urllib3.connectionpool:1022 | Starting new HTTPS connection (1): fapi.binance.com:443
2026-08-17 12:54:08 | ERROR    | backpack_quant_trading.core.binance_monitor:344 | 获取币安K线失败 futures BTCUSDT 1m: HTTPSConnectionPool(host='fapi.binance.com', port=443): Max retries exceeded with url: /fapi/v1/klines?symbol=BTCUSDT&interval=1m&limit=2 (Caused by ProxyError('Cannot connect to proxy.', NewConnectionError('<urllib3.connection.HTTPSConnection object at 0x000001435A702210>: Failed to establish a new connection: [WinError 10061] 由于目标计算机积极拒绝，无法连接。')))
2026-08-17 12:54:12 | WARNING  | backpack_quant_trading.core.binance_monitor:143 | 币安行情 curl 兜底失败: Command '['curl', '-fsSL', '--max-time', '10', '-A', 'Mozilla/5.0', '-x', 'http://127.0.0.1:7891', 'https://fapi.binance.com/fapi/v1/depth?symbol=BTCUSDT&limit=50']' returned non-zero exit status 7.
2026-08-17 12:54:12 | DEBUG    | asyncio:631 | Using proactor: IocpProactor
2026-08-17 12:54:12 | DEBUG    | urllib3.connectionpool:1022 | Starting new HTTPS connection (1): flash-api.jin10.com:443
2026-08-17 12:54:13 | DEBUG    | urllib3.connectionpool:475 | https://flash-api.jin10.com:443 "GET /get_flash_list?channel=-8200&vip=1 HTTP/1.1" 200 None
2026-08-17 12:54:13 | DEBUG    | urllib3.connectionpool:1022 | Starting new HTTPS connection (1): news.10jqka.com.cn:443
2026-08-17 12:54:13 | DEBUG    | urllib3.connectionpool:475 | https://news.10jqka.com.cn:443 "GET /tapp/news/push/stock?page=1&tag=&track=website HTTP/1.1" 200 None
2026-08-17 12:54:13 | DEBUG    | urllib3.connectionpool:1022 | Starting new HTTPS connection (1): np-weblist.eastmoney.com:443
2026-08-17 12:54:14 | DEBUG    | urllib3.connectionpool:475 | https://np-weblist.eastmoney.com:443 "GET /comm/web/getFastNewsList?client=web&biz=web_724&fastColumn=102&sortEnd=&pageSize=80&req_trace=1710315450384 HTTP/1.1" 200 None
2026-08-17 12:54:14 | DEBUG    | urllib3.connectionpool:1022 | Starting new HTTPS connection (1): zhibo.sina.com.cn:443
2026-08-17 12:54:14 | WARNING  | backpack_quant_trading.core.binance_monitor:147 | 币安行情 aiohttp 兜底失败: Cannot connect to host 127.0.0.1:7891 ssl:False [远程计算机拒绝网络连接。]
2026-08-17 12:54:14 | DEBUG    | urllib3.connectionpool:1022 | Starting new HTTPS connection (1): fapi.binance.com:443
2026-08-17 12:54:14 | DEBUG    | urllib3.connectionpool:475 | https://zhibo.sina.com.cn:443 "GET /api/zhibo/feed?page=1&page_size=30&zhibo_id=152&tag_id=0&dire=f&dpc=1&pagesize=30&type=1 HTTP/1.1" 200 None
2026-08-17 12:54:14 | DEBUG    | urllib3.connectionpool:1022 | Starting new HTTPS connection (1): news.futunn.com:443
2026-08-17 12:54:15 | DEBUG    | urllib3.connectionpool:475 | https://news.futunn.com:443 "GET /news-site-api/main/get-flash-list?pageSize=40 HTTP/1.1" 200 66926
2026-08-17 12:54:16 | DEBUG    | urllib3.connectionpool:1022 | Starting new HTTPS connection (1): finance.yahoo.com:443
2026-08-17 12:54:16 | ERROR    | backpack_quant_trading.core.binance_monitor:364 | 获取币安深度失败 futures BTCUSDT: HTTPSConnectionPool(host='fapi.binance.com', port=443): Max retries exceeded with url: /fapi/v1/depth?symbol=BTCUSDT&limit=50 (Caused by ProxyError('Cannot connect to proxy.', NewConnectionError('<urllib3.connection.HTTPSConnection object at 0x000001435885AFD0>: Failed to establish a new connection: [WinError 10061] 由于目标计算机积极拒绝，无法连接。')))
2026-08-17 12:54:18 | DEBUG    | urllib3.connectionpool:475 | https://finance.yahoo.com:443 "GET / HTTP/1.1" 403 3369
2026-08-17 12:54:18 | DEBUG    | urllib3.connectionpool:1022 | Starting new HTTPS connection (1): query1.finance.yahoo.com:443
2026-08-17 12:54:19 | DEBUG    | urllib3.connectionpool:475 | https://query1.finance.yahoo.com:443 "GET /v1/finance/search?q=NVIDIA&quotesCount=0&newsCount=50&enableFuzzyQuery=false HTTP/1.1" 403 3369
2026-08-17 12:54:19 | DEBUG    | urllib3.connectionpool:1022 | Starting new HTTPS connection (1): query2.finance.yahoo.com:443
2026-08-17 12:54:21 | DEBUG    | urllib3.connectionpool:475 | https://query2.finance.yahoo.com:443 "GET /v1/finance/search?q=NVIDIA&quotesCount=0&newsCount=50&enableFuzzyQuery=false HTTP/1.1" 403 3369
2026-08-17 12:54:21 | DEBUG    | urllib3.connectionpool:291 | Resetting dropped connection: query1.finance.yahoo.com
2026-08-17 12:54:22 | DEBUG    | urllib3.connectionpool:475 | https://query1.finance.yahoo.com:443 "GET /v1/finance/search?q=NVDA&quotesCount=0&newsCount=50&enableFuzzyQuery=false HTTP/1.1" 403 3369
2026-08-17 12:54:22 | DEBUG    | urllib3.connectionpool:291 | Resetting dropped connection: query2.finance.yahoo.com
2026-08-17 12:54:24 | DEBUG    | urllib3.connectionpool:475 | https://query2.finance.yahoo.com:443 "GET /v1/finance/search?q=NVDA&quotesCount=0&newsCount=50&enableFuzzyQuery=false HTTP/1.1" 403 3369
2026-08-17 12:54:25 | DEBUG    | urllib3.connectionpool:291 | Resetting dropped connection: query1.finance.yahoo.com
2026-08-17 12:54:30 | DEBUG    | urllib3.connectionpool:291 | Resetting dropped connection: query2.finance.yahoo.com
2026-08-17 12:54:32 | DEBUG    | urllib3.connectionpool:475 | https://query2.finance.yahoo.com:443 "GET /v1/finance/search?q=MICRON&quotesCount=0&newsCount=50&enableFuzzyQuery=false HTTP/1.1" 403 3369
2026-08-17 12:54:34 | DEBUG    | urllib3.connectionpool:1022 | Starting new HTTPS connection (2): query1.finance.yahoo.com:443
2026-08-17 12:54:36 | DEBUG    | urllib3.connectionpool:475 | https://query1.finance.yahoo.com:443 "GET /v1/finance/search?q=MU&quotesCount=0&newsCount=50&enableFuzzyQuery=false HTTP/1.1" 403 3369
2026-08-17 12:54:36 | DEBUG    | urllib3.connectionpool:291 | Resetting dropped connection: query2.finance.yahoo.com
2026-08-17 12:54:39 | DEBUG    | urllib3.connectionpool:475 | https://query2.finance.yahoo.com:443 "GET /v1/finance/search?q=MU&quotesCount=0&newsCount=50&enableFuzzyQuery=false HTTP/1.1" 403 3369
2026-08-17 12:54:40 | DEBUG    | urllib3.connectionpool:291 | Resetting dropped connection: query1.finance.yahoo.com
2026-08-17 12:54:42 | DEBUG    | urllib3.connectionpool:475 | https://query1.finance.yahoo.com:443 "GET /v1/finance/search?q=SanDisk&quotesCount=0&newsCount=50&enableFuzzyQuery=false HTTP/1.1" 403 3369
2026-08-17 12:54:42 | DEBUG    | urllib3.connectionpool:291 | Resetting dropped connection: query2.finance.yahoo.com
2026-08-17 12:54:44 | DEBUG    | urllib3.connectionpool:475 | https://query2.finance.yahoo.com:443 "GET /v1/finance/search?q=SanDisk&quotesCount=0&newsCount=50&enableFuzzyQuery=false HTTP/1.1" 403 3369
2026-08-17 12:54:44 | DEBUG    | urllib3.connectionpool:291 | Resetting dropped connection: query1.finance.yahoo.com
2026-08-17 12:54:46 | DEBUG    | urllib3.connectionpool:475 | https://query1.finance.yahoo.com:443 "GET /v1/finance/search?q=SNDK&quotesCount=0&newsCount=50&enableFuzzyQuery=false HTTP/1.1" 403 3369
2026-08-17 12:54:46 | DEBUG    | urllib3.connectionpool:291 | Resetting dropped connection: query2.finance.yahoo.com
2026-08-17 12:54:48 | DEBUG    | urllib3.connectionpool:475 | https://query2.finance.yahoo.com:443 "GET /v1/finance/search?q=SNDK&quotesCount=0&newsCount=50&enableFuzzyQuery=false HTTP/1.1" 403 3369
2026-08-17 12:54:48 | DEBUG    | urllib3.connectionpool:291 | Resetting dropped connection: query1.finance.yahoo.com
2026-08-17 12:54:50 | DEBUG    | urllib3.connectionpool:475 | https://query1.finance.yahoo.com:443 "GET /v1/finance/search?q=INTEL&quotesCount=0&newsCount=50&enableFuzzyQuery=false HTTP/1.1" 403 3369
2026-08-17 12:54:50 | DEBUG    | urllib3.connectionpool:291 | Resetting dropped connection: query2.finance.yahoo.com
2026-08-17 12:54:56 | DEBUG    | urllib3.connectionpool:475 | https://query2.finance.yahoo.com:443 "GET /v1/finance/search?q=INTEL&quotesCount=0&newsCount=50&enableFuzzyQuery=false HTTP/1.1" 403 3369
2026-08-17 12:54:57 | DEBUG    | urllib3.connectionpool:291 | Resetting dropped connection: query1.finance.yahoo.com
2026-08-17 12:54:59 | DEBUG    | urllib3.connectionpool:475 | https://query1.finance.yahoo.com:443 "GET /v1/finance/search?q=INTC&quotesCount=0&newsCount=50&enableFuzzyQuery=false HTTP/1.1" 403 3369
2026-08-17 12:54:59 | DEBUG    | urllib3.connectionpool:291 | Resetting dropped connection: query2.finance.yahoo.com
2026-08-17 12:55:00 | DEBUG    | urllib3.connectionpool:475 | https://query2.finance.yahoo.com:443 "GET /v1/finance/search?q=INTC&quotesCount=0&newsCount=50&enableFuzzyQuery=false HTTP/1.1" 403 3369
2026-08-17 12:55:00 | DEBUG    | urllib3.connectionpool:291 | Resetting dropped connection: finance.yahoo.com
2026-08-17 12:55:02 | DEBUG    | urllib3.connectionpool:475 | https://finance.yahoo.com:443 "POST /xhr/ncp?queryRef=latestNews&serviceKey=ncp_fin HTTP/1.1" 403 3369
2026-08-17 12:55:02 | DEBUG    | urllib3.connectionpool:1022 | Starting new HTTPS connection (1): feeds.finance.yahoo.com:443
2026-08-17 12:55:04 | DEBUG    | urllib3.connectionpool:475 | https://feeds.finance.yahoo.com:443 "GET /rss/2.0/headline?s=NVIDIA&region=US&lang=en-US HTTP/1.1" 200 394
2026-08-17 12:55:04 | WARNING  | backpack_quant_trading.core.binance_monitor:143 | 币安行情 curl 兜底失败: Command '['curl', '-fsSL', '--max-time', '15', '-A', 'Mozilla/5.0', '-x', 'http://127.0.0.1:7891', 'https://fapi.binance.com/fapi/v1/klines?symbol=BTCUSDT&interval=1m&limit=2']' returned non-zero exit status 7.
2026-08-17 12:55:04 | DEBUG    | asyncio:631 | Using proactor: IocpProactor
2026-08-17 12:55:06 | WARNING  | backpack_quant_trading.core.binance_monitor:147 | 币安行情 aiohttp 兜底失败: Cannot connect to host 127.0.0.1:7891 ssl:False [远程计算机拒绝网络连接。]
2026-08-17 12:55:06 | DEBUG    | urllib3.connectionpool:1022 | Starting new HTTPS connection (1): fapi.binance.com:443
2026-08-17 12:55:06 | DEBUG    | urllib3.connectionpool:475 | https://feeds.finance.yahoo.com:443 "GET /rss/2.0/headline?s=NVDA&region=US&lang=en-US HTTP/1.1" 200 3399
2026-08-17 12:55:07 | DEBUG    | urllib3.connectionpool:475 | https://feeds.finance.yahoo.com:443 "GET /rss/2.0/headline?s=MICRON&region=US&lang=en-US HTTP/1.1" 200 394
2026-08-17 12:55:08 | DEBUG    | urllib3.connectionpool:475 | https://feeds.finance.yahoo.com:443 "GET /rss/2.0/headline?s=MU&region=US&lang=en-US HTTP/1.1" 200 2999
2026-08-17 12:55:08 | DEBUG    | backpack_quant_trading.core.stock_news_feeds:795 | [雅虎财经] 直连 Search 获取 25 条
2026-08-17 12:55:08 | INFO     | stock_news_alert:555 | 轮询完成 @ 2026-08-17 04:54:12 | 拉取 210 条 (金十数据=15, 同花顺=20, 东方财富=80, 新浪财经=30, 富途牛牛=40, 雅虎财经=25) | 已推送过 0 | 非最新 0 | 未命中关键词 200 | 非重要快讯 10 | 内容相似去重 0 | 新命中 0 | 待推送 0 | 雅虎搜索词: NVIDIA, NVDA, MICRON, MU, SanDisk, SNDK, INTEL, INTC
2026-08-17 12:55:08 | ERROR    | backpack_quant_trading.core.binance_monitor:344 | 获取币安K线失败 futures BTCUSDT 1m: HTTPSConnectionPool(host='fapi.binance.com', port=443): Max retries exceeded with url: /fapi/v1/klines?symbol=BTCUSDT&interval=1m&limit=2 (Caused by ProxyError('Cannot connect to proxy.', NewConnectionError('<urllib3.connection.HTTPSConnection object at 0x000001435A4D51D0>: Failed to establish a new connection: [WinError 10061] 由于目标计算机积极拒绝，无法连接。')))
2026-08-17 12:55:12 | WARNING  | backpack_quant_trading.core.binance_monitor:143 | 币安行情 curl 兜底失败: Command '['curl', '-fsSL', '--max-time', '10', '-A', 'Mozilla/5.0', '-x', 'http://127.0.0.1:7891', 'https://fapi.binance.com/fapi/v1/depth?symbol=BTCUSDT&limit=50']' returned non-zero exit status 7.
2026-08-17 12:55:12 | DEBUG    | asyncio:631 | Using proactor: IocpProactor
2026-08-17 12:55:14 | WARNING  | backpack_quant_trading.core.binance_monitor:147 | 币安行情 aiohttp 兜底失败: Cannot connect to host 127.0.0.1:7891 ssl:False [远程计算机拒绝网络连接。]
2026-08-17 12:55:14 | DEBUG    | urllib3.connectionpool:1022 | Starting new HTTPS connection (1): fapi.binance.com:443
2026-08-17 12:55:16 | ERROR    | backpack_quant_trading.core.binance_monitor:364 | 获取币安深度失败 futures BTCUSDT: HTTPSConnectionPool(host='fapi.binance.com', port=443): Max retries exceeded with url: /fapi/v1/depth?symbol=BTCUSDT&limit=50 (Caused by ProxyError('Cannot connect to proxy.', NewConnectionError('<urllib3.connection.HTTPSConnection object at 0x000001435A4D56D0>: Failed to establish a new connection: [WinError 10061] 由于目标计算机积极拒绝，无法连接。')))
2026-08-17 12:55:38 | DEBUG    | urllib3.connectionpool:1022 | Starting new HTTPS connection (1): flash-api.jin10.com:443
2026-08-17 12:55:38 | DEBUG    | urllib3.connectionpool:475 | https://flash-api.jin10.com:443 "GET /get_flash_list?channel=-8200&vip=1 HTTP/1.1" 200 None
2026-08-17 12:55:38 | DEBUG    | urllib3.connectionpool:1022 | Starting new HTTPS connection (1): news.10jqka.com.cn:443
2026-08-17 12:55:39 | DEBUG    | urllib3.connectionpool:475 | https://news.10jqka.com.cn:443 "GET /tapp/news/push/stock?page=1&tag=&track=website HTTP/1.1" 200 None
2026-08-17 12:55:39 | DEBUG    | urllib3.connectionpool:1022 | Starting new HTTPS connection (1): np-weblist.eastmoney.com:443
2026-08-17 12:55:40 | DEBUG    | urllib3.connectionpool:475 | https://np-weblist.eastmoney.com:443 "GET /comm/web/getFastNewsList?client=web&biz=web_724&fastColumn=102&sortEnd=&pageSize=80&req_trace=1710315450384 HTTP/1.1" 200 None
2026-08-17 12:55:40 | DEBUG    | urllib3.connectionpool:1022 | Starting new HTTPS connection (1): zhibo.sina.com.cn:443
2026-08-17 12:55:41 | DEBUG    | urllib3.connectionpool:475 | https://zhibo.sina.com.cn:443 "GET /api/zhibo/feed?page=1&page_size=30&zhibo_id=152&tag_id=0&dire=f&dpc=1&pagesize=30&type=1 HTTP/1.1" 200 None
2026-08-17 12:55:41 | DEBUG    | urllib3.connectionpool:1022 | Starting new HTTPS connection (1): news.futunn.com:443
2026-08-17 12:55:41 | DEBUG    | urllib3.connectionpool:475 | https://news.futunn.com:443 "GET /news-site-api/main/get-flash-list?pageSize=40 HTTP/1.1" 200 66926
2026-08-17 12:55:41 | DEBUG    | urllib3.connectionpool:1022 | Starting new HTTPS connection (1): finance.yahoo.com:443
2026-08-17 12:55:45 | DEBUG    | urllib3.connectionpool:475 | https://finance.yahoo.com:443 "GET / HTTP/1.1" 403 3369
2026-08-17 12:55:45 | DEBUG    | urllib3.connectionpool:1022 | Starting new HTTPS connection (1): query1.finance.yahoo.com:443
2026-08-17 12:55:48 | DEBUG    | urllib3.connectionpool:475 | https://query1.finance.yahoo.com:443 "GET /v1/finance/search?q=NVIDIA&quotesCount=0&newsCount=50&enableFuzzyQuery=false HTTP/1.1" 403 3369
2026-08-17 12:55:48 | DEBUG    | urllib3.connectionpool:1022 | Starting new HTTPS connection (1): query2.finance.yahoo.com:443
2026-08-17 12:55:52 | DEBUG    | urllib3.connectionpool:475 | https://query2.finance.yahoo.com:443 "GET /v1/finance/search?q=NVIDIA&quotesCount=0&newsCount=50&enableFuzzyQuery=false HTTP/1.1" 403 3369
2026-08-17 12:55:53 | DEBUG    | urllib3.connectionpool:291 | Resetting dropped connection: query1.finance.yahoo.com
2026-08-17 12:55:57 | DEBUG    | urllib3.connectionpool:475 | https://query1.finance.yahoo.com:443 "GET /v1/finance/search?q=NVDA&quotesCount=0&newsCount=50&enableFuzzyQuery=false HTTP/1.1" 403 3369
2026-08-17 12:55:57 | DEBUG    | urllib3.connectionpool:291 | Resetting dropped connection: query2.finance.yahoo.com
2026-08-17 12:55:59 | DEBUG    | urllib3.connectionpool:475 | https://query2.finance.yahoo.com:443 "GET /v1/finance/search?q=NVDA&quotesCount=0&newsCount=50&enableFuzzyQuery=false HTTP/1.1" 403 3369
2026-08-17 12:56:00 | DEBUG    | urllib3.connectionpool:291 | Resetting dropped connection: query1.finance.yahoo.com
2026-08-17 12:56:02 | DEBUG    | urllib3.connectionpool:475 | https://query1.finance.yahoo.com:443 "GET /v1/finance/search?q=MICRON&quotesCount=0&newsCount=50&enableFuzzyQuery=false HTTP/1.1" 403 3369
2026-08-17 12:56:04 | DEBUG    | urllib3.connectionpool:291 | Resetting dropped connection: query2.finance.yahoo.com
2026-08-17 12:56:04 | WARNING  | backpack_quant_trading.core.binance_monitor:143 | 币安行情 curl 兜底失败: Command '['curl', '-fsSL', '--max-time', '15', '-A', 'Mozilla/5.0', '-x', 'http://127.0.0.1:7891', 'https://fapi.binance.com/fapi/v1/klines?symbol=BTCUSDT&interval=1m&limit=2']' returned non-zero exit status 7.
2026-08-17 12:56:04 | DEBUG    | asyncio:631 | Using proactor: IocpProactor
2026-08-17 12:56:06 | WARNING  | backpack_quant_trading.core.binance_monitor:147 | 币安行情 aiohttp 兜底失败: Cannot connect to host 127.0.0.1:7891 ssl:False [远程计算机拒绝网络连接。]
2026-08-17 12:56:06 | DEBUG    | urllib3.connectionpool:1022 | Starting new HTTPS connection (1): fapi.binance.com:443
2026-08-17 12:56:08 | ERROR    | backpack_quant_trading.core.binance_monitor:344 | 获取币安K线失败 futures BTCUSDT 1m: HTTPSConnectionPool(host='fapi.binance.com', port=443): Max retries exceeded with url: /fapi/v1/klines?symbol=BTCUSDT&interval=1m&limit=2 (Caused by ProxyError('Cannot connect to proxy.', NewConnectionError('<urllib3.connection.HTTPSConnection object at 0x000001435A4D6990>: Failed to establish a new connection: [WinError 10061] 由于目标计算机积极拒绝，无法连接。')))
2026-08-17 12:56:09 | DEBUG    | urllib3.connectionpool:475 | https://query2.finance.yahoo.com:443 "GET /v1/finance/search?q=MICRON&quotesCount=0&newsCount=50&enableFuzzyQuery=false HTTP/1.1" 403 3369
2026-08-17 12:56:09 | DEBUG    | urllib3.connectionpool:291 | Resetting dropped connection: query1.finance.yahoo.com
2026-08-17 12:56:11 | DEBUG    | urllib3.connectionpool:475 | https://query1.finance.yahoo.com:443 "GET /v1/finance/search?q=MU&quotesCount=0&newsCount=50&enableFuzzyQuery=false HTTP/1.1" 403 3369
2026-08-17 12:56:11 | DEBUG    | urllib3.connectionpool:291 | Resetting dropped connection: query2.finance.yahoo.com
2026-08-17 12:56:12 | WARNING  | backpack_quant_trading.core.binance_monitor:143 | 币安行情 curl 兜底失败: Command '['curl', '-fsSL', '--max-time', '10', '-A', 'Mozilla/5.0', '-x', 'http://127.0.0.1:7891', 'https://fapi.binance.com/fapi/v1/depth?symbol=BTCUSDT&limit=50']' returned non-zero exit status 7.
2026-08-17 12:56:12 | DEBUG    | asyncio:631 | Using proactor: IocpProactor
2026-08-17 12:56:13 | DEBUG    | urllib3.connectionpool:475 | https://query2.finance.yahoo.com:443 "GET /v1/finance/search?q=MU&quotesCount=0&newsCount=50&enableFuzzyQuery=false HTTP/1.1" 403 3369
2026-08-17 12:56:14 | DEBUG    | urllib3.connectionpool:291 | Resetting dropped connection: query1.finance.yahoo.com
2026-08-17 12:56:15 | WARNING  | backpack_quant_trading.core.binance_monitor:147 | 币安行情 aiohttp 兜底失败: Cannot connect to host 127.0.0.1:7891 ssl:False [远程计算机拒绝网络连接。]
2026-08-17 12:56:15 | DEBUG    | urllib3.connectionpool:1022 | Starting new HTTPS connection (1): fapi.binance.com:443
2026-08-17 12:56:17 | ERROR    | backpack_quant_trading.core.binance_monitor:364 | 获取币安深度失败 futures BTCUSDT: HTTPSConnectionPool(host='fapi.binance.com', port=443): Max retries exceeded with url: /fapi/v1/depth?symbol=BTCUSDT&limit=50 (Caused by ProxyError('Cannot connect to proxy.', NewConnectionError('<urllib3.connection.HTTPSConnection object at 0x000001435A4D6C10>: Failed to establish a new connection: [WinError 10061] 由于目标计算机积极拒绝，无法连接。')))
2026-08-17 12:56:18 | DEBUG    | urllib3.connectionpool:475 | https://query1.finance.yahoo.com:443 "GET /v1/finance/search?q=SanDisk&quotesCount=0&newsCount=50&enableFuzzyQuery=false HTTP/1.1" 403 3369
2026-08-17 12:56:18 | DEBUG    | urllib3.connectionpool:291 | Resetting dropped connection: query2.finance.yahoo.com
2026-08-17 12:56:21 | DEBUG    | urllib3.connectionpool:475 | https://query2.finance.yahoo.com:443 "GET /v1/finance/search?q=SanDisk&quotesCount=0&newsCount=50&enableFuzzyQuery=false HTTP/1.1" 403 3369
2026-08-17 12:56:21 | DEBUG    | urllib3.connectionpool:291 | Resetting dropped connection: query1.finance.yahoo.com
2026-08-17 12:56:26 | DEBUG    | urllib3.connectionpool:475 | https://query1.finance.yahoo.com:443 "GET /v1/finance/search?q=SNDK&quotesCount=0&newsCount=50&enableFuzzyQuery=false HTTP/1.1" 403 3369
2026-08-17 12:56:26 | DEBUG    | urllib3.connectionpool:291 | Resetting dropped connection: query2.finance.yahoo.com
2026-08-17 12:56:27 | DEBUG    | urllib3.connectionpool:475 | https://query2.finance.yahoo.com:443 "GET /v1/finance/search?q=SNDK&quotesCount=0&newsCount=50&enableFuzzyQuery=false HTTP/1.1" 403 3369
2026-08-17 12:56:28 | DEBUG    | urllib3.connectionpool:291 | Resetting dropped connection: query1.finance.yahoo.com
2026-08-17 12:56:30 | DEBUG    | urllib3.connectionpool:475 | https://query1.finance.yahoo.com:443 "GET /v1/finance/search?q=INTEL&quotesCount=0&newsCount=50&enableFuzzyQuery=false HTTP/1.1" 403 3369
2026-08-17 12:56:30 | DEBUG    | urllib3.connectionpool:291 | Resetting dropped connection: query2.finance.yahoo.com
2026-08-17 12:56:32 | DEBUG    | urllib3.connectionpool:475 | https://query2.finance.yahoo.com:443 "GET /v1/finance/search?q=INTEL&quotesCount=0&newsCount=50&enableFuzzyQuery=false HTTP/1.1" 403 3369
2026-08-17 12:56:32 | DEBUG    | urllib3.connectionpool:291 | Resetting dropped connection: query1.finance.yahoo.com
2026-08-17 12:56:34 | DEBUG    | urllib3.connectionpool:475 | https://query1.finance.yahoo.com:443 "GET /v1/finance/search?q=INTC&quotesCount=0&newsCount=50&enableFuzzyQuery=false HTTP/1.1" 403 3369
2026-08-17 12:56:43 | DEBUG    | urllib3.connectionpool:291 | Resetting dropped connection: query2.finance.yahoo.com
2026-08-17 12:56:45 | DEBUG    | urllib3.connectionpool:475 | https://query2.finance.yahoo.com:443 "GET /v1/finance/search?q=INTC&quotesCount=0&newsCount=50&enableFuzzyQuery=false HTTP/1.1" 403 3369
2026-08-17 12:56:47 | DEBUG    | urllib3.connectionpool:291 | Resetting dropped connection: finance.yahoo.com
2026-08-17 12:56:49 | DEBUG    | urllib3.connectionpool:475 | https://finance.yahoo.com:443 "POST /xhr/ncp?queryRef=latestNews&serviceKey=ncp_fin HTTP/1.1" 403 3369
2026-08-17 12:56:50 | DEBUG    | urllib3.connectionpool:1022 | Starting new HTTPS connection (1): feeds.finance.yahoo.com:443
2026-08-17 12:56:52 | DEBUG    | urllib3.connectionpool:475 | https://feeds.finance.yahoo.com:443 "GET /rss/2.0/headline?s=NVIDIA&region=US&lang=en-US HTTP/1.1" 200 394
2026-08-17 12:56:53 | DEBUG    | urllib3.connectionpool:475 | https://feeds.finance.yahoo.com:443 "GET /rss/2.0/headline?s=NVDA&region=US&lang=en-US HTTP/1.1" 200 3399
2026-08-17 12:56:54 | DEBUG    | urllib3.connectionpool:475 | https://feeds.finance.yahoo.com:443 "GET /rss/2.0/headline?s=MICRON&region=US&lang=en-US HTTP/1.1" 200 394
2026-08-17 12:56:54 | DEBUG    | urllib3.connectionpool:475 | https://feeds.finance.yahoo.com:443 "GET /rss/2.0/headline?s=MU&region=US&lang=en-US HTTP/1.1" 200 2998
2026-08-17 12:56:55 | DEBUG    | backpack_quant_trading.core.stock_news_feeds:795 | [雅虎财经] 直连 Search 获取 25 条
2026-08-17 12:56:55 | INFO     | stock_news_alert:555 | 轮询完成 @ 2026-08-17 04:55:38 | 拉取 210 条 (金十数据=15, 同花顺=20, 东方财富=80, 新浪财经=30, 富途牛牛=40, 雅虎财经=25) | 已推送过 0 | 非最新 0 | 未命中关键词 200 | 非重要快讯 10 | 内容相似去重 0 | 新命中 0 | 待推送 0 | 雅虎搜索词: NVIDIA, NVDA, MICRON, MU, SanDisk, SNDK, INTEL, INTC
2026-08-17 12:57:04 | WARNING  | backpack_quant_trading.core.binance_monitor:143 | 币安行情 curl 兜底失败: Command '['curl', '-fsSL', '--max-time', '15', '-A', 'Mozilla/5.0', '-x', 'http://127.0.0.1:7891', 'https://fapi.binance.com/fapi/v1/klines?symbol=BTCUSDT&interval=1m&limit=2']' returned non-zero exit status 7.
2026-08-17 12:57:04 | DEBUG    | asyncio:631 | Using proactor: IocpProactor
2026-08-17 12:57:06 | WARNING  | backpack_quant_trading.core.binance_monitor:147 | 币安行情 aiohttp 兜底失败: Cannot connect to host 127.0.0.1:7891 ssl:False [远程计算机拒绝网络连接。]
2026-08-17 12:57:06 | DEBUG    | urllib3.connectionpool:1022 | Starting new HTTPS connection (1): fapi.binance.com:443
2026-08-17 12:57:08 | ERROR    | backpack_quant_trading.core.binance_monitor:344 | 获取币安K线失败 futures BTCUSDT 1m: HTTPSConnectionPool(host='fapi.binance.com', port=443): Max retries exceeded with url: /fapi/v1/klines?symbol=BTCUSDT&interval=1m&limit=2 (Caused by ProxyError('Cannot connect to proxy.', NewConnectionError('<urllib3.connection.HTTPSConnection object at 0x000001435A701590>: Failed to establish a new connection: [WinError 10061] 由于目标计算机积极拒绝，无法连接。')))
2026-08-17 12:57:13 | WARNING  | backpack_quant_trading.core.binance_monitor:143 | 币安行情 curl 兜底失败: Command '['curl', '-fsSL', '--max-time', '10', '-A', 'Mozilla/5.0', '-x', 'http://127.0.0.1:7891', 'https://fapi.binance.com/fapi/v1/depth?symbol=BTCUSDT&limit=50']' returned non-zero exit status 7.
2026-08-17 12:57:13 | DEBUG    | asyncio:631 | Using proactor: IocpProactor
2026-08-17 12:57:15 | WARNING  | backpack_quant_trading.core.binance_monitor:147 | 币安行情 aiohttp 兜底失败: Cannot connect to host 127.0.0.1:7891 ssl:False [远程计算机拒绝网络连接。]
2026-08-17 12:57:15 | DEBUG    | urllib3.connectionpool:1022 | Starting new HTTPS connection (1): fapi.binance.com:443
2026-08-17 12:57:17 | ERROR    | backpack_quant_trading.core.binance_monitor:364 | 获取币安深度失败 futures BTCUSDT: HTTPSConnectionPool(host='fapi.binance.com', port=443): Max retries exceeded with url: /fapi/v1/depth?symbol=BTCUSDT&limit=50 (Caused by ProxyError('Cannot connect to proxy.', NewConnectionError('<urllib3.connection.HTTPSConnection object at 0x000001435885AFD0>: Failed to establish a new connection: [WinError 10061] 由于目标计算机积极拒绝，无法连接。')))
2026-08-17 12:57:25 | DEBUG    | urllib3.connectionpool:1022 | Starting new HTTPS connection (1): flash-api.jin10.com:443
2026-08-17 12:57:25 | DEBUG    | urllib3.connectionpool:475 | https://flash-api.jin10.com:443 "GET /get_flash_list?channel=-8200&vip=1 HTTP/1.1" 200 None
2026-08-17 12:57:25 | DEBUG    | urllib3.connectionpool:1022 | Starting new HTTPS connection (1): news.10jqka.com.cn:443
2026-08-17 12:57:26 | DEBUG    | urllib3.connectionpool:475 | https://news.10jqka.com.cn:443 "GET /tapp/news/push/stock?page=1&tag=&track=website HTTP/1.1" 200 None
2026-08-17 12:57:26 | DEBUG    | urllib3.connectionpool:1022 | Starting new HTTPS connection (1): np-weblist.eastmoney.com:443
2026-08-17 12:57:27 | DEBUG    | urllib3.connectionpool:475 | https://np-weblist.eastmoney.com:443 "GET /comm/web/getFastNewsList?client=web&biz=web_724&fastColumn=102&sortEnd=&pageSize=80&req_trace=1710315450384 HTTP/1.1" 200 None
2026-08-17 12:57:27 | DEBUG    | urllib3.connectionpool:1022 | Starting new HTTPS connection (1): zhibo.sina.com.cn:443
2026-08-17 12:57:27 | DEBUG    | urllib3.connectionpool:475 | https://zhibo.sina.com.cn:443 "GET /api/zhibo/feed?page=1&page_size=30&zhibo_id=152&tag_id=0&dire=f&dpc=1&pagesize=30&type=1 HTTP/1.1" 200 None
2026-08-17 12:57:27 | DEBUG    | urllib3.connectionpool:1022 | Starting new HTTPS connection (1): news.futunn.com:443
2026-08-17 12:57:28 | DEBUG    | urllib3.connectionpool:475 | https://news.futunn.com:443 "GET /news-site-api/main/get-flash-list?pageSize=40 HTTP/1.1" 200 66478
2026-08-17 12:57:28 | DEBUG    | urllib3.connectionpool:1022 | Starting new HTTPS connection (1): finance.yahoo.com:443
2026-08-17 12:57:30 | DEBUG    | urllib3.connectionpool:475 | https://finance.yahoo.com:443 "GET / HTTP/1.1" 403 3369
2026-08-17 12:57:30 | DEBUG    | urllib3.connectionpool:1022 | Starting new HTTPS connection (1): query1.finance.yahoo.com:443
2026-08-17 12:57:32 | DEBUG    | urllib3.connectionpool:475 | https://query1.finance.yahoo.com:443 "GET /v1/finance/search?q=NVIDIA&quotesCount=0&newsCount=50&enableFuzzyQuery=false HTTP/1.1" 403 3369
2026-08-17 12:57:32 | DEBUG    | urllib3.connectionpool:1022 | Starting new HTTPS connection (1): query2.finance.yahoo.com:443
2026-08-17 12:57:34 | DEBUG    | urllib3.connectionpool:475 | https://query2.finance.yahoo.com:443 "GET /v1/finance/search?q=NVIDIA&quotesCount=0&newsCount=50&enableFuzzyQuery=false HTTP/1.1" 403 3369
2026-08-17 12:57:34 | DEBUG    | urllib3.connectionpool:291 | Resetting dropped connection: query1.finance.yahoo.com
2026-08-17 12:57:36 | DEBUG    | urllib3.connectionpool:475 | https://query1.finance.yahoo.com:443 "GET /v1/finance/search?q=NVDA&quotesCount=0&newsCount=50&enableFuzzyQuery=false HTTP/1.1" 403 3369
2026-08-17 12:57:39 | DEBUG    | urllib3.connectionpool:291 | Resetting dropped connection: query2.finance.yahoo.com
2026-08-17 12:57:40 | DEBUG    | urllib3.connectionpool:475 | https://query2.finance.yahoo.com:443 "GET /v1/finance/search?q=NVDA&quotesCount=0&newsCount=50&enableFuzzyQuery=false HTTP/1.1" 403 3369
2026-08-17 12:57:40 | DEBUG    | urllib3.connectionpool:291 | Resetting dropped connection: query1.finance.yahoo.com
2026-08-17 12:57:42 | DEBUG    | urllib3.connectionpool:475 | https://query1.finance.yahoo.com:443 "GET /v1/finance/search?q=MICRON&quotesCount=0&newsCount=50&enableFuzzyQuery=false HTTP/1.1" 403 3369
2026-08-17 12:57:42 | DEBUG    | urllib3.connectionpool:291 | Resetting dropped connection: query2.finance.yahoo.com
2026-08-17 12:57:46 | DEBUG    | urllib3.connectionpool:475 | https://query2.finance.yahoo.com:443 "GET /v1/finance/search?q=MICRON&quotesCount=0&newsCount=50&enableFuzzyQuery=false HTTP/1.1" 403 3369
2026-08-17 12:57:46 | DEBUG    | urllib3.connectionpool:291 | Resetting dropped connection: query1.finance.yahoo.com
2026-08-17 12:57:50 | DEBUG    | urllib3.connectionpool:475 | https://query1.finance.yahoo.com:443 "GET /v1/finance/search?q=MU&quotesCount=0&newsCount=50&enableFuzzyQuery=false HTTP/1.1" 403 3369
2026-08-17 12:57:50 | DEBUG    | urllib3.connectionpool:291 | Resetting dropped connection: query2.finance.yahoo.com
2026-08-17 12:57:52 | DEBUG    | urllib3.connectionpool:475 | https://query2.finance.yahoo.com:443 "GET /v1/finance/search?q=MU&quotesCount=0&newsCount=50&enableFuzzyQuery=false HTTP/1.1" 403 3369
2026-08-17 12:57:54 | DEBUG    | urllib3.connectionpool:291 | Resetting dropped connection: query1.finance.yahoo.com
2026-08-17 12:57:56 | DEBUG    | urllib3.connectionpool:475 | https://query1.finance.yahoo.com:443 "GET /v1/finance/search?q=SanDisk&quotesCount=0&newsCount=50&enableFuzzyQuery=false HTTP/1.1" 403 3369
2026-08-17 12:57:56 | DEBUG    | urllib3.connectionpool:291 | Resetting dropped connection: query2.finance.yahoo.com
2026-08-17 12:57:59 | DEBUG    | urllib3.connectionpool:475 | https://query2.finance.yahoo.com:443 "GET /v1/finance/search?q=SanDisk&quotesCount=0&newsCount=50&enableFuzzyQuery=false HTTP/1.1" 403 3369
2026-08-17 12:58:02 | DEBUG    | urllib3.connectionpool:291 | Resetting dropped connection: query1.finance.yahoo.com
2026-08-17 12:58:04 | WARNING  | backpack_quant_trading.core.binance_monitor:143 | 币安行情 curl 兜底失败: Command '['curl', '-fsSL', '--max-time', '15', '-A', 'Mozilla/5.0', '-x', 'http://127.0.0.1:7891', 'https://fapi.binance.com/fapi/v1/klines?symbol=BTCUSDT&interval=1m&limit=2']' returned non-zero exit status 7.
2026-08-17 12:58:04 | DEBUG    | asyncio:631 | Using proactor: IocpProactor
2026-08-17 12:58:04 | DEBUG    | urllib3.connectionpool:475 | https://query1.finance.yahoo.com:443 "GET /v1/finance/search?q=SNDK&quotesCount=0&newsCount=50&enableFuzzyQuery=false HTTP/1.1" 403 3369
2026-08-17 12:58:04 | DEBUG    | urllib3.connectionpool:291 | Resetting dropped connection: query2.finance.yahoo.com
2026-08-17 12:58:05 | DEBUG    | urllib3.connectionpool:475 | https://query2.finance.yahoo.com:443 "GET /v1/finance/search?q=SNDK&quotesCount=0&newsCount=50&enableFuzzyQuery=false HTTP/1.1" 403 3369
2026-08-17 12:58:06 | WARNING  | backpack_quant_trading.core.binance_monitor:147 | 币安行情 aiohttp 兜底失败: Cannot connect to host 127.0.0.1:7891 ssl:False [远程计算机拒绝网络连接。]
2026-08-17 12:58:06 | DEBUG    | urllib3.connectionpool:1022 | Starting new HTTPS connection (1): fapi.binance.com:443
2026-08-17 12:58:08 | DEBUG    | urllib3.connectionpool:291 | Resetting dropped connection: query1.finance.yahoo.com
2026-08-17 12:58:08 | ERROR    | backpack_quant_trading.core.binance_monitor:344 | 获取币安K线失败 futures BTCUSDT 1m: HTTPSConnectionPool(host='fapi.binance.com', port=443): Max retries exceeded with url: /fapi/v1/klines?symbol=BTCUSDT&interval=1m&limit=2 (Caused by ProxyError('Cannot connect to proxy.', NewConnectionError('<urllib3.connection.HTTPSConnection object at 0x000001435A4D5090>: Failed to establish a new connection: [WinError 10061] 由于目标计算机积极拒绝，无法连接。')))
2026-08-17 12:58:11 | DEBUG    | urllib3.connectionpool:475 | https://query1.finance.yahoo.com:443 "GET /v1/finance/search?q=INTEL&quotesCount=0&newsCount=50&enableFuzzyQuery=false HTTP/1.1" 403 3369
2026-08-17 12:58:11 | DEBUG    | urllib3.connectionpool:291 | Resetting dropped connection: query2.finance.yahoo.com
2026-08-17 12:58:12 | WARNING  | backpack_quant_trading.core.binance_monitor:143 | 币安行情 curl 兜底失败: Command '['curl', '-fsSL', '--max-time', '10', '-A', 'Mozilla/5.0', '-x', 'http://127.0.0.1:7891', 'https://fapi.binance.com/fapi/v1/depth?symbol=BTCUSDT&limit=50']' returned non-zero exit status 7.
2026-08-17 12:58:12 | DEBUG    | asyncio:631 | Using proactor: IocpProactor
2026-08-17 12:58:12 | DEBUG    | urllib3.connectionpool:475 | https://query2.finance.yahoo.com:443 "GET /v1/finance/search?q=INTEL&quotesCount=0&newsCount=50&enableFuzzyQuery=false HTTP/1.1" 403 3369
2026-08-17 12:58:12 | DEBUG    | urllib3.connectionpool:291 | Resetting dropped connection: query1.finance.yahoo.com
2026-08-17 12:58:14 | DEBUG    | urllib3.connectionpool:475 | https://query1.finance.yahoo.com:443 "GET /v1/finance/search?q=INTC&quotesCount=0&newsCount=50&enableFuzzyQuery=false HTTP/1.1" 403 3369
2026-08-17 12:58:14 | DEBUG    | urllib3.connectionpool:291 | Resetting dropped connection: query2.finance.yahoo.com
2026-08-17 12:58:14 | WARNING  | backpack_quant_trading.core.binance_monitor:147 | 币安行情 aiohttp 兜底失败: Cannot connect to host 127.0.0.1:7891 ssl:False [远程计算机拒绝网络连接。]
2026-08-17 12:58:14 | DEBUG    | urllib3.connectionpool:1022 | Starting new HTTPS connection (1): fapi.binance.com:443
2026-08-17 12:58:16 | DEBUG    | urllib3.connectionpool:475 | https://query2.finance.yahoo.com:443 "GET /v1/finance/search?q=INTC&quotesCount=0&newsCount=50&enableFuzzyQuery=false HTTP/1.1" 403 3369
2026-08-17 12:58:16 | DEBUG    | urllib3.connectionpool:291 | Resetting dropped connection: finance.yahoo.com
2026-08-17 12:58:16 | ERROR    | backpack_quant_trading.core.binance_monitor:364 | 获取币安深度失败 futures BTCUSDT: HTTPSConnectionPool(host='fapi.binance.com', port=443): Max retries exceeded with url: /fapi/v1/depth?symbol=BTCUSDT&limit=50 (Caused by ProxyError('Cannot connect to proxy.', NewConnectionError('<urllib3.connection.HTTPSConnection object at 0x000001435A4D5E50>: Failed to establish a new connection: [WinError 10061] 由于目标计算机积极拒绝，无法连接。')))
2026-08-17 12:58:18 | DEBUG    | urllib3.connectionpool:475 | https://finance.yahoo.com:443 "POST /xhr/ncp?queryRef=latestNews&serviceKey=ncp_fin HTTP/1.1" 403 3369
2026-08-17 12:58:25 | DEBUG    | urllib3.connectionpool:1022 | Starting new HTTPS connection (1): feeds.finance.yahoo.com:443
2026-08-17 12:58:31 | DEBUG    | urllib3.connectionpool:475 | https://feeds.finance.yahoo.com:443 "GET /rss/2.0/headline?s=NVIDIA&region=US&lang=en-US HTTP/1.1" 200 394
2026-08-17 12:58:31 | DEBUG    | urllib3.connectionpool:475 | https://feeds.finance.yahoo.com:443 "GET /rss/2.0/headline?s=NVDA&region=US&lang=en-US HTTP/1.1" 200 3399
2026-08-17 12:58:33 | DEBUG    | urllib3.connectionpool:475 | https://feeds.finance.yahoo.com:443 "GET /rss/2.0/headline?s=MICRON&region=US&lang=en-US HTTP/1.1" 200 394
2026-08-17 12:58:34 | DEBUG    | urllib3.connectionpool:475 | https://feeds.finance.yahoo.com:443 "GET /rss/2.0/headline?s=MU&region=US&lang=en-US HTTP/1.1" 200 5077
2026-08-17 12:58:34 | DEBUG    | backpack_quant_trading.core.stock_news_feeds:795 | [雅虎财经] 直连 Search 获取 34 条
2026-08-17 12:58:34 | INFO     | stock_news_alert:555 | 轮询完成 @ 2026-08-17 04:57:25 | 拉取 219 条 (金十数据=15, 同花顺=20, 东方财富=80, 新浪财经=30, 富途牛牛=40, 雅虎财经=34) | 已推送过 0 | 非最新 0 | 未命中关键词 204 | 非重要快讯 15 | 内容相似去重 0 | 新命中 0 | 待推送 0 | 雅虎搜索词: NVIDIA, NVDA, MICRON, MU, SanDisk, SNDK, INTEL, INTC
2026-08-17 12:59:04 | DEBUG    | urllib3.connectionpool:1022 | Starting new HTTPS connection (1): flash-api.jin10.com:443
2026-08-17 12:59:04 | WARNING  | backpack_quant_trading.core.binance_monitor:143 | 币安行情 curl 兜底失败: Command '['curl', '-fsSL', '--max-time', '15', '-A', 'Mozilla/5.0', '-x', 'http://127.0.0.1:7891', 'https://fapi.binance.com/fapi/v1/klines?symbol=BTCUSDT&interval=1m&limit=2']' returned non-zero exit status 7.
2026-08-17 12:59:04 | DEBUG    | asyncio:631 | Using proactor: IocpProactor
2026-08-17 12:59:05 | DEBUG    | urllib3.connectionpool:475 | https://flash-api.jin10.com:443 "GET /get_flash_list?channel=-8200&vip=1 HTTP/1.1" 200 None
2026-08-17 12:59:05 | DEBUG    | urllib3.connectionpool:1022 | Starting new HTTPS connection (1): news.10jqka.com.cn:443
2026-08-17 12:59:06 | DEBUG    | urllib3.connectionpool:475 | https://news.10jqka.com.cn:443 "GET /tapp/news/push/stock?page=1&tag=&track=website HTTP/1.1" 200 None
2026-08-17 12:59:06 | DEBUG    | urllib3.connectionpool:1022 | Starting new HTTPS connection (1): np-weblist.eastmoney.com:443
2026-08-17 12:59:06 | WARNING  | backpack_quant_trading.core.binance_monitor:147 | 币安行情 aiohttp 兜底失败: Cannot connect to host 127.0.0.1:7891 ssl:False [远程计算机拒绝网络连接。]
2026-08-17 12:59:06 | DEBUG    | urllib3.connectionpool:1022 | Starting new HTTPS connection (1): fapi.binance.com:443
2026-08-17 12:59:07 | DEBUG    | urllib3.connectionpool:475 | https://np-weblist.eastmoney.com:443 "GET /comm/web/getFastNewsList?client=web&biz=web_724&fastColumn=102&sortEnd=&pageSize=80&req_trace=1710315450384 HTTP/1.1" 200 None
2026-08-17 12:59:07 | DEBUG    | urllib3.connectionpool:1022 | Starting new HTTPS connection (1): zhibo.sina.com.cn:443
2026-08-17 12:59:07 | DEBUG    | urllib3.connectionpool:475 | https://zhibo.sina.com.cn:443 "GET /api/zhibo/feed?page=1&page_size=30&zhibo_id=152&tag_id=0&dire=f&dpc=1&pagesize=30&type=1 HTTP/1.1" 200 None
2026-08-17 12:59:07 | DEBUG    | urllib3.connectionpool:1022 | Starting new HTTPS connection (1): news.futunn.com:443
2026-08-17 12:59:08 | DEBUG    | urllib3.connectionpool:475 | https://news.futunn.com:443 "GET /news-site-api/main/get-flash-list?pageSize=40 HTTP/1.1" 200 66478
2026-08-17 12:59:08 | DEBUG    | urllib3.connectionpool:1022 | Starting new HTTPS connection (1): finance.yahoo.com:443
2026-08-17 12:59:08 | ERROR    | backpack_quant_trading.core.binance_monitor:344 | 获取币安K线失败 futures BTCUSDT 1m: HTTPSConnectionPool(host='fapi.binance.com', port=443): Max retries exceeded with url: /fapi/v1/klines?symbol=BTCUSDT&interval=1m&limit=2 (Caused by ProxyError('Cannot connect to proxy.', NewConnectionError('<urllib3.connection.HTTPSConnection object at 0x000001435A4D56D0>: Failed to establish a new connection: [WinError 10061] 由于目标计算机积极拒绝，无法连接。')))
2026-08-17 12:59:13 | WARNING  | backpack_quant_trading.core.binance_monitor:143 | 币安行情 curl 兜底失败: Command '['curl', '-fsSL', '--max-time', '10', '-A', 'Mozilla/5.0', '-x', 'http://127.0.0.1:7891', 'https://fapi.binance.com/fapi/v1/depth?symbol=BTCUSDT&limit=50']' returned non-zero exit status 7.
2026-08-17 12:59:13 | DEBUG    | asyncio:631 | Using proactor: IocpProactor
2026-08-17 12:59:13 | DEBUG    | urllib3.connectionpool:475 | https://finance.yahoo.com:443 "GET / HTTP/1.1" 403 3369
2026-08-17 12:59:13 | DEBUG    | urllib3.connectionpool:1022 | Starting new HTTPS connection (1): query1.finance.yahoo.com:443
2026-08-17 12:59:15 | WARNING  | backpack_quant_trading.core.binance_monitor:147 | 币安行情 aiohttp 兜底失败: Cannot connect to host 127.0.0.1:7891 ssl:False [远程计算机拒绝网络连接。]
2026-08-17 12:59:15 | DEBUG    | urllib3.connectionpool:1022 | Starting new HTTPS connection (1): fapi.binance.com:443
2026-08-17 12:59:15 | DEBUG    | urllib3.connectionpool:475 | https://query1.finance.yahoo.com:443 "GET /v1/finance/search?q=NVIDIA&quotesCount=0&newsCount=50&enableFuzzyQuery=false HTTP/1.1" 403 3369
2026-08-17 12:59:15 | DEBUG    | urllib3.connectionpool:1022 | Starting new HTTPS connection (1): query2.finance.yahoo.com:443
2026-08-17 12:59:17 | DEBUG    | urllib3.connectionpool:475 | https://query2.finance.yahoo.com:443 "GET /v1/finance/search?q=NVIDIA&quotesCount=0&newsCount=50&enableFuzzyQuery=false HTTP/1.1" 403 3369
2026-08-17 12:59:17 | ERROR    | backpack_quant_trading.core.binance_monitor:364 | 获取币安深度失败 futures BTCUSDT: HTTPSConnectionPool(host='fapi.binance.com', port=443): Max retries exceeded with url: /fapi/v1/depth?symbol=BTCUSDT&limit=50 (Caused by ProxyError('Cannot connect to proxy.', NewConnectionError('<urllib3.connection.HTTPSConnection object at 0x000001435A4D7390>: Failed to establish a new connection: [WinError 10061] 由于目标计算机积极拒绝，无法连接。')))
2026-08-17 12:59:17 | DEBUG    | urllib3.connectionpool:291 | Resetting dropped connection: query1.finance.yahoo.com
2026-08-17 12:59:20 | DEBUG    | urllib3.connectionpool:475 | https://query1.finance.yahoo.com:443 "GET /v1/finance/search?q=NVDA&quotesCount=0&newsCount=50&enableFuzzyQuery=false HTTP/1.1" 403 3369
2026-08-17 12:59:23 | DEBUG    | urllib3.connectionpool:291 | Resetting dropped connection: query2.finance.yahoo.com
2026-08-17 12:59:27 | DEBUG    | urllib3.connectionpool:475 | https://query2.finance.yahoo.com:443 "GET /v1/finance/search?q=NVDA&quotesCount=0&newsCount=50&enableFuzzyQuery=false HTTP/1.1" 403 3369
2026-08-17 12:59:27 | DEBUG    | urllib3.connectionpool:291 | Resetting dropped connection: query1.finance.yahoo.com
2026-08-17 12:59:29 | DEBUG    | urllib3.connectionpool:475 | https://query1.finance.yahoo.com:443 "GET /v1/finance/search?q=MICRON&quotesCount=0&newsCount=50&enableFuzzyQuery=false HTTP/1.1" 403 3369
2026-08-17 12:59:29 | DEBUG    | urllib3.connectionpool:291 | Resetting dropped connection: query2.finance.yahoo.com
2026-08-17 12:59:30 | DEBUG    | urllib3.connectionpool:475 | https://query2.finance.yahoo.com:443 "GET /v1/finance/search?q=MICRON&quotesCount=0&newsCount=50&enableFuzzyQuery=false HTTP/1.1" 403 3369
2026-08-17 12:59:33 | DEBUG    | urllib3.connectionpool:291 | Resetting dropped connection: query1.finance.yahoo.com
2026-08-17 12:59:35 | DEBUG    | urllib3.connectionpool:475 | https://query1.finance.yahoo.com:443 "GET /v1/finance/search?q=MU&quotesCount=0&newsCount=50&enableFuzzyQuery=false HTTP/1.1" 403 3369
2026-08-17 12:59:35 | DEBUG    | urllib3.connectionpool:291 | Resetting dropped connection: query2.finance.yahoo.com
2026-08-17 12:59:37 | DEBUG    | urllib3.connectionpool:475 | https://query2.finance.yahoo.com:443 "GET /v1/finance/search?q=MU&quotesCount=0&newsCount=50&enableFuzzyQuery=false HTTP/1.1" 403 3369
2026-08-17 12:59:40 | DEBUG    | urllib3.connectionpool:291 | Resetting dropped connection: query1.finance.yahoo.com
2026-08-17 12:59:41 | DEBUG    | urllib3.connectionpool:475 | https://query1.finance.yahoo.com:443 "GET /v1/finance/search?q=SanDisk&quotesCount=0&newsCount=50&enableFuzzyQuery=false HTTP/1.1" 403 3369
2026-08-17 12:59:41 | DEBUG    | urllib3.connectionpool:291 | Resetting dropped connection: query2.finance.yahoo.com
2026-08-17 12:59:43 | DEBUG    | urllib3.connectionpool:475 | https://query2.finance.yahoo.com:443 "GET /v1/finance/search?q=SanDisk&quotesCount=0&newsCount=50&enableFuzzyQuery=false HTTP/1.1" 403 3369
2026-08-17 12:59:44 | DEBUG    | urllib3.connectionpool:291 | Resetting dropped connection: query1.finance.yahoo.com
2026-08-17 12:59:46 | DEBUG    | urllib3.connectionpool:475 | https://query1.finance.yahoo.com:443 "GET /v1/finance/search?q=SNDK&quotesCount=0&newsCount=50&enableFuzzyQuery=false HTTP/1.1" 403 3369
2026-08-17 12:59:46 | DEBUG    | urllib3.connectionpool:291 | Resetting dropped connection: query2.finance.yahoo.com
2026-08-17 12:59:48 | DEBUG    | urllib3.connectionpool:475 | https://query2.finance.yahoo.com:443 "GET /v1/finance/search?q=SNDK&quotesCount=0&newsCount=50&enableFuzzyQuery=false HTTP/1.1" 403 3369
2026-08-17 12:59:48 | DEBUG    | urllib3.connectionpool:291 | Resetting dropped connection: query1.finance.yahoo.com
2026-08-17 12:59:54 | DEBUG    | urllib3.connectionpool:475 | https://query1.finance.yahoo.com:443 "GET /v1/finance/search?q=INTEL&quotesCount=0&newsCount=50&enableFuzzyQuery=false HTTP/1.1" 403 3369
2026-08-17 12:59:57 | DEBUG    | urllib3.connectionpool:291 | Resetting dropped connection: query2.finance.yahoo.com
2026-08-17 13:00:01 | DEBUG    | urllib3.connectionpool:475 | https://query2.finance.yahoo.com:443 "GET /v1/finance/search?q=INTEL&quotesCount=0&newsCount=50&enableFuzzyQuery=false HTTP/1.1" 403 3369
2026-08-17 13:00:01 | DEBUG    | urllib3.connectionpool:291 | Resetting dropped connection: query1.finance.yahoo.com
2026-08-17 13:00:03 | DEBUG    | urllib3.connectionpool:475 | https://query1.finance.yahoo.com:443 "GET /v1/finance/search?q=INTC&quotesCount=0&newsCount=50&enableFuzzyQuery=false HTTP/1.1" 403 3369
2026-08-17 13:00:04 | DEBUG    | urllib3.connectionpool:291 | Resetting dropped connection: query2.finance.yahoo.com
2026-08-17 13:00:04 | WARNING  | backpack_quant_trading.core.binance_monitor:143 | 币安行情 curl 兜底失败: Command '['curl', '-fsSL', '--max-time', '15', '-A', 'Mozilla/5.0', '-x', 'http://127.0.0.1:7891', 'https://fapi.binance.com/fapi/v1/klines?symbol=BTCUSDT&interval=1m&limit=2']' returned non-zero exit status 7.
2026-08-17 13:00:04 | DEBUG    | asyncio:631 | Using proactor: IocpProactor
2026-08-17 13:00:06 | WARNING  | backpack_quant_trading.core.binance_monitor:147 | 币安行情 aiohttp 兜底失败: Cannot connect to host 127.0.0.1:7891 ssl:False [远程计算机拒绝网络连接。]
2026-08-17 13:00:06 | DEBUG    | urllib3.connectionpool:1022 | Starting new HTTPS connection (1): fapi.binance.com:443
2026-08-17 13:00:08 | ERROR    | backpack_quant_trading.core.binance_monitor:344 | 获取币安K线失败 futures BTCUSDT 1m: HTTPSConnectionPool(host='fapi.binance.com', port=443): Max retries exceeded with url: /fapi/v1/klines?symbol=BTCUSDT&interval=1m&limit=2 (Caused by ProxyError('Cannot connect to proxy.', NewConnectionError('<urllib3.connection.HTTPSConnection object at 0x000001435885AFD0>: Failed to establish a new connection: [WinError 10061] 由于目标计算机积极拒绝，无法连接。')))
2026-08-17 13:00:09 | DEBUG    | urllib3.connectionpool:475 | https://query2.finance.yahoo.com:443 "GET /v1/finance/search?q=INTC&quotesCount=0&newsCount=50&enableFuzzyQuery=false HTTP/1.1" 403 3369
2026-08-17 13:00:09 | DEBUG    | urllib3.connectionpool:291 | Resetting dropped connection: finance.yahoo.com
2026-08-17 13:00:11 | DEBUG    | urllib3.connectionpool:475 | https://finance.yahoo.com:443 "POST /xhr/ncp?queryRef=latestNews&serviceKey=ncp_fin HTTP/1.1" 403 3369
2026-08-17 13:00:11 | DEBUG    | urllib3.connectionpool:1022 | Starting new HTTPS connection (1): feeds.finance.yahoo.com:443
2026-08-17 13:00:12 | WARNING  | backpack_quant_trading.core.binance_monitor:143 | 币安行情 curl 兜底失败: Command '['curl', '-fsSL', '--max-time', '10', '-A', 'Mozilla/5.0', '-x', 'http://127.0.0.1:7891', 'https://fapi.binance.com/fapi/v1/depth?symbol=BTCUSDT&limit=50']' returned non-zero exit status 7.
2026-08-17 13:00:12 | DEBUG    | asyncio:631 | Using proactor: IocpProactor
2026-08-17 13:00:13 | DEBUG    | urllib3.connectionpool:475 | https://feeds.finance.yahoo.com:443 "GET /rss/2.0/headline?s=NVIDIA&region=US&lang=en-US HTTP/1.1" 200 393
2026-08-17 13:00:14 | DEBUG    | urllib3.connectionpool:475 | https://feeds.finance.yahoo.com:443 "GET /rss/2.0/headline?s=NVDA&region=US&lang=en-US HTTP/1.1" 200 3399
2026-08-17 13:00:14 | DEBUG    | urllib3.connectionpool:475 | https://feeds.finance.yahoo.com:443 "GET /rss/2.0/headline?s=MICRON&region=US&lang=en-US HTTP/1.1" 200 394
2026-08-17 13:00:14 | WARNING  | backpack_quant_trading.core.binance_monitor:147 | 币安行情 aiohttp 兜底失败: Cannot connect to host 127.0.0.1:7891 ssl:False [远程计算机拒绝网络连接。]
2026-08-17 13:00:14 | DEBUG    | urllib3.connectionpool:1022 | Starting new HTTPS connection (1): fapi.binance.com:443
2026-08-17 13:00:15 | DEBUG    | urllib3.connectionpool:475 | https://feeds.finance.yahoo.com:443 "GET /rss/2.0/headline?s=MU&region=US&lang=en-US HTTP/1.1" 200 2996
2026-08-17 13:00:16 | ERROR    | backpack_quant_trading.core.binance_monitor:364 | 获取币安深度失败 futures BTCUSDT: HTTPSConnectionPool(host='fapi.binance.com', port=443): Max retries exceeded with url: /fapi/v1/depth?symbol=BTCUSDT&limit=50 (Caused by ProxyError('Cannot connect to proxy.', NewConnectionError('<urllib3.connection.HTTPSConnection object at 0x0000014358858CD0>: Failed to establish a new connection: [WinError 10061] 由于目标计算机积极拒绝，无法连接。')))
2026-08-17 13:00:18 | DEBUG    | backpack_quant_trading.core.stock_news_feeds:795 | [雅虎财经] 直连 Search 获取 25 条
2026-08-17 13:00:18 | INFO     | stock_news_alert:555 | 轮询完成 @ 2026-08-17 04:59:04 | 拉取 210 条 (金十数据=15, 同花顺=20, 东方财富=80, 新浪财经=30, 富途牛牛=40, 雅虎财经=25) | 已推送过 0 | 非最新 0 | 未命中关键词 200 | 非重要快讯 10 | 内容相似去重 0 | 新命中 0 | 待推送 0 | 雅虎搜索词: NVIDIA, NVDA, MICRON, MU, SanDisk, SNDK, INTEL, INTC
2026-08-17 13:00:48 | DEBUG    | urllib3.connectionpool:1022 | Starting new HTTPS connection (1): flash-api.jin10.com:443
2026-08-17 13:00:48 | DEBUG    | urllib3.connectionpool:475 | https://flash-api.jin10.com:443 "GET /get_flash_list?channel=-8200&vip=1 HTTP/1.1" 200 None
2026-08-17 13:00:48 | DEBUG    | urllib3.connectionpool:1022 | Starting new HTTPS connection (1): news.10jqka.com.cn:443
2026-08-17 13:00:49 | DEBUG    | urllib3.connectionpool:475 | https://news.10jqka.com.cn:443 "GET /tapp/news/push/stock?page=1&tag=&track=website HTTP/1.1" 200 None
2026-08-17 13:00:49 | DEBUG    | urllib3.connectionpool:1022 | Starting new HTTPS connection (1): np-weblist.eastmoney.com:443
2026-08-17 13:00:50 | DEBUG    | urllib3.connectionpool:475 | https://np-weblist.eastmoney.com:443 "GET /comm/web/getFastNewsList?client=web&biz=web_724&fastColumn=102&sortEnd=&pageSize=80&req_trace=1710315450384 HTTP/1.1" 200 None
2026-08-17 13:00:50 | DEBUG    | urllib3.connectionpool:1022 | Starting new HTTPS connection (1): zhibo.sina.com.cn:443
2026-08-17 13:00:51 | DEBUG    | urllib3.connectionpool:475 | https://zhibo.sina.com.cn:443 "GET /api/zhibo/feed?page=1&page_size=30&zhibo_id=152&tag_id=0&dire=f&dpc=1&pagesize=30&type=1 HTTP/1.1" 200 None
2026-08-17 13:00:51 | DEBUG    | urllib3.connectionpool:1022 | Starting new HTTPS connection (1): news.futunn.com:443
2026-08-17 13:00:51 | DEBUG    | urllib3.connectionpool:475 | https://news.futunn.com:443 "GET /news-site-api/main/get-flash-list?pageSize=40 HTTP/1.1" 200 66481
2026-08-17 13:00:51 | DEBUG    | urllib3.connectionpool:1022 | Starting new HTTPS connection (1): finance.yahoo.com:443
2026-08-17 13:00:53 | DEBUG    | urllib3.connectionpool:475 | https://finance.yahoo.com:443 "GET / HTTP/1.1" 403 3369
2026-08-17 13:00:53 | DEBUG    | urllib3.connectionpool:1022 | Starting new HTTPS connection (1): query1.finance.yahoo.com:443
2026-08-17 13:00:55 | DEBUG    | urllib3.connectionpool:475 | https://query1.finance.yahoo.com:443 "GET /v1/finance/search?q=NVIDIA&quotesCount=0&newsCount=50&enableFuzzyQuery=false HTTP/1.1" 403 3369
2026-08-17 13:00:56 | DEBUG    | urllib3.connectionpool:1022 | Starting new HTTPS connection (1): query2.finance.yahoo.com:443
2026-08-17 13:00:57 | DEBUG    | urllib3.connectionpool:475 | https://query2.finance.yahoo.com:443 "GET /v1/finance/search?q=NVIDIA&quotesCount=0&newsCount=50&enableFuzzyQuery=false HTTP/1.1" 403 3369
2026-08-17 13:00:57 | DEBUG    | urllib3.connectionpool:291 | Resetting dropped connection: query1.finance.yahoo.com
2026-08-17 13:00:59 | DEBUG    | urllib3.connectionpool:475 | https://query1.finance.yahoo.com:443 "GET /v1/finance/search?q=NVDA&quotesCount=0&newsCount=50&enableFuzzyQuery=false HTTP/1.1" 403 3369
2026-08-17 13:00:59 | DEBUG    | urllib3.connectionpool:291 | Resetting dropped connection: query2.finance.yahoo.com
2026-08-17 13:01:04 | WARNING  | backpack_quant_trading.core.binance_monitor:143 | 币安行情 curl 兜底失败: Command '['curl', '-fsSL', '--max-time', '15', '-A', 'Mozilla/5.0', '-x', 'http://127.0.0.1:7891', 'https://fapi.binance.com/fapi/v1/klines?symbol=BTCUSDT&interval=1m&limit=2']' returned non-zero exit status 7.
2026-08-17 13:01:04 | DEBUG    | asyncio:631 | Using proactor: IocpProactor
2026-08-17 13:01:05 | DEBUG    | urllib3.connectionpool:475 | https://query2.finance.yahoo.com:443 "GET /v1/finance/search?q=NVDA&quotesCount=0&newsCount=50&enableFuzzyQuery=false HTTP/1.1" 403 3369
2026-08-17 13:01:05 | DEBUG    | urllib3.connectionpool:291 | Resetting dropped connection: query1.finance.yahoo.com
2026-08-17 13:01:06 | WARNING  | backpack_quant_trading.core.binance_monitor:147 | 币安行情 aiohttp 兜底失败: Cannot connect to host 127.0.0.1:7891 ssl:False [远程计算机拒绝网络连接。]
2026-08-17 13:01:06 | DEBUG    | urllib3.connectionpool:1022 | Starting new HTTPS connection (1): fapi.binance.com:443
2026-08-17 13:01:07 | DEBUG    | urllib3.connectionpool:475 | https://query1.finance.yahoo.com:443 "GET /v1/finance/search?q=MICRON&quotesCount=0&newsCount=50&enableFuzzyQuery=false HTTP/1.1" 403 3369
2026-08-17 13:01:08 | ERROR    | backpack_quant_trading.core.binance_monitor:344 | 获取币安K线失败 futures BTCUSDT 1m: HTTPSConnectionPool(host='fapi.binance.com', port=443): Max retries exceeded with url: /fapi/v1/klines?symbol=BTCUSDT&interval=1m&limit=2 (Caused by ProxyError('Cannot connect to proxy.', NewConnectionError('<urllib3.connection.HTTPSConnection object at 0x000001435A4D5BD0>: Failed to establish a new connection: [WinError 10061] 由于目标计算机积极拒绝，无法连接。')))
2026-08-17 13:01:09 | DEBUG    | urllib3.connectionpool:291 | Resetting dropped connection: query2.finance.yahoo.com
2026-08-17 13:01:09 | WARNING  | backpack_quant_trading.core.binance_monitor:143 | 币安行情 curl 兜底失败: Command '['curl', '-fsSL', '--max-time', '15', '-A', 'Mozilla/5.0', '-x', 'http://127.0.0.1:7891', 'https://fapi.binance.com/fapi/v1/klines?symbol=0GUSDT&interval=1h&limit=500']' returned non-zero exit status 7.
2026-08-17 13:01:09 | DEBUG    | asyncio:631 | Using proactor: IocpProactor
2026-08-17 13:01:11 | DEBUG    | urllib3.connectionpool:475 | https://query2.finance.yahoo.com:443 "GET /v1/finance/search?q=MICRON&quotesCount=0&newsCount=50&enableFuzzyQuery=false HTTP/1.1" 403 3369
2026-08-17 13:01:11 | DEBUG    | urllib3.connectionpool:291 | Resetting dropped connection: query1.finance.yahoo.com
2026-08-17 13:01:11 | WARNING  | backpack_quant_trading.core.binance_monitor:147 | 币安行情 aiohttp 兜底失败: Cannot connect to host 127.0.0.1:7891 ssl:False [远程计算机拒绝网络连接。]
2026-08-17 13:01:11 | DEBUG    | urllib3.connectionpool:1022 | Starting new HTTPS connection (1): fapi.binance.com:443
2026-08-17 13:01:12 | WARNING  | backpack_quant_trading.core.binance_monitor:143 | 币安行情 curl 兜底失败: Command '['curl', '-fsSL', '--max-time', '10', '-A', 'Mozilla/5.0', '-x', 'http://127.0.0.1:7891', 'https://fapi.binance.com/fapi/v1/depth?symbol=BTCUSDT&limit=50']' returned non-zero exit status 7.
2026-08-17 13:01:12 | DEBUG    | asyncio:631 | Using proactor: IocpProactor
2026-08-17 13:01:13 | ERROR    | backpack_quant_trading.core.binance_monitor:344 | 获取币安K线失败 futures 0GUSDT 1h: HTTPSConnectionPool(host='fapi.binance.com', port=443): Max retries exceeded with url: /fapi/v1/klines?symbol=0GUSDT&interval=1h&limit=500 (Caused by ProxyError('Cannot connect to proxy.', NewConnectionError('<urllib3.connection.HTTPSConnection object at 0x000001435A4D5E50>: Failed to establish a new connection: [WinError 10061] 由于目标计算机积极拒绝，无法连接。')))
2026-08-17 13:01:14 | DEBUG    | urllib3.connectionpool:475 | https://query1.finance.yahoo.com:443 "GET /v1/finance/search?q=MU&quotesCount=0&newsCount=50&enableFuzzyQuery=false HTTP/1.1" 403 3369
2026-08-17 13:01:14 | WARNING  | backpack_quant_trading.core.binance_monitor:147 | 币安行情 aiohttp 兜底失败: Cannot connect to host 127.0.0.1:7891 ssl:False [远程计算机拒绝网络连接。]
2026-08-17 13:01:14 | DEBUG    | urllib3.connectionpool:1022 | Starting new HTTPS connection (1): fapi.binance.com:443
2026-08-17 13:01:15 | DEBUG    | urllib3.connectionpool:291 | Resetting dropped connection: query2.finance.yahoo.com
2026-08-17 13:01:17 | ERROR    | backpack_quant_trading.core.binance_monitor:364 | 获取币安深度失败 futures BTCUSDT: HTTPSConnectionPool(host='fapi.binance.com', port=443): Max retries exceeded with url: /fapi/v1/depth?symbol=BTCUSDT&limit=50 (Caused by ProxyError('Cannot connect to proxy.', NewConnectionError('<urllib3.connection.HTTPSConnection object at 0x000001435A4D7110>: Failed to establish a new connection: [WinError 10061] 由于目标计算机积极拒绝，无法连接。')))
2026-08-17 13:01:17 | WARNING  | backpack_quant_trading.core.binance_monitor:143 | 币安行情 curl 兜底失败: Command '['curl', '-fsSL', '--max-time', '15', '-A', 'Mozilla/5.0', '-x', 'http://127.0.0.1:7891', 'https://fapi.binance.com/fapi/v1/klines?symbol=ETHUSDT&interval=1h&limit=500']' returned non-zero exit status 7.
2026-08-17 13:01:17 | DEBUG    | asyncio:631 | Using proactor: IocpProactor
2026-08-17 13:01:18 | DEBUG    | urllib3.connectionpool:475 | https://query2.finance.yahoo.com:443 "GET /v1/finance/search?q=MU&quotesCount=0&newsCount=50&enableFuzzyQuery=false HTTP/1.1" 403 3369
2026-08-17 13:01:18 | DEBUG    | urllib3.connectionpool:291 | Resetting dropped connection: query1.finance.yahoo.com
2026-08-17 13:01:19 | WARNING  | backpack_quant_trading.core.binance_monitor:147 | 币安行情 aiohttp 兜底失败: Cannot connect to host 127.0.0.1:7891 ssl:False [远程计算机拒绝网络连接。]
2026-08-17 13:01:19 | DEBUG    | urllib3.connectionpool:1022 | Starting new HTTPS connection (1): fapi.binance.com:443
2026-08-17 13:01:21 | ERROR    | backpack_quant_trading.core.binance_monitor:344 | 获取币安K线失败 futures ETHUSDT 1h: HTTPSConnectionPool(host='fapi.binance.com', port=443): Max retries exceeded with url: /fapi/v1/klines?symbol=ETHUSDT&interval=1h&limit=500 (Caused by ProxyError('Cannot connect to proxy.', NewConnectionError('<urllib3.connection.HTTPSConnection object at 0x000001435A700E10>: Failed to establish a new connection: [WinError 10061] 由于目标计算机积极拒绝，无法连接。')))
2026-08-17 13:01:23 | DEBUG    | urllib3.connectionpool:291 | Resetting dropped connection: query2.finance.yahoo.com
2026-08-17 13:01:26 | WARNING  | backpack_quant_trading.core.binance_monitor:143 | 币安行情 curl 兜底失败: Command '['curl', '-fsSL', '--max-time', '15', '-A', 'Mozilla/5.0', '-x', 'http://127.0.0.1:7891', 'https://fapi.binance.com/fapi/v1/klines?symbol=1000000BOBUSDT&interval=2h&limit=500']' returned non-zero exit status 7.
2026-08-17 13:01:26 | DEBUG    | asyncio:631 | Using proactor: IocpProactor
2026-08-17 13:01:28 | WARNING  | backpack_quant_trading.core.binance_monitor:147 | 币安行情 aiohttp 兜底失败: Cannot connect to host 127.0.0.1:7891 ssl:False [远程计算机拒绝网络连接。]
2026-08-17 13:01:28 | DEBUG    | urllib3.connectionpool:1022 | Starting new HTTPS connection (1): fapi.binance.com:443
2026-08-17 13:01:29 | DEBUG    | urllib3.connectionpool:475 | https://query2.finance.yahoo.com:443 "GET /v1/finance/search?q=SanDisk&quotesCount=0&newsCount=50&enableFuzzyQuery=false HTTP/1.1" 403 3369
2026-08-17 13:01:29 | DEBUG    | urllib3.connectionpool:1022 | Starting new HTTPS connection (2): query1.finance.yahoo.com:443
2026-08-17 13:01:30 | ERROR    | backpack_quant_trading.core.binance_monitor:344 | 获取币安K线失败 futures 1000000BOBUSDT 2h: HTTPSConnectionPool(host='fapi.binance.com', port=443): Max retries exceeded with url: /fapi/v1/klines?symbol=1000000BOBUSDT&interval=2h&limit=500 (Caused by ProxyError('Cannot connect to proxy.', NewConnectionError('<urllib3.connection.HTTPSConnection object at 0x000001435A4D7ED0>: Failed to establish a new connection: [WinError 10061] 由于目标计算机积极拒绝，无法连接。')))
2026-08-17 13:01:32 | DEBUG    | urllib3.connectionpool:475 | https://query1.finance.yahoo.com:443 "GET /v1/finance/search?q=SNDK&quotesCount=0&newsCount=50&enableFuzzyQuery=false HTTP/1.1" 403 3369
2026-08-17 13:01:33 | DEBUG    | urllib3.connectionpool:291 | Resetting dropped connection: query2.finance.yahoo.com
2026-08-17 13:01:34 | WARNING  | backpack_quant_trading.core.binance_monitor:143 | 币安行情 curl 兜底失败: Command '['curl', '-fsSL', '--max-time', '15', '-A', 'Mozilla/5.0', '-x', 'http://127.0.0.1:7891', 'https://fapi.binance.com/fapi/v1/klines?symbol=ETHUSDT&interval=2h&limit=500']' returned non-zero exit status 7.
2026-08-17 13:01:34 | DEBUG    | asyncio:631 | Using proactor: IocpProactor
2026-08-17 13:01:36 | WARNING  | backpack_quant_trading.core.binance_monitor:147 | 币安行情 aiohttp 兜底失败: Cannot connect to host 127.0.0.1:7891 ssl:False [远程计算机拒绝网络连接。]
2026-08-17 13:01:36 | DEBUG    | urllib3.connectionpool:1022 | Starting new HTTPS connection (1): fapi.binance.com:443
2026-08-17 13:01:38 | DEBUG    | urllib3.connectionpool:291 | Resetting dropped connection: query1.finance.yahoo.com
2026-08-17 13:01:38 | ERROR    | backpack_quant_trading.core.binance_monitor:344 | 获取币安K线失败 futures ETHUSDT 2h: HTTPSConnectionPool(host='fapi.binance.com', port=443): Max retries exceeded with url: /fapi/v1/klines?symbol=ETHUSDT&interval=2h&limit=500 (Caused by ProxyError('Cannot connect to proxy.', NewConnectionError('<urllib3.connection.HTTPSConnection object at 0x000001435A4D5310>: Failed to establish a new connection: [WinError 10061] 由于目标计算机积极拒绝，无法连接。')))
2026-08-17 13:01:41 | DEBUG    | urllib3.connectionpool:475 | https://query1.finance.yahoo.com:443 "GET /v1/finance/search?q=INTEL&quotesCount=0&newsCount=50&enableFuzzyQuery=false HTTP/1.1" 403 3369
2026-08-17 13:01:41 | DEBUG    | urllib3.connectionpool:1022 | Starting new HTTPS connection (2): query2.finance.yahoo.com:443
2026-08-17 13:01:43 | WARNING  | backpack_quant_trading.core.binance_monitor:143 | 币安行情 curl 兜底失败: Command '['curl', '-fsSL', '--max-time', '15', '-A', 'Mozilla/5.0', '-x', 'http://127.0.0.1:7891', 'https://fapi.binance.com/fapi/v1/klines?symbol=1000000BOBUSDT&interval=4h&limit=500']' returned non-zero exit status 7.
2026-08-17 13:01:43 | DEBUG    | asyncio:631 | Using proactor: IocpProactor
2026-08-17 13:01:44 | DEBUG    | urllib3.connectionpool:475 | https://query2.finance.yahoo.com:443 "GET /v1/finance/search?q=INTEL&quotesCount=0&newsCount=50&enableFuzzyQuery=false HTTP/1.1" 403 3369
2026-08-17 13:01:44 | DEBUG    | urllib3.connectionpool:291 | Resetting dropped connection: query1.finance.yahoo.com
2026-08-17 13:01:45 | WARNING  | backpack_quant_trading.core.binance_monitor:147 | 币安行情 aiohttp 兜底失败: Cannot connect to host 127.0.0.1:7891 ssl:False [远程计算机拒绝网络连接。]
2026-08-17 13:01:45 | DEBUG    | urllib3.connectionpool:1022 | Starting new HTTPS connection (1): fapi.binance.com:443
2026-08-17 13:01:47 | ERROR    | backpack_quant_trading.core.binance_monitor:344 | 获取币安K线失败 futures 1000000BOBUSDT 4h: HTTPSConnectionPool(host='fapi.binance.com', port=443): Max retries exceeded with url: /fapi/v1/klines?symbol=1000000BOBUSDT&interval=4h&limit=500 (Caused by ProxyError('Cannot connect to proxy.', NewConnectionError('<urllib3.connection.HTTPSConnection object at 0x000001435A4D5090>: Failed to establish a new connection: [WinError 10061] 由于目标计算机积极拒绝，无法连接。')))
2026-08-17 13:01:47 | DEBUG    | urllib3.connectionpool:475 | https://query1.finance.yahoo.com:443 "GET /v1/finance/search?q=INTC&quotesCount=0&newsCount=50&enableFuzzyQuery=false HTTP/1.1" 403 3369
2026-08-17 13:01:48 | DEBUG    | urllib3.connectionpool:291 | Resetting dropped connection: query2.finance.yahoo.com
2026-08-17 13:01:49 | DEBUG    | urllib3.connectionpool:475 | https://query2.finance.yahoo.com:443 "GET /v1/finance/search?q=INTC&quotesCount=0&newsCount=50&enableFuzzyQuery=false HTTP/1.1" 403 3369
2026-08-17 13:01:49 | DEBUG    | urllib3.connectionpool:291 | Resetting dropped connection: finance.yahoo.com
2026-08-17 13:01:51 | WARNING  | backpack_quant_trading.core.binance_monitor:143 | 币安行情 curl 兜底失败: Command '['curl', '-fsSL', '--max-time', '15', '-A', 'Mozilla/5.0', '-x', 'http://127.0.0.1:7891', 'https://fapi.binance.com/fapi/v1/klines?symbol=ETHUSDT&interval=4h&limit=500']' returned non-zero exit status 7.
2026-08-17 13:01:51 | DEBUG    | asyncio:631 | Using proactor: IocpProactor
2026-08-17 13:01:52 | DEBUG    | urllib3.connectionpool:475 | https://finance.yahoo.com:443 "POST /xhr/ncp?queryRef=latestNews&serviceKey=ncp_fin HTTP/1.1" 403 3369
2026-08-17 13:01:52 | DEBUG    | urllib3.connectionpool:1022 | Starting new HTTPS connection (1): feeds.finance.yahoo.com:443
2026-08-17 13:01:53 | WARNING  | backpack_quant_trading.core.binance_monitor:147 | 币安行情 aiohttp 兜底失败: Cannot connect to host 127.0.0.1:7891 ssl:False [远程计算机拒绝网络连接。]
2026-08-17 13:01:53 | DEBUG    | urllib3.connectionpool:1022 | Starting new HTTPS connection (1): fapi.binance.com:443
2026-08-17 13:01:55 | ERROR    | backpack_quant_trading.core.binance_monitor:344 | 获取币安K线失败 futures ETHUSDT 4h: HTTPSConnectionPool(host='fapi.binance.com', port=443): Max retries exceeded with url: /fapi/v1/klines?symbol=ETHUSDT&interval=4h&limit=500 (Caused by ProxyError('Cannot connect to proxy.', NewConnectionError('<urllib3.connection.HTTPSConnection object at 0x000001435A700910>: Failed to establish a new connection: [WinError 10061] 由于目标计算机积极拒绝，无法连接。')))
2026-08-17 13:01:56 | DEBUG    | urllib3.connectionpool:475 | https://feeds.finance.yahoo.com:443 "GET /rss/2.0/headline?s=NVIDIA&region=US&lang=en-US HTTP/1.1" 200 394
2026-08-17 13:01:57 | DEBUG    | urllib3.connectionpool:475 | https://feeds.finance.yahoo.com:443 "GET /rss/2.0/headline?s=NVDA&region=US&lang=en-US HTTP/1.1" 200 3398
2026-08-17 13:01:58 | DEBUG    | urllib3.connectionpool:475 | https://feeds.finance.yahoo.com:443 "GET /rss/2.0/headline?s=MICRON&region=US&lang=en-US HTTP/1.1" 200 394
2026-08-17 13:01:59 | DEBUG    | urllib3.connectionpool:475 | https://feeds.finance.yahoo.com:443 "GET /rss/2.0/headline?s=MU&region=US&lang=en-US HTTP/1.1" 200 5077
2026-08-17 13:02:00 | DEBUG    | backpack_quant_trading.core.stock_news_feeds:795 | [雅虎财经] 直连 Search 获取 34 条
2026-08-17 13:02:00 | INFO     | stock_news_alert:555 | 轮询完成 @ 2026-08-17 05:00:48 | 拉取 219 条 (金十数据=15, 同花顺=20, 东方财富=80, 新浪财经=30, 富途牛牛=40, 雅虎财经=34) | 已推送过 0 | 非最新 0 | 未命中关键词 204 | 非重要快讯 15 | 内容相似去重 0 | 新命中 0 | 待推送 0 | 雅虎搜索词: NVIDIA, NVDA, MICRON, MU, SanDisk, SNDK, INTEL, INTC
2026-08-17 13:02:04 | WARNING  | backpack_quant_trading.core.binance_monitor:143 | 币安行情 curl 兜底失败: Command '['curl', '-fsSL', '--max-time', '15', '-A', 'Mozilla/5.0', '-x', 'http://127.0.0.1:7891', 'https://fapi.binance.com/fapi/v1/klines?symbol=BTCUSDT&interval=1m&limit=2']' returned non-zero exit status 7.
2026-08-17 13:02:04 | DEBUG    | asyncio:631 | Using proactor: IocpProactor
2026-08-17 13:02:06 | WARNING  | backpack_quant_trading.core.binance_monitor:147 | 币安行情 aiohttp 兜底失败: Cannot connect to host 127.0.0.1:7891 ssl:False [远程计算机拒绝网络连接。]
2026-08-17 13:02:06 | DEBUG    | urllib3.connectionpool:1022 | Starting new HTTPS connection (1): fapi.binance.com:443
2026-08-17 13:02:08 | ERROR    | backpack_quant_trading.core.binance_monitor:344 | 获取币安K线失败 futures BTCUSDT 1m: HTTPSConnectionPool(host='fapi.binance.com', port=443): Max retries exceeded with url: /fapi/v1/klines?symbol=BTCUSDT&interval=1m&limit=2 (Caused by ProxyError('Cannot connect to proxy.', NewConnectionError('<urllib3.connection.HTTPSConnection object at 0x000001435885BED0>: Failed to establish a new connection: [WinError 10061] 由于目标计算机积极拒绝，无法连接。')))
2026-08-17 13:02:12 | WARNING  | backpack_quant_trading.core.binance_monitor:143 | 币安行情 curl 兜底失败: Command '['curl', '-fsSL', '--max-time', '10', '-A', 'Mozilla/5.0', '-x', 'http://127.0.0.1:7891', 'https://fapi.binance.com/fapi/v1/depth?symbol=BTCUSDT&limit=50']' returned non-zero exit status 7.
2026-08-17 13:02:12 | DEBUG    | asyncio:631 | Using proactor: IocpProactor
2026-08-17 13:02:14 | WARNING  | backpack_quant_trading.core.binance_monitor:147 | 币安行情 aiohttp 兜底失败: Cannot connect to host 127.0.0.1:7891 ssl:False [远程计算机拒绝网络连接。]
2026-08-17 13:02:14 | DEBUG    | urllib3.connectionpool:1022 | Starting new HTTPS connection (1): fapi.binance.com:443
2026-08-17 13:02:16 | ERROR    | backpack_quant_trading.core.binance_monitor:364 | 获取币安深度失败 futures BTCUSDT: HTTPSConnectionPool(host='fapi.binance.com', port=443): Max retries exceeded with url: /fapi/v1/depth?symbol=BTCUSDT&limit=50 (Caused by ProxyError('Cannot connect to proxy.', NewConnectionError('<urllib3.connection.HTTPSConnection object at 0x000001435A4D5F90>: Failed to establish a new connection: [WinError 10061] 由于目标计算机积极拒绝，无法连接。')))
2026-08-17 13:02:30 | DEBUG    | urllib3.connectionpool:1022 | Starting new HTTPS connection (1): flash-api.jin10.com:443
2026-08-17 13:02:31 | DEBUG    | urllib3.connectionpool:475 | https://flash-api.jin10.com:443 "GET /get_flash_list?channel=-8200&vip=1 HTTP/1.1" 200 None
2026-08-17 13:02:31 | DEBUG    | urllib3.connectionpool:1022 | Starting new HTTPS connection (1): news.10jqka.com.cn:443
2026-08-17 13:02:31 | DEBUG    | urllib3.connectionpool:475 | https://news.10jqka.com.cn:443 "GET /tapp/news/push/stock?page=1&tag=&track=website HTTP/1.1" 200 None
2026-08-17 13:02:31 | DEBUG    | urllib3.connectionpool:1022 | Starting new HTTPS connection (1): np-weblist.eastmoney.com:443
2026-08-17 13:02:32 | DEBUG    | urllib3.connectionpool:475 | https://np-weblist.eastmoney.com:443 "GET /comm/web/getFastNewsList?client=web&biz=web_724&fastColumn=102&sortEnd=&pageSize=80&req_trace=1710315450384 HTTP/1.1" 200 None
2026-08-17 13:02:32 | DEBUG    | urllib3.connectionpool:1022 | Starting new HTTPS connection (1): zhibo.sina.com.cn:443
2026-08-17 13:02:33 | DEBUG    | urllib3.connectionpool:475 | https://zhibo.sina.com.cn:443 "GET /api/zhibo/feed?page=1&page_size=30&zhibo_id=152&tag_id=0&dire=f&dpc=1&pagesize=30&type=1 HTTP/1.1" 200 None
2026-08-17 13:02:33 | DEBUG    | urllib3.connectionpool:1022 | Starting new HTTPS connection (1): news.futunn.com:443
2026-08-17 13:02:34 | DEBUG    | urllib3.connectionpool:475 | https://news.futunn.com:443 "GET /news-site-api/main/get-flash-list?pageSize=40 HTTP/1.1" 200 66479
2026-08-17 13:02:34 | DEBUG    | urllib3.connectionpool:1022 | Starting new HTTPS connection (1): finance.yahoo.com:443
2026-08-17 13:02:36 | DEBUG    | urllib3.connectionpool:475 | https://finance.yahoo.com:443 "GET / HTTP/1.1" 403 3369
2026-08-17 13:02:36 | DEBUG    | urllib3.connectionpool:1022 | Starting new HTTPS connection (1): query1.finance.yahoo.com:443
2026-08-17 13:02:40 | DEBUG    | urllib3.connectionpool:475 | https://query1.finance.yahoo.com:443 "GET /v1/finance/search?q=NVIDIA&quotesCount=0&newsCount=50&enableFuzzyQuery=false HTTP/1.1" 403 3369
2026-08-17 13:02:40 | DEBUG    | urllib3.connectionpool:1022 | Starting new HTTPS connection (1): query2.finance.yahoo.com:443
2026-08-17 13:02:42 | DEBUG    | urllib3.connectionpool:475 | https://query2.finance.yahoo.com:443 "GET /v1/finance/search?q=NVIDIA&quotesCount=0&newsCount=50&enableFuzzyQuery=false HTTP/1.1" 403 3369
2026-08-17 13:02:42 | DEBUG    | urllib3.connectionpool:291 | Resetting dropped connection: query1.finance.yahoo.com
2026-08-17 13:02:47 | DEBUG    | urllib3.connectionpool:475 | https://query1.finance.yahoo.com:443 "GET /v1/finance/search?q=NVDA&quotesCount=0&newsCount=50&enableFuzzyQuery=false HTTP/1.1" 403 3369
2026-08-17 13:02:47 | DEBUG    | urllib3.connectionpool:291 | Resetting dropped connection: query2.finance.yahoo.com
2026-08-17 13:02:52 | DEBUG    | urllib3.connectionpool:291 | Resetting dropped connection: query1.finance.yahoo.com
2026-08-17 13:02:53 | DEBUG    | urllib3.connectionpool:475 | https://query1.finance.yahoo.com:443 "GET /v1/finance/search?q=MICRON&quotesCount=0&newsCount=50&enableFuzzyQuery=false HTTP/1.1" 403 3369
2026-08-17 13:02:53 | DEBUG    | urllib3.connectionpool:1022 | Starting new HTTPS connection (2): query2.finance.yahoo.com:443
2026-08-17 13:02:55 | DEBUG    | urllib3.connectionpool:475 | https://query2.finance.yahoo.com:443 "GET /v1/finance/search?q=MICRON&quotesCount=0&newsCount=50&enableFuzzyQuery=false HTTP/1.1" 403 3369
2026-08-17 13:02:55 | DEBUG    | urllib3.connectionpool:291 | Resetting dropped connection: query1.finance.yahoo.com
2026-08-17 13:03:00 | DEBUG    | urllib3.connectionpool:475 | https://query1.finance.yahoo.com:443 "GET /v1/finance/search?q=MU&quotesCount=0&newsCount=50&enableFuzzyQuery=false HTTP/1.1" 403 3369
2026-08-17 13:03:00 | DEBUG    | urllib3.connectionpool:291 | Resetting dropped connection: query2.finance.yahoo.com
2026-08-17 13:03:02 | DEBUG    | urllib3.connectionpool:475 | https://query2.finance.yahoo.com:443 "GET /v1/finance/search?q=MU&quotesCount=0&newsCount=50&enableFuzzyQuery=false HTTP/1.1" 403 3369
2026-08-17 13:03:04 | WARNING  | backpack_quant_trading.core.binance_monitor:143 | 币安行情 curl 兜底失败: Command '['curl', '-fsSL', '--max-time', '15', '-A', 'Mozilla/5.0', '-x', 'http://127.0.0.1:7891', 'https://fapi.binance.com/fapi/v1/klines?symbol=BTCUSDT&interval=1m&limit=2']' returned non-zero exit status 7.
2026-08-17 13:03:04 | DEBUG    | asyncio:631 | Using proactor: IocpProactor
2026-08-17 13:03:05 | DEBUG    | urllib3.connectionpool:291 | Resetting dropped connection: query1.finance.yahoo.com
2026-08-17 13:03:06 | WARNING  | backpack_quant_trading.core.binance_monitor:147 | 币安行情 aiohttp 兜底失败: Cannot connect to host 127.0.0.1:7891 ssl:False [远程计算机拒绝网络连接。]
2026-08-17 13:03:06 | DEBUG    | urllib3.connectionpool:1022 | Starting new HTTPS connection (1): fapi.binance.com:443
2026-08-17 13:03:07 | DEBUG    | urllib3.connectionpool:475 | https://query1.finance.yahoo.com:443 "GET /v1/finance/search?q=SanDisk&quotesCount=0&newsCount=50&enableFuzzyQuery=false HTTP/1.1" 403 3369
2026-08-17 13:03:07 | DEBUG    | urllib3.connectionpool:291 | Resetting dropped connection: query2.finance.yahoo.com
2026-08-17 13:03:08 | ERROR    | backpack_quant_trading.core.binance_monitor:344 | 获取币安K线失败 futures BTCUSDT 1m: HTTPSConnectionPool(host='fapi.binance.com', port=443): Max retries exceeded with url: /fapi/v1/klines?symbol=BTCUSDT&interval=1m&limit=2 (Caused by ProxyError('Cannot connect to proxy.', NewConnectionError('<urllib3.connection.HTTPSConnection object at 0x000001435A4D7110>: Failed to establish a new connection: [WinError 10061] 由于目标计算机积极拒绝，无法连接。')))
2026-08-17 13:03:09 | DEBUG    | urllib3.connectionpool:475 | https://query2.finance.yahoo.com:443 "GET /v1/finance/search?q=SanDisk&quotesCount=0&newsCount=50&enableFuzzyQuery=false HTTP/1.1" 403 3369
2026-08-17 13:03:09 | DEBUG    | urllib3.connectionpool:291 | Resetting dropped connection: query1.finance.yahoo.com
2026-08-17 13:03:11 | DEBUG    | urllib3.connectionpool:475 | https://query1.finance.yahoo.com:443 "GET /v1/finance/search?q=SNDK&quotesCount=0&newsCount=50&enableFuzzyQuery=false HTTP/1.1" 403 3369
2026-08-17 13:03:11 | DEBUG    | urllib3.connectionpool:291 | Resetting dropped connection: query2.finance.yahoo.com
2026-08-17 13:03:13 | DEBUG    | urllib3.connectionpool:475 | https://query2.finance.yahoo.com:443 "GET /v1/finance/search?q=SNDK&quotesCount=0&newsCount=50&enableFuzzyQuery=false HTTP/1.1" 403 3369
2026-08-17 13:03:13 | WARNING  | backpack_quant_trading.core.binance_monitor:143 | 币安行情 curl 兜底失败: Command '['curl', '-fsSL', '--max-time', '10', '-A', 'Mozilla/5.0', '-x', 'http://127.0.0.1:7891', 'https://fapi.binance.com/fapi/v1/depth?symbol=BTCUSDT&limit=50']' returned non-zero exit status 7.
2026-08-17 13:03:13 | DEBUG    | asyncio:631 | Using proactor: IocpProactor
2026-08-17 13:03:13 | DEBUG    | urllib3.connectionpool:291 | Resetting dropped connection: query1.finance.yahoo.com
2026-08-17 13:03:15 | DEBUG    | urllib3.connectionpool:475 | https://query1.finance.yahoo.com:443 "GET /v1/finance/search?q=INTEL&quotesCount=0&newsCount=50&enableFuzzyQuery=false HTTP/1.1" 403 3369
2026-08-17 13:03:15 | DEBUG    | urllib3.connectionpool:291 | Resetting dropped connection: query2.finance.yahoo.com
2026-08-17 13:03:15 | WARNING  | backpack_quant_trading.core.binance_monitor:147 | 币安行情 aiohttp 兜底失败: Cannot connect to host 127.0.0.1:7891 ssl:False [远程计算机拒绝网络连接。]
2026-08-17 13:03:15 | DEBUG    | urllib3.connectionpool:1022 | Starting new HTTPS connection (1): fapi.binance.com:443
2026-08-17 13:03:17 | DEBUG    | urllib3.connectionpool:475 | https://query2.finance.yahoo.com:443 "GET /v1/finance/search?q=INTEL&quotesCount=0&newsCount=50&enableFuzzyQuery=false HTTP/1.1" 403 3369
2026-08-17 13:03:17 | DEBUG    | urllib3.connectionpool:291 | Resetting dropped connection: query1.finance.yahoo.com
2026-08-17 13:03:17 | ERROR    | backpack_quant_trading.core.binance_monitor:364 | 获取币安深度失败 futures BTCUSDT: HTTPSConnectionPool(host='fapi.binance.com', port=443): Max retries exceeded with url: /fapi/v1/depth?symbol=BTCUSDT&limit=50 (Caused by ProxyError('Cannot connect to proxy.', NewConnectionError('<urllib3.connection.HTTPSConnection object at 0x000001435A4D5590>: Failed to establish a new connection: [WinError 10061] 由于目标计算机积极拒绝，无法连接。')))
2026-08-17 13:03:19 | DEBUG    | urllib3.connectionpool:475 | https://query1.finance.yahoo.com:443 "GET /v1/finance/search?q=INTC&quotesCount=0&newsCount=50&enableFuzzyQuery=false HTTP/1.1" 403 3369
2026-08-17 13:03:19 | DEBUG    | urllib3.connectionpool:291 | Resetting dropped connection: query2.finance.yahoo.com
2026-08-17 13:03:21 | DEBUG    | urllib3.connectionpool:475 | https://query2.finance.yahoo.com:443 "GET /v1/finance/search?q=INTC&quotesCount=0&newsCount=50&enableFuzzyQuery=false HTTP/1.1" 403 3369
2026-08-17 13:03:21 | DEBUG    | urllib3.connectionpool:291 | Resetting dropped connection: finance.yahoo.com
2026-08-17 13:03:22 | DEBUG    | urllib3.connectionpool:475 | https://finance.yahoo.com:443 "POST /xhr/ncp?queryRef=latestNews&serviceKey=ncp_fin HTTP/1.1" 403 3369
2026-08-17 13:03:23 | DEBUG    | urllib3.connectionpool:1022 | Starting new HTTPS connection (1): feeds.finance.yahoo.com:443
2026-08-17 13:03:24 | DEBUG    | urllib3.connectionpool:475 | https://feeds.finance.yahoo.com:443 "GET /rss/2.0/headline?s=NVIDIA&region=US&lang=en-US HTTP/1.1" 200 394
2026-08-17 13:03:25 | DEBUG    | urllib3.connectionpool:475 | https://feeds.finance.yahoo.com:443 "GET /rss/2.0/headline?s=NVDA&region=US&lang=en-US HTTP/1.1" 200 3657
2026-08-17 13:03:25 | DEBUG    | urllib3.connectionpool:475 | https://feeds.finance.yahoo.com:443 "GET /rss/2.0/headline?s=MICRON&region=US&lang=en-US HTTP/1.1" 200 394
2026-08-17 13:03:26 | DEBUG    | urllib3.connectionpool:475 | https://feeds.finance.yahoo.com:443 "GET /rss/2.0/headline?s=MU&region=US&lang=en-US HTTP/1.1" 200 3000
2026-08-17 13:03:29 | DEBUG    | backpack_quant_trading.core.stock_news_feeds:795 | [雅虎财经] 直连 Search 获取 26 条
2026-08-17 13:03:29 | INFO     | stock_news_alert:555 | 轮询完成 @ 2026-08-17 05:02:30 | 拉取 211 条 (金十数据=15, 同花顺=20, 东方财富=80, 新浪财经=30, 富途牛牛=40, 雅虎财经=26) | 已推送过 0 | 非最新 0 | 未命中关键词 201 | 非重要快讯 10 | 内容相似去重 0 | 新命中 0 | 待推送 0 | 雅虎搜索词: NVIDIA, NVDA, MICRON, MU, SanDisk, SNDK, INTEL, INTC
2026-08-17 13:03:59 | DEBUG    | urllib3.connectionpool:1022 | Starting new HTTPS connection (1): flash-api.jin10.com:443
2026-08-17 13:03:59 | DEBUG    | urllib3.connectionpool:475 | https://flash-api.jin10.com:443 "GET /get_flash_list?channel=-8200&vip=1 HTTP/1.1" 200 None
2026-08-17 13:03:59 | DEBUG    | urllib3.connectionpool:1022 | Starting new HTTPS connection (1): news.10jqka.com.cn:443
2026-08-17 13:04:00 | DEBUG    | urllib3.connectionpool:475 | https://news.10jqka.com.cn:443 "GET /tapp/news/push/stock?page=1&tag=&track=website HTTP/1.1" 200 None
2026-08-17 13:04:00 | DEBUG    | urllib3.connectionpool:1022 | Starting new HTTPS connection (1): np-weblist.eastmoney.com:443
2026-08-17 13:04:01 | DEBUG    | urllib3.connectionpool:475 | https://np-weblist.eastmoney.com:443 "GET /comm/web/getFastNewsList?client=web&biz=web_724&fastColumn=102&sortEnd=&pageSize=80&req_trace=1710315450384 HTTP/1.1" 200 None
2026-08-17 13:04:01 | DEBUG    | urllib3.connectionpool:1022 | Starting new HTTPS connection (1): zhibo.sina.com.cn:443
2026-08-17 13:04:01 | DEBUG    | urllib3.connectionpool:475 | https://zhibo.sina.com.cn:443 "GET /api/zhibo/feed?page=1&page_size=30&zhibo_id=152&tag_id=0&dire=f&dpc=1&pagesize=30&type=1 HTTP/1.1" 200 None
2026-08-17 13:04:02 | DEBUG    | urllib3.connectionpool:1022 | Starting new HTTPS connection (1): news.futunn.com:443
2026-08-17 13:04:03 | DEBUG    | urllib3.connectionpool:475 | https://news.futunn.com:443 "GET /news-site-api/main/get-flash-list?pageSize=40 HTTP/1.1" 200 66440
2026-08-17 13:04:03 | DEBUG    | urllib3.connectionpool:1022 | Starting new HTTPS connection (1): finance.yahoo.com:443
2026-08-17 13:04:04 | WARNING  | backpack_quant_trading.core.binance_monitor:143 | 币安行情 curl 兜底失败: Command '['curl', '-fsSL', '--max-time', '15', '-A', 'Mozilla/5.0', '-x', 'http://127.0.0.1:7891', 'https://fapi.binance.com/fapi/v1/klines?symbol=BTCUSDT&interval=1m&limit=2']' returned non-zero exit status 7.
2026-08-17 13:04:04 | DEBUG    | asyncio:631 | Using proactor: IocpProactor
2026-08-17 13:04:05 | DEBUG    | urllib3.connectionpool:475 | https://finance.yahoo.com:443 "GET / HTTP/1.1" 403 3369
2026-08-17 13:04:05 | DEBUG    | urllib3.connectionpool:1022 | Starting new HTTPS connection (1): query1.finance.yahoo.com:443
2026-08-17 13:04:06 | WARNING  | backpack_quant_trading.core.binance_monitor:147 | 币安行情 aiohttp 兜底失败: Cannot connect to host 127.0.0.1:7891 ssl:False [远程计算机拒绝网络连接。]
2026-08-17 13:04:06 | DEBUG    | urllib3.connectionpool:1022 | Starting new HTTPS connection (1): fapi.binance.com:443
2026-08-17 13:04:07 | DEBUG    | urllib3.connectionpool:475 | https://query1.finance.yahoo.com:443 "GET /v1/finance/search?q=NVIDIA&quotesCount=0&newsCount=50&enableFuzzyQuery=false HTTP/1.1" 403 3369
2026-08-17 13:04:07 | DEBUG    | urllib3.connectionpool:1022 | Starting new HTTPS connection (1): query2.finance.yahoo.com:443
2026-08-17 13:04:08 | DEBUG    | urllib3.connectionpool:475 | https://query2.finance.yahoo.com:443 "GET /v1/finance/search?q=NVIDIA&quotesCount=0&newsCount=50&enableFuzzyQuery=false HTTP/1.1" 403 3369
2026-08-17 13:04:08 | DEBUG    | urllib3.connectionpool:291 | Resetting dropped connection: query1.finance.yahoo.com
2026-08-17 13:04:08 | ERROR    | backpack_quant_trading.core.binance_monitor:344 | 获取币安K线失败 futures BTCUSDT 1m: HTTPSConnectionPool(host='fapi.binance.com', port=443): Max retries exceeded with url: /fapi/v1/klines?symbol=BTCUSDT&interval=1m&limit=2 (Caused by ProxyError('Cannot connect to proxy.', NewConnectionError('<urllib3.connection.HTTPSConnection object at 0x000001435A701950>: Failed to establish a new connection: [WinError 10061] 由于目标计算机积极拒绝，无法连接。')))
2026-08-17 13:04:10 | DEBUG    | urllib3.connectionpool:475 | https://query1.finance.yahoo.com:443 "GET /v1/finance/search?q=NVDA&quotesCount=0&newsCount=50&enableFuzzyQuery=false HTTP/1.1" 403 3369
2026-08-17 13:04:10 | DEBUG    | urllib3.connectionpool:291 | Resetting dropped connection: query2.finance.yahoo.com
2026-08-17 13:04:12 | DEBUG    | urllib3.connectionpool:475 | https://query2.finance.yahoo.com:443 "GET /v1/finance/search?q=NVDA&quotesCount=0&newsCount=50&enableFuzzyQuery=false HTTP/1.1" 403 3369
2026-08-17 13:04:13 | WARNING  | backpack_quant_trading.core.binance_monitor:143 | 币安行情 curl 兜底失败: Command '['curl', '-fsSL', '--max-time', '10', '-A', 'Mozilla/5.0', '-x', 'http://127.0.0.1:7891', 'https://fapi.binance.com/fapi/v1/depth?symbol=BTCUSDT&limit=50']' returned non-zero exit status 7.
2026-08-17 13:04:13 | DEBUG    | asyncio:631 | Using proactor: IocpProactor
2026-08-17 13:04:13 | DEBUG    | urllib3.connectionpool:291 | Resetting dropped connection: query1.finance.yahoo.com
2026-08-17 13:04:14 | DEBUG    | urllib3.connectionpool:475 | https://query1.finance.yahoo.com:443 "GET /v1/finance/search?q=MICRON&quotesCount=0&newsCount=50&enableFuzzyQuery=false HTTP/1.1" 403 3369
2026-08-17 13:04:15 | WARNING  | backpack_quant_trading.core.binance_monitor:147 | 币安行情 aiohttp 兜底失败: Cannot connect to host 127.0.0.1:7891 ssl:False [远程计算机拒绝网络连接。]
2026-08-17 13:04:15 | DEBUG    | urllib3.connectionpool:1022 | Starting new HTTPS connection (1): fapi.binance.com:443
2026-08-17 13:04:17 | ERROR    | backpack_quant_trading.core.binance_monitor:364 | 获取币安深度失败 futures BTCUSDT: HTTPSConnectionPool(host='fapi.binance.com', port=443): Max retries exceeded with url: /fapi/v1/depth?symbol=BTCUSDT&limit=50 (Caused by ProxyError('Cannot connect to proxy.', NewConnectionError('<urllib3.connection.HTTPSConnection object at 0x000001435A4D6850>: Failed to establish a new connection: [WinError 10061] 由于目标计算机积极拒绝，无法连接。')))
2026-08-17 13:04:17 | DEBUG    | urllib3.connectionpool:291 | Resetting dropped connection: query2.finance.yahoo.com
2026-08-17 13:04:22 | DEBUG    | urllib3.connectionpool:291 | Resetting dropped connection: query1.finance.yahoo.com
2026-08-17 13:04:24 | DEBUG    | urllib3.connectionpool:475 | https://query1.finance.yahoo.com:443 "GET /v1/finance/search?q=MU&quotesCount=0&newsCount=50&enableFuzzyQuery=false HTTP/1.1" 403 3369
2026-08-17 13:04:24 | DEBUG    | urllib3.connectionpool:1022 | Starting new HTTPS connection (2): query2.finance.yahoo.com:443
2026-08-17 13:04:28 | DEBUG    | urllib3.connectionpool:475 | https://query2.finance.yahoo.com:443 "GET /v1/finance/search?q=MU&quotesCount=0&newsCount=50&enableFuzzyQuery=false HTTP/1.1" 403 3369
2026-08-17 13:04:28 | DEBUG    | urllib3.connectionpool:291 | Resetting dropped connection: query1.finance.yahoo.com
2026-08-17 13:04:32 | DEBUG    | urllib3.connectionpool:475 | https://query1.finance.yahoo.com:443 "GET /v1/finance/search?q=SanDisk&quotesCount=0&newsCount=50&enableFuzzyQuery=false HTTP/1.1" 403 3369
2026-08-17 13:04:32 | DEBUG    | urllib3.connectionpool:291 | Resetting dropped connection: query2.finance.yahoo.com
2026-08-17 13:04:34 | DEBUG    | urllib3.connectionpool:475 | https://query2.finance.yahoo.com:443 "GET /v1/finance/search?q=SanDisk&quotesCount=0&newsCount=50&enableFuzzyQuery=false HTTP/1.1" 403 3369
2026-08-17 13:04:34 | DEBUG    | urllib3.connectionpool:291 | Resetting dropped connection: query1.finance.yahoo.com
2026-08-17 13:04:41 | DEBUG    | urllib3.connectionpool:475 | https://query1.finance.yahoo.com:443 "GET /v1/finance/search?q=SNDK&quotesCount=0&newsCount=50&enableFuzzyQuery=false HTTP/1.1" 403 3369
2026-08-17 13:04:41 | DEBUG    | urllib3.connectionpool:291 | Resetting dropped connection: query2.finance.yahoo.com
2026-08-17 13:04:44 | DEBUG    | urllib3.connectionpool:475 | https://query2.finance.yahoo.com:443 "GET /v1/finance/search?q=SNDK&quotesCount=0&newsCount=50&enableFuzzyQuery=false HTTP/1.1" 403 3369
2026-08-17 13:04:46 | DEBUG    | urllib3.connectionpool:291 | Resetting dropped connection: query1.finance.yahoo.com
2026-08-17 13:04:49 | DEBUG    | urllib3.connectionpool:475 | https://query1.finance.yahoo.com:443 "GET /v1/finance/search?q=INTEL&quotesCount=0&newsCount=50&enableFuzzyQuery=false HTTP/1.1" 403 3369
2026-08-17 13:04:49 | DEBUG    | urllib3.connectionpool:291 | Resetting dropped connection: query2.finance.yahoo.com
2026-08-17 13:04:52 | DEBUG    | urllib3.connectionpool:475 | https://query2.finance.yahoo.com:443 "GET /v1/finance/search?q=INTEL&quotesCount=0&newsCount=50&enableFuzzyQuery=false HTTP/1.1" 403 3369
2026-08-17 13:04:52 | DEBUG    | urllib3.connectionpool:291 | Resetting dropped connection: query1.finance.yahoo.com
2026-08-17 13:04:55 | DEBUG    | urllib3.connectionpool:475 | https://query1.finance.yahoo.com:443 "GET /v1/finance/search?q=INTC&quotesCount=0&newsCount=50&enableFuzzyQuery=false HTTP/1.1" 403 3369
2026-08-17 13:04:56 | DEBUG    | urllib3.connectionpool:291 | Resetting dropped connection: query2.finance.yahoo.com
2026-08-17 13:04:57 | DEBUG    | urllib3.connectionpool:475 | https://query2.finance.yahoo.com:443 "GET /v1/finance/search?q=INTC&quotesCount=0&newsCount=50&enableFuzzyQuery=false HTTP/1.1" 403 3369
2026-08-17 13:04:58 | DEBUG    | urllib3.connectionpool:291 | Resetting dropped connection: finance.yahoo.com
2026-08-17 13:05:00 | DEBUG    | urllib3.connectionpool:1022 | Starting new HTTPS connection (1): feeds.finance.yahoo.com:443
2026-08-17 13:05:02 | DEBUG    | urllib3.connectionpool:475 | https://feeds.finance.yahoo.com:443 "GET /rss/2.0/headline?s=NVIDIA&region=US&lang=en-US HTTP/1.1" 200 393
2026-08-17 13:05:03 | DEBUG    | urllib3.connectionpool:475 | https://feeds.finance.yahoo.com:443 "GET /rss/2.0/headline?s=NVDA&region=US&lang=en-US HTTP/1.1" 200 3656
2026-08-17 13:05:03 | DEBUG    | urllib3.connectionpool:475 | https://feeds.finance.yahoo.com:443 "GET /rss/2.0/headline?s=MICRON&region=US&lang=en-US HTTP/1.1" 200 394
2026-08-17 13:05:04 | DEBUG    | urllib3.connectionpool:475 | https://feeds.finance.yahoo.com:443 "GET /rss/2.0/headline?s=MU&region=US&lang=en-US HTTP/1.1" 200 2999
2026-08-17 13:05:04 | WARNING  | backpack_quant_trading.core.binance_monitor:143 | 币安行情 curl 兜底失败: Command '['curl', '-fsSL', '--max-time', '15', '-A', 'Mozilla/5.0', '-x', 'http://127.0.0.1:7891', 'https://fapi.binance.com/fapi/v1/klines?symbol=BTCUSDT&interval=1m&limit=2']' returned non-zero exit status 7.
2026-08-17 13:05:04 | DEBUG    | asyncio:631 | Using proactor: IocpProactor
2026-08-17 13:05:05 | DEBUG    | backpack_quant_trading.core.stock_news_feeds:795 | [雅虎财经] 直连 Search 获取 26 条
2026-08-17 13:05:05 | INFO     | stock_news_alert:555 | 轮询完成 @ 2026-08-17 05:03:59 | 拉取 210 条 (金十数据=14, 同花顺=20, 东方财富=80, 新浪财经=30, 富途牛牛=40, 雅虎财经=26) | 已推送过 0 | 非最新 0 | 未命中关键词 200 | 非重要快讯 10 | 内容相似去重 0 | 新命中 0 | 待推送 0 | 雅虎搜索词: NVIDIA, NVDA, MICRON, MU, SanDisk, SNDK, INTEL, INTC
2026-08-17 13:05:06 | WARNING  | backpack_quant_trading.core.binance_monitor:147 | 币安行情 aiohttp 兜底失败: Cannot connect to host 127.0.0.1:7891 ssl:False [远程计算机拒绝网络连接。]
2026-08-17 13:05:06 | DEBUG    | urllib3.connectionpool:1022 | Starting new HTTPS connection (1): fapi.binance.com:443
2026-08-17 13:05:08 | ERROR    | backpack_quant_trading.core.binance_monitor:344 | 获取币安K线失败 futures BTCUSDT 1m: HTTPSConnectionPool(host='fapi.binance.com', port=443): Max retries exceeded with url: /fapi/v1/klines?symbol=BTCUSDT&interval=1m&limit=2 (Caused by ProxyError('Cannot connect to proxy.', NewConnectionError('<urllib3.connection.HTTPSConnection object at 0x000001435885BED0>: Failed to establish a new connection: [WinError 10061] 由于目标计算机积极拒绝，无法连接。')))
2026-08-17 13:05:12 | WARNING  | backpack_quant_trading.core.binance_monitor:143 | 币安行情 curl 兜底失败: Command '['curl', '-fsSL', '--max-time', '10', '-A', 'Mozilla/5.0', '-x', 'http://127.0.0.1:7891', 'https://fapi.binance.com/fapi/v1/depth?symbol=BTCUSDT&limit=50']' returned non-zero exit status 7.
2026-08-17 13:05:12 | DEBUG    | asyncio:631 | Using proactor: IocpProactor
2026-08-17 13:05:14 | WARNING  | backpack_quant_trading.core.binance_monitor:147 | 币安行情 aiohttp 兜底失败: Cannot connect to host 127.0.0.1:7891 ssl:False [远程计算机拒绝网络连接。]
2026-08-17 13:05:14 | DEBUG    | urllib3.connectionpool:1022 | Starting new HTTPS connection (1): fapi.binance.com:443
2026-08-17 13:05:16 | ERROR    | backpack_quant_trading.core.binance_monitor:364 | 获取币安深度失败 futures BTCUSDT: HTTPSConnectionPool(host='fapi.binance.com', port=443): Max retries exceeded with url: /fapi/v1/depth?symbol=BTCUSDT&limit=50 (Caused by ProxyError('Cannot connect to proxy.', NewConnectionError('<urllib3.connection.HTTPSConnection object at 0x000001435885A850>: Failed to establish a new connection: [WinError 10061] 由于目标计算机积极拒绝，无法连接。')))
2026-08-17 13:05:35 | DEBUG    | urllib3.connectionpool:1022 | Starting new HTTPS connection (1): flash-api.jin10.com:443
2026-08-17 13:05:36 | DEBUG    | urllib3.connectionpool:475 | https://flash-api.jin10.com:443 "GET /get_flash_list?channel=-8200&vip=1 HTTP/1.1" 200 None
2026-08-17 13:05:36 | DEBUG    | urllib3.connectionpool:1022 | Starting new HTTPS connection (1): news.10jqka.com.cn:443
2026-08-17 13:05:37 | DEBUG    | urllib3.connectionpool:475 | https://news.10jqka.com.cn:443 "GET /tapp/news/push/stock?page=1&tag=&track=website HTTP/1.1" 200 None
2026-08-17 13:05:37 | DEBUG    | urllib3.connectionpool:1022 | Starting new HTTPS connection (1): np-weblist.eastmoney.com:443
2026-08-17 13:05:37 | DEBUG    | urllib3.connectionpool:475 | https://np-weblist.eastmoney.com:443 "GET /comm/web/getFastNewsList?client=web&biz=web_724&fastColumn=102&sortEnd=&pageSize=80&req_trace=1710315450384 HTTP/1.1" 200 None
2026-08-17 13:05:37 | DEBUG    | urllib3.connectionpool:1022 | Starting new HTTPS connection (1): zhibo.sina.com.cn:443
2026-08-17 13:05:38 | DEBUG    | urllib3.connectionpool:475 | https://zhibo.sina.com.cn:443 "GET /api/zhibo/feed?page=1&page_size=30&zhibo_id=152&tag_id=0&dire=f&dpc=1&pagesize=30&type=1 HTTP/1.1" 200 None
2026-08-17 13:05:38 | DEBUG    | urllib3.connectionpool:1022 | Starting new HTTPS connection (1): news.futunn.com:443
2026-08-17 13:05:39 | DEBUG    | urllib3.connectionpool:475 | https://news.futunn.com:443 "GET /news-site-api/main/get-flash-list?pageSize=40 HTTP/1.1" 200 65349
2026-08-17 13:05:39 | DEBUG    | urllib3.connectionpool:1022 | Starting new HTTPS connection (1): finance.yahoo.com:443
2026-08-17 13:05:41 | DEBUG    | urllib3.connectionpool:475 | https://finance.yahoo.com:443 "GET / HTTP/1.1" 403 3369
2026-08-17 13:05:41 | DEBUG    | urllib3.connectionpool:1022 | Starting new HTTPS connection (1): query1.finance.yahoo.com:443
2026-08-17 13:05:43 | DEBUG    | urllib3.connectionpool:475 | https://query1.finance.yahoo.com:443 "GET /v1/finance/search?q=NVIDIA&quotesCount=0&newsCount=50&enableFuzzyQuery=false HTTP/1.1" 403 3369
2026-08-17 13:05:43 | DEBUG    | urllib3.connectionpool:1022 | Starting new HTTPS connection (1): query2.finance.yahoo.com:443
2026-08-17 13:05:45 | DEBUG    | urllib3.connectionpool:475 | https://query2.finance.yahoo.com:443 "GET /v1/finance/search?q=NVIDIA&quotesCount=0&newsCount=50&enableFuzzyQuery=false HTTP/1.1" 403 3369
2026-08-17 13:05:45 | DEBUG    | urllib3.connectionpool:291 | Resetting dropped connection: query1.finance.yahoo.com
2026-08-17 13:05:48 | DEBUG    | urllib3.connectionpool:475 | https://query1.finance.yahoo.com:443 "GET /v1/finance/search?q=NVDA&quotesCount=0&newsCount=50&enableFuzzyQuery=false HTTP/1.1" 403 3369
2026-08-17 13:05:48 | DEBUG    | urllib3.connectionpool:291 | Resetting dropped connection: query2.finance.yahoo.com
2026-08-17 13:05:50 | DEBUG    | urllib3.connectionpool:475 | https://query2.finance.yahoo.com:443 "GET /v1/finance/search?q=NVDA&quotesCount=0&newsCount=50&enableFuzzyQuery=false HTTP/1.1" 403 3369
2026-08-17 13:05:52 | DEBUG    | urllib3.connectionpool:291 | Resetting dropped connection: query1.finance.yahoo.com
2026-08-17 13:05:57 | DEBUG    | urllib3.connectionpool:475 | https://query1.finance.yahoo.com:443 "GET /v1/finance/search?q=MICRON&quotesCount=0&newsCount=50&enableFuzzyQuery=false HTTP/1.1" 403 3369
2026-08-17 13:05:59 | DEBUG    | urllib3.connectionpool:291 | Resetting dropped connection: query2.finance.yahoo.com
2026-08-17 13:06:02 | DEBUG    | urllib3.connectionpool:475 | https://query2.finance.yahoo.com:443 "GET /v1/finance/search?q=MICRON&quotesCount=0&newsCount=50&enableFuzzyQuery=false HTTP/1.1" 403 3369
2026-08-17 13:06:02 | DEBUG    | urllib3.connectionpool:291 | Resetting dropped connection: query1.finance.yahoo.com
2026-08-17 13:06:04 | WARNING  | backpack_quant_trading.core.binance_monitor:143 | 币安行情 curl 兜底失败: Command '['curl', '-fsSL', '--max-time', '15', '-A', 'Mozilla/5.0', '-x', 'http://127.0.0.1:7891', 'https://fapi.binance.com/fapi/v1/klines?symbol=BTCUSDT&interval=1m&limit=2']' returned non-zero exit status 7.
2026-08-17 13:06:04 | DEBUG    | asyncio:631 | Using proactor: IocpProactor
2026-08-17 13:06:07 | DEBUG    | urllib3.connectionpool:475 | https://query1.finance.yahoo.com:443 "GET /v1/finance/search?q=MU&quotesCount=0&newsCount=50&enableFuzzyQuery=false HTTP/1.1" 403 3369
2026-08-17 13:06:07 | DEBUG    | urllib3.connectionpool:291 | Resetting dropped connection: query2.finance.yahoo.com
2026-08-17 13:06:07 | WARNING  | backpack_quant_trading.core.binance_monitor:147 | 币安行情 aiohttp 兜底失败: Cannot connect to host 127.0.0.1:7891 ssl:False [远程计算机拒绝网络连接。]
2026-08-17 13:06:07 | DEBUG    | urllib3.connectionpool:1022 | Starting new HTTPS connection (1): fapi.binance.com:443
2026-08-17 13:06:08 | DEBUG    | urllib3.connectionpool:475 | https://query2.finance.yahoo.com:443 "GET /v1/finance/search?q=MU&quotesCount=0&newsCount=50&enableFuzzyQuery=false HTTP/1.1" 403 3369
2026-08-17 13:06:08 | DEBUG    | urllib3.connectionpool:291 | Resetting dropped connection: query1.finance.yahoo.com
2026-08-17 13:06:09 | ERROR    | backpack_quant_trading.core.binance_monitor:344 | 获取币安K线失败 futures BTCUSDT 1m: HTTPSConnectionPool(host='fapi.binance.com', port=443): Max retries exceeded with url: /fapi/v1/klines?symbol=BTCUSDT&interval=1m&limit=2 (Caused by ProxyError('Cannot connect to proxy.', NewConnectionError('<urllib3.connection.HTTPSConnection object at 0x000001435A4D6350>: Failed to establish a new connection: [WinError 10061] 由于目标计算机积极拒绝，无法连接。')))
2026-08-17 13:06:10 | DEBUG    | urllib3.connectionpool:475 | https://query1.finance.yahoo.com:443 "GET /v1/finance/search?q=SanDisk&quotesCount=0&newsCount=50&enableFuzzyQuery=false HTTP/1.1" 403 3369
2026-08-17 13:06:11 | DEBUG    | urllib3.connectionpool:291 | Resetting dropped connection: query2.finance.yahoo.com
2026-08-17 13:06:13 | WARNING  | backpack_quant_trading.core.binance_monitor:143 | 币安行情 curl 兜底失败: Command '['curl', '-fsSL', '--max-time', '10', '-A', 'Mozilla/5.0', '-x', 'http://127.0.0.1:7891', 'https://fapi.binance.com/fapi/v1/depth?symbol=BTCUSDT&limit=50']' returned non-zero exit status 7.
2026-08-17 13:06:13 | DEBUG    | asyncio:631 | Using proactor: IocpProactor
2026-08-17 13:06:13 | DEBUG    | urllib3.connectionpool:475 | https://query2.finance.yahoo.com:443 "GET /v1/finance/search?q=SanDisk&quotesCount=0&newsCount=50&enableFuzzyQuery=false HTTP/1.1" 403 3369
2026-08-17 13:06:15 | WARNING  | backpack_quant_trading.core.binance_monitor:147 | 币安行情 aiohttp 兜底失败: Cannot connect to host 127.0.0.1:7891 ssl:False [远程计算机拒绝网络连接。]
2026-08-17 13:06:15 | DEBUG    | urllib3.connectionpool:1022 | Starting new HTTPS connection (1): fapi.binance.com:443
2026-08-17 13:06:16 | DEBUG    | urllib3.connectionpool:291 | Resetting dropped connection: query1.finance.yahoo.com
2026-08-17 13:06:17 | ERROR    | backpack_quant_trading.core.binance_monitor:364 | 获取币安深度失败 futures BTCUSDT: HTTPSConnectionPool(host='fapi.binance.com', port=443): Max retries exceeded with url: /fapi/v1/depth?symbol=BTCUSDT&limit=50 (Caused by ProxyError('Cannot connect to proxy.', NewConnectionError('<urllib3.connection.HTTPSConnection object at 0x000001435A4D5590>: Failed to establish a new connection: [WinError 10061] 由于目标计算机积极拒绝，无法连接。')))
2026-08-17 13:06:20 | DEBUG    | urllib3.connectionpool:475 | https://query1.finance.yahoo.com:443 "GET /v1/finance/search?q=SNDK&quotesCount=0&newsCount=50&enableFuzzyQuery=false HTTP/1.1" 403 3369
2026-08-17 13:06:22 | DEBUG    | urllib3.connectionpool:291 | Resetting dropped connection: query2.finance.yahoo.com
2026-08-17 13:06:26 | DEBUG    | urllib3.connectionpool:475 | https://query2.finance.yahoo.com:443 "GET /v1/finance/search?q=SNDK&quotesCount=0&newsCount=50&enableFuzzyQuery=false HTTP/1.1" 403 3369
2026-08-17 13:06:26 | DEBUG    | urllib3.connectionpool:291 | Resetting dropped connection: query1.finance.yahoo.com
2026-08-17 13:06:30 | DEBUG    | urllib3.connectionpool:475 | https://query1.finance.yahoo.com:443 "GET /v1/finance/search?q=INTEL&quotesCount=0&newsCount=50&enableFuzzyQuery=false HTTP/1.1" 403 3369
2026-08-17 13:06:30 | DEBUG    | urllib3.connectionpool:291 | Resetting dropped connection: query2.finance.yahoo.com
2026-08-17 13:06:32 | DEBUG    | urllib3.connectionpool:475 | https://query2.finance.yahoo.com:443 "GET /v1/finance/search?q=INTEL&quotesCount=0&newsCount=50&enableFuzzyQuery=false HTTP/1.1" 403 3369
2026-08-17 13:06:32 | DEBUG    | urllib3.connectionpool:291 | Resetting dropped connection: query1.finance.yahoo.com
2026-08-17 13:06:34 | DEBUG    | urllib3.connectionpool:475 | https://query1.finance.yahoo.com:443 "GET /v1/finance/search?q=INTC&quotesCount=0&newsCount=50&enableFuzzyQuery=false HTTP/1.1" 403 3369
2026-08-17 13:06:34 | DEBUG    | urllib3.connectionpool:291 | Resetting dropped connection: query2.finance.yahoo.com
2026-08-17 13:06:36 | DEBUG    | urllib3.connectionpool:475 | https://query2.finance.yahoo.com:443 "GET /v1/finance/search?q=INTC&quotesCount=0&newsCount=50&enableFuzzyQuery=false HTTP/1.1" 403 3369
2026-08-17 13:06:38 | DEBUG    | urllib3.connectionpool:291 | Resetting dropped connection: finance.yahoo.com
2026-08-17 13:06:40 | DEBUG    | urllib3.connectionpool:475 | https://finance.yahoo.com:443 "POST /xhr/ncp?queryRef=latestNews&serviceKey=ncp_fin HTTP/1.1" 403 3369
2026-08-17 13:06:40 | DEBUG    | urllib3.connectionpool:1022 | Starting new HTTPS connection (1): feeds.finance.yahoo.com:443
2026-08-17 13:06:42 | DEBUG    | urllib3.connectionpool:475 | https://feeds.finance.yahoo.com:443 "GET /rss/2.0/headline?s=NVIDIA&region=US&lang=en-US HTTP/1.1" 200 394
2026-08-17 13:06:42 | DEBUG    | urllib3.connectionpool:475 | https://feeds.finance.yahoo.com:443 "GET /rss/2.0/headline?s=NVDA&region=US&lang=en-US HTTP/1.1" 200 4704
2026-08-17 13:06:43 | DEBUG    | urllib3.connectionpool:475 | https://feeds.finance.yahoo.com:443 "GET /rss/2.0/headline?s=MICRON&region=US&lang=en-US HTTP/1.1" 200 394
2026-08-17 13:06:43 | DEBUG    | urllib3.connectionpool:475 | https://feeds.finance.yahoo.com:443 "GET /rss/2.0/headline?s=MU&region=US&lang=en-US HTTP/1.1" 200 5077
2026-08-17 13:06:43 | DEBUG    | backpack_quant_trading.core.stock_news_feeds:795 | [雅虎财经] 直连 Search 获取 40 条
2026-08-17 13:06:43 | INFO     | stock_news_alert:555 | 轮询完成 @ 2026-08-17 05:05:35 | 拉取 224 条 (金十数据=14, 同花顺=20, 东方财富=80, 新浪财经=30, 富途牛牛=40, 雅虎财经=40) | 已推送过 0 | 非最新 0 | 未命中关键词 208 | 非重要快讯 16 | 内容相似去重 0 | 新命中 0 | 待推送 0 | 雅虎搜索词: NVIDIA, NVDA, MICRON, MU, SanDisk, SNDK, INTEL, INTC
2026-08-17 13:07:04 | WARNING  | backpack_quant_trading.core.binance_monitor:143 | 币安行情 curl 兜底失败: Command '['curl', '-fsSL', '--max-time', '15', '-A', 'Mozilla/5.0', '-x', 'http://127.0.0.1:7891', 'https://fapi.binance.com/fapi/v1/klines?symbol=BTCUSDT&interval=1m&limit=2']' returned non-zero exit status 7.
2026-08-17 13:07:04 | DEBUG    | asyncio:631 | Using proactor: IocpProactor
2026-08-17 13:07:06 | WARNING  | backpack_quant_trading.core.binance_monitor:147 | 币安行情 aiohttp 兜底失败: Cannot connect to host 127.0.0.1:7891 ssl:False [远程计算机拒绝网络连接。]
2026-08-17 13:07:06 | DEBUG    | urllib3.connectionpool:1022 | Starting new HTTPS connection (1): fapi.binance.com:443
2026-08-17 13:07:08 | ERROR    | backpack_quant_trading.core.binance_monitor:344 | 获取币安K线失败 futures BTCUSDT 1m: HTTPSConnectionPool(host='fapi.binance.com', port=443): Max retries exceeded with url: /fapi/v1/klines?symbol=BTCUSDT&interval=1m&limit=2 (Caused by ProxyError('Cannot connect to proxy.', NewConnectionError('<urllib3.connection.HTTPSConnection object at 0x000001435A700E10>: Failed to establish a new connection: [WinError 10061] 由于目标计算机积极拒绝，无法连接。')))
2026-08-17 13:07:12 | WARNING  | backpack_quant_trading.core.binance_monitor:143 | 币安行情 curl 兜底失败: Command '['curl', '-fsSL', '--max-time', '10', '-A', 'Mozilla/5.0', '-x', 'http://127.0.0.1:7891', 'https://fapi.binance.com/fapi/v1/depth?symbol=BTCUSDT&limit=50']' returned non-zero exit status 7.
2026-08-17 13:07:12 | DEBUG    | asyncio:631 | Using proactor: IocpProactor
2026-08-17 13:07:13 | DEBUG    | urllib3.connectionpool:1022 | Starting new HTTPS connection (1): flash-api.jin10.com:443
2026-08-17 13:07:14 | DEBUG    | urllib3.connectionpool:475 | https://flash-api.jin10.com:443 "GET /get_flash_list?channel=-8200&vip=1 HTTP/1.1" 200 None
2026-08-17 13:07:14 | DEBUG    | urllib3.connectionpool:1022 | Starting new HTTPS connection (1): news.10jqka.com.cn:443
2026-08-17 13:07:14 | WARNING  | backpack_quant_trading.core.binance_monitor:147 | 币安行情 aiohttp 兜底失败: Cannot connect to host 127.0.0.1:7891 ssl:False [远程计算机拒绝网络连接。]
2026-08-17 13:07:14 | DEBUG    | urllib3.connectionpool:1022 | Starting new HTTPS connection (1): fapi.binance.com:443
2026-08-17 13:07:15 | DEBUG    | urllib3.connectionpool:475 | https://news.10jqka.com.cn:443 "GET /tapp/news/push/stock?page=1&tag=&track=website HTTP/1.1" 200 None
2026-08-17 13:07:15 | DEBUG    | urllib3.connectionpool:1022 | Starting new HTTPS connection (1): np-weblist.eastmoney.com:443
2026-08-17 13:07:15 | DEBUG    | urllib3.connectionpool:475 | https://np-weblist.eastmoney.com:443 "GET /comm/web/getFastNewsList?client=web&biz=web_724&fastColumn=102&sortEnd=&pageSize=80&req_trace=1710315450384 HTTP/1.1" 200 None
2026-08-17 13:07:15 | DEBUG    | urllib3.connectionpool:1022 | Starting new HTTPS connection (1): zhibo.sina.com.cn:443
2026-08-17 13:07:16 | DEBUG    | urllib3.connectionpool:475 | https://zhibo.sina.com.cn:443 "GET /api/zhibo/feed?page=1&page_size=30&zhibo_id=152&tag_id=0&dire=f&dpc=1&pagesize=30&type=1 HTTP/1.1" 200 None
2026-08-17 13:07:16 | DEBUG    | urllib3.connectionpool:1022 | Starting new HTTPS connection (1): news.futunn.com:443
2026-08-17 13:07:16 | ERROR    | backpack_quant_trading.core.binance_monitor:364 | 获取币安深度失败 futures BTCUSDT: HTTPSConnectionPool(host='fapi.binance.com', port=443): Max retries exceeded with url: /fapi/v1/depth?symbol=BTCUSDT&limit=50 (Caused by ProxyError('Cannot connect to proxy.', NewConnectionError('<urllib3.connection.HTTPSConnection object at 0x000001435A701090>: Failed to establish a new connection: [WinError 10061] 由于目标计算机积极拒绝，无法连接。')))
2026-08-17 13:07:17 | DEBUG    | urllib3.connectionpool:475 | https://news.futunn.com:443 "GET /news-site-api/main/get-flash-list?pageSize=40 HTTP/1.1" 200 63731
2026-08-17 13:07:17 | DEBUG    | urllib3.connectionpool:1022 | Starting new HTTPS connection (1): finance.yahoo.com:443
2026-08-17 13:07:22 | DEBUG    | urllib3.connectionpool:475 | https://finance.yahoo.com:443 "GET / HTTP/1.1" 403 3369
2026-08-17 13:07:23 | DEBUG    | urllib3.connectionpool:1022 | Starting new HTTPS connection (1): query1.finance.yahoo.com:443
2026-08-17 13:07:29 | DEBUG    | urllib3.connectionpool:475 | https://query1.finance.yahoo.com:443 "GET /v1/finance/search?q=NVIDIA&quotesCount=0&newsCount=50&enableFuzzyQuery=false HTTP/1.1" 403 3369
2026-08-17 13:07:29 | DEBUG    | urllib3.connectionpool:1022 | Starting new HTTPS connection (1): query2.finance.yahoo.com:443
2026-08-17 13:07:30 | DEBUG    | urllib3.connectionpool:475 | https://query2.finance.yahoo.com:443 "GET /v1/finance/search?q=NVIDIA&quotesCount=0&newsCount=50&enableFuzzyQuery=false HTTP/1.1" 403 3369
2026-08-17 13:07:39 | DEBUG    | urllib3.connectionpool:291 | Resetting dropped connection: query1.finance.yahoo.com
2026-08-17 13:07:43 | DEBUG    | urllib3.connectionpool:475 | https://query1.finance.yahoo.com:443 "GET /v1/finance/search?q=NVDA&quotesCount=0&newsCount=50&enableFuzzyQuery=false HTTP/1.1" 403 3369
2026-08-17 13:07:43 | DEBUG    | urllib3.connectionpool:291 | Resetting dropped connection: query2.finance.yahoo.com
2026-08-17 13:07:47 | DEBUG    | urllib3.connectionpool:475 | https://query2.finance.yahoo.com:443 "GET /v1/finance/search?q=NVDA&quotesCount=0&newsCount=50&enableFuzzyQuery=false HTTP/1.1" 403 3369
2026-08-17 13:07:49 | DEBUG    | urllib3.connectionpool:291 | Resetting dropped connection: query1.finance.yahoo.com
2026-08-17 13:07:51 | DEBUG    | urllib3.connectionpool:475 | https://query1.finance.yahoo.com:443 "GET /v1/finance/search?q=MICRON&quotesCount=0&newsCount=50&enableFuzzyQuery=false HTTP/1.1" 403 3369
2026-08-17 13:07:51 | DEBUG    | urllib3.connectionpool:291 | Resetting dropped connection: query2.finance.yahoo.com
2026-08-17 13:07:53 | DEBUG    | urllib3.connectionpool:475 | https://query2.finance.yahoo.com:443 "GET /v1/finance/search?q=MICRON&quotesCount=0&newsCount=50&enableFuzzyQuery=false HTTP/1.1" 403 3369
2026-08-17 13:07:53 | DEBUG    | urllib3.connectionpool:291 | Resetting dropped connection: query1.finance.yahoo.com
2026-08-17 13:07:54 | DEBUG    | urllib3.connectionpool:475 | https://query1.finance.yahoo.com:443 "GET /v1/finance/search?q=MU&quotesCount=0&newsCount=50&enableFuzzyQuery=false HTTP/1.1" 403 3369
2026-08-17 13:07:55 | DEBUG    | urllib3.connectionpool:291 | Resetting dropped connection: query2.finance.yahoo.com
2026-08-17 13:07:57 | DEBUG    | urllib3.connectionpool:475 | https://query2.finance.yahoo.com:443 "GET /v1/finance/search?q=MU&quotesCount=0&newsCount=50&enableFuzzyQuery=false HTTP/1.1" 403 3369
2026-08-17 13:07:57 | DEBUG    | urllib3.connectionpool:291 | Resetting dropped connection: query1.finance.yahoo.com
2026-08-17 13:07:58 | DEBUG    | urllib3.connectionpool:475 | https://query1.finance.yahoo.com:443 "GET /v1/finance/search?q=SanDisk&quotesCount=0&newsCount=50&enableFuzzyQuery=false HTTP/1.1" 403 3369
2026-08-17 13:07:59 | DEBUG    | urllib3.connectionpool:291 | Resetting dropped connection: query2.finance.yahoo.com
2026-08-17 13:08:01 | DEBUG    | urllib3.connectionpool:475 | https://query2.finance.yahoo.com:443 "GET /v1/finance/search?q=SanDisk&quotesCount=0&newsCount=50&enableFuzzyQuery=false HTTP/1.1" 403 3369
2026-08-17 13:08:01 | DEBUG    | urllib3.connectionpool:291 | Resetting dropped connection: query1.finance.yahoo.com
2026-08-17 13:08:02 | DEBUG    | urllib3.connectionpool:475 | https://query1.finance.yahoo.com:443 "GET /v1/finance/search?q=SNDK&quotesCount=0&newsCount=50&enableFuzzyQuery=false HTTP/1.1" 403 3369
2026-08-17 13:08:02 | DEBUG    | urllib3.connectionpool:291 | Resetting dropped connection: query2.finance.yahoo.com
2026-08-17 13:08:04 | DEBUG    | urllib3.connectionpool:475 | https://query2.finance.yahoo.com:443 "GET /v1/finance/search?q=SNDK&quotesCount=0&newsCount=50&enableFuzzyQuery=false HTTP/1.1" 403 3369
2026-08-17 13:08:04 | WARNING  | backpack_quant_trading.core.binance_monitor:143 | 币安行情 curl 兜底失败: Command '['curl', '-fsSL', '--max-time', '15', '-A', 'Mozilla/5.0', '-x', 'http://127.0.0.1:7891', 'https://fapi.binance.com/fapi/v1/klines?symbol=BTCUSDT&interval=1m&limit=2']' returned non-zero exit status 7.
2026-08-17 13:08:04 | DEBUG    | asyncio:631 | Using proactor: IocpProactor
2026-08-17 13:08:06 | WARNING  | backpack_quant_trading.core.binance_monitor:147 | 币安行情 aiohttp 兜底失败: Cannot connect to host 127.0.0.1:7891 ssl:False [远程计算机拒绝网络连接。]
2026-08-17 13:08:06 | DEBUG    | urllib3.connectionpool:1022 | Starting new HTTPS connection (1): fapi.binance.com:443
2026-08-17 13:08:07 | DEBUG    | urllib3.connectionpool:291 | Resetting dropped connection: query1.finance.yahoo.com
2026-08-17 13:08:08 | ERROR    | backpack_quant_trading.core.binance_monitor:344 | 获取币安K线失败 futures BTCUSDT 1m: HTTPSConnectionPool(host='fapi.binance.com', port=443): Max retries exceeded with url: /fapi/v1/klines?symbol=BTCUSDT&interval=1m&limit=2 (Caused by ProxyError('Cannot connect to proxy.', NewConnectionError('<urllib3.connection.HTTPSConnection object at 0x000001435A4D6850>: Failed to establish a new connection: [WinError 10061] 由于目标计算机积极拒绝，无法连接。')))
2026-08-17 13:08:08 | DEBUG    | urllib3.connectionpool:475 | https://query1.finance.yahoo.com:443 "GET /v1/finance/search?q=INTEL&quotesCount=0&newsCount=50&enableFuzzyQuery=false HTTP/1.1" 403 3369
2026-08-17 13:08:08 | DEBUG    | urllib3.connectionpool:291 | Resetting dropped connection: query2.finance.yahoo.com
2026-08-17 13:08:11 | DEBUG    | urllib3.connectionpool:475 | https://query2.finance.yahoo.com:443 "GET /v1/finance/search?q=INTEL&quotesCount=0&newsCount=50&enableFuzzyQuery=false HTTP/1.1" 403 3369
2026-08-17 13:08:12 | WARNING  | backpack_quant_trading.core.binance_monitor:143 | 币安行情 curl 兜底失败: Command '['curl', '-fsSL', '--max-time', '10', '-A', 'Mozilla/5.0', '-x', 'http://127.0.0.1:7891', 'https://fapi.binance.com/fapi/v1/depth?symbol=BTCUSDT&limit=50']' returned non-zero exit status 7.
2026-08-17 13:08:12 | DEBUG    | asyncio:631 | Using proactor: IocpProactor
2026-08-17 13:08:13 | DEBUG    | urllib3.connectionpool:291 | Resetting dropped connection: query1.finance.yahoo.com
2026-08-17 13:08:15 | WARNING  | backpack_quant_trading.core.binance_monitor:147 | 币安行情 aiohttp 兜底失败: Cannot connect to host 127.0.0.1:7891 ssl:False [远程计算机拒绝网络连接。]
2026-08-17 13:08:15 | DEBUG    | urllib3.connectionpool:1022 | Starting new HTTPS connection (1): fapi.binance.com:443
2026-08-17 13:08:16 | DEBUG    | urllib3.connectionpool:475 | https://query1.finance.yahoo.com:443 "GET /v1/finance/search?q=INTC&quotesCount=0&newsCount=50&enableFuzzyQuery=false HTTP/1.1" 403 3369
2026-08-17 13:08:17 | ERROR    | backpack_quant_trading.core.binance_monitor:364 | 获取币安深度失败 futures BTCUSDT: HTTPSConnectionPool(host='fapi.binance.com', port=443): Max retries exceeded with url: /fapi/v1/depth?symbol=BTCUSDT&limit=50 (Caused by ProxyError('Cannot connect to proxy.', NewConnectionError('<urllib3.connection.HTTPSConnection object at 0x000001435A4D4F50>: Failed to establish a new connection: [WinError 10061] 由于目标计算机积极拒绝，无法连接。')))
2026-08-17 13:08:18 | DEBUG    | urllib3.connectionpool:291 | Resetting dropped connection: query2.finance.yahoo.com
2026-08-17 13:08:24 | DEBUG    | urllib3.connectionpool:475 | https://query2.finance.yahoo.com:443 "GET /v1/finance/search?q=INTC&quotesCount=0&newsCount=50&enableFuzzyQuery=false HTTP/1.1" 403 3369
2026-08-17 13:08:24 | DEBUG    | urllib3.connectionpool:291 | Resetting dropped connection: finance.yahoo.com
2026-08-17 13:08:27 | DEBUG    | urllib3.connectionpool:1022 | Starting new HTTPS connection (1): feeds.finance.yahoo.com:443
2026-08-17 13:08:31 | DEBUG    | urllib3.connectionpool:475 | https://feeds.finance.yahoo.com:443 "GET /rss/2.0/headline?s=NVIDIA&region=US&lang=en-US HTTP/1.1" 200 394
2026-08-17 13:08:32 | DEBUG    | urllib3.connectionpool:475 | https://feeds.finance.yahoo.com:443 "GET /rss/2.0/headline?s=NVDA&region=US&lang=en-US HTTP/1.1" 200 4704
2026-08-17 13:08:33 | DEBUG    | urllib3.connectionpool:475 | https://feeds.finance.yahoo.com:443 "GET /rss/2.0/headline?s=MICRON&region=US&lang=en-US HTTP/1.1" 200 394
2026-08-17 13:08:35 | DEBUG    | urllib3.connectionpool:475 | https://feeds.finance.yahoo.com:443 "GET /rss/2.0/headline?s=MU&region=US&lang=en-US HTTP/1.1" 200 2998
2026-08-17 13:08:35 | DEBUG    | backpack_quant_trading.core.stock_news_feeds:795 | [雅虎财经] 直连 Search 获取 31 条
2026-08-17 13:08:35 | INFO     | stock_news_alert:555 | 轮询完成 @ 2026-08-17 05:07:13 | 拉取 216 条 (金十数据=15, 同花顺=20, 东方财富=80, 新浪财经=30, 富途牛牛=40, 雅虎财经=31) | 已推送过 0 | 非最新 0 | 未命中关键词 205 | 非重要快讯 11 | 内容相似去重 0 | 新命中 0 | 待推送 0 | 雅虎搜索词: NVIDIA, NVDA, MICRON, MU, SanDisk, SNDK, INTEL, INTC
2026-08-17 13:09:04 | WARNING  | backpack_quant_trading.core.binance_monitor:143 | 币安行情 curl 兜底失败: Command '['curl', '-fsSL', '--max-time', '15', '-A', 'Mozilla/5.0', '-x', 'http://127.0.0.1:7891', 'https://fapi.binance.com/fapi/v1/klines?symbol=BTCUSDT&interval=1m&limit=2']' returned non-zero exit status 7.
2026-08-17 13:09:04 | DEBUG    | asyncio:631 | Using proactor: IocpProactor
2026-08-17 13:09:05 | DEBUG    | urllib3.connectionpool:1022 | Starting new HTTPS connection (1): flash-api.jin10.com:443
2026-08-17 13:09:06 | DEBUG    | urllib3.connectionpool:475 | https://flash-api.jin10.com:443 "GET /get_flash_list?channel=-8200&vip=1 HTTP/1.1" 200 None
2026-08-17 13:09:06 | DEBUG    | urllib3.connectionpool:1022 | Starting new HTTPS connection (1): news.10jqka.com.cn:443
2026-08-17 13:09:06 | WARNING  | backpack_quant_trading.core.binance_monitor:147 | 币安行情 aiohttp 兜底失败: Cannot connect to host 127.0.0.1:7891 ssl:False [远程计算机拒绝网络连接。]
2026-08-17 13:09:06 | DEBUG    | urllib3.connectionpool:1022 | Starting new HTTPS connection (1): fapi.binance.com:443
2026-08-17 13:09:06 | DEBUG    | urllib3.connectionpool:475 | https://news.10jqka.com.cn:443 "GET /tapp/news/push/stock?page=1&tag=&track=website HTTP/1.1" 200 None
2026-08-17 13:09:06 | DEBUG    | urllib3.connectionpool:1022 | Starting new HTTPS connection (1): np-weblist.eastmoney.com:443
2026-08-17 13:09:07 | DEBUG    | urllib3.connectionpool:475 | https://np-weblist.eastmoney.com:443 "GET /comm/web/getFastNewsList?client=web&biz=web_724&fastColumn=102&sortEnd=&pageSize=80&req_trace=1710315450384 HTTP/1.1" 200 None
2026-08-17 13:09:07 | DEBUG    | urllib3.connectionpool:1022 | Starting new HTTPS connection (1): zhibo.sina.com.cn:443
2026-08-17 13:09:08 | DEBUG    | urllib3.connectionpool:475 | https://zhibo.sina.com.cn:443 "GET /api/zhibo/feed?page=1&page_size=30&zhibo_id=152&tag_id=0&dire=f&dpc=1&pagesize=30&type=1 HTTP/1.1" 200 None
2026-08-17 13:09:08 | DEBUG    | urllib3.connectionpool:1022 | Starting new HTTPS connection (1): news.futunn.com:443
2026-08-17 13:09:08 | ERROR    | backpack_quant_trading.core.binance_monitor:344 | 获取币安K线失败 futures BTCUSDT 1m: HTTPSConnectionPool(host='fapi.binance.com', port=443): Max retries exceeded with url: /fapi/v1/klines?symbol=BTCUSDT&interval=1m&limit=2 (Caused by ProxyError('Cannot connect to proxy.', NewConnectionError('<urllib3.connection.HTTPSConnection object at 0x000001435A4D7D90>: Failed to establish a new connection: [WinError 10061] 由于目标计算机积极拒绝，无法连接。')))
2026-08-17 13:09:09 | DEBUG    | urllib3.connectionpool:475 | https://news.futunn.com:443 "GET /news-site-api/main/get-flash-list?pageSize=40 HTTP/1.1" 200 62375
2026-08-17 13:09:09 | DEBUG    | urllib3.connectionpool:1022 | Starting new HTTPS connection (1): finance.yahoo.com:443
2026-08-17 13:09:11 | DEBUG    | urllib3.connectionpool:475 | https://finance.yahoo.com:443 "GET / HTTP/1.1" 403 3369
2026-08-17 13:09:11 | DEBUG    | urllib3.connectionpool:1022 | Starting new HTTPS connection (1): query1.finance.yahoo.com:443
2026-08-17 13:09:12 | WARNING  | backpack_quant_trading.core.binance_monitor:143 | 币安行情 curl 兜底失败: Command '['curl', '-fsSL', '--max-time', '10', '-A', 'Mozilla/5.0', '-x', 'http://127.0.0.1:7891', 'https://fapi.binance.com/fapi/v1/depth?symbol=BTCUSDT&limit=50']' returned non-zero exit status 7.
2026-08-17 13:09:12 | DEBUG    | asyncio:631 | Using proactor: IocpProactor
2026-08-17 13:09:14 | WARNING  | backpack_quant_trading.core.binance_monitor:147 | 币安行情 aiohttp 兜底失败: Cannot connect to host 127.0.0.1:7891 ssl:False [远程计算机拒绝网络连接。]
2026-08-17 13:09:14 | DEBUG    | urllib3.connectionpool:1022 | Starting new HTTPS connection (1): fapi.binance.com:443
2026-08-17 13:09:16 | DEBUG    | urllib3.connectionpool:1022 | Starting new HTTPS connection (1): query2.finance.yahoo.com:443
2026-08-17 13:09:17 | ERROR    | backpack_quant_trading.core.binance_monitor:364 | 获取币安深度失败 futures BTCUSDT: HTTPSConnectionPool(host='fapi.binance.com', port=443): Max retries exceeded with url: /fapi/v1/depth?symbol=BTCUSDT&limit=50 (Caused by ProxyError('Cannot connect to proxy.', NewConnectionError('<urllib3.connection.HTTPSConnection object at 0x0000014358859F90>: Failed to establish a new connection: [WinError 10061] 由于目标计算机积极拒绝，无法连接。')))
2026-08-17 13:09:18 | DEBUG    | urllib3.connectionpool:475 | https://query2.finance.yahoo.com:443 "GET /v1/finance/search?q=NVIDIA&quotesCount=0&newsCount=50&enableFuzzyQuery=false HTTP/1.1" 403 3369
2026-08-17 13:09:19 | DEBUG    | urllib3.connectionpool:1022 | Starting new HTTPS connection (2): query1.finance.yahoo.com:443
2026-08-17 13:09:22 | DEBUG    | urllib3.connectionpool:475 | https://query1.finance.yahoo.com:443 "GET /v1/finance/search?q=NVDA&quotesCount=0&newsCount=50&enableFuzzyQuery=false HTTP/1.1" 403 3369
2026-08-17 13:09:22 | DEBUG    | urllib3.connectionpool:291 | Resetting dropped connection: query2.finance.yahoo.com
2026-08-17 13:09:25 | DEBUG    | urllib3.connectionpool:475 | https://query2.finance.yahoo.com:443 "GET /v1/finance/search?q=NVDA&quotesCount=0&newsCount=50&enableFuzzyQuery=false HTTP/1.1" 403 3369
2026-08-17 13:09:25 | DEBUG    | urllib3.connectionpool:291 | Resetting dropped connection: query1.finance.yahoo.com
2026-08-17 13:09:28 | DEBUG    | urllib3.connectionpool:475 | https://query1.finance.yahoo.com:443 "GET /v1/finance/search?q=MICRON&quotesCount=0&newsCount=50&enableFuzzyQuery=false HTTP/1.1" 403 3369
2026-08-17 13:09:28 | DEBUG    | urllib3.connectionpool:291 | Resetting dropped connection: query2.finance.yahoo.com
2026-08-17 13:09:30 | DEBUG    | urllib3.connectionpool:475 | https://query2.finance.yahoo.com:443 "GET /v1/finance/search?q=MICRON&quotesCount=0&newsCount=50&enableFuzzyQuery=false HTTP/1.1" 403 3369
2026-08-17 13:09:30 | DEBUG    | urllib3.connectionpool:291 | Resetting dropped connection: query1.finance.yahoo.com
2026-08-17 13:09:33 | DEBUG    | urllib3.connectionpool:475 | https://query1.finance.yahoo.com:443 "GET /v1/finance/search?q=MU&quotesCount=0&newsCount=50&enableFuzzyQuery=false HTTP/1.1" 403 3369
2026-08-17 13:09:33 | DEBUG    | urllib3.connectionpool:291 | Resetting dropped connection: query2.finance.yahoo.com
2026-08-17 13:09:38 | DEBUG    | urllib3.connectionpool:291 | Resetting dropped connection: query1.finance.yahoo.com
2026-08-17 13:09:42 | DEBUG    | urllib3.connectionpool:475 | https://query1.finance.yahoo.com:443 "GET /v1/finance/search?q=SanDisk&quotesCount=0&newsCount=50&enableFuzzyQuery=false HTTP/1.1" 403 3369
2026-08-17 13:09:42 | DEBUG    | urllib3.connectionpool:1022 | Starting new HTTPS connection (2): query2.finance.yahoo.com:443
2026-08-17 13:09:44 | DEBUG    | urllib3.connectionpool:475 | https://query2.finance.yahoo.com:443 "GET /v1/finance/search?q=SanDisk&quotesCount=0&newsCount=50&enableFuzzyQuery=false HTTP/1.1" 403 3369
2026-08-17 13:09:47 | DEBUG    | urllib3.connectionpool:291 | Resetting dropped connection: query1.finance.yahoo.com
2026-08-17 13:09:52 | DEBUG    | urllib3.connectionpool:291 | Resetting dropped connection: query2.finance.yahoo.com
2026-08-17 13:09:54 | DEBUG    | urllib3.connectionpool:475 | https://query2.finance.yahoo.com:443 "GET /v1/finance/search?q=SNDK&quotesCount=0&newsCount=50&enableFuzzyQuery=false HTTP/1.1" 403 3369
2026-08-17 13:09:54 | DEBUG    | urllib3.connectionpool:1022 | Starting new HTTPS connection (3): query1.finance.yahoo.com:443
2026-08-17 13:09:56 | DEBUG    | urllib3.connectionpool:475 | https://query1.finance.yahoo.com:443 "GET /v1/finance/search?q=INTEL&quotesCount=0&newsCount=50&enableFuzzyQuery=false HTTP/1.1" 403 3369
2026-08-17 13:09:56 | DEBUG    | urllib3.connectionpool:291 | Resetting dropped connection: query2.finance.yahoo.com
2026-08-17 13:09:59 | DEBUG    | urllib3.connectionpool:475 | https://query2.finance.yahoo.com:443 "GET /v1/finance/search?q=INTEL&quotesCount=0&newsCount=50&enableFuzzyQuery=false HTTP/1.1" 403 3369
2026-08-17 13:09:59 | DEBUG    | urllib3.connectionpool:291 | Resetting dropped connection: query1.finance.yahoo.com
2026-08-17 13:10:02 | DEBUG    | urllib3.connectionpool:475 | https://query1.finance.yahoo.com:443 "GET /v1/finance/search?q=INTC&quotesCount=0&newsCount=50&enableFuzzyQuery=false HTTP/1.1" 403 3369
2026-08-17 13:10:02 | DEBUG    | urllib3.connectionpool:291 | Resetting dropped connection: query2.finance.yahoo.com
2026-08-17 13:10:03 | DEBUG    | urllib3.connectionpool:475 | https://query2.finance.yahoo.com:443 "GET /v1/finance/search?q=INTC&quotesCount=0&newsCount=50&enableFuzzyQuery=false HTTP/1.1" 403 3369
2026-08-17 13:10:03 | DEBUG    | urllib3.connectionpool:291 | Resetting dropped connection: finance.yahoo.com
2026-08-17 13:10:04 | WARNING  | backpack_quant_trading.core.binance_monitor:143 | 币安行情 curl 兜底失败: Command '['curl', '-fsSL', '--max-time', '15', '-A', 'Mozilla/5.0', '-x', 'http://127.0.0.1:7891', 'https://fapi.binance.com/fapi/v1/klines?symbol=BTCUSDT&interval=1m&limit=2']' returned non-zero exit status 7.
2026-08-17 13:10:04 | DEBUG    | asyncio:631 | Using proactor: IocpProactor
2026-08-17 13:10:06 | WARNING  | backpack_quant_trading.core.binance_monitor:147 | 币安行情 aiohttp 兜底失败: Cannot connect to host 127.0.0.1:7891 ssl:False [远程计算机拒绝网络连接。]
2026-08-17 13:10:06 | DEBUG    | urllib3.connectionpool:1022 | Starting new HTTPS connection (1): fapi.binance.com:443
2026-08-17 13:10:08 | DEBUG    | urllib3.connectionpool:475 | https://finance.yahoo.com:443 "POST /xhr/ncp?queryRef=latestNews&serviceKey=ncp_fin HTTP/1.1" 403 3369
2026-08-17 13:10:08 | DEBUG    | urllib3.connectionpool:1022 | Starting new HTTPS connection (1): feeds.finance.yahoo.com:443
2026-08-17 13:10:08 | ERROR    | backpack_quant_trading.core.binance_monitor:344 | 获取币安K线失败 futures BTCUSDT 1m: HTTPSConnectionPool(host='fapi.binance.com', port=443): Max retries exceeded with url: /fapi/v1/klines?symbol=BTCUSDT&interval=1m&limit=2 (Caused by ProxyError('Cannot connect to proxy.', NewConnectionError('<urllib3.connection.HTTPSConnection object at 0x000001435A4D7B10>: Failed to establish a new connection: [WinError 10061] 由于目标计算机积极拒绝，无法连接。')))
2026-08-17 13:10:10 | DEBUG    | urllib3.connectionpool:475 | https://feeds.finance.yahoo.com:443 "GET /rss/2.0/headline?s=NVIDIA&region=US&lang=en-US HTTP/1.1" 200 394
2026-08-17 13:10:10 | DEBUG    | urllib3.connectionpool:475 | https://feeds.finance.yahoo.com:443 "GET /rss/2.0/headline?s=NVDA&region=US&lang=en-US HTTP/1.1" 200 3657
2026-08-17 13:10:11 | DEBUG    | urllib3.connectionpool:475 | https://feeds.finance.yahoo.com:443 "GET /rss/2.0/headline?s=MICRON&region=US&lang=en-US HTTP/1.1" 200 393
2026-08-17 13:10:12 | DEBUG    | urllib3.connectionpool:475 | https://feeds.finance.yahoo.com:443 "GET /rss/2.0/headline?s=MU&region=US&lang=en-US HTTP/1.1" 200 2998
2026-08-17 13:10:13 | WARNING  | backpack_quant_trading.core.binance_monitor:143 | 币安行情 curl 兜底失败: Command '['curl', '-fsSL', '--max-time', '10', '-A', 'Mozilla/5.0', '-x', 'http://127.0.0.1:7891', 'https://fapi.binance.com/fapi/v1/depth?symbol=BTCUSDT&limit=50']' returned non-zero exit status 7.
2026-08-17 13:10:13 | DEBUG    | asyncio:631 | Using proactor: IocpProactor
2026-08-17 13:10:15 | DEBUG    | backpack_quant_trading.core.stock_news_feeds:795 | [雅虎财经] 直连 Search 获取 26 条
2026-08-17 13:10:15 | INFO     | stock_news_alert:555 | 轮询完成 @ 2026-08-17 05:09:05 | 拉取 213 条 (金十数据=17, 同花顺=20, 东方财富=80, 新浪财经=30, 富途牛牛=40, 雅虎财经=26) | 已推送过 0 | 非最新 0 | 未命中关键词 203 | 非重要快讯 10 | 内容相似去重 0 | 新命中 0 | 待推送 0 | 雅虎搜索词: NVIDIA, NVDA, MICRON, MU, SanDisk, SNDK, INTEL, INTC
2026-08-17 13:10:15 | WARNING  | backpack_quant_trading.core.binance_monitor:147 | 币安行情 aiohttp 兜底失败: Cannot connect to host 127.0.0.1:7891 ssl:False [远程计算机拒绝网络连接。]
2026-08-17 13:10:15 | DEBUG    | urllib3.connectionpool:1022 | Starting new HTTPS connection (1): fapi.binance.com:443
2026-08-17 13:10:17 | ERROR    | backpack_quant_trading.core.binance_monitor:364 | 获取币安深度失败 futures BTCUSDT: HTTPSConnectionPool(host='fapi.binance.com', port=443): Max retries exceeded with url: /fapi/v1/depth?symbol=BTCUSDT&limit=50 (Caused by ProxyError('Cannot connect to proxy.', NewConnectionError('<urllib3.connection.HTTPSConnection object at 0x0000014358858E10>: Failed to establish a new connection: [WinError 10061] 由于目标计算机积极拒绝，无法连接。')))
2026-08-17 13:10:45 | DEBUG    | urllib3.connectionpool:1022 | Starting new HTTPS connection (1): flash-api.jin10.com:443
2026-08-17 13:10:45 | DEBUG    | urllib3.connectionpool:475 | https://flash-api.jin10.com:443 "GET /get_flash_list?channel=-8200&vip=1 HTTP/1.1" 200 None
2026-08-17 13:10:45 | DEBUG    | urllib3.connectionpool:1022 | Starting new HTTPS connection (1): news.10jqka.com.cn:443
2026-08-17 13:10:46 | DEBUG    | urllib3.connectionpool:475 | https://news.10jqka.com.cn:443 "GET /tapp/news/push/stock?page=1&tag=&track=website HTTP/1.1" 200 None
2026-08-17 13:10:46 | DEBUG    | urllib3.connectionpool:1022 | Starting new HTTPS connection (1): np-weblist.eastmoney.com:443
2026-08-17 13:10:47 | DEBUG    | urllib3.connectionpool:475 | https://np-weblist.eastmoney.com:443 "GET /comm/web/getFastNewsList?client=web&biz=web_724&fastColumn=102&sortEnd=&pageSize=80&req_trace=1710315450384 HTTP/1.1" 200 None
2026-08-17 13:10:47 | DEBUG    | urllib3.connectionpool:1022 | Starting new HTTPS connection (1): zhibo.sina.com.cn:443
2026-08-17 13:10:48 | DEBUG    | urllib3.connectionpool:475 | https://zhibo.sina.com.cn:443 "GET /api/zhibo/feed?page=1&page_size=30&zhibo_id=152&tag_id=0&dire=f&dpc=1&pagesize=30&type=1 HTTP/1.1" 200 None
2026-08-17 13:10:48 | DEBUG    | urllib3.connectionpool:1022 | Starting new HTTPS connection (1): news.futunn.com:443
2026-08-17 13:10:49 | DEBUG    | urllib3.connectionpool:475 | https://news.futunn.com:443 "GET /news-site-api/main/get-flash-list?pageSize=40 HTTP/1.1" 200 62505
2026-08-17 13:10:49 | DEBUG    | urllib3.connectionpool:1022 | Starting new HTTPS connection (1): finance.yahoo.com:443
2026-08-17 13:10:53 | DEBUG    | urllib3.connectionpool:1022 | Starting new HTTPS connection (1): query1.finance.yahoo.com:443
2026-08-17 13:10:55 | DEBUG    | urllib3.connectionpool:475 | https://query1.finance.yahoo.com:443 "GET /v1/finance/search?q=NVIDIA&quotesCount=0&newsCount=50&enableFuzzyQuery=false HTTP/1.1" 403 3369
2026-08-17 13:10:55 | DEBUG    | urllib3.connectionpool:1022 | Starting new HTTPS connection (1): query2.finance.yahoo.com:443
2026-08-17 13:10:58 | DEBUG    | urllib3.connectionpool:475 | https://query2.finance.yahoo.com:443 "GET /v1/finance/search?q=NVIDIA&quotesCount=0&newsCount=50&enableFuzzyQuery=false HTTP/1.1" 403 3369
2026-08-17 13:10:58 | DEBUG    | urllib3.connectionpool:291 | Resetting dropped connection: query1.finance.yahoo.com
2026-08-17 13:11:00 | DEBUG    | urllib3.connectionpool:475 | https://query1.finance.yahoo.com:443 "GET /v1/finance/search?q=NVDA&quotesCount=0&newsCount=50&enableFuzzyQuery=false HTTP/1.1" 403 3369
2026-08-17 13:11:00 | DEBUG    | urllib3.connectionpool:291 | Resetting dropped connection: query2.finance.yahoo.com
2026-08-17 13:11:02 | DEBUG    | urllib3.connectionpool:475 | https://query2.finance.yahoo.com:443 "GET /v1/finance/search?q=NVDA&quotesCount=0&newsCount=50&enableFuzzyQuery=false HTTP/1.1" 403 3369
2026-08-17 13:11:02 | DEBUG    | urllib3.connectionpool:291 | Resetting dropped connection: query1.finance.yahoo.com
2026-08-17 13:11:04 | DEBUG    | urllib3.connectionpool:475 | https://query1.finance.yahoo.com:443 "GET /v1/finance/search?q=MICRON&quotesCount=0&newsCount=50&enableFuzzyQuery=false HTTP/1.1" 403 3369
2026-08-17 13:11:04 | DEBUG    | urllib3.connectionpool:291 | Resetting dropped connection: query2.finance.yahoo.com
2026-08-17 13:11:05 | WARNING  | backpack_quant_trading.core.binance_monitor:143 | 币安行情 curl 兜底失败: Command '['curl', '-fsSL', '--max-time', '15', '-A', 'Mozilla/5.0', '-x', 'http://127.0.0.1:7891', 'https://fapi.binance.com/fapi/v1/klines?symbol=BTCUSDT&interval=1m&limit=2']' returned non-zero exit status 7.
2026-08-17 13:11:05 | DEBUG    | asyncio:631 | Using proactor: IocpProactor
2026-08-17 13:11:06 | DEBUG    | urllib3.connectionpool:475 | https://query2.finance.yahoo.com:443 "GET /v1/finance/search?q=MICRON&quotesCount=0&newsCount=50&enableFuzzyQuery=false HTTP/1.1" 403 3369
2026-08-17 13:11:06 | DEBUG    | urllib3.connectionpool:291 | Resetting dropped connection: query1.finance.yahoo.com
2026-08-17 13:11:07 | WARNING  | backpack_quant_trading.core.binance_monitor:147 | 币安行情 aiohttp 兜底失败: Cannot connect to host 127.0.0.1:7891 ssl:False [远程计算机拒绝网络连接。]
2026-08-17 13:11:07 | DEBUG    | urllib3.connectionpool:1022 | Starting new HTTPS connection (1): fapi.binance.com:443
2026-08-17 13:11:09 | ERROR    | backpack_quant_trading.core.binance_monitor:344 | 获取币安K线失败 futures BTCUSDT 1m: HTTPSConnectionPool(host='fapi.binance.com', port=443): Max retries exceeded with url: /fapi/v1/klines?symbol=BTCUSDT&interval=1m&limit=2 (Caused by ProxyError('Cannot connect to proxy.', NewConnectionError('<urllib3.connection.HTTPSConnection object at 0x000001435A4D65D0>: Failed to establish a new connection: [WinError 10061] 由于目标计算机积极拒绝，无法连接。')))
2026-08-17 13:11:11 | DEBUG    | urllib3.connectionpool:475 | https://query1.finance.yahoo.com:443 "GET /v1/finance/search?q=MU&quotesCount=0&newsCount=50&enableFuzzyQuery=false HTTP/1.1" 403 3369
2026-08-17 13:11:12 | DEBUG    | urllib3.connectionpool:291 | Resetting dropped connection: query2.finance.yahoo.com
2026-08-17 13:11:13 | DEBUG    | urllib3.connectionpool:475 | https://query2.finance.yahoo.com:443 "GET /v1/finance/search?q=MU&quotesCount=0&newsCount=50&enableFuzzyQuery=false HTTP/1.1" 403 3369
2026-08-17 13:11:14 | WARNING  | backpack_quant_trading.core.binance_monitor:143 | 币安行情 curl 兜底失败: Command '['curl', '-fsSL', '--max-time', '10', '-A', 'Mozilla/5.0', '-x', 'http://127.0.0.1:7891', 'https://fapi.binance.com/fapi/v1/depth?symbol=BTCUSDT&limit=50']' returned non-zero exit status 7.
2026-08-17 13:11:14 | DEBUG    | asyncio:631 | Using proactor: IocpProactor
2026-08-17 13:11:15 | DEBUG    | urllib3.connectionpool:291 | Resetting dropped connection: query1.finance.yahoo.com
2026-08-17 13:11:16 | WARNING  | backpack_quant_trading.core.binance_monitor:147 | 币安行情 aiohttp 兜底失败: Cannot connect to host 127.0.0.1:7891 ssl:False [远程计算机拒绝网络连接。]
2026-08-17 13:11:16 | DEBUG    | urllib3.connectionpool:1022 | Starting new HTTPS connection (1): fapi.binance.com:443
2026-08-17 13:11:18 | ERROR    | backpack_quant_trading.core.binance_monitor:364 | 获取币安深度失败 futures BTCUSDT: HTTPSConnectionPool(host='fapi.binance.com', port=443): Max retries exceeded with url: /fapi/v1/depth?symbol=BTCUSDT&limit=50 (Caused by ProxyError('Cannot connect to proxy.', NewConnectionError('<urllib3.connection.HTTPSConnection object at 0x000001435A4D6D50>: Failed to establish a new connection: [WinError 10061] 由于目标计算机积极拒绝，无法连接。')))
2026-08-17 13:11:21 | DEBUG    | urllib3.connectionpool:475 | https://query1.finance.yahoo.com:443 "GET /v1/finance/search?q=SanDisk&quotesCount=0&newsCount=50&enableFuzzyQuery=false HTTP/1.1" 403 3369
2026-08-17 13:11:22 | DEBUG    | urllib3.connectionpool:291 | Resetting dropped connection: query2.finance.yahoo.com
2026-08-17 13:11:24 | DEBUG    | urllib3.connectionpool:475 | https://query2.finance.yahoo.com:443 "GET /v1/finance/search?q=SanDisk&quotesCount=0&newsCount=50&enableFuzzyQuery=false HTTP/1.1" 403 3369
2026-08-17 13:11:24 | DEBUG    | urllib3.connectionpool:291 | Resetting dropped connection: query1.finance.yahoo.com
2026-08-17 13:11:25 | DEBUG    | urllib3.connectionpool:475 | https://query1.finance.yahoo.com:443 "GET /v1/finance/search?q=SNDK&quotesCount=0&newsCount=50&enableFuzzyQuery=false HTTP/1.1" 403 3369
2026-08-17 13:11:28 | DEBUG    | urllib3.connectionpool:291 | Resetting dropped connection: query2.finance.yahoo.com
2026-08-17 13:11:29 | DEBUG    | urllib3.connectionpool:475 | https://query2.finance.yahoo.com:443 "GET /v1/finance/search?q=SNDK&quotesCount=0&newsCount=50&enableFuzzyQuery=false HTTP/1.1" 403 3369
2026-08-17 13:11:30 | DEBUG    | urllib3.connectionpool:291 | Resetting dropped connection: query1.finance.yahoo.com
2026-08-17 13:11:32 | DEBUG    | urllib3.connectionpool:475 | https://query1.finance.yahoo.com:443 "GET /v1/finance/search?q=INTEL&quotesCount=0&newsCount=50&enableFuzzyQuery=false HTTP/1.1" 403 3369
2026-08-17 13:11:32 | DEBUG    | urllib3.connectionpool:291 | Resetting dropped connection: query2.finance.yahoo.com
2026-08-17 13:11:35 | DEBUG    | urllib3.connectionpool:475 | https://query2.finance.yahoo.com:443 "GET /v1/finance/search?q=INTEL&quotesCount=0&newsCount=50&enableFuzzyQuery=false HTTP/1.1" 403 3369
2026-08-17 13:11:35 | DEBUG    | urllib3.connectionpool:291 | Resetting dropped connection: query1.finance.yahoo.com
2026-08-17 13:11:37 | DEBUG    | urllib3.connectionpool:475 | https://query1.finance.yahoo.com:443 "GET /v1/finance/search?q=INTC&quotesCount=0&newsCount=50&enableFuzzyQuery=false HTTP/1.1" 403 3369
2026-08-17 13:11:37 | DEBUG    | urllib3.connectionpool:291 | Resetting dropped connection: query2.finance.yahoo.com
2026-08-17 13:11:42 | DEBUG    | urllib3.connectionpool:1022 | Starting new HTTPS connection (2): finance.yahoo.com:443
2026-08-17 13:11:44 | DEBUG    | urllib3.connectionpool:475 | https://finance.yahoo.com:443 "POST /xhr/ncp?queryRef=latestNews&serviceKey=ncp_fin HTTP/1.1" 403 3369
2026-08-17 13:11:44 | DEBUG    | urllib3.connectionpool:1022 | Starting new HTTPS connection (1): feeds.finance.yahoo.com:443
2026-08-17 13:11:46 | DEBUG    | urllib3.connectionpool:475 | https://feeds.finance.yahoo.com:443 "GET /rss/2.0/headline?s=NVIDIA&region=US&lang=en-US HTTP/1.1" 200 394
2026-08-17 13:11:49 | DEBUG    | urllib3.connectionpool:475 | https://feeds.finance.yahoo.com:443 "GET /rss/2.0/headline?s=NVDA&region=US&lang=en-US HTTP/1.1" 200 3657
2026-08-17 13:11:49 | DEBUG    | urllib3.connectionpool:475 | https://feeds.finance.yahoo.com:443 "GET /rss/2.0/headline?s=MICRON&region=US&lang=en-US HTTP/1.1" 200 394
2026-08-17 13:11:50 | DEBUG    | urllib3.connectionpool:475 | https://feeds.finance.yahoo.com:443 "GET /rss/2.0/headline?s=MU&region=US&lang=en-US HTTP/1.1" 200 2998
2026-08-17 13:11:50 | DEBUG    | backpack_quant_trading.core.stock_news_feeds:795 | [雅虎财经] 直连 Search 获取 26 条
2026-08-17 13:11:50 | INFO     | stock_news_alert:555 | 轮询完成 @ 2026-08-17 05:10:45 | 拉取 213 条 (金十数据=17, 同花顺=20, 东方财富=80, 新浪财经=30, 富途牛牛=40, 雅虎财经=26) | 已推送过 0 | 非最新 0 | 未命中关键词 203 | 非重要快讯 10 | 内容相似去重 0 | 新命中 0 | 待推送 0 | 雅虎搜索词: NVIDIA, NVDA, MICRON, MU, SanDisk, SNDK, INTEL, INTC
2026-08-17 13:12:04 | WARNING  | backpack_quant_trading.core.binance_monitor:143 | 币安行情 curl 兜底失败: Command '['curl', '-fsSL', '--max-time', '15', '-A', 'Mozilla/5.0', '-x', 'http://127.0.0.1:7891', 'https://fapi.binance.com/fapi/v1/klines?symbol=BTCUSDT&interval=1m&limit=2']' returned non-zero exit status 7.
2026-08-17 13:12:04 | DEBUG    | asyncio:631 | Using proactor: IocpProactor
2026-08-17 13:12:06 | WARNING  | backpack_quant_trading.core.binance_monitor:147 | 币安行情 aiohttp 兜底失败: Cannot connect to host 127.0.0.1:7891 ssl:False [远程计算机拒绝网络连接。]
2026-08-17 13:12:06 | DEBUG    | urllib3.connectionpool:1022 | Starting new HTTPS connection (1): fapi.binance.com:443
2026-08-17 13:12:08 | ERROR    | backpack_quant_trading.core.binance_monitor:344 | 获取币安K线失败 futures BTCUSDT 1m: HTTPSConnectionPool(host='fapi.binance.com', port=443): Max retries exceeded with url: /fapi/v1/klines?symbol=BTCUSDT&interval=1m&limit=2 (Caused by ProxyError('Cannot connect to proxy.', NewConnectionError('<urllib3.connection.HTTPSConnection object at 0x000001435A4D6210>: Failed to establish a new connection: [WinError 10061] 由于目标计算机积极拒绝，无法连接。')))
2026-08-17 13:12:12 | WARNING  | backpack_quant_trading.core.binance_monitor:143 | 币安行情 curl 兜底失败: Command '['curl', '-fsSL', '--max-time', '10', '-A', 'Mozilla/5.0', '-x', 'http://127.0.0.1:7891', 'https://fapi.binance.com/fapi/v1/depth?symbol=BTCUSDT&limit=50']' returned non-zero exit status 7.
2026-08-17 13:12:12 | DEBUG    | asyncio:631 | Using proactor: IocpProactor
2026-08-17 13:12:14 | WARNING  | backpack_quant_trading.core.binance_monitor:147 | 币安行情 aiohttp 兜底失败: Cannot connect to host 127.0.0.1:7891 ssl:False [远程计算机拒绝网络连接。]
2026-08-17 13:12:14 | DEBUG    | urllib3.connectionpool:1022 | Starting new HTTPS connection (1): fapi.binance.com:443
2026-08-17 13:12:16 | ERROR    | backpack_quant_trading.core.binance_monitor:364 | 获取币安深度失败 futures BTCUSDT: HTTPSConnectionPool(host='fapi.binance.com', port=443): Max retries exceeded with url: /fapi/v1/depth?symbol=BTCUSDT&limit=50 (Caused by ProxyError('Cannot connect to proxy.', NewConnectionError('<urllib3.connection.HTTPSConnection object at 0x000001435A4D6AD0>: Failed to establish a new connection: [WinError 10061] 由于目标计算机积极拒绝，无法连接。')))
2026-08-17 13:12:20 | DEBUG    | urllib3.connectionpool:1022 | Starting new HTTPS connection (1): flash-api.jin10.com:443
2026-08-17 13:12:21 | DEBUG    | urllib3.connectionpool:475 | https://flash-api.jin10.com:443 "GET /get_flash_list?channel=-8200&vip=1 HTTP/1.1" 200 None
2026-08-17 13:12:21 | DEBUG    | urllib3.connectionpool:1022 | Starting new HTTPS connection (1): news.10jqka.com.cn:443
2026-08-17 13:12:22 | DEBUG    | urllib3.connectionpool:475 | https://news.10jqka.com.cn:443 "GET /tapp/news/push/stock?page=1&tag=&track=website HTTP/1.1" 200 None
2026-08-17 13:12:22 | DEBUG    | urllib3.connectionpool:1022 | Starting new HTTPS connection (1): np-weblist.eastmoney.com:443
2026-08-17 13:12:22 | DEBUG    | urllib3.connectionpool:475 | https://np-weblist.eastmoney.com:443 "GET /comm/web/getFastNewsList?client=web&biz=web_724&fastColumn=102&sortEnd=&pageSize=80&req_trace=1710315450384 HTTP/1.1" 200 None
2026-08-17 13:12:22 | DEBUG    | urllib3.connectionpool:1022 | Starting new HTTPS connection (1): zhibo.sina.com.cn:443
2026-08-17 13:12:23 | DEBUG    | urllib3.connectionpool:475 | https://zhibo.sina.com.cn:443 "GET /api/zhibo/feed?page=1&page_size=30&zhibo_id=152&tag_id=0&dire=f&dpc=1&pagesize=30&type=1 HTTP/1.1" 200 None
2026-08-17 13:12:23 | DEBUG    | urllib3.connectionpool:1022 | Starting new HTTPS connection (1): news.futunn.com:443
2026-08-17 13:12:24 | DEBUG    | urllib3.connectionpool:475 | https://news.futunn.com:443 "GET /news-site-api/main/get-flash-list?pageSize=40 HTTP/1.1" 200 62512
2026-08-17 13:12:24 | DEBUG    | urllib3.connectionpool:1022 | Starting new HTTPS connection (1): finance.yahoo.com:443
2026-08-17 13:12:26 | DEBUG    | urllib3.connectionpool:475 | https://finance.yahoo.com:443 "GET / HTTP/1.1" 403 3369
2026-08-17 13:12:26 | DEBUG    | urllib3.connectionpool:1022 | Starting new HTTPS connection (1): query1.finance.yahoo.com:443
2026-08-17 13:12:28 | DEBUG    | urllib3.connectionpool:475 | https://query1.finance.yahoo.com:443 "GET /v1/finance/search?q=NVIDIA&quotesCount=0&newsCount=50&enableFuzzyQuery=false HTTP/1.1" 403 3369
2026-08-17 13:12:28 | DEBUG    | urllib3.connectionpool:1022 | Starting new HTTPS connection (1): query2.finance.yahoo.com:443
2026-08-17 13:12:33 | DEBUG    | urllib3.connectionpool:475 | https://query2.finance.yahoo.com:443 "GET /v1/finance/search?q=NVIDIA&quotesCount=0&newsCount=50&enableFuzzyQuery=false HTTP/1.1" 403 3369
2026-08-17 13:12:33 | DEBUG    | urllib3.connectionpool:291 | Resetting dropped connection: query1.finance.yahoo.com
2026-08-17 13:12:35 | DEBUG    | urllib3.connectionpool:475 | https://query1.finance.yahoo.com:443 "GET /v1/finance/search?q=NVDA&quotesCount=0&newsCount=50&enableFuzzyQuery=false HTTP/1.1" 403 3369
2026-08-17 13:12:35 | DEBUG    | urllib3.connectionpool:291 | Resetting dropped connection: query2.finance.yahoo.com
2026-08-17 13:12:37 | DEBUG    | urllib3.connectionpool:475 | https://query2.finance.yahoo.com:443 "GET /v1/finance/search?q=NVDA&quotesCount=0&newsCount=50&enableFuzzyQuery=false HTTP/1.1" 403 3369
2026-08-17 13:12:37 | DEBUG    | urllib3.connectionpool:291 | Resetting dropped connection: query1.finance.yahoo.com
2026-08-17 13:12:43 | DEBUG    | urllib3.connectionpool:475 | https://query1.finance.yahoo.com:443 "GET /v1/finance/search?q=MICRON&quotesCount=0&newsCount=50&enableFuzzyQuery=false HTTP/1.1" 403 3369
2026-08-17 13:12:45 | DEBUG    | urllib3.connectionpool:291 | Resetting dropped connection: query2.finance.yahoo.com
2026-08-17 13:12:47 | DEBUG    | urllib3.connectionpool:475 | https://query2.finance.yahoo.com:443 "GET /v1/finance/search?q=MICRON&quotesCount=0&newsCount=50&enableFuzzyQuery=false HTTP/1.1" 403 3369
2026-08-17 13:12:47 | DEBUG    | urllib3.connectionpool:291 | Resetting dropped connection: query1.finance.yahoo.com
2026-08-17 13:12:50 | DEBUG    | urllib3.connectionpool:475 | https://query1.finance.yahoo.com:443 "GET /v1/finance/search?q=MU&quotesCount=0&newsCount=50&enableFuzzyQuery=false HTTP/1.1" 403 3369
2026-08-17 13:12:50 | DEBUG    | urllib3.connectionpool:291 | Resetting dropped connection: query2.finance.yahoo.com
2026-08-17 13:12:54 | DEBUG    | urllib3.connectionpool:475 | https://query2.finance.yahoo.com:443 "GET /v1/finance/search?q=MU&quotesCount=0&newsCount=50&enableFuzzyQuery=false HTTP/1.1" 403 3369
2026-08-17 13:12:54 | DEBUG    | urllib3.connectionpool:291 | Resetting dropped connection: query1.finance.yahoo.com
2026-08-17 13:12:56 | DEBUG    | urllib3.connectionpool:475 | https://query1.finance.yahoo.com:443 "GET /v1/finance/search?q=SanDisk&quotesCount=0&newsCount=50&enableFuzzyQuery=false HTTP/1.1" 403 3369
2026-08-17 13:12:56 | DEBUG    | urllib3.connectionpool:291 | Resetting dropped connection: query2.finance.yahoo.com
2026-08-17 13:12:58 | DEBUG    | urllib3.connectionpool:475 | https://query2.finance.yahoo.com:443 "GET /v1/finance/search?q=SanDisk&quotesCount=0&newsCount=50&enableFuzzyQuery=false HTTP/1.1" 403 3369
2026-08-17 13:12:58 | DEBUG    | urllib3.connectionpool:291 | Resetting dropped connection: query1.finance.yahoo.com
2026-08-17 13:12:59 | DEBUG    | urllib3.connectionpool:475 | https://query1.finance.yahoo.com:443 "GET /v1/finance/search?q=SNDK&quotesCount=0&newsCount=50&enableFuzzyQuery=false HTTP/1.1" 403 3369
2026-08-17 13:12:59 | DEBUG    | urllib3.connectionpool:291 | Resetting dropped connection: query2.finance.yahoo.com
2026-08-17 13:13:01 | DEBUG    | urllib3.connectionpool:475 | https://query2.finance.yahoo.com:443 "GET /v1/finance/search?q=SNDK&quotesCount=0&newsCount=50&enableFuzzyQuery=false HTTP/1.1" 403 3369
2026-08-17 13:13:04 | WARNING  | backpack_quant_trading.core.binance_monitor:143 | 币安行情 curl 兜底失败: Command '['curl', '-fsSL', '--max-time', '15', '-A', 'Mozilla/5.0', '-x', 'http://127.0.0.1:7891', 'https://fapi.binance.com/fapi/v1/klines?symbol=BTCUSDT&interval=1m&limit=2']' returned non-zero exit status 7.
2026-08-17 13:13:04 | DEBUG    | asyncio:631 | Using proactor: IocpProactor
2026-08-17 13:13:05 | DEBUG    | urllib3.connectionpool:291 | Resetting dropped connection: query1.finance.yahoo.com
2026-08-17 13:13:06 | WARNING  | backpack_quant_trading.core.binance_monitor:147 | 币安行情 aiohttp 兜底失败: Cannot connect to host 127.0.0.1:7891 ssl:False [远程计算机拒绝网络连接。]
2026-08-17 13:13:06 | DEBUG    | urllib3.connectionpool:1022 | Starting new HTTPS connection (1): fapi.binance.com:443
2026-08-17 13:13:08 | ERROR    | backpack_quant_trading.core.binance_monitor:344 | 获取币安K线失败 futures BTCUSDT 1m: HTTPSConnectionPool(host='fapi.binance.com', port=443): Max retries exceeded with url: /fapi/v1/klines?symbol=BTCUSDT&interval=1m&limit=2 (Caused by ProxyError('Cannot connect to proxy.', NewConnectionError('<urllib3.connection.HTTPSConnection object at 0x000001435A4D7890>: Failed to establish a new connection: [WinError 10061] 由于目标计算机积极拒绝，无法连接。')))
2026-08-17 13:13:10 | DEBUG    | urllib3.connectionpool:475 | https://query1.finance.yahoo.com:443 "GET /v1/finance/search?q=INTEL&quotesCount=0&newsCount=50&enableFuzzyQuery=false HTTP/1.1" 403 3369
2026-08-17 13:13:11 | DEBUG    | urllib3.connectionpool:291 | Resetting dropped connection: query2.finance.yahoo.com
2026-08-17 13:13:12 | WARNING  | backpack_quant_trading.core.binance_monitor:143 | 币安行情 curl 兜底失败: Command '['curl', '-fsSL', '--max-time', '10', '-A', 'Mozilla/5.0', '-x', 'http://127.0.0.1:7891', 'https://fapi.binance.com/fapi/v1/depth?symbol=BTCUSDT&limit=50']' returned non-zero exit status 7.
2026-08-17 13:13:12 | DEBUG    | asyncio:631 | Using proactor: IocpProactor
2026-08-17 13:13:14 | WARNING  | backpack_quant_trading.core.binance_monitor:147 | 币安行情 aiohttp 兜底失败: Cannot connect to host 127.0.0.1:7891 ssl:False [远程计算机拒绝网络连接。]
2026-08-17 13:13:14 | DEBUG    | urllib3.connectionpool:1022 | Starting new HTTPS connection (1): fapi.binance.com:443
2026-08-17 13:13:16 | ERROR    | backpack_quant_trading.core.binance_monitor:364 | 获取币安深度失败 futures BTCUSDT: HTTPSConnectionPool(host='fapi.binance.com', port=443): Max retries exceeded with url: /fapi/v1/depth?symbol=BTCUSDT&limit=50 (Caused by ProxyError('Cannot connect to proxy.', NewConnectionError('<urllib3.connection.HTTPSConnection object at 0x000001435A702C10>: Failed to establish a new connection: [WinError 10061] 由于目标计算机积极拒绝，无法连接。')))
2026-08-17 13:13:16 | DEBUG    | urllib3.connectionpool:291 | Resetting dropped connection: query1.finance.yahoo.com
2026-08-17 13:13:19 | DEBUG    | urllib3.connectionpool:475 | https://query1.finance.yahoo.com:443 "GET /v1/finance/search?q=INTC&quotesCount=0&newsCount=50&enableFuzzyQuery=false HTTP/1.1" 403 3369
2026-08-17 13:13:19 | DEBUG    | urllib3.connectionpool:1022 | Starting new HTTPS connection (2): query2.finance.yahoo.com:443
2026-08-17 13:13:21 | DEBUG    | urllib3.connectionpool:475 | https://query2.finance.yahoo.com:443 "GET /v1/finance/search?q=INTC&quotesCount=0&newsCount=50&enableFuzzyQuery=false HTTP/1.1" 403 3369
2026-08-17 13:13:24 | DEBUG    | urllib3.connectionpool:291 | Resetting dropped connection: finance.yahoo.com
2026-08-17 13:13:26 | DEBUG    | urllib3.connectionpool:475 | https://finance.yahoo.com:443 "POST /xhr/ncp?queryRef=latestNews&serviceKey=ncp_fin HTTP/1.1" 403 3369
2026-08-17 13:13:26 | DEBUG    | urllib3.connectionpool:1022 | Starting new HTTPS connection (1): feeds.finance.yahoo.com:443
2026-08-17 13:13:28 | DEBUG    | urllib3.connectionpool:475 | https://feeds.finance.yahoo.com:443 "GET /rss/2.0/headline?s=NVIDIA&region=US&lang=en-US HTTP/1.1" 200 394
2026-08-17 13:13:28 | DEBUG    | urllib3.connectionpool:475 | https://feeds.finance.yahoo.com:443 "GET /rss/2.0/headline?s=NVDA&region=US&lang=en-US HTTP/1.1" 200 4704
2026-08-17 13:13:29 | DEBUG    | urllib3.connectionpool:475 | https://feeds.finance.yahoo.com:443 "GET /rss/2.0/headline?s=MICRON&region=US&lang=en-US HTTP/1.1" 200 394
2026-08-17 13:13:29 | DEBUG    | urllib3.connectionpool:475 | https://feeds.finance.yahoo.com:443 "GET /rss/2.0/headline?s=MU&region=US&lang=en-US HTTP/1.1" 200 2998
2026-08-17 13:13:29 | DEBUG    | backpack_quant_trading.core.stock_news_feeds:795 | [雅虎财经] 直连 Search 获取 31 条
2026-08-17 13:13:30 | INFO     | stock_news_alert:555 | 轮询完成 @ 2026-08-17 05:12:20 | 拉取 218 条 (金十数据=17, 同花顺=20, 东方财富=80, 新浪财经=30, 富途牛牛=40, 雅虎财经=31) | 已推送过 0 | 非最新 0 | 未命中关键词 207 | 非重要快讯 11 | 内容相似去重 0 | 新命中 0 | 待推送 0 | 雅虎搜索词: NVIDIA, NVDA, MICRON, MU, SanDisk, SNDK, INTEL, INTC
2026-08-17 13:14:00 | DEBUG    | urllib3.connectionpool:1022 | Starting new HTTPS connection (1): flash-api.jin10.com:443
2026-08-17 13:14:00 | DEBUG    | urllib3.connectionpool:475 | https://flash-api.jin10.com:443 "GET /get_flash_list?channel=-8200&vip=1 HTTP/1.1" 200 None
2026-08-17 13:14:00 | DEBUG    | urllib3.connectionpool:1022 | Starting new HTTPS connection (1): news.10jqka.com.cn:443
2026-08-17 13:14:01 | DEBUG    | urllib3.connectionpool:475 | https://news.10jqka.com.cn:443 "GET /tapp/news/push/stock?page=1&tag=&track=website HTTP/1.1" 200 None
2026-08-17 13:14:01 | DEBUG    | urllib3.connectionpool:1022 | Starting new HTTPS connection (1): np-weblist.eastmoney.com:443
2026-08-17 13:14:02 | DEBUG    | urllib3.connectionpool:475 | https://np-weblist.eastmoney.com:443 "GET /comm/web/getFastNewsList?client=web&biz=web_724&fastColumn=102&sortEnd=&pageSize=80&req_trace=1710315450384 HTTP/1.1" 200 None
2026-08-17 13:14:02 | DEBUG    | urllib3.connectionpool:1022 | Starting new HTTPS connection (1): zhibo.sina.com.cn:443
2026-08-17 13:14:03 | DEBUG    | urllib3.connectionpool:475 | https://zhibo.sina.com.cn:443 "GET /api/zhibo/feed?page=1&page_size=30&zhibo_id=152&tag_id=0&dire=f&dpc=1&pagesize=30&type=1 HTTP/1.1" 200 None
2026-08-17 13:14:03 | DEBUG    | urllib3.connectionpool:1022 | Starting new HTTPS connection (1): news.futunn.com:443
2026-08-17 13:14:03 | DEBUG    | urllib3.connectionpool:475 | https://news.futunn.com:443 "GET /news-site-api/main/get-flash-list?pageSize=40 HTTP/1.1" 200 62512
2026-08-17 13:14:03 | DEBUG    | urllib3.connectionpool:1022 | Starting new HTTPS connection (1): finance.yahoo.com:443
2026-08-17 13:14:04 | WARNING  | backpack_quant_trading.core.binance_monitor:143 | 币安行情 curl 兜底失败: Command '['curl', '-fsSL', '--max-time', '15', '-A', 'Mozilla/5.0', '-x', 'http://127.0.0.1:7891', 'https://fapi.binance.com/fapi/v1/klines?symbol=BTCUSDT&interval=1m&limit=2']' returned non-zero exit status 7.
2026-08-17 13:14:04 | DEBUG    | asyncio:631 | Using proactor: IocpProactor
2026-08-17 13:14:06 | WARNING  | backpack_quant_trading.core.binance_monitor:147 | 币安行情 aiohttp 兜底失败: Cannot connect to host 127.0.0.1:7891 ssl:False [远程计算机拒绝网络连接。]
2026-08-17 13:14:06 | DEBUG    | urllib3.connectionpool:1022 | Starting new HTTPS connection (1): fapi.binance.com:443
2026-08-17 13:14:07 | DEBUG    | urllib3.connectionpool:475 | https://finance.yahoo.com:443 "GET / HTTP/1.1" 403 3369
2026-08-17 13:14:07 | DEBUG    | urllib3.connectionpool:1022 | Starting new HTTPS connection (1): query1.finance.yahoo.com:443
2026-08-17 13:14:08 | ERROR    | backpack_quant_trading.core.binance_monitor:344 | 获取币安K线失败 futures BTCUSDT 1m: HTTPSConnectionPool(host='fapi.binance.com', port=443): Max retries exceeded with url: /fapi/v1/klines?symbol=BTCUSDT&interval=1m&limit=2 (Caused by ProxyError('Cannot connect to proxy.', NewConnectionError('<urllib3.connection.HTTPSConnection object at 0x000001435A4D5090>: Failed to establish a new connection: [WinError 10061] 由于目标计算机积极拒绝，无法连接。')))
2026-08-17 13:14:08 | DEBUG    | urllib3.connectionpool:475 | https://query1.finance.yahoo.com:443 "GET /v1/finance/search?q=NVIDIA&quotesCount=0&newsCount=50&enableFuzzyQuery=false HTTP/1.1" 403 3369
2026-08-17 13:14:08 | DEBUG    | urllib3.connectionpool:1022 | Starting new HTTPS connection (1): query2.finance.yahoo.com:443
2026-08-17 13:14:11 | DEBUG    | urllib3.connectionpool:475 | https://query2.finance.yahoo.com:443 "GET /v1/finance/search?q=NVIDIA&quotesCount=0&newsCount=50&enableFuzzyQuery=false HTTP/1.1" 403 3369
2026-08-17 13:14:11 | DEBUG    | urllib3.connectionpool:291 | Resetting dropped connection: query1.finance.yahoo.com
2026-08-17 13:14:12 | DEBUG    | urllib3.connectionpool:475 | https://query1.finance.yahoo.com:443 "GET /v1/finance/search?q=NVDA&quotesCount=0&newsCount=50&enableFuzzyQuery=false HTTP/1.1" 403 3369
2026-08-17 13:14:12 | WARNING  | backpack_quant_trading.core.binance_monitor:143 | 币安行情 curl 兜底失败: Command '['curl', '-fsSL', '--max-time', '10', '-A', 'Mozilla/5.0', '-x', 'http://127.0.0.1:7891', 'https://fapi.binance.com/fapi/v1/depth?symbol=BTCUSDT&limit=50']' returned non-zero exit status 7.
2026-08-17 13:14:12 | DEBUG    | asyncio:631 | Using proactor: IocpProactor
2026-08-17 13:14:13 | DEBUG    | urllib3.connectionpool:291 | Resetting dropped connection: query2.finance.yahoo.com
2026-08-17 13:14:14 | WARNING  | backpack_quant_trading.core.binance_monitor:147 | 币安行情 aiohttp 兜底失败: Cannot connect to host 127.0.0.1:7891 ssl:False [远程计算机拒绝网络连接。]
2026-08-17 13:14:14 | DEBUG    | urllib3.connectionpool:1022 | Starting new HTTPS connection (1): fapi.binance.com:443
2026-08-17 13:14:16 | DEBUG    | urllib3.connectionpool:475 | https://query2.finance.yahoo.com:443 "GET /v1/finance/search?q=NVDA&quotesCount=0&newsCount=50&enableFuzzyQuery=false HTTP/1.1" 403 3369
2026-08-17 13:14:16 | DEBUG    | urllib3.connectionpool:291 | Resetting dropped connection: query1.finance.yahoo.com
2026-08-17 13:14:16 | ERROR    | backpack_quant_trading.core.binance_monitor:364 | 获取币安深度失败 futures BTCUSDT: HTTPSConnectionPool(host='fapi.binance.com', port=443): Max retries exceeded with url: /fapi/v1/depth?symbol=BTCUSDT&limit=50 (Caused by ProxyError('Cannot connect to proxy.', NewConnectionError('<urllib3.connection.HTTPSConnection object at 0x0000014358858CD0>: Failed to establish a new connection: [WinError 10061] 由于目标计算机积极拒绝，无法连接。')))
2026-08-17 13:14:17 | DEBUG    | urllib3.connectionpool:475 | https://query1.finance.yahoo.com:443 "GET /v1/finance/search?q=MICRON&quotesCount=0&newsCount=50&enableFuzzyQuery=false HTTP/1.1" 403 3369
2026-08-17 13:14:20 | DEBUG    | urllib3.connectionpool:291 | Resetting dropped connection: query2.finance.yahoo.com
2026-08-17 13:14:23 | DEBUG    | urllib3.connectionpool:475 | https://query2.finance.yahoo.com:443 "GET /v1/finance/search?q=MICRON&quotesCount=0&newsCount=50&enableFuzzyQuery=false HTTP/1.1" 403 3369
2026-08-17 13:14:33 | DEBUG    | urllib3.connectionpool:291 | Resetting dropped connection: query1.finance.yahoo.com
2026-08-17 13:14:34 | DEBUG    | urllib3.connectionpool:475 | https://query1.finance.yahoo.com:443 "GET /v1/finance/search?q=MU&quotesCount=0&newsCount=50&enableFuzzyQuery=false HTTP/1.1" 403 3369
2026-08-17 13:14:34 | DEBUG    | urllib3.connectionpool:291 | Resetting dropped connection: query2.finance.yahoo.com
2026-08-17 13:14:36 | DEBUG    | urllib3.connectionpool:475 | https://query2.finance.yahoo.com:443 "GET /v1/finance/search?q=MU&quotesCount=0&newsCount=50&enableFuzzyQuery=false HTTP/1.1" 403 3369
2026-08-17 13:14:36 | DEBUG    | urllib3.connectionpool:291 | Resetting dropped connection: query1.finance.yahoo.com
2026-08-17 13:14:37 | DEBUG    | urllib3.connectionpool:475 | https://query1.finance.yahoo.com:443 "GET /v1/finance/search?q=SanDisk&quotesCount=0&newsCount=50&enableFuzzyQuery=false HTTP/1.1" 403 3369
2026-08-17 13:14:41 | DEBUG    | urllib3.connectionpool:291 | Resetting dropped connection: query2.finance.yahoo.com
2026-08-17 13:14:43 | DEBUG    | urllib3.connectionpool:475 | https://query2.finance.yahoo.com:443 "GET /v1/finance/search?q=SanDisk&quotesCount=0&newsCount=50&enableFuzzyQuery=false HTTP/1.1" 403 3369
2026-08-17 13:14:45 | DEBUG    | urllib3.connectionpool:291 | Resetting dropped connection: query1.finance.yahoo.com
2026-08-17 13:14:48 | DEBUG    | urllib3.connectionpool:475 | https://query1.finance.yahoo.com:443 "GET /v1/finance/search?q=SNDK&quotesCount=0&newsCount=50&enableFuzzyQuery=false HTTP/1.1" 403 3369
2026-08-17 13:14:49 | DEBUG    | urllib3.connectionpool:291 | Resetting dropped connection: query2.finance.yahoo.com
2026-08-17 13:14:51 | DEBUG    | urllib3.connectionpool:475 | https://query2.finance.yahoo.com:443 "GET /v1/finance/search?q=SNDK&quotesCount=0&newsCount=50&enableFuzzyQuery=false HTTP/1.1" 403 3369
2026-08-17 13:14:52 | DEBUG    | urllib3.connectionpool:291 | Resetting dropped connection: query1.finance.yahoo.com
2026-08-17 13:14:53 | DEBUG    | urllib3.connectionpool:475 | https://query1.finance.yahoo.com:443 "GET /v1/finance/search?q=INTEL&quotesCount=0&newsCount=50&enableFuzzyQuery=false HTTP/1.1" 403 3369
2026-08-17 13:14:53 | DEBUG    | urllib3.connectionpool:291 | Resetting dropped connection: query2.finance.yahoo.com
2026-08-17 13:14:55 | DEBUG    | urllib3.connectionpool:475 | https://query2.finance.yahoo.com:443 "GET /v1/finance/search?q=INTEL&quotesCount=0&newsCount=50&enableFuzzyQuery=false HTTP/1.1" 403 3369
2026-08-17 13:15:04 | WARNING  | backpack_quant_trading.core.binance_monitor:143 | 币安行情 curl 兜底失败: Command '['curl', '-fsSL', '--max-time', '15', '-A', 'Mozilla/5.0', '-x', 'http://127.0.0.1:7891', 'https://fapi.binance.com/fapi/v1/klines?symbol=BTCUSDT&interval=1m&limit=2']' returned non-zero exit status 7.
2026-08-17 13:15:04 | DEBUG    | asyncio:631 | Using proactor: IocpProactor
2026-08-17 13:15:07 | WARNING  | backpack_quant_trading.core.binance_monitor:147 | 币安行情 aiohttp 兜底失败: Cannot connect to host 127.0.0.1:7891 ssl:False [远程计算机拒绝网络连接。]
2026-08-17 13:15:07 | DEBUG    | urllib3.connectionpool:1022 | Starting new HTTPS connection (1): fapi.binance.com:443
2026-08-17 13:15:07 | DEBUG    | urllib3.connectionpool:291 | Resetting dropped connection: query1.finance.yahoo.com
2026-08-17 13:15:09 | ERROR    | backpack_quant_trading.core.binance_monitor:344 | 获取币安K线失败 futures BTCUSDT 1m: HTTPSConnectionPool(host='fapi.binance.com', port=443): Max retries exceeded with url: /fapi/v1/klines?symbol=BTCUSDT&interval=1m&limit=2 (Caused by ProxyError('Cannot connect to proxy.', NewConnectionError('<urllib3.connection.HTTPSConnection object at 0x000001435A4D60D0>: Failed to establish a new connection: [WinError 10061] 由于目标计算机积极拒绝，无法连接。')))
2026-08-17 13:15:13 | WARNING  | backpack_quant_trading.core.binance_monitor:143 | 币安行情 curl 兜底失败: Command '['curl', '-fsSL', '--max-time', '10', '-A', 'Mozilla/5.0', '-x', 'http://127.0.0.1:7891', 'https://fapi.binance.com/fapi/v1/depth?symbol=BTCUSDT&limit=50']' returned non-zero exit status 7.
2026-08-17 13:15:13 | DEBUG    | asyncio:631 | Using proactor: IocpProactor
2026-08-17 13:15:13 | DEBUG    | urllib3.connectionpool:475 | https://query1.finance.yahoo.com:443 "GET /v1/finance/search?q=INTC&quotesCount=0&newsCount=50&enableFuzzyQuery=false HTTP/1.1" 403 3369
2026-08-17 13:15:13 | DEBUG    | urllib3.connectionpool:291 | Resetting dropped connection: query2.finance.yahoo.com
2026-08-17 13:15:15 | WARNING  | backpack_quant_trading.core.binance_monitor:147 | 币安行情 aiohttp 兜底失败: Cannot connect to host 127.0.0.1:7891 ssl:False [远程计算机拒绝网络连接。]
2026-08-17 13:15:15 | DEBUG    | urllib3.connectionpool:1022 | Starting new HTTPS connection (1): fapi.binance.com:443
2026-08-17 13:15:16 | DEBUG    | urllib3.connectionpool:475 | https://query2.finance.yahoo.com:443 "GET /v1/finance/search?q=INTC&quotesCount=0&newsCount=50&enableFuzzyQuery=false HTTP/1.1" 403 3369
2026-08-17 13:15:17 | ERROR    | backpack_quant_trading.core.binance_monitor:364 | 获取币安深度失败 futures BTCUSDT: HTTPSConnectionPool(host='fapi.binance.com', port=443): Max retries exceeded with url: /fapi/v1/depth?symbol=BTCUSDT&limit=50 (Caused by ProxyError('Cannot connect to proxy.', NewConnectionError('<urllib3.connection.HTTPSConnection object at 0x000001435A4D7B10>: Failed to establish a new connection: [WinError 10061] 由于目标计算机积极拒绝，无法连接。')))
2026-08-17 13:15:25 | DEBUG    | urllib3.connectionpool:291 | Resetting dropped connection: finance.yahoo.com
2026-08-17 13:15:27 | DEBUG    | urllib3.connectionpool:475 | https://finance.yahoo.com:443 "POST /xhr/ncp?queryRef=latestNews&serviceKey=ncp_fin HTTP/1.1" 403 3369
2026-08-17 13:15:27 | DEBUG    | urllib3.connectionpool:1022 | Starting new HTTPS connection (1): feeds.finance.yahoo.com:443
2026-08-17 13:15:28 | DEBUG    | urllib3.connectionpool:475 | https://feeds.finance.yahoo.com:443 "GET /rss/2.0/headline?s=NVIDIA&region=US&lang=en-US HTTP/1.1" 200 394
2026-08-17 13:15:30 | DEBUG    | urllib3.connectionpool:475 | https://feeds.finance.yahoo.com:443 "GET /rss/2.0/headline?s=NVDA&region=US&lang=en-US HTTP/1.1" 200 3657
2026-08-17 13:15:31 | DEBUG    | urllib3.connectionpool:475 | https://feeds.finance.yahoo.com:443 "GET /rss/2.0/headline?s=MICRON&region=US&lang=en-US HTTP/1.1" 200 394
2026-08-17 13:15:31 | DEBUG    | urllib3.connectionpool:475 | https://feeds.finance.yahoo.com:443 "GET /rss/2.0/headline?s=MU&region=US&lang=en-US HTTP/1.1" 200 2998
2026-08-17 13:15:37 | DEBUG    | backpack_quant_trading.core.stock_news_feeds:795 | [雅虎财经] 直连 Search 获取 26 条
2026-08-17 13:15:37 | INFO     | stock_news_alert:555 | 轮询完成 @ 2026-08-17 05:14:00 | 拉取 213 条 (金十数据=17, 同花顺=20, 东方财富=80, 新浪财经=30, 富途牛牛=40, 雅虎财经=26) | 已推送过 0 | 非最新 0 | 未命中关键词 203 | 非重要快讯 10 | 内容相似去重 0 | 新命中 0 | 待推送 0 | 雅虎搜索词: NVIDIA, NVDA, MICRON, MU, SanDisk, SNDK, INTEL, INTC
2026-08-17 13:16:04 | WARNING  | backpack_quant_trading.core.binance_monitor:143 | 币安行情 curl 兜底失败: Command '['curl', '-fsSL', '--max-time', '15', '-A', 'Mozilla/5.0', '-x', 'http://127.0.0.1:7891', 'https://fapi.binance.com/fapi/v1/klines?symbol=BTCUSDT&interval=1m&limit=2']' returned non-zero exit status 7.
2026-08-17 13:16:04 | DEBUG    | asyncio:631 | Using proactor: IocpProactor
2026-08-17 13:16:06 | WARNING  | backpack_quant_trading.core.binance_monitor:147 | 币安行情 aiohttp 兜底失败: Cannot connect to host 127.0.0.1:7891 ssl:False [远程计算机拒绝网络连接。]
2026-08-17 13:16:06 | DEBUG    | urllib3.connectionpool:1022 | Starting new HTTPS connection (1): fapi.binance.com:443
2026-08-17 13:16:07 | DEBUG    | urllib3.connectionpool:1022 | Starting new HTTPS connection (1): flash-api.jin10.com:443
2026-08-17 13:16:08 | ERROR    | backpack_quant_trading.core.binance_monitor:344 | 获取币安K线失败 futures BTCUSDT 1m: HTTPSConnectionPool(host='fapi.binance.com', port=443): Max retries exceeded with url: /fapi/v1/klines?symbol=BTCUSDT&interval=1m&limit=2 (Caused by ProxyError('Cannot connect to proxy.', NewConnectionError('<urllib3.connection.HTTPSConnection object at 0x000001435A702210>: Failed to establish a new connection: [WinError 10061] 由于目标计算机积极拒绝，无法连接。')))
2026-08-17 13:16:08 | DEBUG    | urllib3.connectionpool:475 | https://flash-api.jin10.com:443 "GET /get_flash_list?channel=-8200&vip=1 HTTP/1.1" 200 None
2026-08-17 13:16:08 | DEBUG    | urllib3.connectionpool:1022 | Starting new HTTPS connection (1): news.10jqka.com.cn:443
2026-08-17 13:16:09 | DEBUG    | urllib3.connectionpool:475 | https://news.10jqka.com.cn:443 "GET /tapp/news/push/stock?page=1&tag=&track=website HTTP/1.1" 200 None
2026-08-17 13:16:09 | DEBUG    | urllib3.connectionpool:1022 | Starting new HTTPS connection (1): np-weblist.eastmoney.com:443
2026-08-17 13:16:09 | DEBUG    | urllib3.connectionpool:475 | https://np-weblist.eastmoney.com:443 "GET /comm/web/getFastNewsList?client=web&biz=web_724&fastColumn=102&sortEnd=&pageSize=80&req_trace=1710315450384 HTTP/1.1" 200 None
2026-08-17 13:16:09 | DEBUG    | urllib3.connectionpool:1022 | Starting new HTTPS connection (1): zhibo.sina.com.cn:443
2026-08-17 13:16:10 | DEBUG    | urllib3.connectionpool:475 | https://zhibo.sina.com.cn:443 "GET /api/zhibo/feed?page=1&page_size=30&zhibo_id=152&tag_id=0&dire=f&dpc=1&pagesize=30&type=1 HTTP/1.1" 200 None
2026-08-17 13:16:10 | DEBUG    | urllib3.connectionpool:1022 | Starting new HTTPS connection (1): news.futunn.com:443
2026-08-17 13:16:11 | DEBUG    | urllib3.connectionpool:475 | https://news.futunn.com:443 "GET /news-site-api/main/get-flash-list?pageSize=40 HTTP/1.1" 200 62513
2026-08-17 13:16:11 | DEBUG    | urllib3.connectionpool:1022 | Starting new HTTPS connection (1): finance.yahoo.com:443
2026-08-17 13:16:12 | DEBUG    | urllib3.connectionpool:475 | https://finance.yahoo.com:443 "GET / HTTP/1.1" 403 3369
2026-08-17 13:16:13 | WARNING  | backpack_quant_trading.core.binance_monitor:143 | 币安行情 curl 兜底失败: Command '['curl', '-fsSL', '--max-time', '10', '-A', 'Mozilla/5.0', '-x', 'http://127.0.0.1:7891', 'https://fapi.binance.com/fapi/v1/depth?symbol=BTCUSDT&limit=50']' returned non-zero exit status 7.
2026-08-17 13:16:13 | DEBUG    | asyncio:631 | Using proactor: IocpProactor
2026-08-17 13:16:16 | WARNING  | backpack_quant_trading.core.binance_monitor:147 | 币安行情 aiohttp 兜底失败: Cannot connect to host 127.0.0.1:7891 ssl:False [远程计算机拒绝网络连接。]
2026-08-17 13:16:16 | DEBUG    | urllib3.connectionpool:1022 | Starting new HTTPS connection (1): fapi.binance.com:443
2026-08-17 13:16:18 | ERROR    | backpack_quant_trading.core.binance_monitor:364 | 获取币安深度失败 futures BTCUSDT: HTTPSConnectionPool(host='fapi.binance.com', port=443): Max retries exceeded with url: /fapi/v1/depth?symbol=BTCUSDT&limit=50 (Caused by ProxyError('Cannot connect to proxy.', NewConnectionError('<urllib3.connection.HTTPSConnection object at 0x0000014358858CD0>: Failed to establish a new connection: [WinError 10061] 由于目标计算机积极拒绝，无法连接。')))
2026-08-17 13:16:20 | DEBUG    | urllib3.connectionpool:1022 | Starting new HTTPS connection (1): query1.finance.yahoo.com:443
2026-08-17 13:16:21 | DEBUG    | urllib3.connectionpool:475 | https://query1.finance.yahoo.com:443 "GET /v1/finance/search?q=NVIDIA&quotesCount=0&newsCount=50&enableFuzzyQuery=false HTTP/1.1" 403 3369
2026-08-17 13:16:25 | DEBUG    | urllib3.connectionpool:1022 | Starting new HTTPS connection (1): query2.finance.yahoo.com:443
2026-08-17 13:16:27 | DEBUG    | urllib3.connectionpool:475 | https://query2.finance.yahoo.com:443 "GET /v1/finance/search?q=NVIDIA&quotesCount=0&newsCount=50&enableFuzzyQuery=false HTTP/1.1" 403 3369
2026-08-17 13:16:27 | DEBUG    | urllib3.connectionpool:291 | Resetting dropped connection: query1.finance.yahoo.com
2026-08-17 13:16:29 | DEBUG    | urllib3.connectionpool:475 | https://query1.finance.yahoo.com:443 "GET /v1/finance/search?q=NVDA&quotesCount=0&newsCount=50&enableFuzzyQuery=false HTTP/1.1" 403 3369
2026-08-17 13:16:29 | DEBUG    | urllib3.connectionpool:291 | Resetting dropped connection: query2.finance.yahoo.com
2026-08-17 13:16:31 | DEBUG    | urllib3.connectionpool:475 | https://query2.finance.yahoo.com:443 "GET /v1/finance/search?q=NVDA&quotesCount=0&newsCount=50&enableFuzzyQuery=false HTTP/1.1" 403 3369
2026-08-17 13:16:33 | DEBUG    | urllib3.connectionpool:291 | Resetting dropped connection: query1.finance.yahoo.com
2026-08-17 13:16:36 | DEBUG    | urllib3.connectionpool:475 | https://query1.finance.yahoo.com:443 "GET /v1/finance/search?q=MICRON&quotesCount=0&newsCount=50&enableFuzzyQuery=false HTTP/1.1" 403 3369
2026-08-17 13:16:36 | DEBUG    | urllib3.connectionpool:291 | Resetting dropped connection: query2.finance.yahoo.com
2026-08-17 13:16:37 | DEBUG    | urllib3.connectionpool:475 | https://query2.finance.yahoo.com:443 "GET /v1/finance/search?q=MICRON&quotesCount=0&newsCount=50&enableFuzzyQuery=false HTTP/1.1" 403 3369
2026-08-17 13:16:38 | DEBUG    | urllib3.connectionpool:291 | Resetting dropped connection: query1.finance.yahoo.com
2026-08-17 13:16:40 | DEBUG    | urllib3.connectionpool:475 | https://query1.finance.yahoo.com:443 "GET /v1/finance/search?q=MU&quotesCount=0&newsCount=50&enableFuzzyQuery=false HTTP/1.1" 403 3369
2026-08-17 13:16:40 | DEBUG    | urllib3.connectionpool:291 | Resetting dropped connection: query2.finance.yahoo.com
2026-08-17 13:16:43 | DEBUG    | urllib3.connectionpool:475 | https://query2.finance.yahoo.com:443 "GET /v1/finance/search?q=MU&quotesCount=0&newsCount=50&enableFuzzyQuery=false HTTP/1.1" 403 3369
2026-08-17 13:16:45 | DEBUG    | urllib3.connectionpool:291 | Resetting dropped connection: query1.finance.yahoo.com
2026-08-17 13:16:49 | DEBUG    | urllib3.connectionpool:475 | https://query1.finance.yahoo.com:443 "GET /v1/finance/search?q=SanDisk&quotesCount=0&newsCount=50&enableFuzzyQuery=false HTTP/1.1" 403 3369
2026-08-17 13:16:49 | DEBUG    | urllib3.connectionpool:291 | Resetting dropped connection: query2.finance.yahoo.com
2026-08-17 13:16:51 | DEBUG    | urllib3.connectionpool:475 | https://query2.finance.yahoo.com:443 "GET /v1/finance/search?q=SanDisk&quotesCount=0&newsCount=50&enableFuzzyQuery=false HTTP/1.1" 403 3369
2026-08-17 13:16:51 | DEBUG    | urllib3.connectionpool:291 | Resetting dropped connection: query1.finance.yahoo.com
2026-08-17 13:16:53 | DEBUG    | urllib3.connectionpool:475 | https://query1.finance.yahoo.com:443 "GET /v1/finance/search?q=SNDK&quotesCount=0&newsCount=50&enableFuzzyQuery=false HTTP/1.1" 403 3369
2026-08-17 13:16:53 | DEBUG    | urllib3.connectionpool:291 | Resetting dropped connection: query2.finance.yahoo.com
2026-08-17 13:16:55 | DEBUG    | urllib3.connectionpool:475 | https://query2.finance.yahoo.com:443 "GET /v1/finance/search?q=SNDK&quotesCount=0&newsCount=50&enableFuzzyQuery=false HTTP/1.1" 403 3369
2026-08-17 13:16:55 | DEBUG    | urllib3.connectionpool:291 | Resetting dropped connection: query1.finance.yahoo.com
2026-08-17 13:16:57 | DEBUG    | urllib3.connectionpool:475 | https://query1.finance.yahoo.com:443 "GET /v1/finance/search?q=INTEL&quotesCount=0&newsCount=50&enableFuzzyQuery=false HTTP/1.1" 403 3369
2026-08-17 13:17:00 | DEBUG    | urllib3.connectionpool:291 | Resetting dropped connection: query2.finance.yahoo.com
2026-08-17 13:17:02 | DEBUG    | urllib3.connectionpool:475 | https://query2.finance.yahoo.com:443 "GET /v1/finance/search?q=INTEL&quotesCount=0&newsCount=50&enableFuzzyQuery=false HTTP/1.1" 403 3369
2026-08-17 13:17:02 | DEBUG    | urllib3.connectionpool:291 | Resetting dropped connection: query1.finance.yahoo.com
2026-08-17 13:17:03 | DEBUG    | urllib3.connectionpool:475 | https://query1.finance.yahoo.com:443 "GET /v1/finance/search?q=INTC&quotesCount=0&newsCount=50&enableFuzzyQuery=false HTTP/1.1" 403 3369
2026-08-17 13:17:03 | DEBUG    | urllib3.connectionpool:291 | Resetting dropped connection: query2.finance.yahoo.com
2026-08-17 13:17:05 | DEBUG    | urllib3.connectionpool:475 | https://query2.finance.yahoo.com:443 "GET /v1/finance/search?q=INTC&quotesCount=0&newsCount=50&enableFuzzyQuery=false HTTP/1.1" 403 3369
2026-08-17 13:17:05 | DEBUG    | urllib3.connectionpool:291 | Resetting dropped connection: finance.yahoo.com
2026-08-17 13:17:05 | WARNING  | backpack_quant_trading.core.binance_monitor:143 | 币安行情 curl 兜底失败: Command '['curl', '-fsSL', '--max-time', '15', '-A', 'Mozilla/5.0', '-x', 'http://127.0.0.1:7891', 'https://fapi.binance.com/fapi/v1/klines?symbol=BTCUSDT&interval=1m&limit=2']' returned non-zero exit status 7.
2026-08-17 13:17:05 | DEBUG    | asyncio:631 | Using proactor: IocpProactor
2026-08-17 13:17:07 | DEBUG    | urllib3.connectionpool:475 | https://finance.yahoo.com:443 "POST /xhr/ncp?queryRef=latestNews&serviceKey=ncp_fin HTTP/1.1" 403 3369
2026-08-17 13:17:07 | DEBUG    | urllib3.connectionpool:1022 | Starting new HTTPS connection (1): feeds.finance.yahoo.com:443
2026-08-17 13:17:07 | WARNING  | backpack_quant_trading.core.binance_monitor:147 | 币安行情 aiohttp 兜底失败: Cannot connect to host 127.0.0.1:7891 ssl:False [远程计算机拒绝网络连接。]
2026-08-17 13:17:07 | DEBUG    | urllib3.connectionpool:1022 | Starting new HTTPS connection (1): fapi.binance.com:443
2026-08-17 13:17:09 | ERROR    | backpack_quant_trading.core.binance_monitor:344 | 获取币安K线失败 futures BTCUSDT 1m: HTTPSConnectionPool(host='fapi.binance.com', port=443): Max retries exceeded with url: /fapi/v1/klines?symbol=BTCUSDT&interval=1m&limit=2 (Caused by ProxyError('Cannot connect to proxy.', NewConnectionError('<urllib3.connection.HTTPSConnection object at 0x000001435A4D7ED0>: Failed to establish a new connection: [WinError 10061] 由于目标计算机积极拒绝，无法连接。')))
2026-08-17 13:17:11 | DEBUG    | urllib3.connectionpool:475 | https://feeds.finance.yahoo.com:443 "GET /rss/2.0/headline?s=NVIDIA&region=US&lang=en-US HTTP/1.1" 200 394
2026-08-17 13:17:11 | DEBUG    | urllib3.connectionpool:475 | https://feeds.finance.yahoo.com:443 "GET /rss/2.0/headline?s=NVDA&region=US&lang=en-US HTTP/1.1" 200 4704
2026-08-17 13:17:14 | WARNING  | backpack_quant_trading.core.binance_monitor:143 | 币安行情 curl 兜底失败: Command '['curl', '-fsSL', '--max-time', '10', '-A', 'Mozilla/5.0', '-x', 'http://127.0.0.1:7891', 'https://fapi.binance.com/fapi/v1/depth?symbol=BTCUSDT&limit=50']' returned non-zero exit status 7.
2026-08-17 13:17:14 | DEBUG    | asyncio:631 | Using proactor: IocpProactor
2026-08-17 13:17:15 | DEBUG    | urllib3.connectionpool:475 | https://feeds.finance.yahoo.com:443 "GET /rss/2.0/headline?s=MICRON&region=US&lang=en-US HTTP/1.1" 200 394
2026-08-17 13:17:15 | DEBUG    | urllib3.connectionpool:475 | https://feeds.finance.yahoo.com:443 "GET /rss/2.0/headline?s=MU&region=US&lang=en-US HTTP/1.1" 200 3000
2026-08-17 13:17:16 | DEBUG    | backpack_quant_trading.core.stock_news_feeds:795 | [雅虎财经] 直连 Search 获取 31 条
2026-08-17 13:17:16 | INFO     | stock_news_alert:555 | 轮询完成 @ 2026-08-17 05:16:07 | 拉取 219 条 (金十数据=18, 同花顺=20, 东方财富=80, 新浪财经=30, 富途牛牛=40, 雅虎财经=31) | 已推送过 0 | 非最新 0 | 未命中关键词 208 | 非重要快讯 11 | 内容相似去重 0 | 新命中 0 | 待推送 0 | 雅虎搜索词: NVIDIA, NVDA, MICRON, MU, SanDisk, SNDK, INTEL, INTC
2026-08-17 13:17:16 | WARNING  | backpack_quant_trading.core.binance_monitor:147 | 币安行情 aiohttp 兜底失败: Cannot connect to host 127.0.0.1:7891 ssl:False [远程计算机拒绝网络连接。]
2026-08-17 13:17:16 | DEBUG    | urllib3.connectionpool:1022 | Starting new HTTPS connection (1): fapi.binance.com:443
2026-08-17 13:17:18 | ERROR    | backpack_quant_trading.core.binance_monitor:364 | 获取币安深度失败 futures BTCUSDT: HTTPSConnectionPool(host='fapi.binance.com', port=443): Max retries exceeded with url: /fapi/v1/depth?symbol=BTCUSDT&limit=50 (Caused by ProxyError('Cannot connect to proxy.', NewConnectionError('<urllib3.connection.HTTPSConnection object at 0x000001435885AD50>: Failed to establish a new connection: [WinError 10061] 由于目标计算机积极拒绝，无法连接。')))
2026-08-17 13:17:46 | DEBUG    | urllib3.connectionpool:1022 | Starting new HTTPS connection (1): flash-api.jin10.com:443
2026-08-17 13:17:47 | DEBUG    | urllib3.connectionpool:475 | https://flash-api.jin10.com:443 "GET /get_flash_list?channel=-8200&vip=1 HTTP/1.1" 200 None
2026-08-17 13:17:47 | DEBUG    | urllib3.connectionpool:1022 | Starting new HTTPS connection (1): news.10jqka.com.cn:443
2026-08-17 13:17:48 | DEBUG    | urllib3.connectionpool:475 | https://news.10jqka.com.cn:443 "GET /tapp/news/push/stock?page=1&tag=&track=website HTTP/1.1" 200 None
2026-08-17 13:17:48 | DEBUG    | urllib3.connectionpool:1022 | Starting new HTTPS connection (1): np-weblist.eastmoney.com:443
2026-08-17 13:17:48 | DEBUG    | urllib3.connectionpool:475 | https://np-weblist.eastmoney.com:443 "GET /comm/web/getFastNewsList?client=web&biz=web_724&fastColumn=102&sortEnd=&pageSize=80&req_trace=1710315450384 HTTP/1.1" 200 None
2026-08-17 13:17:48 | DEBUG    | urllib3.connectionpool:1022 | Starting new HTTPS connection (1): zhibo.sina.com.cn:443
2026-08-17 13:17:49 | DEBUG    | urllib3.connectionpool:475 | https://zhibo.sina.com.cn:443 "GET /api/zhibo/feed?page=1&page_size=30&zhibo_id=152&tag_id=0&dire=f&dpc=1&pagesize=30&type=1 HTTP/1.1" 200 None
2026-08-17 13:17:49 | DEBUG    | urllib3.connectionpool:1022 | Starting new HTTPS connection (1): news.futunn.com:443
2026-08-17 13:17:50 | DEBUG    | urllib3.connectionpool:475 | https://news.futunn.com:443 "GET /news-site-api/main/get-flash-list?pageSize=40 HTTP/1.1" 200 59980
2026-08-17 13:17:50 | DEBUG    | urllib3.connectionpool:1022 | Starting new HTTPS connection (1): finance.yahoo.com:443
2026-08-17 13:17:54 | DEBUG    | urllib3.connectionpool:475 | https://finance.yahoo.com:443 "GET / HTTP/1.1" 403 3369
2026-08-17 13:17:54 | DEBUG    | urllib3.connectionpool:1022 | Starting new HTTPS connection (1): query1.finance.yahoo.com:443
2026-08-17 13:17:56 | DEBUG    | urllib3.connectionpool:475 | https://query1.finance.yahoo.com:443 "GET /v1/finance/search?q=NVIDIA&quotesCount=0&newsCount=50&enableFuzzyQuery=false HTTP/1.1" 403 3369
2026-08-17 13:17:56 | DEBUG    | urllib3.connectionpool:1022 | Starting new HTTPS connection (1): query2.finance.yahoo.com:443
2026-08-17 13:17:58 | DEBUG    | urllib3.connectionpool:475 | https://query2.finance.yahoo.com:443 "GET /v1/finance/search?q=NVIDIA&quotesCount=0&newsCount=50&enableFuzzyQuery=false HTTP/1.1" 403 3369
2026-08-17 13:17:58 | DEBUG    | urllib3.connectionpool:291 | Resetting dropped connection: query1.finance.yahoo.com
2026-08-17 13:18:00 | DEBUG    | urllib3.connectionpool:475 | https://query1.finance.yahoo.com:443 "GET /v1/finance/search?q=NVDA&quotesCount=0&newsCount=50&enableFuzzyQuery=false HTTP/1.1" 403 3369
2026-08-17 13:18:03 | DEBUG    | urllib3.connectionpool:291 | Resetting dropped connection: query2.finance.yahoo.com
2026-08-17 13:18:04 | WARNING  | backpack_quant_trading.core.binance_monitor:143 | 币安行情 curl 兜底失败: Command '['curl', '-fsSL', '--max-time', '15', '-A', 'Mozilla/5.0', '-x', 'http://127.0.0.1:7891', 'https://fapi.binance.com/fapi/v1/klines?symbol=BTCUSDT&interval=1m&limit=2']' returned non-zero exit status 7.
2026-08-17 13:18:04 | DEBUG    | asyncio:631 | Using proactor: IocpProactor
2026-08-17 13:18:06 | DEBUG    | urllib3.connectionpool:475 | https://query2.finance.yahoo.com:443 "GET /v1/finance/search?q=NVDA&quotesCount=0&newsCount=50&enableFuzzyQuery=false HTTP/1.1" 403 3369
2026-08-17 13:18:06 | DEBUG    | urllib3.connectionpool:291 | Resetting dropped connection: query1.finance.yahoo.com
2026-08-17 13:18:06 | WARNING  | backpack_quant_trading.core.binance_monitor:147 | 币安行情 aiohttp 兜底失败: Cannot connect to host 127.0.0.1:7891 ssl:False [远程计算机拒绝网络连接。]
2026-08-17 13:18:06 | DEBUG    | urllib3.connectionpool:1022 | Starting new HTTPS connection (1): fapi.binance.com:443
2026-08-17 13:18:08 | ERROR    | backpack_quant_trading.core.binance_monitor:344 | 获取币安K线失败 futures BTCUSDT 1m: HTTPSConnectionPool(host='fapi.binance.com', port=443): Max retries exceeded with url: /fapi/v1/klines?symbol=BTCUSDT&interval=1m&limit=2 (Caused by ProxyError('Cannot connect to proxy.', NewConnectionError('<urllib3.connection.HTTPSConnection object at 0x000001435A4D6E90>: Failed to establish a new connection: [WinError 10061] 由于目标计算机积极拒绝，无法连接。')))
2026-08-17 13:18:11 | DEBUG    | urllib3.connectionpool:291 | Resetting dropped connection: query2.finance.yahoo.com
2026-08-17 13:18:13 | WARNING  | backpack_quant_trading.core.binance_monitor:143 | 币安行情 curl 兜底失败: Command '['curl', '-fsSL', '--max-time', '10', '-A', 'Mozilla/5.0', '-x', 'http://127.0.0.1:7891', 'https://fapi.binance.com/fapi/v1/depth?symbol=BTCUSDT&limit=50']' returned non-zero exit status 7.
2026-08-17 13:18:13 | DEBUG    | asyncio:631 | Using proactor: IocpProactor
2026-08-17 13:18:13 | DEBUG    | urllib3.connectionpool:475 | https://query2.finance.yahoo.com:443 "GET /v1/finance/search?q=MICRON&quotesCount=0&newsCount=50&enableFuzzyQuery=false HTTP/1.1" 403 3369
2026-08-17 13:18:15 | WARNING  | backpack_quant_trading.core.binance_monitor:147 | 币安行情 aiohttp 兜底失败: Cannot connect to host 127.0.0.1:7891 ssl:False [远程计算机拒绝网络连接。]
2026-08-17 13:18:15 | DEBUG    | urllib3.connectionpool:1022 | Starting new HTTPS connection (1): fapi.binance.com:443
2026-08-17 13:18:15 | DEBUG    | urllib3.connectionpool:1022 | Starting new HTTPS connection (2): query1.finance.yahoo.com:443
2026-08-17 13:18:17 | ERROR    | backpack_quant_trading.core.binance_monitor:364 | 获取币安深度失败 futures BTCUSDT: HTTPSConnectionPool(host='fapi.binance.com', port=443): Max retries exceeded with url: /fapi/v1/depth?symbol=BTCUSDT&limit=50 (Caused by ProxyError('Cannot connect to proxy.', NewConnectionError('<urllib3.connection.HTTPSConnection object at 0x000001435A4D5D10>: Failed to establish a new connection: [WinError 10061] 由于目标计算机积极拒绝，无法连接。')))
2026-08-17 13:18:21 | DEBUG    | urllib3.connectionpool:291 | Resetting dropped connection: query2.finance.yahoo.com
2026-08-17 13:18:24 | DEBUG    | urllib3.connectionpool:475 | https://query2.finance.yahoo.com:443 "GET /v1/finance/search?q=MU&quotesCount=0&newsCount=50&enableFuzzyQuery=false HTTP/1.1" 403 3369
2026-08-17 13:18:25 | DEBUG    | urllib3.connectionpool:1022 | Starting new HTTPS connection (3): query1.finance.yahoo.com:443
2026-08-17 13:18:32 | DEBUG    | urllib3.connectionpool:475 | https://query1.finance.yahoo.com:443 "GET /v1/finance/search?q=SanDisk&quotesCount=0&newsCount=50&enableFuzzyQuery=false HTTP/1.1" 403 3369
2026-08-17 13:18:34 | DEBUG    | urllib3.connectionpool:291 | Resetting dropped connection: query2.finance.yahoo.com
2026-08-17 13:18:41 | DEBUG    | urllib3.connectionpool:475 | https://query2.finance.yahoo.com:443 "GET /v1/finance/search?q=SanDisk&quotesCount=0&newsCount=50&enableFuzzyQuery=false HTTP/1.1" 403 3369
2026-08-17 13:18:41 | DEBUG    | urllib3.connectionpool:291 | Resetting dropped connection: query1.finance.yahoo.com
2026-08-17 13:18:43 | DEBUG    | urllib3.connectionpool:475 | https://query1.finance.yahoo.com:443 "GET /v1/finance/search?q=SNDK&quotesCount=0&newsCount=50&enableFuzzyQuery=false HTTP/1.1" 403 3369
2026-08-17 13:18:43 | DEBUG    | urllib3.connectionpool:291 | Resetting dropped connection: query2.finance.yahoo.com
2026-08-17 13:18:45 | DEBUG    | urllib3.connectionpool:475 | https://query2.finance.yahoo.com:443 "GET /v1/finance/search?q=SNDK&quotesCount=0&newsCount=50&enableFuzzyQuery=false HTTP/1.1" 403 3369
2026-08-17 13:18:45 | DEBUG    | urllib3.connectionpool:291 | Resetting dropped connection: query1.finance.yahoo.com
2026-08-17 13:18:46 | DEBUG    | urllib3.connectionpool:475 | https://query1.finance.yahoo.com:443 "GET /v1/finance/search?q=INTEL&quotesCount=0&newsCount=50&enableFuzzyQuery=false HTTP/1.1" 403 3369
2026-08-17 13:18:46 | DEBUG    | urllib3.connectionpool:291 | Resetting dropped connection: query2.finance.yahoo.com
2026-08-17 13:18:48 | DEBUG    | urllib3.connectionpool:475 | https://query2.finance.yahoo.com:443 "GET /v1/finance/search?q=INTEL&quotesCount=0&newsCount=50&enableFuzzyQuery=false HTTP/1.1" 403 3369
2026-08-17 13:18:51 | DEBUG    | urllib3.connectionpool:291 | Resetting dropped connection: query1.finance.yahoo.com
2026-08-17 13:18:55 | DEBUG    | urllib3.connectionpool:475 | https://query1.finance.yahoo.com:443 "GET /v1/finance/search?q=INTC&quotesCount=0&newsCount=50&enableFuzzyQuery=false HTTP/1.1" 403 3369
2026-08-17 13:18:55 | DEBUG    | urllib3.connectionpool:291 | Resetting dropped connection: query2.finance.yahoo.com
2026-08-17 13:19:01 | DEBUG    | urllib3.connectionpool:291 | Resetting dropped connection: finance.yahoo.com
2026-08-17 13:19:04 | WARNING  | backpack_quant_trading.core.binance_monitor:143 | 币安行情 curl 兜底失败: Command '['curl', '-fsSL', '--max-time', '15', '-A', 'Mozilla/5.0', '-x', 'http://127.0.0.1:7891', 'https://fapi.binance.com/fapi/v1/klines?symbol=BTCUSDT&interval=1m&limit=2']' returned non-zero exit status 7.
2026-08-17 13:19:04 | DEBUG    | asyncio:631 | Using proactor: IocpProactor
2026-08-17 13:19:05 | DEBUG    | urllib3.connectionpool:1022 | Starting new HTTPS connection (1): feeds.finance.yahoo.com:443
2026-08-17 13:19:06 | WARNING  | backpack_quant_trading.core.binance_monitor:147 | 币安行情 aiohttp 兜底失败: Cannot connect to host 127.0.0.1:7891 ssl:False [远程计算机拒绝网络连接。]
2026-08-17 13:19:06 | DEBUG    | urllib3.connectionpool:1022 | Starting new HTTPS connection (1): fapi.binance.com:443
2026-08-17 13:19:08 | ERROR    | backpack_quant_trading.core.binance_monitor:344 | 获取币安K线失败 futures BTCUSDT 1m: HTTPSConnectionPool(host='fapi.binance.com', port=443): Max retries exceeded with url: /fapi/v1/klines?symbol=BTCUSDT&interval=1m&limit=2 (Caused by ProxyError('Cannot connect to proxy.', NewConnectionError('<urllib3.connection.HTTPSConnection object at 0x000001435A4D74D0>: Failed to establish a new connection: [WinError 10061] 由于目标计算机积极拒绝，无法连接。')))
2026-08-17 13:19:09 | DEBUG    | urllib3.connectionpool:475 | https://feeds.finance.yahoo.com:443 "GET /rss/2.0/headline?s=NVIDIA&region=US&lang=en-US HTTP/1.1" 200 394
2026-08-17 13:19:10 | DEBUG    | urllib3.connectionpool:475 | https://feeds.finance.yahoo.com:443 "GET /rss/2.0/headline?s=NVDA&region=US&lang=en-US HTTP/1.1" 200 3656
2026-08-17 13:19:10 | DEBUG    | urllib3.connectionpool:475 | https://feeds.finance.yahoo.com:443 "GET /rss/2.0/headline?s=MICRON&region=US&lang=en-US HTTP/1.1" 200 394
2026-08-17 13:19:11 | DEBUG    | urllib3.connectionpool:475 | https://feeds.finance.yahoo.com:443 "GET /rss/2.0/headline?s=MU&region=US&lang=en-US HTTP/1.1" 200 2997
2026-08-17 13:19:11 | DEBUG    | backpack_quant_trading.core.stock_news_feeds:795 | [雅虎财经] 直连 Search 获取 26 条
2026-08-17 13:19:11 | INFO     | stock_news_alert:555 | 轮询完成 @ 2026-08-17 05:17:46 | 拉取 214 条 (金十数据=18, 同花顺=20, 东方财富=80, 新浪财经=30, 富途牛牛=40, 雅虎财经=26) | 已推送过 0 | 非最新 0 | 未命中关键词 204 | 非重要快讯 10 | 内容相似去重 0 | 新命中 0 | 待推送 0 | 雅虎搜索词: NVIDIA, NVDA, MICRON, MU, SanDisk, SNDK, INTEL, INTC
2026-08-17 13:19:13 | WARNING  | backpack_quant_trading.core.binance_monitor:143 | 币安行情 curl 兜底失败: Command '['curl', '-fsSL', '--max-time', '10', '-A', 'Mozilla/5.0', '-x', 'http://127.0.0.1:7891', 'https://fapi.binance.com/fapi/v1/depth?symbol=BTCUSDT&limit=50']' returned non-zero exit status 7.
2026-08-17 13:19:13 | DEBUG    | asyncio:631 | Using proactor: IocpProactor
2026-08-17 13:19:15 | WARNING  | backpack_quant_trading.core.binance_monitor:147 | 币安行情 aiohttp 兜底失败: Cannot connect to host 127.0.0.1:7891 ssl:False [远程计算机拒绝网络连接。]
2026-08-17 13:19:15 | DEBUG    | urllib3.connectionpool:1022 | Starting new HTTPS connection (1): fapi.binance.com:443
2026-08-17 13:19:17 | ERROR    | backpack_quant_trading.core.binance_monitor:364 | 获取币安深度失败 futures BTCUSDT: HTTPSConnectionPool(host='fapi.binance.com', port=443): Max retries exceeded with url: /fapi/v1/depth?symbol=BTCUSDT&limit=50 (Caused by ProxyError('Cannot connect to proxy.', NewConnectionError('<urllib3.connection.HTTPSConnection object at 0x000001435A4D6AD0>: Failed to establish a new connection: [WinError 10061] 由于目标计算机积极拒绝，无法连接。')))
2026-08-17 13:19:41 | DEBUG    | urllib3.connectionpool:1022 | Starting new HTTPS connection (1): flash-api.jin10.com:443
2026-08-17 13:19:42 | DEBUG    | urllib3.connectionpool:475 | https://flash-api.jin10.com:443 "GET /get_flash_list?channel=-8200&vip=1 HTTP/1.1" 200 None
2026-08-17 13:19:42 | DEBUG    | urllib3.connectionpool:1022 | Starting new HTTPS connection (1): news.10jqka.com.cn:443
2026-08-17 13:19:43 | DEBUG    | urllib3.connectionpool:475 | https://news.10jqka.com.cn:443 "GET /tapp/news/push/stock?page=1&tag=&track=website HTTP/1.1" 200 None
2026-08-17 13:19:43 | DEBUG    | urllib3.connectionpool:1022 | Starting new HTTPS connection (1): np-weblist.eastmoney.com:443
2026-08-17 13:19:43 | DEBUG    | urllib3.connectionpool:475 | https://np-weblist.eastmoney.com:443 "GET /comm/web/getFastNewsList?client=web&biz=web_724&fastColumn=102&sortEnd=&pageSize=80&req_trace=1710315450384 HTTP/1.1" 200 None
2026-08-17 13:19:43 | DEBUG    | urllib3.connectionpool:1022 | Starting new HTTPS connection (1): zhibo.sina.com.cn:443
2026-08-17 13:19:45 | DEBUG    | urllib3.connectionpool:475 | https://zhibo.sina.com.cn:443 "GET /api/zhibo/feed?page=1&page_size=30&zhibo_id=152&tag_id=0&dire=f&dpc=1&pagesize=30&type=1 HTTP/1.1" 200 None
2026-08-17 13:19:45 | DEBUG    | urllib3.connectionpool:1022 | Starting new HTTPS connection (1): news.futunn.com:443
2026-08-17 13:19:45 | DEBUG    | urllib3.connectionpool:475 | https://news.futunn.com:443 "GET /news-site-api/main/get-flash-list?pageSize=40 HTTP/1.1" 200 59699
2026-08-17 13:19:45 | DEBUG    | urllib3.connectionpool:1022 | Starting new HTTPS connection (1): finance.yahoo.com:443
2026-08-17 13:19:47 | DEBUG    | urllib3.connectionpool:475 | https://finance.yahoo.com:443 "GET / HTTP/1.1" 403 3369
2026-08-17 13:19:48 | DEBUG    | urllib3.connectionpool:1022 | Starting new HTTPS connection (1): query1.finance.yahoo.com:443
2026-08-17 13:19:50 | DEBUG    | urllib3.connectionpool:475 | https://query1.finance.yahoo.com:443 "GET /v1/finance/search?q=NVIDIA&quotesCount=0&newsCount=50&enableFuzzyQuery=false HTTP/1.1" 403 3369
2026-08-17 13:19:50 | DEBUG    | urllib3.connectionpool:1022 | Starting new HTTPS connection (1): query2.finance.yahoo.com:443
2026-08-17 13:19:51 | DEBUG    | urllib3.connectionpool:475 | https://query2.finance.yahoo.com:443 "GET /v1/finance/search?q=NVIDIA&quotesCount=0&newsCount=50&enableFuzzyQuery=false HTTP/1.1" 403 3369
2026-08-17 13:19:52 | DEBUG    | urllib3.connectionpool:291 | Resetting dropped connection: query1.finance.yahoo.com
2026-08-17 13:19:53 | DEBUG    | urllib3.connectionpool:475 | https://query1.finance.yahoo.com:443 "GET /v1/finance/search?q=NVDA&quotesCount=0&newsCount=50&enableFuzzyQuery=false HTTP/1.1" 403 3369
2026-08-17 13:19:57 | DEBUG    | urllib3.connectionpool:291 | Resetting dropped connection: query2.finance.yahoo.com
2026-08-17 13:20:03 | DEBUG    | urllib3.connectionpool:475 | https://query2.finance.yahoo.com:443 "GET /v1/finance/search?q=NVDA&quotesCount=0&newsCount=50&enableFuzzyQuery=false HTTP/1.1" 403 3369
2026-08-17 13:20:04 | WARNING  | backpack_quant_trading.core.binance_monitor:143 | 币安行情 curl 兜底失败: Command '['curl', '-fsSL', '--max-time', '15', '-A', 'Mozilla/5.0', '-x', 'http://127.0.0.1:7891', 'https://fapi.binance.com/fapi/v1/klines?symbol=BTCUSDT&interval=1m&limit=2']' returned non-zero exit status 7.
2026-08-17 13:20:04 | DEBUG    | asyncio:631 | Using proactor: IocpProactor
2026-08-17 13:20:06 | WARNING  | backpack_quant_trading.core.binance_monitor:147 | 币安行情 aiohttp 兜底失败: Cannot connect to host 127.0.0.1:7891 ssl:False [远程计算机拒绝网络连接。]
2026-08-17 13:20:06 | DEBUG    | urllib3.connectionpool:1022 | Starting new HTTPS connection (1): fapi.binance.com:443
2026-08-17 13:20:07 | DEBUG    | urllib3.connectionpool:291 | Resetting dropped connection: query1.finance.yahoo.com
2026-08-17 13:20:08 | ERROR    | backpack_quant_trading.core.binance_monitor:344 | 获取币安K线失败 futures BTCUSDT 1m: HTTPSConnectionPool(host='fapi.binance.com', port=443): Max retries exceeded with url: /fapi/v1/klines?symbol=BTCUSDT&interval=1m&limit=2 (Caused by ProxyError('Cannot connect to proxy.', NewConnectionError('<urllib3.connection.HTTPSConnection object at 0x000001435A4D51D0>: Failed to establish a new connection: [WinError 10061] 由于目标计算机积极拒绝，无法连接。')))
2026-08-17 13:20:10 | DEBUG    | urllib3.connectionpool:475 | https://query1.finance.yahoo.com:443 "GET /v1/finance/search?q=MICRON&quotesCount=0&newsCount=50&enableFuzzyQuery=false HTTP/1.1" 403 3369
2026-08-17 13:20:11 | DEBUG    | urllib3.connectionpool:291 | Resetting dropped connection: query2.finance.yahoo.com
2026-08-17 13:20:12 | WARNING  | backpack_quant_trading.core.binance_monitor:143 | 币安行情 curl 兜底失败: Command '['curl', '-fsSL', '--max-time', '10', '-A', 'Mozilla/5.0', '-x', 'http://127.0.0.1:7891', 'https://fapi.binance.com/fapi/v1/depth?symbol=BTCUSDT&limit=50']' returned non-zero exit status 7.
2026-08-17 13:20:12 | DEBUG    | asyncio:631 | Using proactor: IocpProactor
2026-08-17 13:20:12 | DEBUG    | urllib3.connectionpool:475 | https://query2.finance.yahoo.com:443 "GET /v1/finance/search?q=MICRON&quotesCount=0&newsCount=50&enableFuzzyQuery=false HTTP/1.1" 403 3369
2026-08-17 13:20:14 | WARNING  | backpack_quant_trading.core.binance_monitor:147 | 币安行情 aiohttp 兜底失败: Cannot connect to host 127.0.0.1:7891 ssl:False [远程计算机拒绝网络连接。]
2026-08-17 13:20:14 | DEBUG    | urllib3.connectionpool:1022 | Starting new HTTPS connection (1): fapi.binance.com:443
2026-08-17 13:20:16 | ERROR    | backpack_quant_trading.core.binance_monitor:364 | 获取币安深度失败 futures BTCUSDT: HTTPSConnectionPool(host='fapi.binance.com', port=443): Max retries exceeded with url: /fapi/v1/depth?symbol=BTCUSDT&limit=50 (Caused by ProxyError('Cannot connect to proxy.', NewConnectionError('<urllib3.connection.HTTPSConnection object at 0x000001435A4D6490>: Failed to establish a new connection: [WinError 10061] 由于目标计算机积极拒绝，无法连接。')))
2026-08-17 13:20:16 | DEBUG    | urllib3.connectionpool:291 | Resetting dropped connection: query1.finance.yahoo.com
2026-08-17 13:20:19 | DEBUG    | urllib3.connectionpool:475 | https://query1.finance.yahoo.com:443 "GET /v1/finance/search?q=MU&quotesCount=0&newsCount=50&enableFuzzyQuery=false HTTP/1.1" 403 3369
2026-08-17 13:20:21 | DEBUG    | urllib3.connectionpool:291 | Resetting dropped connection: query2.finance.yahoo.com
2026-08-17 13:20:26 | DEBUG    | urllib3.connectionpool:475 | https://query2.finance.yahoo.com:443 "GET /v1/finance/search?q=MU&quotesCount=0&newsCount=50&enableFuzzyQuery=false HTTP/1.1" 403 3369
2026-08-17 13:20:26 | DEBUG    | urllib3.connectionpool:291 | Resetting dropped connection: query1.finance.yahoo.com
2026-08-17 13:20:28 | DEBUG    | urllib3.connectionpool:475 | https://query1.finance.yahoo.com:443 "GET /v1/finance/search?q=SanDisk&quotesCount=0&newsCount=50&enableFuzzyQuery=false HTTP/1.1" 403 3369
2026-08-17 13:20:28 | DEBUG    | urllib3.connectionpool:291 | Resetting dropped connection: query2.finance.yahoo.com
2026-08-17 13:20:30 | DEBUG    | urllib3.connectionpool:475 | https://query2.finance.yahoo.com:443 "GET /v1/finance/search?q=SanDisk&quotesCount=0&newsCount=50&enableFuzzyQuery=false HTTP/1.1" 403 3369
2026-08-17 13:20:30 | DEBUG    | urllib3.connectionpool:291 | Resetting dropped connection: query1.finance.yahoo.com
2026-08-17 13:20:32 | DEBUG    | urllib3.connectionpool:475 | https://query1.finance.yahoo.com:443 "GET /v1/finance/search?q=SNDK&quotesCount=0&newsCount=50&enableFuzzyQuery=false HTTP/1.1" 403 3369
2026-08-17 13:20:32 | DEBUG    | urllib3.connectionpool:291 | Resetting dropped connection: query2.finance.yahoo.com
2026-08-17 13:20:34 | DEBUG    | urllib3.connectionpool:475 | https://query2.finance.yahoo.com:443 "GET /v1/finance/search?q=SNDK&quotesCount=0&newsCount=50&enableFuzzyQuery=false HTTP/1.1" 403 3369
2026-08-17 13:20:34 | DEBUG    | urllib3.connectionpool:291 | Resetting dropped connection: query1.finance.yahoo.com
2026-08-17 13:20:35 | DEBUG    | urllib3.connectionpool:475 | https://query1.finance.yahoo.com:443 "GET /v1/finance/search?q=INTEL&quotesCount=0&newsCount=50&enableFuzzyQuery=false HTTP/1.1" 403 3369
2026-08-17 13:20:39 | DEBUG    | urllib3.connectionpool:291 | Resetting dropped connection: query2.finance.yahoo.com
2026-08-17 13:20:41 | DEBUG    | urllib3.connectionpool:475 | https://query2.finance.yahoo.com:443 "GET /v1/finance/search?q=INTEL&quotesCount=0&newsCount=50&enableFuzzyQuery=false HTTP/1.1" 403 3369
2026-08-17 13:20:44 | DEBUG    | urllib3.connectionpool:291 | Resetting dropped connection: query1.finance.yahoo.com
2026-08-17 13:20:46 | DEBUG    | urllib3.connectionpool:475 | https://query1.finance.yahoo.com:443 "GET /v1/finance/search?q=INTC&quotesCount=0&newsCount=50&enableFuzzyQuery=false HTTP/1.1" 403 3369
2026-08-17 13:20:46 | DEBUG    | urllib3.connectionpool:291 | Resetting dropped connection: query2.finance.yahoo.com
2026-08-17 13:20:50 | DEBUG    | urllib3.connectionpool:475 | https://query2.finance.yahoo.com:443 "GET /v1/finance/search?q=INTC&quotesCount=0&newsCount=50&enableFuzzyQuery=false HTTP/1.1" 403 3369
2026-08-17 13:20:50 | DEBUG    | urllib3.connectionpool:291 | Resetting dropped connection: finance.yahoo.com
2026-08-17 13:20:54 | DEBUG    | urllib3.connectionpool:1022 | Starting new HTTPS connection (1): feeds.finance.yahoo.com:443
2026-08-17 13:20:56 | DEBUG    | urllib3.connectionpool:475 | https://feeds.finance.yahoo.com:443 "GET /rss/2.0/headline?s=NVIDIA&region=US&lang=en-US HTTP/1.1" 200 394
2026-08-17 13:20:57 | DEBUG    | urllib3.connectionpool:475 | https://feeds.finance.yahoo.com:443 "GET /rss/2.0/headline?s=NVDA&region=US&lang=en-US HTTP/1.1" 200 3655
2026-08-17 13:20:58 | DEBUG    | urllib3.connectionpool:475 | https://feeds.finance.yahoo.com:443 "GET /rss/2.0/headline?s=MICRON&region=US&lang=en-US HTTP/1.1" 200 394
2026-08-17 13:20:58 | DEBUG    | urllib3.connectionpool:475 | https://feeds.finance.yahoo.com:443 "GET /rss/2.0/headline?s=MU&region=US&lang=en-US HTTP/1.1" 200 5076
2026-08-17 13:20:58 | DEBUG    | backpack_quant_trading.core.stock_news_feeds:795 | [雅虎财经] 直连 Search 获取 35 条
2026-08-17 13:20:58 | INFO     | stock_news_alert:555 | 轮询完成 @ 2026-08-17 05:19:41 | 拉取 224 条 (金十数据=19, 同花顺=20, 东方财富=80, 新浪财经=30, 富途牛牛=40, 雅虎财经=35) | 已推送过 0 | 非最新 0 | 未命中关键词 209 | 非重要快讯 15 | 内容相似去重 0 | 新命中 0 | 待推送 0 | 雅虎搜索词: NVIDIA, NVDA, MICRON, MU, SanDisk, SNDK, INTEL, INTC
2026-08-17 13:21:04 | WARNING  | backpack_quant_trading.core.binance_monitor:143 | 币安行情 curl 兜底失败: Command '['curl', '-fsSL', '--max-time', '15', '-A', 'Mozilla/5.0', '-x', 'http://127.0.0.1:7891', 'https://fapi.binance.com/fapi/v1/klines?symbol=BTCUSDT&interval=1m&limit=2']' returned non-zero exit status 7.
2026-08-17 13:21:04 | DEBUG    | asyncio:631 | Using proactor: IocpProactor
2026-08-17 13:21:06 | WARNING  | backpack_quant_trading.core.binance_monitor:147 | 币安行情 aiohttp 兜底失败: Cannot connect to host 127.0.0.1:7891 ssl:False [远程计算机拒绝网络连接。]
2026-08-17 13:21:06 | DEBUG    | urllib3.connectionpool:1022 | Starting new HTTPS connection (1): fapi.binance.com:443
2026-08-17 13:21:08 | ERROR    | backpack_quant_trading.core.binance_monitor:344 | 获取币安K线失败 futures BTCUSDT 1m: HTTPSConnectionPool(host='fapi.binance.com', port=443): Max retries exceeded with url: /fapi/v1/klines?symbol=BTCUSDT&interval=1m&limit=2 (Caused by ProxyError('Cannot connect to proxy.', NewConnectionError('<urllib3.connection.HTTPSConnection object at 0x000001435A702C10>: Failed to establish a new connection: [WinError 10061] 由于目标计算机积极拒绝，无法连接。')))
2026-08-17 13:21:12 | WARNING  | backpack_quant_trading.core.binance_monitor:143 | 币安行情 curl 兜底失败: Command '['curl', '-fsSL', '--max-time', '10', '-A', 'Mozilla/5.0', '-x', 'http://127.0.0.1:7891', 'https://fapi.binance.com/fapi/v1/depth?symbol=BTCUSDT&limit=50']' returned non-zero exit status 7.
2026-08-17 13:21:12 | DEBUG    | asyncio:631 | Using proactor: IocpProactor
2026-08-17 13:21:14 | WARNING  | backpack_quant_trading.core.binance_monitor:147 | 币安行情 aiohttp 兜底失败: Cannot connect to host 127.0.0.1:7891 ssl:False [远程计算机拒绝网络连接。]
2026-08-17 13:21:14 | DEBUG    | urllib3.connectionpool:1022 | Starting new HTTPS connection (1): fapi.binance.com:443
2026-08-17 13:21:16 | ERROR    | backpack_quant_trading.core.binance_monitor:364 | 获取币安深度失败 futures BTCUSDT: HTTPSConnectionPool(host='fapi.binance.com', port=443): Max retries exceeded with url: /fapi/v1/depth?symbol=BTCUSDT&limit=50 (Caused by ProxyError('Cannot connect to proxy.', NewConnectionError('<urllib3.connection.HTTPSConnection object at 0x000001435A701E50>: Failed to establish a new connection: [WinError 10061] 由于目标计算机积极拒绝，无法连接。')))
2026-08-17 13:21:28 | DEBUG    | urllib3.connectionpool:1022 | Starting new HTTPS connection (1): flash-api.jin10.com:443
2026-08-17 13:21:29 | DEBUG    | urllib3.connectionpool:475 | https://flash-api.jin10.com:443 "GET /get_flash_list?channel=-8200&vip=1 HTTP/1.1" 200 None
2026-08-17 13:21:29 | DEBUG    | urllib3.connectionpool:1022 | Starting new HTTPS connection (1): news.10jqka.com.cn:443
2026-08-17 13:21:30 | DEBUG    | urllib3.connectionpool:475 | https://news.10jqka.com.cn:443 "GET /tapp/news/push/stock?page=1&tag=&track=website HTTP/1.1" 200 None
2026-08-17 13:21:30 | DEBUG    | urllib3.connectionpool:1022 | Starting new HTTPS connection (1): np-weblist.eastmoney.com:443
2026-08-17 13:21:30 | DEBUG    | urllib3.connectionpool:475 | https://np-weblist.eastmoney.com:443 "GET /comm/web/getFastNewsList?client=web&biz=web_724&fastColumn=102&sortEnd=&pageSize=80&req_trace=1710315450384 HTTP/1.1" 200 None
2026-08-17 13:21:30 | DEBUG    | urllib3.connectionpool:1022 | Starting new HTTPS connection (1): zhibo.sina.com.cn:443
2026-08-17 13:21:31 | DEBUG    | urllib3.connectionpool:475 | https://zhibo.sina.com.cn:443 "GET /api/zhibo/feed?page=1&page_size=30&zhibo_id=152&tag_id=0&dire=f&dpc=1&pagesize=30&type=1 HTTP/1.1" 200 None
2026-08-17 13:21:31 | DEBUG    | urllib3.connectionpool:1022 | Starting new HTTPS connection (1): news.futunn.com:443
2026-08-17 13:21:32 | DEBUG    | urllib3.connectionpool:475 | https://news.futunn.com:443 "GET /news-site-api/main/get-flash-list?pageSize=40 HTTP/1.1" 200 59698
2026-08-17 13:21:32 | DEBUG    | urllib3.connectionpool:1022 | Starting new HTTPS connection (1): finance.yahoo.com:443
2026-08-17 13:21:34 | DEBUG    | urllib3.connectionpool:475 | https://finance.yahoo.com:443 "GET / HTTP/1.1" 403 3369
2026-08-17 13:21:34 | DEBUG    | urllib3.connectionpool:1022 | Starting new HTTPS connection (1): query1.finance.yahoo.com:443
2026-08-17 13:21:39 | DEBUG    | urllib3.connectionpool:1022 | Starting new HTTPS connection (1): query2.finance.yahoo.com:443
2026-08-17 13:21:44 | DEBUG    | urllib3.connectionpool:1022 | Starting new HTTPS connection (2): query1.finance.yahoo.com:443
2026-08-17 13:21:49 | DEBUG    | urllib3.connectionpool:1022 | Starting new HTTPS connection (2): query2.finance.yahoo.com:443
2026-08-17 13:21:51 | DEBUG    | urllib3.connectionpool:475 | https://query2.finance.yahoo.com:443 "GET /v1/finance/search?q=NVDA&quotesCount=0&newsCount=50&enableFuzzyQuery=false HTTP/1.1" 403 3369
2026-08-17 13:21:51 | DEBUG    | urllib3.connectionpool:1022 | Starting new HTTPS connection (3): query1.finance.yahoo.com:443
2026-08-17 13:21:53 | DEBUG    | urllib3.connectionpool:475 | https://query1.finance.yahoo.com:443 "GET /v1/finance/search?q=MICRON&quotesCount=0&newsCount=50&enableFuzzyQuery=false HTTP/1.1" 403 3369
2026-08-17 13:21:53 | DEBUG    | urllib3.connectionpool:291 | Resetting dropped connection: query2.finance.yahoo.com
2026-08-17 13:21:55 | DEBUG    | urllib3.connectionpool:475 | https://query2.finance.yahoo.com:443 "GET /v1/finance/search?q=MICRON&quotesCount=0&newsCount=50&enableFuzzyQuery=false HTTP/1.1" 403 3369
2026-08-17 13:21:55 | DEBUG    | urllib3.connectionpool:291 | Resetting dropped connection: query1.finance.yahoo.com
2026-08-17 13:21:57 | DEBUG    | urllib3.connectionpool:475 | https://query1.finance.yahoo.com:443 "GET /v1/finance/search?q=MU&quotesCount=0&newsCount=50&enableFuzzyQuery=false HTTP/1.1" 403 3369
2026-08-17 13:22:04 | WARNING  | backpack_quant_trading.core.binance_monitor:143 | 币安行情 curl 兜底失败: Command '['curl', '-fsSL', '--max-time', '15', '-A', 'Mozilla/5.0', '-x', 'http://127.0.0.1:7891', 'https://fapi.binance.com/fapi/v1/klines?symbol=BTCUSDT&interval=1m&limit=2']' returned non-zero exit status 7.
2026-08-17 13:22:04 | DEBUG    | asyncio:631 | Using proactor: IocpProactor
2026-08-17 13:22:06 | WARNING  | backpack_quant_trading.core.binance_monitor:147 | 币安行情 aiohttp 兜底失败: Cannot connect to host 127.0.0.1:7891 ssl:False [远程计算机拒绝网络连接。]
2026-08-17 13:22:06 | DEBUG    | urllib3.connectionpool:1022 | Starting new HTTPS connection (1): fapi.binance.com:443
2026-08-17 13:22:07 | DEBUG    | urllib3.connectionpool:291 | Resetting dropped connection: query2.finance.yahoo.com
2026-08-17 13:22:08 | ERROR    | backpack_quant_trading.core.binance_monitor:344 | 获取币安K线失败 futures BTCUSDT 1m: HTTPSConnectionPool(host='fapi.binance.com', port=443): Max retries exceeded with url: /fapi/v1/klines?symbol=BTCUSDT&interval=1m&limit=2 (Caused by ProxyError('Cannot connect to proxy.', NewConnectionError('<urllib3.connection.HTTPSConnection object at 0x000001435A4D5BD0>: Failed to establish a new connection: [WinError 10061] 由于目标计算机积极拒绝，无法连接。')))
2026-08-17 13:22:12 | WARNING  | backpack_quant_trading.core.binance_monitor:143 | 币安行情 curl 兜底失败: Command '['curl', '-fsSL', '--max-time', '10', '-A', 'Mozilla/5.0', '-x', 'http://127.0.0.1:7891', 'https://fapi.binance.com/fapi/v1/depth?symbol=BTCUSDT&limit=50']' returned non-zero exit status 7.
2026-08-17 13:22:12 | DEBUG    | asyncio:631 | Using proactor: IocpProactor
2026-08-17 13:22:12 | DEBUG    | urllib3.connectionpool:291 | Resetting dropped connection: query1.finance.yahoo.com
2026-08-17 13:22:14 | WARNING  | backpack_quant_trading.core.binance_monitor:147 | 币安行情 aiohttp 兜底失败: Cannot connect to host 127.0.0.1:7891 ssl:False [远程计算机拒绝网络连接。]
2026-08-17 13:22:14 | DEBUG    | urllib3.connectionpool:1022 | Starting new HTTPS connection (1): fapi.binance.com:443
2026-08-17 13:22:14 | DEBUG    | urllib3.connectionpool:475 | https://query1.finance.yahoo.com:443 "GET /v1/finance/search?q=SanDisk&quotesCount=0&newsCount=50&enableFuzzyQuery=false HTTP/1.1" 403 3369
2026-08-17 13:22:14 | DEBUG    | urllib3.connectionpool:1022 | Starting new HTTPS connection (3): query2.finance.yahoo.com:443
2026-08-17 13:22:16 | ERROR    | backpack_quant_trading.core.binance_monitor:364 | 获取币安深度失败 futures BTCUSDT: HTTPSConnectionPool(host='fapi.binance.com', port=443): Max retries exceeded with url: /fapi/v1/depth?symbol=BTCUSDT&limit=50 (Caused by ProxyError('Cannot connect to proxy.', NewConnectionError('<urllib3.connection.HTTPSConnection object at 0x000001435A701950>: Failed to establish a new connection: [WinError 10061] 由于目标计算机积极拒绝，无法连接。')))
2026-08-17 13:22:20 | DEBUG    | urllib3.connectionpool:291 | Resetting dropped connection: query1.finance.yahoo.com
2026-08-17 13:22:22 | DEBUG    | urllib3.connectionpool:475 | https://query1.finance.yahoo.com:443 "GET /v1/finance/search?q=SNDK&quotesCount=0&newsCount=50&enableFuzzyQuery=false HTTP/1.1" 403 3369
2026-08-17 13:22:22 | DEBUG    | urllib3.connectionpool:1022 | Starting new HTTPS connection (4): query2.finance.yahoo.com:443
2026-08-17 13:22:24 | DEBUG    | urllib3.connectionpool:475 | https://query2.finance.yahoo.com:443 "GET /v1/finance/search?q=SNDK&quotesCount=0&newsCount=50&enableFuzzyQuery=false HTTP/1.1" 403 3369
2026-08-17 13:22:25 | DEBUG    | urllib3.connectionpool:291 | Resetting dropped connection: query1.finance.yahoo.com
2026-08-17 13:22:28 | DEBUG    | urllib3.connectionpool:475 | https://query1.finance.yahoo.com:443 "GET /v1/finance/search?q=INTEL&quotesCount=0&newsCount=50&enableFuzzyQuery=false HTTP/1.1" 403 3369
2026-08-17 13:22:28 | DEBUG    | urllib3.connectionpool:291 | Resetting dropped connection: query2.finance.yahoo.com
2026-08-17 13:22:30 | DEBUG    | urllib3.connectionpool:475 | https://query2.finance.yahoo.com:443 "GET /v1/finance/search?q=INTEL&quotesCount=0&newsCount=50&enableFuzzyQuery=false HTTP/1.1" 403 3369
2026-08-17 13:22:30 | DEBUG    | urllib3.connectionpool:291 | Resetting dropped connection: query1.finance.yahoo.com
2026-08-17 13:22:35 | DEBUG    | urllib3.connectionpool:475 | https://query1.finance.yahoo.com:443 "GET /v1/finance/search?q=INTC&quotesCount=0&newsCount=50&enableFuzzyQuery=false HTTP/1.1" 403 3369
2026-08-17 13:22:35 | DEBUG    | urllib3.connectionpool:291 | Resetting dropped connection: query2.finance.yahoo.com
2026-08-17 13:22:38 | DEBUG    | urllib3.connectionpool:475 | https://query2.finance.yahoo.com:443 "GET /v1/finance/search?q=INTC&quotesCount=0&newsCount=50&enableFuzzyQuery=false HTTP/1.1" 403 3369
2026-08-17 13:22:40 | DEBUG    | urllib3.connectionpool:291 | Resetting dropped connection: finance.yahoo.com
2026-08-17 13:22:45 | DEBUG    | urllib3.connectionpool:475 | https://finance.yahoo.com:443 "POST /xhr/ncp?queryRef=latestNews&serviceKey=ncp_fin HTTP/1.1" 403 3369
2026-08-17 13:22:45 | DEBUG    | urllib3.connectionpool:1022 | Starting new HTTPS connection (1): feeds.finance.yahoo.com:443
2026-08-17 13:22:46 | DEBUG    | urllib3.connectionpool:475 | https://feeds.finance.yahoo.com:443 "GET /rss/2.0/headline?s=NVIDIA&region=US&lang=en-US HTTP/1.1" 200 394
2026-08-17 13:22:47 | DEBUG    | urllib3.connectionpool:475 | https://feeds.finance.yahoo.com:443 "GET /rss/2.0/headline?s=NVDA&region=US&lang=en-US HTTP/1.1" 200 4705
2026-08-17 13:22:47 | DEBUG    | urllib3.connectionpool:475 | https://feeds.finance.yahoo.com:443 "GET /rss/2.0/headline?s=MICRON&region=US&lang=en-US HTTP/1.1" 200 394
2026-08-17 13:22:48 | DEBUG    | urllib3.connectionpool:475 | https://feeds.finance.yahoo.com:443 "GET /rss/2.0/headline?s=MU&region=US&lang=en-US HTTP/1.1" 200 2999
2026-08-17 13:22:48 | DEBUG    | backpack_quant_trading.core.stock_news_feeds:795 | [雅虎财经] 直连 Search 获取 31 条
2026-08-17 13:22:48 | INFO     | stock_news_alert:555 | 轮询完成 @ 2026-08-17 05:21:28 | 拉取 220 条 (金十数据=19, 同花顺=20, 东方财富=80, 新浪财经=30, 富途牛牛=40, 雅虎财经=31) | 已推送过 0 | 非最新 0 | 未命中关键词 207 | 非重要快讯 13 | 内容相似去重 0 | 新命中 0 | 待推送 0 | 雅虎搜索词: NVIDIA, NVDA, MICRON, MU, SanDisk, SNDK, INTEL, INTC
2026-08-17 13:23:04 | WARNING  | backpack_quant_trading.core.binance_monitor:143 | 币安行情 curl 兜底失败: Command '['curl', '-fsSL', '--max-time', '15', '-A', 'Mozilla/5.0', '-x', 'http://127.0.0.1:7891', 'https://fapi.binance.com/fapi/v1/klines?symbol=BTCUSDT&interval=1m&limit=2']' returned non-zero exit status 7.
2026-08-17 13:23:04 | DEBUG    | asyncio:631 | Using proactor: IocpProactor
2026-08-17 13:23:06 | WARNING  | backpack_quant_trading.core.binance_monitor:147 | 币安行情 aiohttp 兜底失败: Cannot connect to host 127.0.0.1:7891 ssl:False [远程计算机拒绝网络连接。]
2026-08-17 13:23:06 | DEBUG    | urllib3.connectionpool:1022 | Starting new HTTPS connection (1): fapi.binance.com:443
2026-08-17 13:23:08 | ERROR    | backpack_quant_trading.core.binance_monitor:344 | 获取币安K线失败 futures BTCUSDT 1m: HTTPSConnectionPool(host='fapi.binance.com', port=443): Max retries exceeded with url: /fapi/v1/klines?symbol=BTCUSDT&interval=1m&limit=2 (Caused by ProxyError('Cannot connect to proxy.', NewConnectionError('<urllib3.connection.HTTPSConnection object at 0x000001435A4D5E50>: Failed to establish a new connection: [WinError 10061] 由于目标计算机积极拒绝，无法连接。')))
2026-08-17 13:23:12 | WARNING  | backpack_quant_trading.core.binance_monitor:143 | 币安行情 curl 兜底失败: Command '['curl', '-fsSL', '--max-time', '10', '-A', 'Mozilla/5.0', '-x', 'http://127.0.0.1:7891', 'https://fapi.binance.com/fapi/v1/depth?symbol=BTCUSDT&limit=50']' returned non-zero exit status 7.
2026-08-17 13:23:12 | DEBUG    | asyncio:631 | Using proactor: IocpProactor
2026-08-17 13:23:14 | WARNING  | backpack_quant_trading.core.binance_monitor:147 | 币安行情 aiohttp 兜底失败: Cannot connect to host 127.0.0.1:7891 ssl:False [远程计算机拒绝网络连接。]
2026-08-17 13:23:14 | DEBUG    | urllib3.connectionpool:1022 | Starting new HTTPS connection (1): fapi.binance.com:443
2026-08-17 13:23:17 | ERROR    | backpack_quant_trading.core.binance_monitor:364 | 获取币安深度失败 futures BTCUSDT: HTTPSConnectionPool(host='fapi.binance.com', port=443): Max retries exceeded with url: /fapi/v1/depth?symbol=BTCUSDT&limit=50 (Caused by ProxyError('Cannot connect to proxy.', NewConnectionError('<urllib3.connection.HTTPSConnection object at 0x000001435A4D6210>: Failed to establish a new connection: [WinError 10061] 由于目标计算机积极拒绝，无法连接。')))
2026-08-17 13:23:18 | DEBUG    | urllib3.connectionpool:1022 | Starting new HTTPS connection (1): flash-api.jin10.com:443
2026-08-17 13:23:19 | DEBUG    | urllib3.connectionpool:475 | https://flash-api.jin10.com:443 "GET /get_flash_list?channel=-8200&vip=1 HTTP/1.1" 200 None
2026-08-17 13:23:19 | DEBUG    | urllib3.connectionpool:1022 | Starting new HTTPS connection (1): news.10jqka.com.cn:443
2026-08-17 13:23:19 | DEBUG    | urllib3.connectionpool:475 | https://news.10jqka.com.cn:443 "GET /tapp/news/push/stock?page=1&tag=&track=website HTTP/1.1" 200 None
2026-08-17 13:23:19 | DEBUG    | urllib3.connectionpool:1022 | Starting new HTTPS connection (1): np-weblist.eastmoney.com:443
2026-08-17 13:23:20 | DEBUG    | urllib3.connectionpool:475 | https://np-weblist.eastmoney.com:443 "GET /comm/web/getFastNewsList?client=web&biz=web_724&fastColumn=102&sortEnd=&pageSize=80&req_trace=1710315450384 HTTP/1.1" 200 None
2026-08-17 13:23:20 | DEBUG    | urllib3.connectionpool:1022 | Starting new HTTPS connection (1): zhibo.sina.com.cn:443
2026-08-17 13:23:21 | DEBUG    | urllib3.connectionpool:475 | https://zhibo.sina.com.cn:443 "GET /api/zhibo/feed?page=1&page_size=30&zhibo_id=152&tag_id=0&dire=f&dpc=1&pagesize=30&type=1 HTTP/1.1" 200 None
2026-08-17 13:23:21 | DEBUG    | urllib3.connectionpool:1022 | Starting new HTTPS connection (1): news.futunn.com:443
2026-08-17 13:23:22 | DEBUG    | urllib3.connectionpool:475 | https://news.futunn.com:443 "GET /news-site-api/main/get-flash-list?pageSize=40 HTTP/1.1" 200 59483
2026-08-17 13:23:22 | DEBUG    | urllib3.connectionpool:1022 | Starting new HTTPS connection (1): finance.yahoo.com:443
2026-08-17 13:23:24 | DEBUG    | urllib3.connectionpool:475 | https://finance.yahoo.com:443 "GET / HTTP/1.1" 403 3369
2026-08-17 13:23:24 | DEBUG    | urllib3.connectionpool:1022 | Starting new HTTPS connection (1): query1.finance.yahoo.com:443
2026-08-17 13:23:27 | DEBUG    | urllib3.connectionpool:475 | https://query1.finance.yahoo.com:443 "GET /v1/finance/search?q=NVIDIA&quotesCount=0&newsCount=50&enableFuzzyQuery=false HTTP/1.1" 403 3369
2026-08-17 13:23:27 | DEBUG    | urllib3.connectionpool:1022 | Starting new HTTPS connection (1): query2.finance.yahoo.com:443
2026-08-17 13:23:30 | DEBUG    | urllib3.connectionpool:475 | https://query2.finance.yahoo.com:443 "GET /v1/finance/search?q=NVIDIA&quotesCount=0&newsCount=50&enableFuzzyQuery=false HTTP/1.1" 403 3369
2026-08-17 13:23:30 | DEBUG    | urllib3.connectionpool:291 | Resetting dropped connection: query1.finance.yahoo.com
2026-08-17 13:23:32 | DEBUG    | urllib3.connectionpool:475 | https://query1.finance.yahoo.com:443 "GET /v1/finance/search?q=NVDA&quotesCount=0&newsCount=50&enableFuzzyQuery=false HTTP/1.1" 403 3369
2026-08-17 13:23:35 | DEBUG    | urllib3.connectionpool:291 | Resetting dropped connection: query2.finance.yahoo.com
2026-08-17 13:23:37 | DEBUG    | urllib3.connectionpool:475 | https://query2.finance.yahoo.com:443 "GET /v1/finance/search?q=NVDA&quotesCount=0&newsCount=50&enableFuzzyQuery=false HTTP/1.1" 403 3369
2026-08-17 13:23:37 | DEBUG    | urllib3.connectionpool:291 | Resetting dropped connection: query1.finance.yahoo.com
2026-08-17 13:23:39 | DEBUG    | urllib3.connectionpool:475 | https://query1.finance.yahoo.com:443 "GET /v1/finance/search?q=MICRON&quotesCount=0&newsCount=50&enableFuzzyQuery=false HTTP/1.1" 403 3369
2026-08-17 13:23:39 | DEBUG    | urllib3.connectionpool:291 | Resetting dropped connection: query2.finance.yahoo.com
2026-08-17 13:23:41 | DEBUG    | urllib3.connectionpool:475 | https://query2.finance.yahoo.com:443 "GET /v1/finance/search?q=MICRON&quotesCount=0&newsCount=50&enableFuzzyQuery=false HTTP/1.1" 403 3369
2026-08-17 13:23:41 | DEBUG    | urllib3.connectionpool:291 | Resetting dropped connection: query1.finance.yahoo.com
2026-08-17 13:23:46 | DEBUG    | urllib3.connectionpool:291 | Resetting dropped connection: query2.finance.yahoo.com
2026-08-17 13:23:48 | DEBUG    | urllib3.connectionpool:475 | https://query2.finance.yahoo.com:443 "GET /v1/finance/search?q=MU&quotesCount=0&newsCount=50&enableFuzzyQuery=false HTTP/1.1" 403 3369
2026-08-17 13:23:51 | DEBUG    | urllib3.connectionpool:1022 | Starting new HTTPS connection (2): query1.finance.yahoo.com:443
2026-08-17 13:23:52 | DEBUG    | urllib3.connectionpool:475 | https://query1.finance.yahoo.com:443 "GET /v1/finance/search?q=SanDisk&quotesCount=0&newsCount=50&enableFuzzyQuery=false HTTP/1.1" 403 3369
2026-08-17 13:23:53 | DEBUG    | urllib3.connectionpool:291 | Resetting dropped connection: query2.finance.yahoo.com
2026-08-17 13:23:55 | DEBUG    | urllib3.connectionpool:475 | https://query2.finance.yahoo.com:443 "GET /v1/finance/search?q=SanDisk&quotesCount=0&newsCount=50&enableFuzzyQuery=false HTTP/1.1" 403 3369
2026-08-17 13:23:55 | DEBUG    | urllib3.connectionpool:291 | Resetting dropped connection: query1.finance.yahoo.com
2026-08-17 13:23:57 | DEBUG    | urllib3.connectionpool:475 | https://query1.finance.yahoo.com:443 "GET /v1/finance/search?q=SNDK&quotesCount=0&newsCount=50&enableFuzzyQuery=false HTTP/1.1" 403 3369
2026-08-17 13:23:57 | DEBUG    | urllib3.connectionpool:291 | Resetting dropped connection: query2.finance.yahoo.com
2026-08-17 13:23:59 | DEBUG    | urllib3.connectionpool:475 | https://query2.finance.yahoo.com:443 "GET /v1/finance/search?q=SNDK&quotesCount=0&newsCount=50&enableFuzzyQuery=false HTTP/1.1" 403 3369
2026-08-17 13:23:59 | DEBUG    | urllib3.connectionpool:291 | Resetting dropped connection: query1.finance.yahoo.com
2026-08-17 13:24:01 | DEBUG    | urllib3.connectionpool:475 | https://query1.finance.yahoo.com:443 "GET /v1/finance/search?q=INTEL&quotesCount=0&newsCount=50&enableFuzzyQuery=false HTTP/1.1" 403 3369
2026-08-17 13:24:01 | DEBUG    | urllib3.connectionpool:291 | Resetting dropped connection: query2.finance.yahoo.com
2026-08-17 13:24:03 | DEBUG    | urllib3.connectionpool:475 | https://query2.finance.yahoo.com:443 "GET /v1/finance/search?q=INTEL&quotesCount=0&newsCount=50&enableFuzzyQuery=false HTTP/1.1" 403 3369
2026-08-17 13:24:03 | DEBUG    | urllib3.connectionpool:291 | Resetting dropped connection: query1.finance.yahoo.com
2026-08-17 13:24:04 | WARNING  | backpack_quant_trading.core.binance_monitor:143 | 币安行情 curl 兜底失败: Command '['curl', '-fsSL', '--max-time', '15', '-A', 'Mozilla/5.0', '-x', 'http://127.0.0.1:7891', 'https://fapi.binance.com/fapi/v1/klines?symbol=BTCUSDT&interval=1m&limit=2']' returned non-zero exit status 7.
2026-08-17 13:24:04 | DEBUG    | asyncio:631 | Using proactor: IocpProactor
2026-08-17 13:24:04 | DEBUG    | urllib3.connectionpool:475 | https://query1.finance.yahoo.com:443 "GET /v1/finance/search?q=INTC&quotesCount=0&newsCount=50&enableFuzzyQuery=false HTTP/1.1" 403 3369
2026-08-17 13:24:04 | DEBUG    | urllib3.connectionpool:291 | Resetting dropped connection: query2.finance.yahoo.com
2026-08-17 13:24:06 | WARNING  | backpack_quant_trading.core.binance_monitor:147 | 币安行情 aiohttp 兜底失败: Cannot connect to host 127.0.0.1:7891 ssl:False [远程计算机拒绝网络连接。]
2026-08-17 13:24:06 | DEBUG    | urllib3.connectionpool:1022 | Starting new HTTPS connection (1): fapi.binance.com:443
2026-08-17 13:24:06 | DEBUG    | urllib3.connectionpool:475 | https://query2.finance.yahoo.com:443 "GET /v1/finance/search?q=INTC&quotesCount=0&newsCount=50&enableFuzzyQuery=false HTTP/1.1" 403 3369
2026-08-17 13:24:07 | DEBUG    | urllib3.connectionpool:291 | Resetting dropped connection: finance.yahoo.com
2026-08-17 13:24:08 | ERROR    | backpack_quant_trading.core.binance_monitor:344 | 获取币安K线失败 futures BTCUSDT 1m: HTTPSConnectionPool(host='fapi.binance.com', port=443): Max retries exceeded with url: /fapi/v1/klines?symbol=BTCUSDT&interval=1m&limit=2 (Caused by ProxyError('Cannot connect to proxy.', NewConnectionError('<urllib3.connection.HTTPSConnection object at 0x000001435A700CD0>: Failed to establish a new connection: [WinError 10061] 由于目标计算机积极拒绝，无法连接。')))
2026-08-17 13:24:11 | DEBUG    | urllib3.connectionpool:475 | https://finance.yahoo.com:443 "POST /xhr/ncp?queryRef=latestNews&serviceKey=ncp_fin HTTP/1.1" 403 3369
2026-08-17 13:24:12 | DEBUG    | urllib3.connectionpool:1022 | Starting new HTTPS connection (1): feeds.finance.yahoo.com:443
2026-08-17 13:24:12 | WARNING  | backpack_quant_trading.core.binance_monitor:143 | 币安行情 curl 兜底失败: Command '['curl', '-fsSL', '--max-time', '10', '-A', 'Mozilla/5.0', '-x', 'http://127.0.0.1:7891', 'https://fapi.binance.com/fapi/v1/depth?symbol=BTCUSDT&limit=50']' returned non-zero exit status 7.
2026-08-17 13:24:12 | DEBUG    | asyncio:631 | Using proactor: IocpProactor
2026-08-17 13:24:14 | WARNING  | backpack_quant_trading.core.binance_monitor:147 | 币安行情 aiohttp 兜底失败: Cannot connect to host 127.0.0.1:7891 ssl:False [远程计算机拒绝网络连接。]
2026-08-17 13:24:14 | DEBUG    | urllib3.connectionpool:1022 | Starting new HTTPS connection (1): fapi.binance.com:443
2026-08-17 13:24:16 | ERROR    | backpack_quant_trading.core.binance_monitor:364 | 获取币安深度失败 futures BTCUSDT: HTTPSConnectionPool(host='fapi.binance.com', port=443): Max retries exceeded with url: /fapi/v1/depth?symbol=BTCUSDT&limit=50 (Caused by ProxyError('Cannot connect to proxy.', NewConnectionError('<urllib3.connection.HTTPSConnection object at 0x000001435885BED0>: Failed to establish a new connection: [WinError 10061] 由于目标计算机积极拒绝，无法连接。')))
2026-08-17 13:24:17 | DEBUG    | urllib3.connectionpool:1022 | Starting new HTTPS connection (2): feeds.finance.yahoo.com:443
2026-08-17 13:24:22 | DEBUG    | urllib3.connectionpool:1022 | Starting new HTTPS connection (3): feeds.finance.yahoo.com:443
2026-08-17 13:24:24 | DEBUG    | urllib3.connectionpool:475 | https://feeds.finance.yahoo.com:443 "GET /rss/2.0/headline?s=MICRON&region=US&lang=en-US HTTP/1.1" 200 394
2026-08-17 13:24:25 | DEBUG    | urllib3.connectionpool:475 | https://feeds.finance.yahoo.com:443 "GET /rss/2.0/headline?s=MU&region=US&lang=en-US HTTP/1.1" 200 2999
2026-08-17 13:24:25 | DEBUG    | backpack_quant_trading.core.stock_news_feeds:795 | [雅虎财经] 直连 Search 获取 11 条
2026-08-17 13:24:25 | INFO     | stock_news_alert:555 | 轮询完成 @ 2026-08-17 05:23:18 | 拉取 200 条 (金十数据=19, 同花顺=20, 东方财富=80, 新浪财经=30, 富途牛牛=40, 雅虎财经=11) | 已推送过 0 | 非最新 0 | 未命中关键词 191 | 非重要快讯 9 | 内容相似去重 0 | 新命中 0 | 待推送 0 | 雅虎搜索词: NVIDIA, NVDA, MICRON, MU, SanDisk, SNDK, INTEL, INTC
2026-08-17 13:24:55 | DEBUG    | urllib3.connectionpool:1022 | Starting new HTTPS connection (1): flash-api.jin10.com:443
2026-08-17 13:24:55 | DEBUG    | urllib3.connectionpool:475 | https://flash-api.jin10.com:443 "GET /get_flash_list?channel=-8200&vip=1 HTTP/1.1" 200 None
2026-08-17 13:24:55 | DEBUG    | urllib3.connectionpool:1022 | Starting new HTTPS connection (1): news.10jqka.com.cn:443
2026-08-17 13:24:56 | DEBUG    | urllib3.connectionpool:475 | https://news.10jqka.com.cn:443 "GET /tapp/news/push/stock?page=1&tag=&track=website HTTP/1.1" 200 None
2026-08-17 13:24:56 | DEBUG    | urllib3.connectionpool:1022 | Starting new HTTPS connection (1): np-weblist.eastmoney.com:443
2026-08-17 13:24:57 | DEBUG    | urllib3.connectionpool:475 | https://np-weblist.eastmoney.com:443 "GET /comm/web/getFastNewsList?client=web&biz=web_724&fastColumn=102&sortEnd=&pageSize=80&req_trace=1710315450384 HTTP/1.1" 200 None
2026-08-17 13:24:57 | DEBUG    | urllib3.connectionpool:1022 | Starting new HTTPS connection (1): zhibo.sina.com.cn:443
2026-08-17 13:24:57 | DEBUG    | urllib3.connectionpool:475 | https://zhibo.sina.com.cn:443 "GET /api/zhibo/feed?page=1&page_size=30&zhibo_id=152&tag_id=0&dire=f&dpc=1&pagesize=30&type=1 HTTP/1.1" 200 None
2026-08-17 13:24:57 | DEBUG    | urllib3.connectionpool:1022 | Starting new HTTPS connection (1): news.futunn.com:443
2026-08-17 13:24:58 | DEBUG    | urllib3.connectionpool:475 | https://news.futunn.com:443 "GET /news-site-api/main/get-flash-list?pageSize=40 HTTP/1.1" 200 59483
2026-08-17 13:24:58 | DEBUG    | urllib3.connectionpool:1022 | Starting new HTTPS connection (1): finance.yahoo.com:443
2026-08-17 13:25:01 | DEBUG    | urllib3.connectionpool:475 | https://finance.yahoo.com:443 "GET / HTTP/1.1" 403 3369
2026-08-17 13:25:01 | DEBUG    | urllib3.connectionpool:1022 | Starting new HTTPS connection (1): query1.finance.yahoo.com:443
2026-08-17 13:25:04 | WARNING  | backpack_quant_trading.core.binance_monitor:143 | 币安行情 curl 兜底失败: Command '['curl', '-fsSL', '--max-time', '15', '-A', 'Mozilla/5.0', '-x', 'http://127.0.0.1:7891', 'https://fapi.binance.com/fapi/v1/klines?symbol=BTCUSDT&interval=1m&limit=2']' returned non-zero exit status 7.
2026-08-17 13:25:04 | DEBUG    | asyncio:631 | Using proactor: IocpProactor
2026-08-17 13:25:05 | DEBUG    | urllib3.connectionpool:475 | https://query1.finance.yahoo.com:443 "GET /v1/finance/search?q=NVIDIA&quotesCount=0&newsCount=50&enableFuzzyQuery=false HTTP/1.1" 403 3369
2026-08-17 13:25:05 | DEBUG    | urllib3.connectionpool:1022 | Starting new HTTPS connection (1): query2.finance.yahoo.com:443
2026-08-17 13:25:06 | WARNING  | backpack_quant_trading.core.binance_monitor:147 | 币安行情 aiohttp 兜底失败: Cannot connect to host 127.0.0.1:7891 ssl:False [远程计算机拒绝网络连接。]
2026-08-17 13:25:06 | DEBUG    | urllib3.connectionpool:1022 | Starting new HTTPS connection (1): fapi.binance.com:443
2026-08-17 13:25:08 | ERROR    | backpack_quant_trading.core.binance_monitor:344 | 获取币安K线失败 futures BTCUSDT 1m: HTTPSConnectionPool(host='fapi.binance.com', port=443): Max retries exceeded with url: /fapi/v1/klines?symbol=BTCUSDT&interval=1m&limit=2 (Caused by ProxyError('Cannot connect to proxy.', NewConnectionError('<urllib3.connection.HTTPSConnection object at 0x000001435A4D60D0>: Failed to establish a new connection: [WinError 10061] 由于目标计算机积极拒绝，无法连接。')))
2026-08-17 13:25:09 | DEBUG    | urllib3.connectionpool:475 | https://query2.finance.yahoo.com:443 "GET /v1/finance/search?q=NVIDIA&quotesCount=0&newsCount=50&enableFuzzyQuery=false HTTP/1.1" 403 3369
2026-08-17 13:25:09 | DEBUG    | urllib3.connectionpool:291 | Resetting dropped connection: query1.finance.yahoo.com
2026-08-17 13:25:12 | DEBUG    | urllib3.connectionpool:475 | https://query1.finance.yahoo.com:443 "GET /v1/finance/search?q=NVDA&quotesCount=0&newsCount=50&enableFuzzyQuery=false HTTP/1.1" 403 3369
2026-08-17 13:25:12 | DEBUG    | urllib3.connectionpool:291 | Resetting dropped connection: query2.finance.yahoo.com
2026-08-17 13:25:12 | WARNING  | backpack_quant_trading.core.binance_monitor:143 | 币安行情 curl 兜底失败: Command '['curl', '-fsSL', '--max-time', '10', '-A', 'Mozilla/5.0', '-x', 'http://127.0.0.1:7891', 'https://fapi.binance.com/fapi/v1/depth?symbol=BTCUSDT&limit=50']' returned non-zero exit status 7.
2026-08-17 13:25:12 | DEBUG    | asyncio:631 | Using proactor: IocpProactor
2026-08-17 13:25:13 | DEBUG    | urllib3.connectionpool:475 | https://query2.finance.yahoo.com:443 "GET /v1/finance/search?q=NVDA&quotesCount=0&newsCount=50&enableFuzzyQuery=false HTTP/1.1" 403 3369
2026-08-17 13:25:15 | WARNING  | backpack_quant_trading.core.binance_monitor:147 | 币安行情 aiohttp 兜底失败: Cannot connect to host 127.0.0.1:7891 ssl:False [远程计算机拒绝网络连接。]
2026-08-17 13:25:15 | DEBUG    | urllib3.connectionpool:1022 | Starting new HTTPS connection (1): fapi.binance.com:443
2026-08-17 13:25:17 | ERROR    | backpack_quant_trading.core.binance_monitor:364 | 获取币安深度失败 futures BTCUSDT: HTTPSConnectionPool(host='fapi.binance.com', port=443): Max retries exceeded with url: /fapi/v1/depth?symbol=BTCUSDT&limit=50 (Caused by ProxyError('Cannot connect to proxy.', NewConnectionError('<urllib3.connection.HTTPSConnection object at 0x000001435A4D7110>: Failed to establish a new connection: [WinError 10061] 由于目标计算机积极拒绝，无法连接。')))
2026-08-17 13:25:17 | DEBUG    | urllib3.connectionpool:291 | Resetting dropped connection: query1.finance.yahoo.com
2026-08-17 13:25:18 | DEBUG    | urllib3.connectionpool:475 | https://query1.finance.yahoo.com:443 "GET /v1/finance/search?q=MICRON&quotesCount=0&newsCount=50&enableFuzzyQuery=false HTTP/1.1" 403 3369
2026-08-17 13:25:18 | DEBUG    | urllib3.connectionpool:291 | Resetting dropped connection: query2.finance.yahoo.com
2026-08-17 13:25:21 | DEBUG    | urllib3.connectionpool:475 | https://query2.finance.yahoo.com:443 "GET /v1/finance/search?q=MICRON&quotesCount=0&newsCount=50&enableFuzzyQuery=false HTTP/1.1" 403 3369
2026-08-17 13:25:22 | DEBUG    | urllib3.connectionpool:291 | Resetting dropped connection: query1.finance.yahoo.com
2026-08-17 13:25:25 | DEBUG    | urllib3.connectionpool:475 | https://query1.finance.yahoo.com:443 "GET /v1/finance/search?q=MU&quotesCount=0&newsCount=50&enableFuzzyQuery=false HTTP/1.1" 403 3369
2026-08-17 13:25:25 | DEBUG    | urllib3.connectionpool:291 | Resetting dropped connection: query2.finance.yahoo.com
2026-08-17 13:25:27 | DEBUG    | urllib3.connectionpool:475 | https://query2.finance.yahoo.com:443 "GET /v1/finance/search?q=MU&quotesCount=0&newsCount=50&enableFuzzyQuery=false HTTP/1.1" 403 3369
2026-08-17 13:25:27 | DEBUG    | urllib3.connectionpool:291 | Resetting dropped connection: query1.finance.yahoo.com
2026-08-17 13:25:28 | DEBUG    | urllib3.connectionpool:475 | https://query1.finance.yahoo.com:443 "GET /v1/finance/search?q=SanDisk&quotesCount=0&newsCount=50&enableFuzzyQuery=false HTTP/1.1" 403 3369
2026-08-17 13:25:33 | DEBUG    | urllib3.connectionpool:291 | Resetting dropped connection: query2.finance.yahoo.com
2026-08-17 13:25:36 | DEBUG    | urllib3.connectionpool:475 | https://query2.finance.yahoo.com:443 "GET /v1/finance/search?q=SanDisk&quotesCount=0&newsCount=50&enableFuzzyQuery=false HTTP/1.1" 403 3369
2026-08-17 13:25:36 | DEBUG    | urllib3.connectionpool:291 | Resetting dropped connection: query1.finance.yahoo.com
2026-08-17 13:25:38 | DEBUG    | urllib3.connectionpool:475 | https://query1.finance.yahoo.com:443 "GET /v1/finance/search?q=SNDK&quotesCount=0&newsCount=50&enableFuzzyQuery=false HTTP/1.1" 403 3369
2026-08-17 13:25:38 | DEBUG    | urllib3.connectionpool:291 | Resetting dropped connection: query2.finance.yahoo.com
2026-08-17 13:25:40 | DEBUG    | urllib3.connectionpool:475 | https://query2.finance.yahoo.com:443 "GET /v1/finance/search?q=SNDK&quotesCount=0&newsCount=50&enableFuzzyQuery=false HTTP/1.1" 403 3369
2026-08-17 13:25:41 | DEBUG    | urllib3.connectionpool:291 | Resetting dropped connection: query1.finance.yahoo.com
2026-08-17 13:25:46 | DEBUG    | urllib3.connectionpool:475 | https://query1.finance.yahoo.com:443 "GET /v1/finance/search?q=INTEL&quotesCount=0&newsCount=50&enableFuzzyQuery=false HTTP/1.1" 403 3369
2026-08-17 13:25:46 | DEBUG    | urllib3.connectionpool:291 | Resetting dropped connection: query2.finance.yahoo.com
2026-08-17 13:25:47 | DEBUG    | urllib3.connectionpool:475 | https://query2.finance.yahoo.com:443 "GET /v1/finance/search?q=INTEL&quotesCount=0&newsCount=50&enableFuzzyQuery=false HTTP/1.1" 403 3369
2026-08-17 13:25:48 | DEBUG    | urllib3.connectionpool:291 | Resetting dropped connection: query1.finance.yahoo.com
2026-08-17 13:25:50 | DEBUG    | urllib3.connectionpool:475 | https://query1.finance.yahoo.com:443 "GET /v1/finance/search?q=INTC&quotesCount=0&newsCount=50&enableFuzzyQuery=false HTTP/1.1" 403 3369
2026-08-17 13:25:50 | DEBUG    | urllib3.connectionpool:291 | Resetting dropped connection: query2.finance.yahoo.com
2026-08-17 13:25:52 | DEBUG    | urllib3.connectionpool:475 | https://query2.finance.yahoo.com:443 "GET /v1/finance/search?q=INTC&quotesCount=0&newsCount=50&enableFuzzyQuery=false HTTP/1.1" 403 3369
2026-08-17 13:25:53 | DEBUG    | urllib3.connectionpool:291 | Resetting dropped connection: finance.yahoo.com
2026-08-17 13:25:55 | DEBUG    | urllib3.connectionpool:1022 | Starting new HTTPS connection (1): feeds.finance.yahoo.com:443
2026-08-17 13:25:56 | DEBUG    | urllib3.connectionpool:475 | https://feeds.finance.yahoo.com:443 "GET /rss/2.0/headline?s=NVIDIA&region=US&lang=en-US HTTP/1.1" 200 394
2026-08-17 13:25:57 | DEBUG    | urllib3.connectionpool:475 | https://feeds.finance.yahoo.com:443 "GET /rss/2.0/headline?s=NVDA&region=US&lang=en-US HTTP/1.1" 200 3657
2026-08-17 13:25:57 | DEBUG    | urllib3.connectionpool:475 | https://feeds.finance.yahoo.com:443 "GET /rss/2.0/headline?s=MICRON&region=US&lang=en-US HTTP/1.1" 200 394
2026-08-17 13:25:58 | DEBUG    | urllib3.connectionpool:475 | https://feeds.finance.yahoo.com:443 "GET /rss/2.0/headline?s=MU&region=US&lang=en-US HTTP/1.1" 200 2999
2026-08-17 13:25:58 | DEBUG    | backpack_quant_trading.core.stock_news_feeds:795 | [雅虎财经] 直连 Search 获取 26 条
2026-08-17 13:25:58 | INFO     | stock_news_alert:555 | 轮询完成 @ 2026-08-17 05:24:55 | 拉取 214 条 (金十数据=18, 同花顺=20, 东方财富=80, 新浪财经=30, 富途牛牛=40, 雅虎财经=26) | 已推送过 0 | 非最新 0 | 未命中关键词 202 | 非重要快讯 12 | 内容相似去重 0 | 新命中 0 | 待推送 0 | 雅虎搜索词: NVIDIA, NVDA, MICRON, MU, SanDisk, SNDK, INTEL, INTC
2026-08-17 13:26:04 | WARNING  | backpack_quant_trading.core.binance_monitor:143 | 币安行情 curl 兜底失败: Command '['curl', '-fsSL', '--max-time', '15', '-A', 'Mozilla/5.0', '-x', 'http://127.0.0.1:7891', 'https://fapi.binance.com/fapi/v1/klines?symbol=BTCUSDT&interval=1m&limit=2']' returned non-zero exit status 7.
2026-08-17 13:26:04 | DEBUG    | asyncio:631 | Using proactor: IocpProactor
2026-08-17 13:26:06 | WARNING  | backpack_quant_trading.core.binance_monitor:147 | 币安行情 aiohttp 兜底失败: Cannot connect to host 127.0.0.1:7891 ssl:False [远程计算机拒绝网络连接。]
2026-08-17 13:26:06 | DEBUG    | urllib3.connectionpool:1022 | Starting new HTTPS connection (1): fapi.binance.com:443
2026-08-17 13:26:08 | ERROR    | backpack_quant_trading.core.binance_monitor:344 | 获取币安K线失败 futures BTCUSDT 1m: HTTPSConnectionPool(host='fapi.binance.com', port=443): Max retries exceeded with url: /fapi/v1/klines?symbol=BTCUSDT&interval=1m&limit=2 (Caused by ProxyError('Cannot connect to proxy.', NewConnectionError('<urllib3.connection.HTTPSConnection object at 0x000001435A4D5E50>: Failed to establish a new connection: [WinError 10061] 由于目标计算机积极拒绝，无法连接。')))
2026-08-17 13:26:12 | WARNING  | backpack_quant_trading.core.binance_monitor:143 | 币安行情 curl 兜底失败: Command '['curl', '-fsSL', '--max-time', '10', '-A', 'Mozilla/5.0', '-x', 'http://127.0.0.1:7891', 'https://fapi.binance.com/fapi/v1/depth?symbol=BTCUSDT&limit=50']' returned non-zero exit status 7.
2026-08-17 13:26:12 | DEBUG    | asyncio:631 | Using proactor: IocpProactor
2026-08-17 13:26:14 | WARNING  | backpack_quant_trading.core.binance_monitor:147 | 币安行情 aiohttp 兜底失败: Cannot connect to host 127.0.0.1:7891 ssl:False [远程计算机拒绝网络连接。]
2026-08-17 13:26:14 | DEBUG    | urllib3.connectionpool:1022 | Starting new HTTPS connection (1): fapi.binance.com:443
2026-08-17 13:26:16 | ERROR    | backpack_quant_trading.core.binance_monitor:364 | 获取币安深度失败 futures BTCUSDT: HTTPSConnectionPool(host='fapi.binance.com', port=443): Max retries exceeded with url: /fapi/v1/depth?symbol=BTCUSDT&limit=50 (Caused by ProxyError('Cannot connect to proxy.', NewConnectionError('<urllib3.connection.HTTPSConnection object at 0x000001435A4D7890>: Failed to establish a new connection: [WinError 10061] 由于目标计算机积极拒绝，无法连接。')))
2026-08-17 13:26:28 | DEBUG    | urllib3.connectionpool:1022 | Starting new HTTPS connection (1): flash-api.jin10.com:443
2026-08-17 13:26:29 | DEBUG    | urllib3.connectionpool:475 | https://flash-api.jin10.com:443 "GET /get_flash_list?channel=-8200&vip=1 HTTP/1.1" 200 None
2026-08-17 13:26:29 | DEBUG    | urllib3.connectionpool:1022 | Starting new HTTPS connection (1): news.10jqka.com.cn:443
2026-08-17 13:26:29 | DEBUG    | urllib3.connectionpool:475 | https://news.10jqka.com.cn:443 "GET /tapp/news/push/stock?page=1&tag=&track=website HTTP/1.1" 200 None
2026-08-17 13:26:29 | DEBUG    | urllib3.connectionpool:1022 | Starting new HTTPS connection (1): np-weblist.eastmoney.com:443
2026-08-17 13:26:30 | DEBUG    | urllib3.connectionpool:475 | https://np-weblist.eastmoney.com:443 "GET /comm/web/getFastNewsList?client=web&biz=web_724&fastColumn=102&sortEnd=&pageSize=80&req_trace=1710315450384 HTTP/1.1" 200 None
2026-08-17 13:26:30 | DEBUG    | urllib3.connectionpool:1022 | Starting new HTTPS connection (1): zhibo.sina.com.cn:443
2026-08-17 13:26:31 | DEBUG    | urllib3.connectionpool:475 | https://zhibo.sina.com.cn:443 "GET /api/zhibo/feed?page=1&page_size=30&zhibo_id=152&tag_id=0&dire=f&dpc=1&pagesize=30&type=1 HTTP/1.1" 200 None
2026-08-17 13:26:31 | DEBUG    | urllib3.connectionpool:1022 | Starting new HTTPS connection (1): news.futunn.com:443
2026-08-17 13:26:32 | DEBUG    | urllib3.connectionpool:475 | https://news.futunn.com:443 "GET /news-site-api/main/get-flash-list?pageSize=40 HTTP/1.1" 200 59483
2026-08-17 13:26:32 | DEBUG    | urllib3.connectionpool:1022 | Starting new HTTPS connection (1): finance.yahoo.com:443
2026-08-17 13:26:36 | DEBUG    | urllib3.connectionpool:1022 | Starting new HTTPS connection (1): query1.finance.yahoo.com:443
2026-08-17 13:26:41 | DEBUG    | urllib3.connectionpool:475 | https://query1.finance.yahoo.com:443 "GET /v1/finance/search?q=NVIDIA&quotesCount=0&newsCount=50&enableFuzzyQuery=false HTTP/1.1" 403 3369
2026-08-17 13:26:41 | DEBUG    | urllib3.connectionpool:1022 | Starting new HTTPS connection (1): query2.finance.yahoo.com:443
2026-08-17 13:26:46 | DEBUG    | urllib3.connectionpool:475 | https://query2.finance.yahoo.com:443 "GET /v1/finance/search?q=NVIDIA&quotesCount=0&newsCount=50&enableFuzzyQuery=false HTTP/1.1" 403 3369
2026-08-17 13:26:46 | DEBUG    | urllib3.connectionpool:291 | Resetting dropped connection: query1.finance.yahoo.com
2026-08-17 13:26:52 | DEBUG    | urllib3.connectionpool:291 | Resetting dropped connection: query2.finance.yahoo.com
2026-08-17 13:26:54 | DEBUG    | urllib3.connectionpool:475 | https://query2.finance.yahoo.com:443 "GET /v1/finance/search?q=NVDA&quotesCount=0&newsCount=50&enableFuzzyQuery=false HTTP/1.1" 403 3369
2026-08-17 13:26:54 | DEBUG    | urllib3.connectionpool:1022 | Starting new HTTPS connection (2): query1.finance.yahoo.com:443
2026-08-17 13:26:56 | DEBUG    | urllib3.connectionpool:475 | https://query1.finance.yahoo.com:443 "GET /v1/finance/search?q=MICRON&quotesCount=0&newsCount=50&enableFuzzyQuery=false HTTP/1.1" 403 3369
2026-08-17 13:26:56 | DEBUG    | urllib3.connectionpool:291 | Resetting dropped connection: query2.finance.yahoo.com
2026-08-17 13:26:58 | DEBUG    | urllib3.connectionpool:475 | https://query2.finance.yahoo.com:443 "GET /v1/finance/search?q=MICRON&quotesCount=0&newsCount=50&enableFuzzyQuery=false HTTP/1.1" 403 3369
2026-08-17 13:26:58 | DEBUG    | urllib3.connectionpool:291 | Resetting dropped connection: query1.finance.yahoo.com
2026-08-17 13:27:03 | DEBUG    | urllib3.connectionpool:291 | Resetting dropped connection: query2.finance.yahoo.com
2026-08-17 13:27:04 | WARNING  | backpack_quant_trading.core.binance_monitor:143 | 币安行情 curl 兜底失败: Command '['curl', '-fsSL', '--max-time', '15', '-A', 'Mozilla/5.0', '-x', 'http://127.0.0.1:7891', 'https://fapi.binance.com/fapi/v1/klines?symbol=BTCUSDT&interval=1m&limit=2']' returned non-zero exit status 7.
2026-08-17 13:27:04 | DEBUG    | asyncio:631 | Using proactor: IocpProactor
2026-08-17 13:27:05 | DEBUG    | urllib3.connectionpool:475 | https://query2.finance.yahoo.com:443 "GET /v1/finance/search?q=MU&quotesCount=0&newsCount=50&enableFuzzyQuery=false HTTP/1.1" 403 3369
2026-08-17 13:27:05 | DEBUG    | urllib3.connectionpool:1022 | Starting new HTTPS connection (3): query1.finance.yahoo.com:443
2026-08-17 13:27:06 | WARNING  | backpack_quant_trading.core.binance_monitor:147 | 币安行情 aiohttp 兜底失败: Cannot connect to host 127.0.0.1:7891 ssl:False [远程计算机拒绝网络连接。]
2026-08-17 13:27:06 | DEBUG    | urllib3.connectionpool:1022 | Starting new HTTPS connection (1): fapi.binance.com:443
2026-08-17 13:27:08 | DEBUG    | urllib3.connectionpool:475 | https://query1.finance.yahoo.com:443 "GET /v1/finance/search?q=SanDisk&quotesCount=0&newsCount=50&enableFuzzyQuery=false HTTP/1.1" 403 3369
2026-08-17 13:27:08 | DEBUG    | urllib3.connectionpool:291 | Resetting dropped connection: query2.finance.yahoo.com
2026-08-17 13:27:08 | ERROR    | backpack_quant_trading.core.binance_monitor:344 | 获取币安K线失败 futures BTCUSDT 1m: HTTPSConnectionPool(host='fapi.binance.com', port=443): Max retries exceeded with url: /fapi/v1/klines?symbol=BTCUSDT&interval=1m&limit=2 (Caused by ProxyError('Cannot connect to proxy.', NewConnectionError('<urllib3.connection.HTTPSConnection object at 0x000001435A4D74D0>: Failed to establish a new connection: [WinError 10061] 由于目标计算机积极拒绝，无法连接。')))
2026-08-17 13:27:10 | DEBUG    | urllib3.connectionpool:475 | https://query2.finance.yahoo.com:443 "GET /v1/finance/search?q=SanDisk&quotesCount=0&newsCount=50&enableFuzzyQuery=false HTTP/1.1" 403 3369
2026-08-17 13:27:10 | DEBUG    | urllib3.connectionpool:291 | Resetting dropped connection: query1.finance.yahoo.com
2026-08-17 13:27:12 | WARNING  | backpack_quant_trading.core.binance_monitor:143 | 币安行情 curl 兜底失败: Command '['curl', '-fsSL', '--max-time', '10', '-A', 'Mozilla/5.0', '-x', 'http://127.0.0.1:7891', 'https://fapi.binance.com/fapi/v1/depth?symbol=BTCUSDT&limit=50']' returned non-zero exit status 7.
2026-08-17 13:27:12 | DEBUG    | asyncio:631 | Using proactor: IocpProactor
2026-08-17 13:27:14 | DEBUG    | urllib3.connectionpool:475 | https://query1.finance.yahoo.com:443 "GET /v1/finance/search?q=SNDK&quotesCount=0&newsCount=50&enableFuzzyQuery=false HTTP/1.1" 403 3369
2026-08-17 13:27:14 | WARNING  | backpack_quant_trading.core.binance_monitor:147 | 币安行情 aiohttp 兜底失败: Cannot connect to host 127.0.0.1:7891 ssl:False [远程计算机拒绝网络连接。]
2026-08-17 13:27:14 | DEBUG    | urllib3.connectionpool:1022 | Starting new HTTPS connection (1): fapi.binance.com:443
2026-08-17 13:27:14 | DEBUG    | urllib3.connectionpool:291 | Resetting dropped connection: query2.finance.yahoo.com
2026-08-17 13:27:16 | DEBUG    | urllib3.connectionpool:475 | https://query2.finance.yahoo.com:443 "GET /v1/finance/search?q=SNDK&quotesCount=0&newsCount=50&enableFuzzyQuery=false HTTP/1.1" 403 3369
2026-08-17 13:27:16 | DEBUG    | urllib3.connectionpool:291 | Resetting dropped connection: query1.finance.yahoo.com
2026-08-17 13:27:16 | ERROR    | backpack_quant_trading.core.binance_monitor:364 | 获取币安深度失败 futures BTCUSDT: HTTPSConnectionPool(host='fapi.binance.com', port=443): Max retries exceeded with url: /fapi/v1/depth?symbol=BTCUSDT&limit=50 (Caused by ProxyError('Cannot connect to proxy.', NewConnectionError('<urllib3.connection.HTTPSConnection object at 0x000001435A4D7B10>: Failed to establish a new connection: [WinError 10061] 由于目标计算机积极拒绝，无法连接。')))
2026-08-17 13:27:18 | DEBUG    | urllib3.connectionpool:475 | https://query1.finance.yahoo.com:443 "GET /v1/finance/search?q=INTEL&quotesCount=0&newsCount=50&enableFuzzyQuery=false HTTP/1.1" 403 3369
2026-08-17 13:27:18 | DEBUG    | urllib3.connectionpool:291 | Resetting dropped connection: query2.finance.yahoo.com
2026-08-17 13:27:23 | DEBUG    | urllib3.connectionpool:475 | https://query2.finance.yahoo.com:443 "GET /v1/finance/search?q=INTEL&quotesCount=0&newsCount=50&enableFuzzyQuery=false HTTP/1.1" 403 3369
2026-08-17 13:27:23 | DEBUG    | urllib3.connectionpool:291 | Resetting dropped connection: query1.finance.yahoo.com
2026-08-17 13:27:25 | DEBUG    | urllib3.connectionpool:475 | https://query1.finance.yahoo.com:443 "GET /v1/finance/search?q=INTC&quotesCount=0&newsCount=50&enableFuzzyQuery=false HTTP/1.1" 403 3369
2026-08-17 13:27:25 | DEBUG    | urllib3.connectionpool:291 | Resetting dropped connection: query2.finance.yahoo.com
2026-08-17 13:27:27 | DEBUG    | urllib3.connectionpool:475 | https://query2.finance.yahoo.com:443 "GET /v1/finance/search?q=INTC&quotesCount=0&newsCount=50&enableFuzzyQuery=false HTTP/1.1" 403 3369
2026-08-17 13:27:30 | DEBUG    | urllib3.connectionpool:1022 | Starting new HTTPS connection (2): finance.yahoo.com:443
2026-08-17 13:27:31 | DEBUG    | urllib3.connectionpool:475 | https://finance.yahoo.com:443 "POST /xhr/ncp?queryRef=latestNews&serviceKey=ncp_fin HTTP/1.1" 403 3369
2026-08-17 13:27:31 | DEBUG    | urllib3.connectionpool:1022 | Starting new HTTPS connection (1): feeds.finance.yahoo.com:443
2026-08-17 13:27:34 | DEBUG    | urllib3.connectionpool:475 | https://feeds.finance.yahoo.com:443 "GET /rss/2.0/headline?s=NVIDIA&region=US&lang=en-US HTTP/1.1" 200 394
2026-08-17 13:27:34 | DEBUG    | urllib3.connectionpool:475 | https://feeds.finance.yahoo.com:443 "GET /rss/2.0/headline?s=NVDA&region=US&lang=en-US HTTP/1.1" 200 3657
2026-08-17 13:27:35 | DEBUG    | urllib3.connectionpool:475 | https://feeds.finance.yahoo.com:443 "GET /rss/2.0/headline?s=MICRON&region=US&lang=en-US HTTP/1.1" 200 394
2026-08-17 13:27:36 | DEBUG    | urllib3.connectionpool:475 | https://feeds.finance.yahoo.com:443 "GET /rss/2.0/headline?s=MU&region=US&lang=en-US HTTP/1.1" 200 2999
2026-08-17 13:27:36 | DEBUG    | backpack_quant_trading.core.stock_news_feeds:795 | [雅虎财经] 直连 Search 获取 26 条
2026-08-17 13:27:36 | INFO     | stock_news_alert:555 | 轮询完成 @ 2026-08-17 05:26:28 | 拉取 215 条 (金十数据=19, 同花顺=20, 东方财富=80, 新浪财经=30, 富途牛牛=40, 雅虎财经=26) | 已推送过 0 | 非最新 0 | 未命中关键词 203 | 非重要快讯 12 | 内容相似去重 0 | 新命中 0 | 待推送 0 | 雅虎搜索词: NVIDIA, NVDA, MICRON, MU, SanDisk, SNDK, INTEL, INTC
2026-08-17 13:28:04 | WARNING  | backpack_quant_trading.core.binance_monitor:143 | 币安行情 curl 兜底失败: Command '['curl', '-fsSL', '--max-time', '15', '-A', 'Mozilla/5.0', '-x', 'http://127.0.0.1:7891', 'https://fapi.binance.com/fapi/v1/klines?symbol=BTCUSDT&interval=1m&limit=2']' returned non-zero exit status 7.
2026-08-17 13:28:04 | DEBUG    | asyncio:631 | Using proactor: IocpProactor
2026-08-17 13:28:06 | DEBUG    | urllib3.connectionpool:1022 | Starting new HTTPS connection (1): flash-api.jin10.com:443
2026-08-17 13:28:06 | DEBUG    | urllib3.connectionpool:475 | https://flash-api.jin10.com:443 "GET /get_flash_list?channel=-8200&vip=1 HTTP/1.1" 200 None
2026-08-17 13:28:06 | DEBUG    | urllib3.connectionpool:1022 | Starting new HTTPS connection (1): news.10jqka.com.cn:443
2026-08-17 13:28:06 | WARNING  | backpack_quant_trading.core.binance_monitor:147 | 币安行情 aiohttp 兜底失败: Cannot connect to host 127.0.0.1:7891 ssl:False [远程计算机拒绝网络连接。]
2026-08-17 13:28:06 | DEBUG    | urllib3.connectionpool:1022 | Starting new HTTPS connection (1): fapi.binance.com:443
2026-08-17 13:28:07 | DEBUG    | urllib3.connectionpool:475 | https://news.10jqka.com.cn:443 "GET /tapp/news/push/stock?page=1&tag=&track=website HTTP/1.1" 200 None
2026-08-17 13:28:07 | DEBUG    | urllib3.connectionpool:1022 | Starting new HTTPS connection (1): np-weblist.eastmoney.com:443
2026-08-17 13:28:08 | DEBUG    | urllib3.connectionpool:475 | https://np-weblist.eastmoney.com:443 "GET /comm/web/getFastNewsList?client=web&biz=web_724&fastColumn=102&sortEnd=&pageSize=80&req_trace=1710315450384 HTTP/1.1" 200 None
2026-08-17 13:28:08 | DEBUG    | urllib3.connectionpool:1022 | Starting new HTTPS connection (1): zhibo.sina.com.cn:443
2026-08-17 13:28:08 | ERROR    | backpack_quant_trading.core.binance_monitor:344 | 获取币安K线失败 futures BTCUSDT 1m: HTTPSConnectionPool(host='fapi.binance.com', port=443): Max retries exceeded with url: /fapi/v1/klines?symbol=BTCUSDT&interval=1m&limit=2 (Caused by ProxyError('Cannot connect to proxy.', NewConnectionError('<urllib3.connection.HTTPSConnection object at 0x000001435A4D6D50>: Failed to establish a new connection: [WinError 10061] 由于目标计算机积极拒绝，无法连接。')))
2026-08-17 13:28:09 | DEBUG    | urllib3.connectionpool:475 | https://zhibo.sina.com.cn:443 "GET /api/zhibo/feed?page=1&page_size=30&zhibo_id=152&tag_id=0&dire=f&dpc=1&pagesize=30&type=1 HTTP/1.1" 200 None
2026-08-17 13:28:09 | DEBUG    | urllib3.connectionpool:1022 | Starting new HTTPS connection (1): news.futunn.com:443
2026-08-17 13:28:10 | DEBUG    | urllib3.connectionpool:475 | https://news.futunn.com:443 "GET /news-site-api/main/get-flash-list?pageSize=40 HTTP/1.1" 200 59483
2026-08-17 13:28:10 | DEBUG    | urllib3.connectionpool:1022 | Starting new HTTPS connection (1): finance.yahoo.com:443
2026-08-17 13:28:11 | DEBUG    | urllib3.connectionpool:475 | https://finance.yahoo.com:443 "GET / HTTP/1.1" 403 3369
2026-08-17 13:28:11 | DEBUG    | urllib3.connectionpool:1022 | Starting new HTTPS connection (1): query1.finance.yahoo.com:443
2026-08-17 13:28:13 | WARNING  | backpack_quant_trading.core.binance_monitor:143 | 币安行情 curl 兜底失败: Command '['curl', '-fsSL', '--max-time', '10', '-A', 'Mozilla/5.0', '-x', 'http://127.0.0.1:7891', 'https://fapi.binance.com/fapi/v1/depth?symbol=BTCUSDT&limit=50']' returned non-zero exit status 7.
2026-08-17 13:28:13 | DEBUG    | asyncio:631 | Using proactor: IocpProactor
2026-08-17 13:28:13 | DEBUG    | urllib3.connectionpool:475 | https://query1.finance.yahoo.com:443 "GET /v1/finance/search?q=NVIDIA&quotesCount=0&newsCount=50&enableFuzzyQuery=false HTTP/1.1" 403 3369
2026-08-17 13:28:13 | DEBUG    | urllib3.connectionpool:1022 | Starting new HTTPS connection (1): query2.finance.yahoo.com:443
2026-08-17 13:28:15 | WARNING  | backpack_quant_trading.core.binance_monitor:147 | 币安行情 aiohttp 兜底失败: Cannot connect to host 127.0.0.1:7891 ssl:False [远程计算机拒绝网络连接。]
2026-08-17 13:28:15 | DEBUG    | urllib3.connectionpool:1022 | Starting new HTTPS connection (1): fapi.binance.com:443
2026-08-17 13:28:17 | ERROR    | backpack_quant_trading.core.binance_monitor:364 | 获取币安深度失败 futures BTCUSDT: HTTPSConnectionPool(host='fapi.binance.com', port=443): Max retries exceeded with url: /fapi/v1/depth?symbol=BTCUSDT&limit=50 (Caused by ProxyError('Cannot connect to proxy.', NewConnectionError('<urllib3.connection.HTTPSConnection object at 0x000001435A4D7250>: Failed to establish a new connection: [WinError 10061] 由于目标计算机积极拒绝，无法连接。')))
2026-08-17 13:28:17 | DEBUG    | urllib3.connectionpool:475 | https://query2.finance.yahoo.com:443 "GET /v1/finance/search?q=NVIDIA&quotesCount=0&newsCount=50&enableFuzzyQuery=false HTTP/1.1" 403 3369
2026-08-17 13:28:17 | DEBUG    | urllib3.connectionpool:291 | Resetting dropped connection: query1.finance.yahoo.com
2026-08-17 13:28:18 | DEBUG    | urllib3.connectionpool:475 | https://query1.finance.yahoo.com:443 "GET /v1/finance/search?q=NVDA&quotesCount=0&newsCount=50&enableFuzzyQuery=false HTTP/1.1" 403 3369
2026-08-17 13:28:18 | DEBUG    | urllib3.connectionpool:291 | Resetting dropped connection: query2.finance.yahoo.com
2026-08-17 13:28:20 | DEBUG    | urllib3.connectionpool:475 | https://query2.finance.yahoo.com:443 "GET /v1/finance/search?q=NVDA&quotesCount=0&newsCount=50&enableFuzzyQuery=false HTTP/1.1" 403 3369
2026-08-17 13:28:21 | DEBUG    | urllib3.connectionpool:291 | Resetting dropped connection: query1.finance.yahoo.com
2026-08-17 13:28:25 | DEBUG    | urllib3.connectionpool:475 | https://query1.finance.yahoo.com:443 "GET /v1/finance/search?q=MICRON&quotesCount=0&newsCount=50&enableFuzzyQuery=false HTTP/1.1" 403 3369
2026-08-17 13:28:25 | DEBUG    | urllib3.connectionpool:291 | Resetting dropped connection: query2.finance.yahoo.com
2026-08-17 13:28:29 | DEBUG    | urllib3.connectionpool:475 | https://query2.finance.yahoo.com:443 "GET /v1/finance/search?q=MICRON&quotesCount=0&newsCount=50&enableFuzzyQuery=false HTTP/1.1" 403 3369
2026-08-17 13:28:30 | DEBUG    | urllib3.connectionpool:291 | Resetting dropped connection: query1.finance.yahoo.com
2026-08-17 13:28:32 | DEBUG    | urllib3.connectionpool:475 | https://query1.finance.yahoo.com:443 "GET /v1/finance/search?q=MU&quotesCount=0&newsCount=50&enableFuzzyQuery=false HTTP/1.1" 403 3369
2026-08-17 13:28:32 | DEBUG    | urllib3.connectionpool:291 | Resetting dropped connection: query2.finance.yahoo.com
2026-08-17 13:28:37 | DEBUG    | urllib3.connectionpool:475 | https://query2.finance.yahoo.com:443 "GET /v1/finance/search?q=MU&quotesCount=0&newsCount=50&enableFuzzyQuery=false HTTP/1.1" 403 3369
2026-08-17 13:28:37 | DEBUG    | urllib3.connectionpool:291 | Resetting dropped connection: query1.finance.yahoo.com
2026-08-17 13:28:40 | DEBUG    | urllib3.connectionpool:475 | https://query1.finance.yahoo.com:443 "GET /v1/finance/search?q=SanDisk&quotesCount=0&newsCount=50&enableFuzzyQuery=false HTTP/1.1" 403 3369
2026-08-17 13:28:40 | DEBUG    | urllib3.connectionpool:291 | Resetting dropped connection: query2.finance.yahoo.com
2026-08-17 13:28:42 | DEBUG    | urllib3.connectionpool:475 | https://query2.finance.yahoo.com:443 "GET /v1/finance/search?q=SanDisk&quotesCount=0&newsCount=50&enableFuzzyQuery=false HTTP/1.1" 403 3369
2026-08-17 13:28:42 | DEBUG    | urllib3.connectionpool:291 | Resetting dropped connection: query1.finance.yahoo.com
2026-08-17 13:28:44 | DEBUG    | urllib3.connectionpool:475 | https://query1.finance.yahoo.com:443 "GET /v1/finance/search?q=SNDK&quotesCount=0&newsCount=50&enableFuzzyQuery=false HTTP/1.1" 403 3369
2026-08-17 13:28:44 | DEBUG    | urllib3.connectionpool:291 | Resetting dropped connection: query2.finance.yahoo.com
2026-08-17 13:28:46 | DEBUG    | urllib3.connectionpool:475 | https://query2.finance.yahoo.com:443 "GET /v1/finance/search?q=SNDK&quotesCount=0&newsCount=50&enableFuzzyQuery=false HTTP/1.1" 403 3369
2026-08-17 13:28:46 | DEBUG    | urllib3.connectionpool:291 | Resetting dropped connection: query1.finance.yahoo.com
2026-08-17 13:28:48 | DEBUG    | urllib3.connectionpool:475 | https://query1.finance.yahoo.com:443 "GET /v1/finance/search?q=INTEL&quotesCount=0&newsCount=50&enableFuzzyQuery=false HTTP/1.1" 403 3369
2026-08-17 13:28:48 | DEBUG    | urllib3.connectionpool:291 | Resetting dropped connection: query2.finance.yahoo.com
2026-08-17 13:28:50 | DEBUG    | urllib3.connectionpool:475 | https://query2.finance.yahoo.com:443 "GET /v1/finance/search?q=INTEL&quotesCount=0&newsCount=50&enableFuzzyQuery=false HTTP/1.1" 403 3369
2026-08-17 13:28:50 | DEBUG    | urllib3.connectionpool:291 | Resetting dropped connection: query1.finance.yahoo.com
2026-08-17 13:28:52 | DEBUG    | urllib3.connectionpool:475 | https://query1.finance.yahoo.com:443 "GET /v1/finance/search?q=INTC&quotesCount=0&newsCount=50&enableFuzzyQuery=false HTTP/1.1" 403 3369
2026-08-17 13:28:55 | DEBUG    | urllib3.connectionpool:291 | Resetting dropped connection: query2.finance.yahoo.com
2026-08-17 13:28:56 | DEBUG    | urllib3.connectionpool:475 | https://query2.finance.yahoo.com:443 "GET /v1/finance/search?q=INTC&quotesCount=0&newsCount=50&enableFuzzyQuery=false HTTP/1.1" 403 3369
2026-08-17 13:28:56 | DEBUG    | urllib3.connectionpool:291 | Resetting dropped connection: finance.yahoo.com
2026-08-17 13:28:58 | DEBUG    | urllib3.connectionpool:475 | https://finance.yahoo.com:443 "POST /xhr/ncp?queryRef=latestNews&serviceKey=ncp_fin HTTP/1.1" 403 3369
2026-08-17 13:28:58 | DEBUG    | urllib3.connectionpool:1022 | Starting new HTTPS connection (1): feeds.finance.yahoo.com:443
2026-08-17 13:29:01 | DEBUG    | urllib3.connectionpool:475 | https://feeds.finance.yahoo.com:443 "GET /rss/2.0/headline?s=NVIDIA&region=US&lang=en-US HTTP/1.1" 200 394
2026-08-17 13:29:02 | DEBUG    | urllib3.connectionpool:475 | https://feeds.finance.yahoo.com:443 "GET /rss/2.0/headline?s=NVDA&region=US&lang=en-US HTTP/1.1" 200 4689
2026-08-17 13:29:02 | DEBUG    | urllib3.connectionpool:475 | https://feeds.finance.yahoo.com:443 "GET /rss/2.0/headline?s=MICRON&region=US&lang=en-US HTTP/1.1" 200 394
2026-08-17 13:29:04 | WARNING  | backpack_quant_trading.core.binance_monitor:143 | 币安行情 curl 兜底失败: Command '['curl', '-fsSL', '--max-time', '15', '-A', 'Mozilla/5.0', '-x', 'http://127.0.0.1:7891', 'https://fapi.binance.com/fapi/v1/klines?symbol=BTCUSDT&interval=1m&limit=2']' returned non-zero exit status 7.
2026-08-17 13:29:04 | DEBUG    | asyncio:631 | Using proactor: IocpProactor
2026-08-17 13:29:05 | DEBUG    | urllib3.connectionpool:475 | https://feeds.finance.yahoo.com:443 "GET /rss/2.0/headline?s=MU&region=US&lang=en-US HTTP/1.1" 200 5077
2026-08-17 13:29:05 | DEBUG    | backpack_quant_trading.core.stock_news_feeds:795 | [雅虎财经] 直连 Search 获取 40 条
2026-08-17 13:29:05 | INFO     | stock_news_alert:555 | 轮询完成 @ 2026-08-17 05:28:06 | 拉取 228 条 (金十数据=18, 同花顺=20, 东方财富=80, 新浪财经=30, 富途牛牛=40, 雅虎财经=40) | 已推送过 0 | 非最新 0 | 未命中关键词 210 | 非重要快讯 18 | 内容相似去重 0 | 新命中 0 | 待推送 0 | 雅虎搜索词: NVIDIA, NVDA, MICRON, MU, SanDisk, SNDK, INTEL, INTC
2026-08-17 13:29:06 | WARNING  | backpack_quant_trading.core.binance_monitor:147 | 币安行情 aiohttp 兜底失败: Cannot connect to host 127.0.0.1:7891 ssl:False [远程计算机拒绝网络连接。]
2026-08-17 13:29:06 | DEBUG    | urllib3.connectionpool:1022 | Starting new HTTPS connection (1): fapi.binance.com:443
2026-08-17 13:29:08 | ERROR    | backpack_quant_trading.core.binance_monitor:344 | 获取币安K线失败 futures BTCUSDT 1m: HTTPSConnectionPool(host='fapi.binance.com', port=443): Max retries exceeded with url: /fapi/v1/klines?symbol=BTCUSDT&interval=1m&limit=2 (Caused by ProxyError('Cannot connect to proxy.', NewConnectionError('<urllib3.connection.HTTPSConnection object at 0x000001435885A850>: Failed to establish a new connection: [WinError 10061] 由于目标计算机积极拒绝，无法连接。')))
2026-08-17 13:29:13 | WARNING  | backpack_quant_trading.core.binance_monitor:143 | 币安行情 curl 兜底失败: Command '['curl', '-fsSL', '--max-time', '10', '-A', 'Mozilla/5.0', '-x', 'http://127.0.0.1:7891', 'https://fapi.binance.com/fapi/v1/depth?symbol=BTCUSDT&limit=50']' returned non-zero exit status 7.
2026-08-17 13:29:13 | DEBUG    | asyncio:631 | Using proactor: IocpProactor
2026-08-17 13:29:15 | WARNING  | backpack_quant_trading.core.binance_monitor:147 | 币安行情 aiohttp 兜底失败: Cannot connect to host 127.0.0.1:7891 ssl:False [远程计算机拒绝网络连接。]
2026-08-17 13:29:15 | DEBUG    | urllib3.connectionpool:1022 | Starting new HTTPS connection (1): fapi.binance.com:443
2026-08-17 13:29:17 | ERROR    | backpack_quant_trading.core.binance_monitor:364 | 获取币安深度失败 futures BTCUSDT: HTTPSConnectionPool(host='fapi.binance.com', port=443): Max retries exceeded with url: /fapi/v1/depth?symbol=BTCUSDT&limit=50 (Caused by ProxyError('Cannot connect to proxy.', NewConnectionError('<urllib3.connection.HTTPSConnection object at 0x000001435A700190>: Failed to establish a new connection: [WinError 10061] 由于目标计算机积极拒绝，无法连接。')))
2026-08-17 13:29:35 | DEBUG    | urllib3.connectionpool:1022 | Starting new HTTPS connection (1): flash-api.jin10.com:443
2026-08-17 13:29:36 | DEBUG    | urllib3.connectionpool:475 | https://flash-api.jin10.com:443 "GET /get_flash_list?channel=-8200&vip=1 HTTP/1.1" 200 None
2026-08-17 13:29:36 | DEBUG    | urllib3.connectionpool:1022 | Starting new HTTPS connection (1): news.10jqka.com.cn:443
2026-08-17 13:29:37 | DEBUG    | urllib3.connectionpool:475 | https://news.10jqka.com.cn:443 "GET /tapp/news/push/stock?page=1&tag=&track=website HTTP/1.1" 200 None
2026-08-17 13:29:37 | DEBUG    | urllib3.connectionpool:1022 | Starting new HTTPS connection (1): np-weblist.eastmoney.com:443
2026-08-17 13:29:39 | DEBUG    | urllib3.connectionpool:475 | https://np-weblist.eastmoney.com:443 "GET /comm/web/getFastNewsList?client=web&biz=web_724&fastColumn=102&sortEnd=&pageSize=80&req_trace=1710315450384 HTTP/1.1" 200 None
2026-08-17 13:29:39 | DEBUG    | urllib3.connectionpool:1022 | Starting new HTTPS connection (1): zhibo.sina.com.cn:443
2026-08-17 13:29:40 | DEBUG    | urllib3.connectionpool:475 | https://zhibo.sina.com.cn:443 "GET /api/zhibo/feed?page=1&page_size=30&zhibo_id=152&tag_id=0&dire=f&dpc=1&pagesize=30&type=1 HTTP/1.1" 200 None
2026-08-17 13:29:40 | DEBUG    | urllib3.connectionpool:1022 | Starting new HTTPS connection (1): news.futunn.com:443
2026-08-17 13:29:40 | DEBUG    | urllib3.connectionpool:475 | https://news.futunn.com:443 "GET /news-site-api/main/get-flash-list?pageSize=40 HTTP/1.1" 200 61369
2026-08-17 13:29:40 | DEBUG    | urllib3.connectionpool:1022 | Starting new HTTPS connection (1): finance.yahoo.com:443
2026-08-17 13:29:42 | DEBUG    | urllib3.connectionpool:475 | https://finance.yahoo.com:443 "GET / HTTP/1.1" 403 3369
2026-08-17 13:29:43 | DEBUG    | urllib3.connectionpool:1022 | Starting new HTTPS connection (1): query1.finance.yahoo.com:443
2026-08-17 13:29:45 | DEBUG    | urllib3.connectionpool:475 | https://query1.finance.yahoo.com:443 "GET /v1/finance/search?q=NVIDIA&quotesCount=0&newsCount=50&enableFuzzyQuery=false HTTP/1.1" 403 3369
2026-08-17 13:29:45 | DEBUG    | urllib3.connectionpool:1022 | Starting new HTTPS connection (1): query2.finance.yahoo.com:443
2026-08-17 13:29:46 | DEBUG    | urllib3.connectionpool:475 | https://query2.finance.yahoo.com:443 "GET /v1/finance/search?q=NVIDIA&quotesCount=0&newsCount=50&enableFuzzyQuery=false HTTP/1.1" 403 3369
2026-08-17 13:29:48 | DEBUG    | urllib3.connectionpool:291 | Resetting dropped connection: query1.finance.yahoo.com
2026-08-17 13:29:50 | DEBUG    | urllib3.connectionpool:475 | https://query1.finance.yahoo.com:443 "GET /v1/finance/search?q=NVDA&quotesCount=0&newsCount=50&enableFuzzyQuery=false HTTP/1.1" 403 3369
2026-08-17 13:29:53 | DEBUG    | urllib3.connectionpool:291 | Resetting dropped connection: query2.finance.yahoo.com
2026-08-17 13:29:55 | DEBUG    | urllib3.connectionpool:475 | https://query2.finance.yahoo.com:443 "GET /v1/finance/search?q=NVDA&quotesCount=0&newsCount=50&enableFuzzyQuery=false HTTP/1.1" 403 3369
2026-08-17 13:29:55 | DEBUG    | urllib3.connectionpool:291 | Resetting dropped connection: query1.finance.yahoo.com
2026-08-17 13:29:57 | DEBUG    | urllib3.connectionpool:475 | https://query1.finance.yahoo.com:443 "GET /v1/finance/search?q=MICRON&quotesCount=0&newsCount=50&enableFuzzyQuery=false HTTP/1.1" 403 3369
2026-08-17 13:29:57 | DEBUG    | urllib3.connectionpool:291 | Resetting dropped connection: query2.finance.yahoo.com
2026-08-17 13:30:00 | DEBUG    | urllib3.connectionpool:475 | https://query2.finance.yahoo.com:443 "GET /v1/finance/search?q=MICRON&quotesCount=0&newsCount=50&enableFuzzyQuery=false HTTP/1.1" 403 3369
2026-08-17 13:30:00 | DEBUG    | urllib3.connectionpool:291 | Resetting dropped connection: query1.finance.yahoo.com
2026-08-17 13:30:02 | DEBUG    | urllib3.connectionpool:475 | https://query1.finance.yahoo.com:443 "GET /v1/finance/search?q=MU&quotesCount=0&newsCount=50&enableFuzzyQuery=false HTTP/1.1" 403 3369
2026-08-17 13:30:02 | DEBUG    | urllib3.connectionpool:291 | Resetting dropped connection: query2.finance.yahoo.com
2026-08-17 13:30:04 | DEBUG    | urllib3.connectionpool:475 | https://query2.finance.yahoo.com:443 "GET /v1/finance/search?q=MU&quotesCount=0&newsCount=50&enableFuzzyQuery=false HTTP/1.1" 403 3369
2026-08-17 13:30:04 | WARNING  | backpack_quant_trading.core.binance_monitor:143 | 币安行情 curl 兜底失败: Command '['curl', '-fsSL', '--max-time', '15', '-A', 'Mozilla/5.0', '-x', 'http://127.0.0.1:7891', 'https://fapi.binance.com/fapi/v1/klines?symbol=BTCUSDT&interval=1m&limit=2']' returned non-zero exit status 7.
2026-08-17 13:30:04 | DEBUG    | asyncio:631 | Using proactor: IocpProactor
2026-08-17 13:30:04 | DEBUG    | urllib3.connectionpool:291 | Resetting dropped connection: query1.finance.yahoo.com
2026-08-17 13:30:06 | WARNING  | backpack_quant_trading.core.binance_monitor:147 | 币安行情 aiohttp 兜底失败: Cannot connect to host 127.0.0.1:7891 ssl:False [远程计算机拒绝网络连接。]
2026-08-17 13:30:06 | DEBUG    | urllib3.connectionpool:1022 | Starting new HTTPS connection (1): fapi.binance.com:443
2026-08-17 13:30:07 | DEBUG    | urllib3.connectionpool:475 | https://query1.finance.yahoo.com:443 "GET /v1/finance/search?q=SanDisk&quotesCount=0&newsCount=50&enableFuzzyQuery=false HTTP/1.1" 403 3369
2026-08-17 13:30:08 | ERROR    | backpack_quant_trading.core.binance_monitor:344 | 获取币安K线失败 futures BTCUSDT 1m: HTTPSConnectionPool(host='fapi.binance.com', port=443): Max retries exceeded with url: /fapi/v1/klines?symbol=BTCUSDT&interval=1m&limit=2 (Caused by ProxyError('Cannot connect to proxy.', NewConnectionError('<urllib3.connection.HTTPSConnection object at 0x000001435A4D5E50>: Failed to establish a new connection: [WinError 10061] 由于目标计算机积极拒绝，无法连接。')))
2026-08-17 13:30:09 | DEBUG    | urllib3.connectionpool:291 | Resetting dropped connection: query2.finance.yahoo.com
2026-08-17 13:30:10 | DEBUG    | urllib3.connectionpool:475 | https://query2.finance.yahoo.com:443 "GET /v1/finance/search?q=SanDisk&quotesCount=0&newsCount=50&enableFuzzyQuery=false HTTP/1.1" 403 3369
2026-08-17 13:30:11 | DEBUG    | urllib3.connectionpool:291 | Resetting dropped connection: query1.finance.yahoo.com
2026-08-17 13:30:12 | WARNING  | backpack_quant_trading.core.binance_monitor:143 | 币安行情 curl 兜底失败: Command '['curl', '-fsSL', '--max-time', '10', '-A', 'Mozilla/5.0', '-x', 'http://127.0.0.1:7891', 'https://fapi.binance.com/fapi/v1/depth?symbol=BTCUSDT&limit=50']' returned non-zero exit status 7.
2026-08-17 13:30:12 | DEBUG    | asyncio:631 | Using proactor: IocpProactor
2026-08-17 13:30:13 | DEBUG    | urllib3.connectionpool:475 | https://query1.finance.yahoo.com:443 "GET /v1/finance/search?q=SNDK&quotesCount=0&newsCount=50&enableFuzzyQuery=false HTTP/1.1" 403 3369
2026-08-17 13:30:13 | DEBUG    | urllib3.connectionpool:291 | Resetting dropped connection: query2.finance.yahoo.com
2026-08-17 13:30:14 | WARNING  | backpack_quant_trading.core.binance_monitor:147 | 币安行情 aiohttp 兜底失败: Cannot connect to host 127.0.0.1:7891 ssl:False [远程计算机拒绝网络连接。]
2026-08-17 13:30:14 | DEBUG    | urllib3.connectionpool:1022 | Starting new HTTPS connection (1): fapi.binance.com:443
2026-08-17 13:30:16 | ERROR    | backpack_quant_trading.core.binance_monitor:364 | 获取币安深度失败 futures BTCUSDT: HTTPSConnectionPool(host='fapi.binance.com', port=443): Max retries exceeded with url: /fapi/v1/depth?symbol=BTCUSDT&limit=50 (Caused by ProxyError('Cannot connect to proxy.', NewConnectionError('<urllib3.connection.HTTPSConnection object at 0x000001435A4D7C50>: Failed to establish a new connection: [WinError 10061] 由于目标计算机积极拒绝，无法连接。')))
2026-08-17 13:30:22 | DEBUG    | urllib3.connectionpool:291 | Resetting dropped connection: query1.finance.yahoo.com
2026-08-17 13:30:24 | DEBUG    | urllib3.connectionpool:475 | https://query1.finance.yahoo.com:443 "GET /v1/finance/search?q=INTEL&quotesCount=0&newsCount=50&enableFuzzyQuery=false HTTP/1.1" 403 3369
2026-08-17 13:30:26 | DEBUG    | urllib3.connectionpool:1022 | Starting new HTTPS connection (2): query2.finance.yahoo.com:443
2026-08-17 13:30:31 | DEBUG    | urllib3.connectionpool:475 | https://query2.finance.yahoo.com:443 "GET /v1/finance/search?q=INTEL&quotesCount=0&newsCount=50&enableFuzzyQuery=false HTTP/1.1" 403 3369
2026-08-17 13:30:31 | DEBUG    | urllib3.connectionpool:291 | Resetting dropped connection: query1.finance.yahoo.com
2026-08-17 13:30:32 | DEBUG    | urllib3.connectionpool:475 | https://query1.finance.yahoo.com:443 "GET /v1/finance/search?q=INTC&quotesCount=0&newsCount=50&enableFuzzyQuery=false HTTP/1.1" 403 3369
2026-08-17 13:30:32 | DEBUG    | urllib3.connectionpool:291 | Resetting dropped connection: query2.finance.yahoo.com
2026-08-17 13:30:37 | DEBUG    | urllib3.connectionpool:475 | https://query2.finance.yahoo.com:443 "GET /v1/finance/search?q=INTC&quotesCount=0&newsCount=50&enableFuzzyQuery=false HTTP/1.1" 403 3369
2026-08-17 13:30:49 | DEBUG    | urllib3.connectionpool:291 | Resetting dropped connection: finance.yahoo.com
2026-08-17 13:30:51 | DEBUG    | urllib3.connectionpool:475 | https://finance.yahoo.com:443 "POST /xhr/ncp?queryRef=latestNews&serviceKey=ncp_fin HTTP/1.1" 403 3369
2026-08-17 13:30:51 | DEBUG    | urllib3.connectionpool:1022 | Starting new HTTPS connection (1): feeds.finance.yahoo.com:443
2026-08-17 13:30:54 | DEBUG    | urllib3.connectionpool:475 | https://feeds.finance.yahoo.com:443 "GET /rss/2.0/headline?s=NVIDIA&region=US&lang=en-US HTTP/1.1" 200 394
2026-08-17 13:30:54 | DEBUG    | urllib3.connectionpool:475 | https://feeds.finance.yahoo.com:443 "GET /rss/2.0/headline?s=NVDA&region=US&lang=en-US HTTP/1.1" 200 3657
2026-08-17 13:30:55 | DEBUG    | urllib3.connectionpool:475 | https://feeds.finance.yahoo.com:443 "GET /rss/2.0/headline?s=MICRON&region=US&lang=en-US HTTP/1.1" 200 394
2026-08-17 13:30:58 | DEBUG    | urllib3.connectionpool:475 | https://feeds.finance.yahoo.com:443 "GET /rss/2.0/headline?s=MU&region=US&lang=en-US HTTP/1.1" 200 5077
2026-08-17 13:30:58 | DEBUG    | backpack_quant_trading.core.stock_news_feeds:795 | [雅虎财经] 直连 Search 获取 35 条
2026-08-17 13:30:58 | INFO     | stock_news_alert:555 | 轮询完成 @ 2026-08-17 05:29:35 | 拉取 223 条 (金十数据=18, 同花顺=20, 东方财富=80, 新浪财经=30, 富途牛牛=40, 雅虎财经=35) | 已推送过 0 | 非最新 0 | 未命中关键词 206 | 非重要快讯 17 | 内容相似去重 0 | 新命中 0 | 待推送 0 | 雅虎搜索词: NVIDIA, NVDA, MICRON, MU, SanDisk, SNDK, INTEL, INTC
2026-08-17 13:31:04 | WARNING  | backpack_quant_trading.core.binance_monitor:143 | 币安行情 curl 兜底失败: Command '['curl', '-fsSL', '--max-time', '15', '-A', 'Mozilla/5.0', '-x', 'http://127.0.0.1:7891', 'https://fapi.binance.com/fapi/v1/klines?symbol=BTCUSDT&interval=1m&limit=2']' returned non-zero exit status 7.
2026-08-17 13:31:04 | DEBUG    | asyncio:631 | Using proactor: IocpProactor
2026-08-17 13:31:06 | WARNING  | backpack_quant_trading.core.binance_monitor:147 | 币安行情 aiohttp 兜底失败: Cannot connect to host 127.0.0.1:7891 ssl:False [远程计算机拒绝网络连接。]
2026-08-17 13:31:06 | DEBUG    | urllib3.connectionpool:1022 | Starting new HTTPS connection (1): fapi.binance.com:443
2026-08-17 13:31:08 | ERROR    | backpack_quant_trading.core.binance_monitor:344 | 获取币安K线失败 futures BTCUSDT 1m: HTTPSConnectionPool(host='fapi.binance.com', port=443): Max retries exceeded with url: /fapi/v1/klines?symbol=BTCUSDT&interval=1m&limit=2 (Caused by ProxyError('Cannot connect to proxy.', NewConnectionError('<urllib3.connection.HTTPSConnection object at 0x000001435A4D74D0>: Failed to establish a new connection: [WinError 10061] 由于目标计算机积极拒绝，无法连接。')))
2026-08-17 13:31:13 | WARNING  | backpack_quant_trading.core.binance_monitor:143 | 币安行情 curl 兜底失败: Command '['curl', '-fsSL', '--max-time', '10', '-A', 'Mozilla/5.0', '-x', 'http://127.0.0.1:7891', 'https://fapi.binance.com/fapi/v1/depth?symbol=BTCUSDT&limit=50']' returned non-zero exit status 7.
2026-08-17 13:31:13 | DEBUG    | asyncio:631 | Using proactor: IocpProactor
2026-08-17 13:31:15 | WARNING  | backpack_quant_trading.core.binance_monitor:147 | 币安行情 aiohttp 兜底失败: Cannot connect to host 127.0.0.1:7891 ssl:False [远程计算机拒绝网络连接。]
2026-08-17 13:31:15 | DEBUG    | urllib3.connectionpool:1022 | Starting new HTTPS connection (1): fapi.binance.com:443
2026-08-17 13:31:17 | ERROR    | backpack_quant_trading.core.binance_monitor:364 | 获取币安深度失败 futures BTCUSDT: HTTPSConnectionPool(host='fapi.binance.com', port=443): Max retries exceeded with url: /fapi/v1/depth?symbol=BTCUSDT&limit=50 (Caused by ProxyError('Cannot connect to proxy.', NewConnectionError('<urllib3.connection.HTTPSConnection object at 0x000001435A4D5D10>: Failed to establish a new connection: [WinError 10061] 由于目标计算机积极拒绝，无法连接。')))
2026-08-17 13:31:28 | DEBUG    | urllib3.connectionpool:1022 | Starting new HTTPS connection (1): flash-api.jin10.com:443
2026-08-17 13:31:29 | DEBUG    | urllib3.connectionpool:475 | https://flash-api.jin10.com:443 "GET /get_flash_list?channel=-8200&vip=1 HTTP/1.1" 200 None
2026-08-17 13:31:29 | DEBUG    | urllib3.connectionpool:1022 | Starting new HTTPS connection (1): news.10jqka.com.cn:443
2026-08-17 13:31:30 | DEBUG    | urllib3.connectionpool:475 | https://news.10jqka.com.cn:443 "GET /tapp/news/push/stock?page=1&tag=&track=website HTTP/1.1" 200 None
2026-08-17 13:31:30 | DEBUG    | urllib3.connectionpool:1022 | Starting new HTTPS connection (1): np-weblist.eastmoney.com:443
2026-08-17 13:31:31 | DEBUG    | urllib3.connectionpool:475 | https://np-weblist.eastmoney.com:443 "GET /comm/web/getFastNewsList?client=web&biz=web_724&fastColumn=102&sortEnd=&pageSize=80&req_trace=1710315450384 HTTP/1.1" 200 None
2026-08-17 13:31:32 | DEBUG    | urllib3.connectionpool:1022 | Starting new HTTPS connection (1): zhibo.sina.com.cn:443
2026-08-17 13:31:32 | DEBUG    | urllib3.connectionpool:475 | https://zhibo.sina.com.cn:443 "GET /api/zhibo/feed?page=1&page_size=30&zhibo_id=152&tag_id=0&dire=f&dpc=1&pagesize=30&type=1 HTTP/1.1" 200 None
2026-08-17 13:31:32 | DEBUG    | urllib3.connectionpool:1022 | Starting new HTTPS connection (1): news.futunn.com:443
2026-08-17 13:31:33 | DEBUG    | urllib3.connectionpool:475 | https://news.futunn.com:443 "GET /news-site-api/main/get-flash-list?pageSize=40 HTTP/1.1" 200 61364
2026-08-17 13:31:33 | DEBUG    | urllib3.connectionpool:1022 | Starting new HTTPS connection (1): finance.yahoo.com:443
2026-08-17 13:31:35 | DEBUG    | urllib3.connectionpool:475 | https://finance.yahoo.com:443 "GET / HTTP/1.1" 403 3369
2026-08-17 13:31:35 | DEBUG    | urllib3.connectionpool:1022 | Starting new HTTPS connection (1): query1.finance.yahoo.com:443
2026-08-17 13:31:41 | DEBUG    | urllib3.connectionpool:475 | https://query1.finance.yahoo.com:443 "GET /v1/finance/search?q=NVIDIA&quotesCount=0&newsCount=50&enableFuzzyQuery=false HTTP/1.1" 403 3369
2026-08-17 13:31:41 | DEBUG    | urllib3.connectionpool:1022 | Starting new HTTPS connection (1): query2.finance.yahoo.com:443
2026-08-17 13:31:46 | DEBUG    | urllib3.connectionpool:291 | Resetting dropped connection: query1.finance.yahoo.com
2026-08-17 13:31:48 | DEBUG    | urllib3.connectionpool:475 | https://query1.finance.yahoo.com:443 "GET /v1/finance/search?q=NVDA&quotesCount=0&newsCount=50&enableFuzzyQuery=false HTTP/1.1" 403 3369
2026-08-17 13:31:48 | DEBUG    | urllib3.connectionpool:1022 | Starting new HTTPS connection (2): query2.finance.yahoo.com:443
2026-08-17 13:31:51 | DEBUG    | urllib3.connectionpool:475 | https://query2.finance.yahoo.com:443 "GET /v1/finance/search?q=NVDA&quotesCount=0&newsCount=50&enableFuzzyQuery=false HTTP/1.1" 403 3369
2026-08-17 13:31:51 | DEBUG    | urllib3.connectionpool:291 | Resetting dropped connection: query1.finance.yahoo.com
2026-08-17 13:31:53 | DEBUG    | urllib3.connectionpool:475 | https://query1.finance.yahoo.com:443 "GET /v1/finance/search?q=MICRON&quotesCount=0&newsCount=50&enableFuzzyQuery=false HTTP/1.1" 403 3369
2026-08-17 13:31:53 | DEBUG    | urllib3.connectionpool:291 | Resetting dropped connection: query2.finance.yahoo.com
2026-08-17 13:31:58 | DEBUG    | urllib3.connectionpool:475 | https://query2.finance.yahoo.com:443 "GET /v1/finance/search?q=MICRON&quotesCount=0&newsCount=50&enableFuzzyQuery=false HTTP/1.1" 403 3369
2026-08-17 13:31:58 | DEBUG    | urllib3.connectionpool:291 | Resetting dropped connection: query1.finance.yahoo.com
2026-08-17 13:31:59 | WARNING  | backpack_quant_trading.core.binance_monitor:143 | 币安行情 curl 兜底失败: Command '['curl', '-fsSL', '--max-time', '15', '-A', 'Mozilla/5.0', '-x', 'http://127.0.0.1:7891', 'https://fapi.binance.com/fapi/v1/klines?symbol=0GUSDT&interval=1h&limit=500']' returned non-zero exit status 7.
2026-08-17 13:31:59 | DEBUG    | asyncio:631 | Using proactor: IocpProactor
2026-08-17 13:32:00 | DEBUG    | urllib3.connectionpool:475 | https://query1.finance.yahoo.com:443 "GET /v1/finance/search?q=MU&quotesCount=0&newsCount=50&enableFuzzyQuery=false HTTP/1.1" 403 3369
2026-08-17 13:32:01 | WARNING  | backpack_quant_trading.core.binance_monitor:147 | 币安行情 aiohttp 兜底失败: Cannot connect to host 127.0.0.1:7891 ssl:False [远程计算机拒绝网络连接。]
2026-08-17 13:32:01 | DEBUG    | urllib3.connectionpool:1022 | Starting new HTTPS connection (1): fapi.binance.com:443
2026-08-17 13:32:03 | DEBUG    | urllib3.connectionpool:291 | Resetting dropped connection: query2.finance.yahoo.com
2026-08-17 13:32:03 | ERROR    | backpack_quant_trading.core.binance_monitor:344 | 获取币安K线失败 futures 0GUSDT 1h: HTTPSConnectionPool(host='fapi.binance.com', port=443): Max retries exceeded with url: /fapi/v1/klines?symbol=0GUSDT&interval=1h&limit=500 (Caused by ProxyError('Cannot connect to proxy.', NewConnectionError('<urllib3.connection.HTTPSConnection object at 0x000001435A4D5F90>: Failed to establish a new connection: [WinError 10061] 由于目标计算机积极拒绝，无法连接。')))
2026-08-17 13:32:04 | WARNING  | backpack_quant_trading.core.binance_monitor:143 | 币安行情 curl 兜底失败: Command '['curl', '-fsSL', '--max-time', '15', '-A', 'Mozilla/5.0', '-x', 'http://127.0.0.1:7891', 'https://fapi.binance.com/fapi/v1/klines?symbol=BTCUSDT&interval=1m&limit=2']' returned non-zero exit status 7.
2026-08-17 13:32:04 | DEBUG    | asyncio:631 | Using proactor: IocpProactor
2026-08-17 13:32:06 | DEBUG    | urllib3.connectionpool:475 | https://query2.finance.yahoo.com:443 "GET /v1/finance/search?q=MU&quotesCount=0&newsCount=50&enableFuzzyQuery=false HTTP/1.1" 403 3369
2026-08-17 13:32:06 | DEBUG    | urllib3.connectionpool:291 | Resetting dropped connection: query1.finance.yahoo.com
2026-08-17 13:32:07 | WARNING  | backpack_quant_trading.core.binance_monitor:147 | 币安行情 aiohttp 兜底失败: Cannot connect to host 127.0.0.1:7891 ssl:False [远程计算机拒绝网络连接。]
2026-08-17 13:32:07 | DEBUG    | urllib3.connectionpool:1022 | Starting new HTTPS connection (1): fapi.binance.com:443
2026-08-17 13:32:08 | WARNING  | backpack_quant_trading.core.binance_monitor:143 | 币安行情 curl 兜底失败: Command '['curl', '-fsSL', '--max-time', '15', '-A', 'Mozilla/5.0', '-x', 'http://127.0.0.1:7891', 'https://fapi.binance.com/fapi/v1/klines?symbol=ETHUSDT&interval=1h&limit=500']' returned non-zero exit status 7.
2026-08-17 13:32:08 | DEBUG    | asyncio:631 | Using proactor: IocpProactor
2026-08-17 13:32:08 | DEBUG    | urllib3.connectionpool:475 | https://query1.finance.yahoo.com:443 "GET /v1/finance/search?q=SanDisk&quotesCount=0&newsCount=50&enableFuzzyQuery=false HTTP/1.1" 403 3369
2026-08-17 13:32:08 | DEBUG    | urllib3.connectionpool:291 | Resetting dropped connection: query2.finance.yahoo.com
2026-08-17 13:32:09 | ERROR    | backpack_quant_trading.core.binance_monitor:344 | 获取币安K线失败 futures BTCUSDT 1m: HTTPSConnectionPool(host='fapi.binance.com', port=443): Max retries exceeded with url: /fapi/v1/klines?symbol=BTCUSDT&interval=1m&limit=2 (Caused by ProxyError('Cannot connect to proxy.', NewConnectionError('<urllib3.connection.HTTPSConnection object at 0x000001435A4D5BD0>: Failed to establish a new connection: [WinError 10061] 由于目标计算机积极拒绝，无法连接。')))
2026-08-17 13:32:10 | WARNING  | backpack_quant_trading.core.binance_monitor:147 | 币安行情 aiohttp 兜底失败: Cannot connect to host 127.0.0.1:7891 ssl:False [远程计算机拒绝网络连接。]
2026-08-17 13:32:10 | DEBUG    | urllib3.connectionpool:1022 | Starting new HTTPS connection (1): fapi.binance.com:443
2026-08-17 13:32:11 | DEBUG    | urllib3.connectionpool:475 | https://query2.finance.yahoo.com:443 "GET /v1/finance/search?q=SanDisk&quotesCount=0&newsCount=50&enableFuzzyQuery=false HTTP/1.1" 403 3369
2026-08-17 13:32:11 | DEBUG    | urllib3.connectionpool:291 | Resetting dropped connection: query1.finance.yahoo.com
2026-08-17 13:32:12 | ERROR    | backpack_quant_trading.core.binance_monitor:344 | 获取币安K线失败 futures ETHUSDT 1h: HTTPSConnectionPool(host='fapi.binance.com', port=443): Max retries exceeded with url: /fapi/v1/klines?symbol=ETHUSDT&interval=1h&limit=500 (Caused by ProxyError('Cannot connect to proxy.', NewConnectionError('<urllib3.connection.HTTPSConnection object at 0x000001435A4D7390>: Failed to establish a new connection: [WinError 10061] 由于目标计算机积极拒绝，无法连接。')))
2026-08-17 13:32:12 | DEBUG    | urllib3.connectionpool:475 | https://query1.finance.yahoo.com:443 "GET /v1/finance/search?q=SNDK&quotesCount=0&newsCount=50&enableFuzzyQuery=false HTTP/1.1" 403 3369
2026-08-17 13:32:13 | DEBUG    | urllib3.connectionpool:291 | Resetting dropped connection: query2.finance.yahoo.com
2026-08-17 13:32:13 | WARNING  | backpack_quant_trading.core.binance_monitor:143 | 币安行情 curl 兜底失败: Command '['curl', '-fsSL', '--max-time', '10', '-A', 'Mozilla/5.0', '-x', 'http://127.0.0.1:7891', 'https://fapi.binance.com/fapi/v1/depth?symbol=BTCUSDT&limit=50']' returned non-zero exit status 7.
2026-08-17 13:32:13 | DEBUG    | asyncio:631 | Using proactor: IocpProactor
2026-08-17 13:32:16 | WARNING  | backpack_quant_trading.core.binance_monitor:147 | 币安行情 aiohttp 兜底失败: Cannot connect to host 127.0.0.1:7891 ssl:False [远程计算机拒绝网络连接。]
2026-08-17 13:32:16 | DEBUG    | urllib3.connectionpool:1022 | Starting new HTTPS connection (1): fapi.binance.com:443
2026-08-17 13:32:16 | WARNING  | backpack_quant_trading.core.binance_monitor:143 | 币安行情 curl 兜底失败: Command '['curl', '-fsSL', '--max-time', '15', '-A', 'Mozilla/5.0', '-x', 'http://127.0.0.1:7891', 'https://fapi.binance.com/fapi/v1/klines?symbol=1000000BOBUSDT&interval=2h&limit=500']' returned non-zero exit status 7.
2026-08-17 13:32:16 | DEBUG    | asyncio:631 | Using proactor: IocpProactor
2026-08-17 13:32:18 | ERROR    | backpack_quant_trading.core.binance_monitor:364 | 获取币安深度失败 futures BTCUSDT: HTTPSConnectionPool(host='fapi.binance.com', port=443): Max retries exceeded with url: /fapi/v1/depth?symbol=BTCUSDT&limit=50 (Caused by ProxyError('Cannot connect to proxy.', NewConnectionError('<urllib3.connection.HTTPSConnection object at 0x000001435A701310>: Failed to establish a new connection: [WinError 10061] 由于目标计算机积极拒绝，无法连接。')))
2026-08-17 13:32:18 | DEBUG    | urllib3.connectionpool:291 | Resetting dropped connection: query1.finance.yahoo.com
2026-08-17 13:32:18 | WARNING  | backpack_quant_trading.core.binance_monitor:147 | 币安行情 aiohttp 兜底失败: Cannot connect to host 127.0.0.1:7891 ssl:False [远程计算机拒绝网络连接。]
2026-08-17 13:32:18 | DEBUG    | urllib3.connectionpool:1022 | Starting new HTTPS connection (1): fapi.binance.com:443
2026-08-17 13:32:20 | DEBUG    | urllib3.connectionpool:475 | https://query1.finance.yahoo.com:443 "GET /v1/finance/search?q=INTEL&quotesCount=0&newsCount=50&enableFuzzyQuery=false HTTP/1.1" 403 3369
2026-08-17 13:32:20 | DEBUG    | urllib3.connectionpool:1022 | Starting new HTTPS connection (3): query2.finance.yahoo.com:443
2026-08-17 13:32:20 | ERROR    | backpack_quant_trading.core.binance_monitor:344 | 获取币安K线失败 futures 1000000BOBUSDT 2h: HTTPSConnectionPool(host='fapi.binance.com', port=443): Max retries exceeded with url: /fapi/v1/klines?symbol=1000000BOBUSDT&interval=2h&limit=500 (Caused by ProxyError('Cannot connect to proxy.', NewConnectionError('<urllib3.connection.HTTPSConnection object at 0x000001435A700E10>: Failed to establish a new connection: [WinError 10061] 由于目标计算机积极拒绝，无法连接。')))
2026-08-17 13:32:21 | DEBUG    | urllib3.connectionpool:475 | https://query2.finance.yahoo.com:443 "GET /v1/finance/search?q=INTEL&quotesCount=0&newsCount=50&enableFuzzyQuery=false HTTP/1.1" 403 3369
2026-08-17 13:32:22 | DEBUG    | urllib3.connectionpool:291 | Resetting dropped connection: query1.finance.yahoo.com
2026-08-17 13:32:24 | WARNING  | backpack_quant_trading.core.binance_monitor:143 | 币安行情 curl 兜底失败: Command '['curl', '-fsSL', '--max-time', '15', '-A', 'Mozilla/5.0', '-x', 'http://127.0.0.1:7891', 'https://fapi.binance.com/fapi/v1/klines?symbol=ETHUSDT&interval=2h&limit=500']' returned non-zero exit status 7.
2026-08-17 13:32:24 | DEBUG    | asyncio:631 | Using proactor: IocpProactor
2026-08-17 13:32:26 | DEBUG    | urllib3.connectionpool:475 | https://query1.finance.yahoo.com:443 "GET /v1/finance/search?q=INTC&quotesCount=0&newsCount=50&enableFuzzyQuery=false HTTP/1.1" 403 3369
2026-08-17 13:32:26 | WARNING  | backpack_quant_trading.core.binance_monitor:147 | 币安行情 aiohttp 兜底失败: Cannot connect to host 127.0.0.1:7891 ssl:False [远程计算机拒绝网络连接。]
2026-08-17 13:32:26 | DEBUG    | urllib3.connectionpool:1022 | Starting new HTTPS connection (1): fapi.binance.com:443
2026-08-17 13:32:27 | DEBUG    | urllib3.connectionpool:291 | Resetting dropped connection: query2.finance.yahoo.com
2026-08-17 13:32:29 | ERROR    | backpack_quant_trading.core.binance_monitor:344 | 获取币安K线失败 futures ETHUSDT 2h: HTTPSConnectionPool(host='fapi.binance.com', port=443): Max retries exceeded with url: /fapi/v1/klines?symbol=ETHUSDT&interval=2h&limit=500 (Caused by ProxyError('Cannot connect to proxy.', NewConnectionError('<urllib3.connection.HTTPSConnection object at 0x000001435A4D7D90>: Failed to establish a new connection: [WinError 10061] 由于目标计算机积极拒绝，无法连接。')))
2026-08-17 13:32:33 | WARNING  | backpack_quant_trading.core.binance_monitor:143 | 币安行情 curl 兜底失败: Command '['curl', '-fsSL', '--max-time', '15', '-A', 'Mozilla/5.0', '-x', 'http://127.0.0.1:7891', 'https://fapi.binance.com/fapi/v1/klines?symbol=1000000BOBUSDT&interval=4h&limit=500']' returned non-zero exit status 7.
2026-08-17 13:32:33 | DEBUG    | asyncio:631 | Using proactor: IocpProactor
2026-08-17 13:32:35 | WARNING  | backpack_quant_trading.core.binance_monitor:147 | 币安行情 aiohttp 兜底失败: Cannot connect to host 127.0.0.1:7891 ssl:False [远程计算机拒绝网络连接。]
2026-08-17 13:32:35 | DEBUG    | urllib3.connectionpool:1022 | Starting new HTTPS connection (1): fapi.binance.com:443
2026-08-17 13:32:37 | ERROR    | backpack_quant_trading.core.binance_monitor:344 | 获取币安K线失败 futures 1000000BOBUSDT 4h: HTTPSConnectionPool(host='fapi.binance.com', port=443): Max retries exceeded with url: /fapi/v1/klines?symbol=1000000BOBUSDT&interval=4h&limit=500 (Caused by ProxyError('Cannot connect to proxy.', NewConnectionError('<urllib3.connection.HTTPSConnection object at 0x000001435A4D6FD0>: Failed to establish a new connection: [WinError 10061] 由于目标计算机积极拒绝，无法连接。')))
2026-08-17 13:32:40 | DEBUG    | urllib3.connectionpool:291 | Resetting dropped connection: finance.yahoo.com
2026-08-17 13:32:42 | WARNING  | backpack_quant_trading.core.binance_monitor:143 | 币安行情 curl 兜底失败: Command '['curl', '-fsSL', '--max-time', '15', '-A', 'Mozilla/5.0', '-x', 'http://127.0.0.1:7891', 'https://fapi.binance.com/fapi/v1/klines?symbol=ETHUSDT&interval=4h&limit=500']' returned non-zero exit status 7.
2026-08-17 13:32:42 | DEBUG    | asyncio:631 | Using proactor: IocpProactor
2026-08-17 13:32:43 | DEBUG    | urllib3.connectionpool:1022 | Starting new HTTPS connection (1): feeds.finance.yahoo.com:443
2026-08-17 13:32:44 | WARNING  | backpack_quant_trading.core.binance_monitor:147 | 币安行情 aiohttp 兜底失败: Cannot connect to host 127.0.0.1:7891 ssl:False [远程计算机拒绝网络连接。]
2026-08-17 13:32:44 | DEBUG    | urllib3.connectionpool:1022 | Starting new HTTPS connection (1): fapi.binance.com:443
2026-08-17 13:32:45 | DEBUG    | urllib3.connectionpool:475 | https://feeds.finance.yahoo.com:443 "GET /rss/2.0/headline?s=NVIDIA&region=US&lang=en-US HTTP/1.1" 200 394
2026-08-17 13:32:46 | DEBUG    | urllib3.connectionpool:475 | https://feeds.finance.yahoo.com:443 "GET /rss/2.0/headline?s=NVDA&region=US&lang=en-US HTTP/1.1" 200 3661
2026-08-17 13:32:46 | ERROR    | backpack_quant_trading.core.binance_monitor:344 | 获取币安K线失败 futures ETHUSDT 4h: HTTPSConnectionPool(host='fapi.binance.com', port=443): Max retries exceeded with url: /fapi/v1/klines?symbol=ETHUSDT&interval=4h&limit=500 (Caused by ProxyError('Cannot connect to proxy.', NewConnectionError('<urllib3.connection.HTTPSConnection object at 0x000001435A4D5BD0>: Failed to establish a new connection: [WinError 10061] 由于目标计算机积极拒绝，无法连接。')))
2026-08-17 13:32:46 | DEBUG    | urllib3.connectionpool:475 | https://feeds.finance.yahoo.com:443 "GET /rss/2.0/headline?s=MICRON&region=US&lang=en-US HTTP/1.1" 200 394
2026-08-17 13:32:48 | DEBUG    | urllib3.connectionpool:475 | https://feeds.finance.yahoo.com:443 "GET /rss/2.0/headline?s=MU&region=US&lang=en-US HTTP/1.1" 200 5077
2026-08-17 13:32:48 | DEBUG    | backpack_quant_trading.core.stock_news_feeds:795 | [雅虎财经] 直连 Search 获取 35 条
2026-08-17 13:32:48 | INFO     | stock_news_alert:555 | 轮询完成 @ 2026-08-17 05:31:28 | 拉取 222 条 (金十数据=17, 同花顺=20, 东方财富=80, 新浪财经=30, 富途牛牛=40, 雅虎财经=35) | 已推送过 0 | 非最新 0 | 未命中关键词 204 | 非重要快讯 18 | 内容相似去重 0 | 新命中 0 | 待推送 0 | 雅虎搜索词: NVIDIA, NVDA, MICRON, MU, SanDisk, SNDK, INTEL, INTC
2026-08-17 13:33:04 | WARNING  | backpack_quant_trading.core.binance_monitor:143 | 币安行情 curl 兜底失败: Command '['curl', '-fsSL', '--max-time', '15', '-A', 'Mozilla/5.0', '-x', 'http://127.0.0.1:7891', 'https://fapi.binance.com/fapi/v1/klines?symbol=BTCUSDT&interval=1m&limit=2']' returned non-zero exit status 7.
2026-08-17 13:33:04 | DEBUG    | asyncio:631 | Using proactor: IocpProactor
2026-08-17 13:33:06 | WARNING  | backpack_quant_trading.core.binance_monitor:147 | 币安行情 aiohttp 兜底失败: Cannot connect to host 127.0.0.1:7891 ssl:False [远程计算机拒绝网络连接。]
2026-08-17 13:33:06 | DEBUG    | urllib3.connectionpool:1022 | Starting new HTTPS connection (1): fapi.binance.com:443
2026-08-17 13:33:08 | ERROR    | backpack_quant_trading.core.binance_monitor:344 | 获取币安K线失败 futures BTCUSDT 1m: HTTPSConnectionPool(host='fapi.binance.com', port=443): Max retries exceeded with url: /fapi/v1/klines?symbol=BTCUSDT&interval=1m&limit=2 (Caused by ProxyError('Cannot connect to proxy.', NewConnectionError('<urllib3.connection.HTTPSConnection object at 0x000001435A700E10>: Failed to establish a new connection: [WinError 10061] 由于目标计算机积极拒绝，无法连接。')))
2026-08-17 13:33:13 | WARNING  | backpack_quant_trading.core.binance_monitor:143 | 币安行情 curl 兜底失败: Command '['curl', '-fsSL', '--max-time', '10', '-A', 'Mozilla/5.0', '-x', 'http://127.0.0.1:7891', 'https://fapi.binance.com/fapi/v1/depth?symbol=BTCUSDT&limit=50']' returned non-zero exit status 7.
2026-08-17 13:33:13 | DEBUG    | asyncio:631 | Using proactor: IocpProactor
2026-08-17 13:33:15 | WARNING  | backpack_quant_trading.core.binance_monitor:147 | 币安行情 aiohttp 兜底失败: Cannot connect to host 127.0.0.1:7891 ssl:False [远程计算机拒绝网络连接。]
2026-08-17 13:33:15 | DEBUG    | urllib3.connectionpool:1022 | Starting new HTTPS connection (1): fapi.binance.com:443
2026-08-17 13:33:17 | ERROR    | backpack_quant_trading.core.binance_monitor:364 | 获取币安深度失败 futures BTCUSDT: HTTPSConnectionPool(host='fapi.binance.com', port=443): Max retries exceeded with url: /fapi/v1/depth?symbol=BTCUSDT&limit=50 (Caused by ProxyError('Cannot connect to proxy.', NewConnectionError('<urllib3.connection.HTTPSConnection object at 0x000001435A701310>: Failed to establish a new connection: [WinError 10061] 由于目标计算机积极拒绝，无法连接。')))
2026-08-17 13:33:18 | DEBUG    | urllib3.connectionpool:1022 | Starting new HTTPS connection (1): flash-api.jin10.com:443
2026-08-17 13:33:19 | DEBUG    | urllib3.connectionpool:475 | https://flash-api.jin10.com:443 "GET /get_flash_list?channel=-8200&vip=1 HTTP/1.1" 200 None
2026-08-17 13:33:19 | DEBUG    | urllib3.connectionpool:1022 | Starting new HTTPS connection (1): news.10jqka.com.cn:443
2026-08-17 13:33:20 | DEBUG    | urllib3.connectionpool:475 | https://news.10jqka.com.cn:443 "GET /tapp/news/push/stock?page=1&tag=&track=website HTTP/1.1" 200 None
2026-08-17 13:33:20 | DEBUG    | urllib3.connectionpool:1022 | Starting new HTTPS connection (1): np-weblist.eastmoney.com:443
2026-08-17 13:33:20 | DEBUG    | urllib3.connectionpool:475 | https://np-weblist.eastmoney.com:443 "GET /comm/web/getFastNewsList?client=web&biz=web_724&fastColumn=102&sortEnd=&pageSize=80&req_trace=1710315450384 HTTP/1.1" 200 None
2026-08-17 13:33:20 | DEBUG    | urllib3.connectionpool:1022 | Starting new HTTPS connection (1): zhibo.sina.com.cn:443
2026-08-17 13:33:21 | DEBUG    | urllib3.connectionpool:475 | https://zhibo.sina.com.cn:443 "GET /api/zhibo/feed?page=1&page_size=30&zhibo_id=152&tag_id=0&dire=f&dpc=1&pagesize=30&type=1 HTTP/1.1" 200 None
2026-08-17 13:33:21 | DEBUG    | urllib3.connectionpool:1022 | Starting new HTTPS connection (1): news.futunn.com:443
2026-08-17 13:33:22 | DEBUG    | urllib3.connectionpool:475 | https://news.futunn.com:443 "GET /news-site-api/main/get-flash-list?pageSize=40 HTTP/1.1" 200 61369
2026-08-17 13:33:22 | DEBUG    | urllib3.connectionpool:1022 | Starting new HTTPS connection (1): finance.yahoo.com:443
2026-08-17 13:33:26 | DEBUG    | urllib3.connectionpool:475 | https://finance.yahoo.com:443 "GET / HTTP/1.1" 403 3369
2026-08-17 13:33:27 | DEBUG    | urllib3.connectionpool:1022 | Starting new HTTPS connection (1): query1.finance.yahoo.com:443
2026-08-17 13:33:30 | DEBUG    | urllib3.connectionpool:475 | https://query1.finance.yahoo.com:443 "GET /v1/finance/search?q=NVIDIA&quotesCount=0&newsCount=50&enableFuzzyQuery=false HTTP/1.1" 403 3369
2026-08-17 13:33:30 | DEBUG    | urllib3.connectionpool:1022 | Starting new HTTPS connection (1): query2.finance.yahoo.com:443
2026-08-17 13:33:31 | DEBUG    | urllib3.connectionpool:475 | https://query2.finance.yahoo.com:443 "GET /v1/finance/search?q=NVIDIA&quotesCount=0&newsCount=50&enableFuzzyQuery=false HTTP/1.1" 403 3369
2026-08-17 13:33:32 | DEBUG    | urllib3.connectionpool:291 | Resetting dropped connection: query1.finance.yahoo.com
2026-08-17 13:33:33 | DEBUG    | urllib3.connectionpool:475 | https://query1.finance.yahoo.com:443 "GET /v1/finance/search?q=NVDA&quotesCount=0&newsCount=50&enableFuzzyQuery=false HTTP/1.1" 403 3369
2026-08-17 13:33:37 | DEBUG    | urllib3.connectionpool:291 | Resetting dropped connection: query2.finance.yahoo.com
2026-08-17 13:33:40 | DEBUG    | urllib3.connectionpool:475 | https://query2.finance.yahoo.com:443 "GET /v1/finance/search?q=NVDA&quotesCount=0&newsCount=50&enableFuzzyQuery=false HTTP/1.1" 403 3369
2026-08-17 13:33:40 | DEBUG    | urllib3.connectionpool:291 | Resetting dropped connection: query1.finance.yahoo.com
2026-08-17 13:33:42 | DEBUG    | urllib3.connectionpool:475 | https://query1.finance.yahoo.com:443 "GET /v1/finance/search?q=MICRON&quotesCount=0&newsCount=50&enableFuzzyQuery=false HTTP/1.1" 403 3369
2026-08-17 13:33:42 | DEBUG    | urllib3.connectionpool:291 | Resetting dropped connection: query2.finance.yahoo.com
2026-08-17 13:33:47 | DEBUG    | urllib3.connectionpool:291 | Resetting dropped connection: query1.finance.yahoo.com
2026-08-17 13:33:49 | DEBUG    | urllib3.connectionpool:475 | https://query1.finance.yahoo.com:443 "GET /v1/finance/search?q=MU&quotesCount=0&newsCount=50&enableFuzzyQuery=false HTTP/1.1" 403 3369
2026-08-17 13:34:01 | DEBUG    | urllib3.connectionpool:1022 | Starting new HTTPS connection (2): query2.finance.yahoo.com:443
2026-08-17 13:34:03 | DEBUG    | urllib3.connectionpool:475 | https://query2.finance.yahoo.com:443 "GET /v1/finance/search?q=MU&quotesCount=0&newsCount=50&enableFuzzyQuery=false HTTP/1.1" 403 3369
2026-08-17 13:34:04 | WARNING  | backpack_quant_trading.core.binance_monitor:143 | 币安行情 curl 兜底失败: Command '['curl', '-fsSL', '--max-time', '15', '-A', 'Mozilla/5.0', '-x', 'http://127.0.0.1:7891', 'https://fapi.binance.com/fapi/v1/klines?symbol=BTCUSDT&interval=1m&limit=2']' returned non-zero exit status 7.
2026-08-17 13:34:04 | DEBUG    | asyncio:631 | Using proactor: IocpProactor
2026-08-17 13:34:06 | DEBUG    | urllib3.connectionpool:291 | Resetting dropped connection: query1.finance.yahoo.com
2026-08-17 13:34:06 | WARNING  | backpack_quant_trading.core.binance_monitor:147 | 币安行情 aiohttp 兜底失败: Cannot connect to host 127.0.0.1:7891 ssl:False [远程计算机拒绝网络连接。]
2026-08-17 13:34:06 | DEBUG    | urllib3.connectionpool:1022 | Starting new HTTPS connection (1): fapi.binance.com:443
2026-08-17 13:34:08 | ERROR    | backpack_quant_trading.core.binance_monitor:344 | 获取币安K线失败 futures BTCUSDT 1m: HTTPSConnectionPool(host='fapi.binance.com', port=443): Max retries exceeded with url: /fapi/v1/klines?symbol=BTCUSDT&interval=1m&limit=2 (Caused by ProxyError('Cannot connect to proxy.', NewConnectionError('<urllib3.connection.HTTPSConnection object at 0x000001435A4D7390>: Failed to establish a new connection: [WinError 10061] 由于目标计算机积极拒绝，无法连接。')))
2026-08-17 13:34:08 | DEBUG    | urllib3.connectionpool:475 | https://query1.finance.yahoo.com:443 "GET /v1/finance/search?q=SanDisk&quotesCount=0&newsCount=50&enableFuzzyQuery=false HTTP/1.1" 403 3369
2026-08-17 13:34:08 | DEBUG    | urllib3.connectionpool:291 | Resetting dropped connection: query2.finance.yahoo.com
2026-08-17 13:34:10 | DEBUG    | urllib3.connectionpool:475 | https://query2.finance.yahoo.com:443 "GET /v1/finance/search?q=SanDisk&quotesCount=0&newsCount=50&enableFuzzyQuery=false HTTP/1.1" 403 3369
2026-08-17 13:34:12 | WARNING  | backpack_quant_trading.core.binance_monitor:143 | 币安行情 curl 兜底失败: Command '['curl', '-fsSL', '--max-time', '10', '-A', 'Mozilla/5.0', '-x', 'http://127.0.0.1:7891', 'https://fapi.binance.com/fapi/v1/depth?symbol=BTCUSDT&limit=50']' returned non-zero exit status 7.
2026-08-17 13:34:12 | DEBUG    | asyncio:631 | Using proactor: IocpProactor
2026-08-17 13:34:14 | DEBUG    | urllib3.connectionpool:291 | Resetting dropped connection: query1.finance.yahoo.com
2026-08-17 13:34:14 | WARNING  | backpack_quant_trading.core.binance_monitor:147 | 币安行情 aiohttp 兜底失败: Cannot connect to host 127.0.0.1:7891 ssl:False [远程计算机拒绝网络连接。]
2026-08-17 13:34:14 | DEBUG    | urllib3.connectionpool:1022 | Starting new HTTPS connection (1): fapi.binance.com:443
2026-08-17 13:34:16 | DEBUG    | urllib3.connectionpool:475 | https://query1.finance.yahoo.com:443 "GET /v1/finance/search?q=SNDK&quotesCount=0&newsCount=50&enableFuzzyQuery=false HTTP/1.1" 403 3369
2026-08-17 13:34:16 | ERROR    | backpack_quant_trading.core.binance_monitor:364 | 获取币安深度失败 futures BTCUSDT: HTTPSConnectionPool(host='fapi.binance.com', port=443): Max retries exceeded with url: /fapi/v1/depth?symbol=BTCUSDT&limit=50 (Caused by ProxyError('Cannot connect to proxy.', NewConnectionError('<urllib3.connection.HTTPSConnection object at 0x000001435A4D7ED0>: Failed to establish a new connection: [WinError 10061] 由于目标计算机积极拒绝，无法连接。')))
2026-08-17 13:34:17 | DEBUG    | urllib3.connectionpool:291 | Resetting dropped connection: query2.finance.yahoo.com
2026-08-17 13:34:22 | DEBUG    | urllib3.connectionpool:291 | Resetting dropped connection: query1.finance.yahoo.com
2026-08-17 13:34:26 | DEBUG    | urllib3.connectionpool:475 | https://query1.finance.yahoo.com:443 "GET /v1/finance/search?q=INTEL&quotesCount=0&newsCount=50&enableFuzzyQuery=false HTTP/1.1" 403 3369
2026-08-17 13:34:26 | DEBUG    | urllib3.connectionpool:1022 | Starting new HTTPS connection (3): query2.finance.yahoo.com:443
2026-08-17 13:34:28 | DEBUG    | urllib3.connectionpool:475 | https://query2.finance.yahoo.com:443 "GET /v1/finance/search?q=INTEL&quotesCount=0&newsCount=50&enableFuzzyQuery=false HTTP/1.1" 403 3369
2026-08-17 13:34:29 | DEBUG    | urllib3.connectionpool:291 | Resetting dropped connection: query1.finance.yahoo.com
2026-08-17 13:34:34 | DEBUG    | urllib3.connectionpool:475 | https://query1.finance.yahoo.com:443 "GET /v1/finance/search?q=INTC&quotesCount=0&newsCount=50&enableFuzzyQuery=false HTTP/1.1" 403 3369
2026-08-17 13:34:34 | DEBUG    | urllib3.connectionpool:291 | Resetting dropped connection: query2.finance.yahoo.com
2026-08-17 13:34:37 | DEBUG    | urllib3.connectionpool:475 | https://query2.finance.yahoo.com:443 "GET /v1/finance/search?q=INTC&quotesCount=0&newsCount=50&enableFuzzyQuery=false HTTP/1.1" 403 3369
2026-08-17 13:34:37 | DEBUG    | urllib3.connectionpool:291 | Resetting dropped connection: finance.yahoo.com
2026-08-17 13:34:42 | DEBUG    | urllib3.connectionpool:1022 | Starting new HTTPS connection (1): feeds.finance.yahoo.com:443
2026-08-17 13:34:44 | DEBUG    | urllib3.connectionpool:475 | https://feeds.finance.yahoo.com:443 "GET /rss/2.0/headline?s=NVIDIA&region=US&lang=en-US HTTP/1.1" 200 394
2026-08-17 13:34:45 | DEBUG    | urllib3.connectionpool:475 | https://feeds.finance.yahoo.com:443 "GET /rss/2.0/headline?s=NVDA&region=US&lang=en-US HTTP/1.1" 200 3659
2026-08-17 13:34:45 | DEBUG    | urllib3.connectionpool:475 | https://feeds.finance.yahoo.com:443 "GET /rss/2.0/headline?s=MICRON&region=US&lang=en-US HTTP/1.1" 200 394
2026-08-17 13:34:46 | DEBUG    | urllib3.connectionpool:475 | https://feeds.finance.yahoo.com:443 "GET /rss/2.0/headline?s=MU&region=US&lang=en-US HTTP/1.1" 200 2855
2026-08-17 13:34:46 | DEBUG    | backpack_quant_trading.core.stock_news_feeds:795 | [雅虎财经] 直连 Search 获取 25 条
2026-08-17 13:34:46 | INFO     | stock_news_alert:555 | 轮询完成 @ 2026-08-17 05:33:18 | 拉取 213 条 (金十数据=18, 同花顺=20, 东方财富=80, 新浪财经=30, 富途牛牛=40, 雅虎财经=25) | 已推送过 0 | 非最新 0 | 未命中关键词 201 | 非重要快讯 12 | 内容相似去重 0 | 新命中 0 | 待推送 0 | 雅虎搜索词: NVIDIA, NVDA, MICRON, MU, SanDisk, SNDK, INTEL, INTC
2026-08-17 13:35:06 | WARNING  | backpack_quant_trading.core.binance_monitor:143 | 币安行情 curl 兜底失败: Command '['curl', '-fsSL', '--max-time', '15', '-A', 'Mozilla/5.0', '-x', 'http://127.0.0.1:7891', 'https://fapi.binance.com/fapi/v1/klines?symbol=BTCUSDT&interval=1m&limit=2']' returned non-zero exit status 7.
2026-08-17 13:35:06 | DEBUG    | asyncio:631 | Using proactor: IocpProactor
2026-08-17 13:35:09 | WARNING  | backpack_quant_trading.core.binance_monitor:147 | 币安行情 aiohttp 兜底失败: Cannot connect to host 127.0.0.1:7891 ssl:False [远程计算机拒绝网络连接。]
2026-08-17 13:35:09 | DEBUG    | urllib3.connectionpool:1022 | Starting new HTTPS connection (1): fapi.binance.com:443
2026-08-17 13:35:11 | ERROR    | backpack_quant_trading.core.binance_monitor:344 | 获取币安K线失败 futures BTCUSDT 1m: HTTPSConnectionPool(host='fapi.binance.com', port=443): Max retries exceeded with url: /fapi/v1/klines?symbol=BTCUSDT&interval=1m&limit=2 (Caused by ProxyError('Cannot connect to proxy.', NewConnectionError('<urllib3.connection.HTTPSConnection object at 0x000001435A4D6990>: Failed to establish a new connection: [WinError 10061] 由于目标计算机积极拒绝，无法连接。')))
2026-08-17 13:35:15 | WARNING  | backpack_quant_trading.core.binance_monitor:143 | 币安行情 curl 兜底失败: Command '['curl', '-fsSL', '--max-time', '10', '-A', 'Mozilla/5.0', '-x', 'http://127.0.0.1:7891', 'https://fapi.binance.com/fapi/v1/depth?symbol=BTCUSDT&limit=50']' returned non-zero exit status 7.
2026-08-17 13:35:15 | DEBUG    | asyncio:631 | Using proactor: IocpProactor
2026-08-17 13:35:16 | DEBUG    | urllib3.connectionpool:1022 | Starting new HTTPS connection (1): flash-api.jin10.com:443
2026-08-17 13:35:17 | DEBUG    | urllib3.connectionpool:475 | https://flash-api.jin10.com:443 "GET /get_flash_list?channel=-8200&vip=1 HTTP/1.1" 200 None
2026-08-17 13:35:17 | DEBUG    | urllib3.connectionpool:1022 | Starting new HTTPS connection (1): news.10jqka.com.cn:443
2026-08-17 13:35:17 | WARNING  | backpack_quant_trading.core.binance_monitor:147 | 币安行情 aiohttp 兜底失败: Cannot connect to host 127.0.0.1:7891 ssl:False [远程计算机拒绝网络连接。]
2026-08-17 13:35:17 | DEBUG    | urllib3.connectionpool:1022 | Starting new HTTPS connection (1): fapi.binance.com:443
2026-08-17 13:35:18 | DEBUG    | urllib3.connectionpool:475 | https://news.10jqka.com.cn:443 "GET /tapp/news/push/stock?page=1&tag=&track=website HTTP/1.1" 200 None
2026-08-17 13:35:18 | DEBUG    | urllib3.connectionpool:1022 | Starting new HTTPS connection (1): np-weblist.eastmoney.com:443
2026-08-17 13:35:19 | DEBUG    | urllib3.connectionpool:475 | https://np-weblist.eastmoney.com:443 "GET /comm/web/getFastNewsList?client=web&biz=web_724&fastColumn=102&sortEnd=&pageSize=80&req_trace=1710315450384 HTTP/1.1" 200 None
2026-08-17 13:35:19 | DEBUG    | urllib3.connectionpool:1022 | Starting new HTTPS connection (1): zhibo.sina.com.cn:443
2026-08-17 13:35:19 | ERROR    | backpack_quant_trading.core.binance_monitor:364 | 获取币安深度失败 futures BTCUSDT: HTTPSConnectionPool(host='fapi.binance.com', port=443): Max retries exceeded with url: /fapi/v1/depth?symbol=BTCUSDT&limit=50 (Caused by ProxyError('Cannot connect to proxy.', NewConnectionError('<urllib3.connection.HTTPSConnection object at 0x000001435A4D5590>: Failed to establish a new connection: [WinError 10061] 由于目标计算机积极拒绝，无法连接。')))
2026-08-17 13:35:19 | DEBUG    | urllib3.connectionpool:475 | https://zhibo.sina.com.cn:443 "GET /api/zhibo/feed?page=1&page_size=30&zhibo_id=152&tag_id=0&dire=f&dpc=1&pagesize=30&type=1 HTTP/1.1" 200 None
2026-08-17 13:35:20 | DEBUG    | urllib3.connectionpool:1022 | Starting new HTTPS connection (1): news.futunn.com:443
2026-08-17 13:35:21 | DEBUG    | urllib3.connectionpool:475 | https://news.futunn.com:443 "GET /news-site-api/main/get-flash-list?pageSize=40 HTTP/1.1" 200 61623
2026-08-17 13:35:21 | DEBUG    | urllib3.connectionpool:1022 | Starting new HTTPS connection (1): finance.yahoo.com:443
2026-08-17 13:35:23 | DEBUG    | urllib3.connectionpool:475 | https://finance.yahoo.com:443 "GET / HTTP/1.1" 403 3369
2026-08-17 13:35:28 | DEBUG    | urllib3.connectionpool:1022 | Starting new HTTPS connection (1): query1.finance.yahoo.com:443
2026-08-17 13:35:33 | DEBUG    | urllib3.connectionpool:475 | https://query1.finance.yahoo.com:443 "GET /v1/finance/search?q=NVIDIA&quotesCount=0&newsCount=50&enableFuzzyQuery=false HTTP/1.1" 403 3369
2026-08-17 13:35:33 | DEBUG    | urllib3.connectionpool:1022 | Starting new HTTPS connection (1): query2.finance.yahoo.com:443
2026-08-17 13:35:37 | DEBUG    | urllib3.connectionpool:475 | https://query2.finance.yahoo.com:443 "GET /v1/finance/search?q=NVIDIA&quotesCount=0&newsCount=50&enableFuzzyQuery=false HTTP/1.1" 403 3369
2026-08-17 13:35:37 | DEBUG    | urllib3.connectionpool:291 | Resetting dropped connection: query1.finance.yahoo.com
2026-08-17 13:35:39 | DEBUG    | urllib3.connectionpool:475 | https://query1.finance.yahoo.com:443 "GET /v1/finance/search?q=NVDA&quotesCount=0&newsCount=50&enableFuzzyQuery=false HTTP/1.1" 403 3369
2026-08-17 13:35:40 | DEBUG    | urllib3.connectionpool:291 | Resetting dropped connection: query2.finance.yahoo.com
2026-08-17 13:35:43 | DEBUG    | urllib3.connectionpool:475 | https://query2.finance.yahoo.com:443 "GET /v1/finance/search?q=NVDA&quotesCount=0&newsCount=50&enableFuzzyQuery=false HTTP/1.1" 403 3369
2026-08-17 13:35:43 | DEBUG    | urllib3.connectionpool:291 | Resetting dropped connection: query1.finance.yahoo.com
2026-08-17 13:35:44 | DEBUG    | urllib3.connectionpool:475 | https://query1.finance.yahoo.com:443 "GET /v1/finance/search?q=MICRON&quotesCount=0&newsCount=50&enableFuzzyQuery=false HTTP/1.1" 403 3369
2026-08-17 13:35:44 | DEBUG    | urllib3.connectionpool:291 | Resetting dropped connection: query2.finance.yahoo.com
2026-08-17 13:35:47 | DEBUG    | urllib3.connectionpool:475 | https://query2.finance.yahoo.com:443 "GET /v1/finance/search?q=MICRON&quotesCount=0&newsCount=50&enableFuzzyQuery=false HTTP/1.1" 403 3369
2026-08-17 13:35:47 | DEBUG    | urllib3.connectionpool:291 | Resetting dropped connection: query1.finance.yahoo.com
2026-08-17 13:35:49 | DEBUG    | urllib3.connectionpool:475 | https://query1.finance.yahoo.com:443 "GET /v1/finance/search?q=MU&quotesCount=0&newsCount=50&enableFuzzyQuery=false HTTP/1.1" 403 3369
2026-08-17 13:35:49 | DEBUG    | urllib3.connectionpool:291 | Resetting dropped connection: query2.finance.yahoo.com
2026-08-17 13:35:50 | DEBUG    | urllib3.connectionpool:475 | https://query2.finance.yahoo.com:443 "GET /v1/finance/search?q=MU&quotesCount=0&newsCount=50&enableFuzzyQuery=false HTTP/1.1" 403 3369
2026-08-17 13:35:59 | DEBUG    | urllib3.connectionpool:291 | Resetting dropped connection: query1.finance.yahoo.com
2026-08-17 13:36:01 | DEBUG    | urllib3.connectionpool:475 | https://query1.finance.yahoo.com:443 "GET /v1/finance/search?q=SanDisk&quotesCount=0&newsCount=50&enableFuzzyQuery=false HTTP/1.1" 403 3369
2026-08-17 13:36:02 | DEBUG    | urllib3.connectionpool:291 | Resetting dropped connection: query2.finance.yahoo.com
2026-08-17 13:36:05 | WARNING  | backpack_quant_trading.core.binance_monitor:143 | 币安行情 curl 兜底失败: Command '['curl', '-fsSL', '--max-time', '15', '-A', 'Mozilla/5.0', '-x', 'http://127.0.0.1:7891', 'https://fapi.binance.com/fapi/v1/klines?symbol=BTCUSDT&interval=1m&limit=2']' returned non-zero exit status 7.
2026-08-17 13:36:05 | DEBUG    | asyncio:631 | Using proactor: IocpProactor
2026-08-17 13:36:05 | DEBUG    | urllib3.connectionpool:475 | https://query2.finance.yahoo.com:443 "GET /v1/finance/search?q=SanDisk&quotesCount=0&newsCount=50&enableFuzzyQuery=false HTTP/1.1" 403 3369
2026-08-17 13:36:05 | DEBUG    | urllib3.connectionpool:291 | Resetting dropped connection: query1.finance.yahoo.com
2026-08-17 13:36:07 | WARNING  | backpack_quant_trading.core.binance_monitor:147 | 币安行情 aiohttp 兜底失败: Cannot connect to host 127.0.0.1:7891 ssl:False [远程计算机拒绝网络连接。]
2026-08-17 13:36:07 | DEBUG    | urllib3.connectionpool:1022 | Starting new HTTPS connection (1): fapi.binance.com:443
2026-08-17 13:36:07 | DEBUG    | urllib3.connectionpool:475 | https://query1.finance.yahoo.com:443 "GET /v1/finance/search?q=SNDK&quotesCount=0&newsCount=50&enableFuzzyQuery=false HTTP/1.1" 403 3369
2026-08-17 13:36:08 | DEBUG    | urllib3.connectionpool:291 | Resetting dropped connection: query2.finance.yahoo.com
2026-08-17 13:36:09 | ERROR    | backpack_quant_trading.core.binance_monitor:344 | 获取币安K线失败 futures BTCUSDT 1m: HTTPSConnectionPool(host='fapi.binance.com', port=443): Max retries exceeded with url: /fapi/v1/klines?symbol=BTCUSDT&interval=1m&limit=2 (Caused by ProxyError('Cannot connect to proxy.', NewConnectionError('<urllib3.connection.HTTPSConnection object at 0x000001435A702350>: Failed to establish a new connection: [WinError 10061] 由于目标计算机积极拒绝，无法连接。')))
2026-08-17 13:36:13 | DEBUG    | urllib3.connectionpool:475 | https://query2.finance.yahoo.com:443 "GET /v1/finance/search?q=SNDK&quotesCount=0&newsCount=50&enableFuzzyQuery=false HTTP/1.1" 403 3369
2026-08-17 13:36:13 | DEBUG    | urllib3.connectionpool:291 | Resetting dropped connection: query1.finance.yahoo.com
2026-08-17 13:36:13 | WARNING  | backpack_quant_trading.core.binance_monitor:143 | 币安行情 curl 兜底失败: Command '['curl', '-fsSL', '--max-time', '10', '-A', 'Mozilla/5.0', '-x', 'http://127.0.0.1:7891', 'https://fapi.binance.com/fapi/v1/depth?symbol=BTCUSDT&limit=50']' returned non-zero exit status 7.
2026-08-17 13:36:13 | DEBUG    | asyncio:631 | Using proactor: IocpProactor
2026-08-17 13:36:15 | DEBUG    | urllib3.connectionpool:475 | https://query1.finance.yahoo.com:443 "GET /v1/finance/search?q=INTEL&quotesCount=0&newsCount=50&enableFuzzyQuery=false HTTP/1.1" 403 3369
2026-08-17 13:36:15 | DEBUG    | urllib3.connectionpool:291 | Resetting dropped connection: query2.finance.yahoo.com
2026-08-17 13:36:15 | WARNING  | backpack_quant_trading.core.binance_monitor:147 | 币安行情 aiohttp 兜底失败: Cannot connect to host 127.0.0.1:7891 ssl:False [远程计算机拒绝网络连接。]
2026-08-17 13:36:15 | DEBUG    | urllib3.connectionpool:1022 | Starting new HTTPS connection (1): fapi.binance.com:443
2026-08-17 13:36:16 | DEBUG    | urllib3.connectionpool:475 | https://query2.finance.yahoo.com:443 "GET /v1/finance/search?q=INTEL&quotesCount=0&newsCount=50&enableFuzzyQuery=false HTTP/1.1" 403 3369
2026-08-17 13:36:17 | ERROR    | backpack_quant_trading.core.binance_monitor:364 | 获取币安深度失败 futures BTCUSDT: HTTPSConnectionPool(host='fapi.binance.com', port=443): Max retries exceeded with url: /fapi/v1/depth?symbol=BTCUSDT&limit=50 (Caused by ProxyError('Cannot connect to proxy.', NewConnectionError('<urllib3.connection.HTTPSConnection object at 0x000001435A703890>: Failed to establish a new connection: [WinError 10061] 由于目标计算机积极拒绝，无法连接。')))
2026-08-17 13:36:19 | DEBUG    | urllib3.connectionpool:291 | Resetting dropped connection: query1.finance.yahoo.com
2026-08-17 13:36:22 | DEBUG    | urllib3.connectionpool:475 | https://query1.finance.yahoo.com:443 "GET /v1/finance/search?q=INTC&quotesCount=0&newsCount=50&enableFuzzyQuery=false HTTP/1.1" 403 3369
2026-08-17 13:36:22 | DEBUG    | urllib3.connectionpool:291 | Resetting dropped connection: query2.finance.yahoo.com
2026-08-17 13:36:26 | DEBUG    | urllib3.connectionpool:475 | https://query2.finance.yahoo.com:443 "GET /v1/finance/search?q=INTC&quotesCount=0&newsCount=50&enableFuzzyQuery=false HTTP/1.1" 403 3369
2026-08-17 13:36:26 | DEBUG    | urllib3.connectionpool:291 | Resetting dropped connection: finance.yahoo.com
2026-08-17 13:36:28 | DEBUG    | urllib3.connectionpool:475 | https://finance.yahoo.com:443 "POST /xhr/ncp?queryRef=latestNews&serviceKey=ncp_fin HTTP/1.1" 403 3369
2026-08-17 13:36:28 | DEBUG    | urllib3.connectionpool:1022 | Starting new HTTPS connection (1): feeds.finance.yahoo.com:443
2026-08-17 13:36:29 | DEBUG    | urllib3.connectionpool:475 | https://feeds.finance.yahoo.com:443 "GET /rss/2.0/headline?s=NVIDIA&region=US&lang=en-US HTTP/1.1" 200 394
2026-08-17 13:36:30 | DEBUG    | urllib3.connectionpool:475 | https://feeds.finance.yahoo.com:443 "GET /rss/2.0/headline?s=NVDA&region=US&lang=en-US HTTP/1.1" 200 3658
2026-08-17 13:36:31 | DEBUG    | urllib3.connectionpool:475 | https://feeds.finance.yahoo.com:443 "GET /rss/2.0/headline?s=MICRON&region=US&lang=en-US HTTP/1.1" 200 394
2026-08-17 13:36:33 | DEBUG    | urllib3.connectionpool:475 | https://feeds.finance.yahoo.com:443 "GET /rss/2.0/headline?s=MU&region=US&lang=en-US HTTP/1.1" 200 2855
2026-08-17 13:36:33 | DEBUG    | backpack_quant_trading.core.stock_news_feeds:795 | [雅虎财经] 直连 Search 获取 25 条
2026-08-17 13:36:33 | INFO     | stock_news_alert:555 | 轮询完成 @ 2026-08-17 05:35:16 | 拉取 213 条 (金十数据=18, 同花顺=20, 东方财富=80, 新浪财经=30, 富途牛牛=40, 雅虎财经=25) | 已推送过 0 | 非最新 0 | 未命中关键词 201 | 非重要快讯 12 | 内容相似去重 0 | 新命中 0 | 待推送 0 | 雅虎搜索词: NVIDIA, NVDA, MICRON, MU, SanDisk, SNDK, INTEL, INTC
2026-08-17 13:37:03 | DEBUG    | urllib3.connectionpool:1022 | Starting new HTTPS connection (1): flash-api.jin10.com:443
2026-08-17 13:37:04 | WARNING  | backpack_quant_trading.core.binance_monitor:143 | 币安行情 curl 兜底失败: Command '['curl', '-fsSL', '--max-time', '15', '-A', 'Mozilla/5.0', '-x', 'http://127.0.0.1:7891', 'https://fapi.binance.com/fapi/v1/klines?symbol=BTCUSDT&interval=1m&limit=2']' returned non-zero exit status 7.
2026-08-17 13:37:04 | DEBUG    | asyncio:631 | Using proactor: IocpProactor
2026-08-17 13:37:04 | DEBUG    | urllib3.connectionpool:475 | https://flash-api.jin10.com:443 "GET /get_flash_list?channel=-8200&vip=1 HTTP/1.1" 200 None
2026-08-17 13:37:04 | DEBUG    | urllib3.connectionpool:1022 | Starting new HTTPS connection (1): news.10jqka.com.cn:443
2026-08-17 13:37:05 | DEBUG    | urllib3.connectionpool:475 | https://news.10jqka.com.cn:443 "GET /tapp/news/push/stock?page=1&tag=&track=website HTTP/1.1" 200 None
2026-08-17 13:37:05 | DEBUG    | urllib3.connectionpool:1022 | Starting new HTTPS connection (1): np-weblist.eastmoney.com:443
2026-08-17 13:37:05 | DEBUG    | urllib3.connectionpool:475 | https://np-weblist.eastmoney.com:443 "GET /comm/web/getFastNewsList?client=web&biz=web_724&fastColumn=102&sortEnd=&pageSize=80&req_trace=1710315450384 HTTP/1.1" 200 None
2026-08-17 13:37:05 | DEBUG    | urllib3.connectionpool:1022 | Starting new HTTPS connection (1): zhibo.sina.com.cn:443
2026-08-17 13:37:06 | WARNING  | backpack_quant_trading.core.binance_monitor:147 | 币安行情 aiohttp 兜底失败: Cannot connect to host 127.0.0.1:7891 ssl:False [远程计算机拒绝网络连接。]
2026-08-17 13:37:06 | DEBUG    | urllib3.connectionpool:1022 | Starting new HTTPS connection (1): fapi.binance.com:443
2026-08-17 13:37:07 | DEBUG    | urllib3.connectionpool:475 | https://zhibo.sina.com.cn:443 "GET /api/zhibo/feed?page=1&page_size=30&zhibo_id=152&tag_id=0&dire=f&dpc=1&pagesize=30&type=1 HTTP/1.1" 200 None
2026-08-17 13:37:07 | DEBUG    | urllib3.connectionpool:1022 | Starting new HTTPS connection (1): news.futunn.com:443
2026-08-17 13:37:08 | DEBUG    | urllib3.connectionpool:475 | https://news.futunn.com:443 "GET /news-site-api/main/get-flash-list?pageSize=40 HTTP/1.1" 200 61878
2026-08-17 13:37:08 | DEBUG    | urllib3.connectionpool:1022 | Starting new HTTPS connection (1): finance.yahoo.com:443
2026-08-17 13:37:08 | ERROR    | backpack_quant_trading.core.binance_monitor:344 | 获取币安K线失败 futures BTCUSDT 1m: HTTPSConnectionPool(host='fapi.binance.com', port=443): Max retries exceeded with url: /fapi/v1/klines?symbol=BTCUSDT&interval=1m&limit=2 (Caused by ProxyError('Cannot connect to proxy.', NewConnectionError('<urllib3.connection.HTTPSConnection object at 0x000001435A4D7B10>: Failed to establish a new connection: [WinError 10061] 由于目标计算机积极拒绝，无法连接。')))
2026-08-17 13:37:09 | DEBUG    | urllib3.connectionpool:475 | https://finance.yahoo.com:443 "GET / HTTP/1.1" 403 3369
2026-08-17 13:37:09 | DEBUG    | urllib3.connectionpool:1022 | Starting new HTTPS connection (1): query1.finance.yahoo.com:443
2026-08-17 13:37:11 | DEBUG    | urllib3.connectionpool:475 | https://query1.finance.yahoo.com:443 "GET /v1/finance/search?q=NVIDIA&quotesCount=0&newsCount=50&enableFuzzyQuery=false HTTP/1.1" 403 3369
2026-08-17 13:37:11 | DEBUG    | urllib3.connectionpool:1022 | Starting new HTTPS connection (1): query2.finance.yahoo.com:443
2026-08-17 13:37:13 | WARNING  | backpack_quant_trading.core.binance_monitor:143 | 币安行情 curl 兜底失败: Command '['curl', '-fsSL', '--max-time', '10', '-A', 'Mozilla/5.0', '-x', 'http://127.0.0.1:7891', 'https://fapi.binance.com/fapi/v1/depth?symbol=BTCUSDT&limit=50']' returned non-zero exit status 7.
2026-08-17 13:37:13 | DEBUG    | asyncio:631 | Using proactor: IocpProactor
2026-08-17 13:37:13 | DEBUG    | urllib3.connectionpool:475 | https://query2.finance.yahoo.com:443 "GET /v1/finance/search?q=NVIDIA&quotesCount=0&newsCount=50&enableFuzzyQuery=false HTTP/1.1" 403 3369
2026-08-17 13:37:13 | DEBUG    | urllib3.connectionpool:291 | Resetting dropped connection: query1.finance.yahoo.com
2026-08-17 13:37:15 | DEBUG    | urllib3.connectionpool:475 | https://query1.finance.yahoo.com:443 "GET /v1/finance/search?q=NVDA&quotesCount=0&newsCount=50&enableFuzzyQuery=false HTTP/1.1" 403 3369
2026-08-17 13:37:15 | WARNING  | backpack_quant_trading.core.binance_monitor:147 | 币安行情 aiohttp 兜底失败: Cannot connect to host 127.0.0.1:7891 ssl:False [远程计算机拒绝网络连接。]
2026-08-17 13:37:15 | DEBUG    | urllib3.connectionpool:1022 | Starting new HTTPS connection (1): fapi.binance.com:443
2026-08-17 13:37:15 | DEBUG    | urllib3.connectionpool:291 | Resetting dropped connection: query2.finance.yahoo.com
2026-08-17 13:37:17 | ERROR    | backpack_quant_trading.core.binance_monitor:364 | 获取币安深度失败 futures BTCUSDT: HTTPSConnectionPool(host='fapi.binance.com', port=443): Max retries exceeded with url: /fapi/v1/depth?symbol=BTCUSDT&limit=50 (Caused by ProxyError('Cannot connect to proxy.', NewConnectionError('<urllib3.connection.HTTPSConnection object at 0x000001435A4D6FD0>: Failed to establish a new connection: [WinError 10061] 由于目标计算机积极拒绝，无法连接。')))
2026-08-17 13:37:21 | DEBUG    | urllib3.connectionpool:475 | https://query2.finance.yahoo.com:443 "GET /v1/finance/search?q=NVDA&quotesCount=0&newsCount=50&enableFuzzyQuery=false HTTP/1.1" 403 3369
2026-08-17 13:37:21 | DEBUG    | urllib3.connectionpool:291 | Resetting dropped connection: query1.finance.yahoo.com
2026-08-17 13:37:23 | DEBUG    | urllib3.connectionpool:475 | https://query1.finance.yahoo.com:443 "GET /v1/finance/search?q=MICRON&quotesCount=0&newsCount=50&enableFuzzyQuery=false HTTP/1.1" 403 3369
2026-08-17 13:37:23 | DEBUG    | urllib3.connectionpool:291 | Resetting dropped connection: query2.finance.yahoo.com
2026-08-17 13:37:25 | DEBUG    | urllib3.connectionpool:475 | https://query2.finance.yahoo.com:443 "GET /v1/finance/search?q=MICRON&quotesCount=0&newsCount=50&enableFuzzyQuery=false HTTP/1.1" 403 3369
2026-08-17 13:37:25 | DEBUG    | urllib3.connectionpool:291 | Resetting dropped connection: query1.finance.yahoo.com
2026-08-17 13:37:27 | DEBUG    | urllib3.connectionpool:475 | https://query1.finance.yahoo.com:443 "GET /v1/finance/search?q=MU&quotesCount=0&newsCount=50&enableFuzzyQuery=false HTTP/1.1" 403 3369
2026-08-17 13:37:27 | DEBUG    | urllib3.connectionpool:291 | Resetting dropped connection: query2.finance.yahoo.com
2026-08-17 13:37:28 | DEBUG    | urllib3.connectionpool:475 | https://query2.finance.yahoo.com:443 "GET /v1/finance/search?q=MU&quotesCount=0&newsCount=50&enableFuzzyQuery=false HTTP/1.1" 403 3369
2026-08-17 13:37:28 | DEBUG    | urllib3.connectionpool:291 | Resetting dropped connection: query1.finance.yahoo.com
2026-08-17 13:37:33 | DEBUG    | urllib3.connectionpool:475 | https://query1.finance.yahoo.com:443 "GET /v1/finance/search?q=SanDisk&quotesCount=0&newsCount=50&enableFuzzyQuery=false HTTP/1.1" 403 3369
2026-08-17 13:37:33 | DEBUG    | urllib3.connectionpool:291 | Resetting dropped connection: query2.finance.yahoo.com
2026-08-17 13:37:38 | DEBUG    | urllib3.connectionpool:475 | https://query2.finance.yahoo.com:443 "GET /v1/finance/search?q=SanDisk&quotesCount=0&newsCount=50&enableFuzzyQuery=false HTTP/1.1" 403 3369
2026-08-17 13:37:39 | DEBUG    | urllib3.connectionpool:291 | Resetting dropped connection: query1.finance.yahoo.com
2026-08-17 13:37:43 | DEBUG    | urllib3.connectionpool:475 | https://query1.finance.yahoo.com:443 "GET /v1/finance/search?q=SNDK&quotesCount=0&newsCount=50&enableFuzzyQuery=false HTTP/1.1" 403 3369
2026-08-17 13:37:44 | DEBUG    | urllib3.connectionpool:291 | Resetting dropped connection: query2.finance.yahoo.com
2026-08-17 13:37:47 | DEBUG    | urllib3.connectionpool:475 | https://query2.finance.yahoo.com:443 "GET /v1/finance/search?q=SNDK&quotesCount=0&newsCount=50&enableFuzzyQuery=false HTTP/1.1" 403 3369
2026-08-17 13:37:47 | DEBUG    | urllib3.connectionpool:291 | Resetting dropped connection: query1.finance.yahoo.com
2026-08-17 13:37:52 | DEBUG    | urllib3.connectionpool:475 | https://query1.finance.yahoo.com:443 "GET /v1/finance/search?q=INTEL&quotesCount=0&newsCount=50&enableFuzzyQuery=false HTTP/1.1" 403 3369
2026-08-17 13:37:52 | DEBUG    | urllib3.connectionpool:291 | Resetting dropped connection: query2.finance.yahoo.com
2026-08-17 13:37:56 | DEBUG    | urllib3.connectionpool:475 | https://query2.finance.yahoo.com:443 "GET /v1/finance/search?q=INTEL&quotesCount=0&newsCount=50&enableFuzzyQuery=false HTTP/1.1" 403 3369
2026-08-17 13:37:56 | DEBUG    | urllib3.connectionpool:291 | Resetting dropped connection: query1.finance.yahoo.com
2026-08-17 13:37:58 | DEBUG    | urllib3.connectionpool:475 | https://query1.finance.yahoo.com:443 "GET /v1/finance/search?q=INTC&quotesCount=0&newsCount=50&enableFuzzyQuery=false HTTP/1.1" 403 3369
2026-08-17 13:37:58 | DEBUG    | urllib3.connectionpool:291 | Resetting dropped connection: query2.finance.yahoo.com
2026-08-17 13:38:00 | DEBUG    | urllib3.connectionpool:475 | https://query2.finance.yahoo.com:443 "GET /v1/finance/search?q=INTC&quotesCount=0&newsCount=50&enableFuzzyQuery=false HTTP/1.1" 403 3369
2026-08-17 13:38:00 | DEBUG    | urllib3.connectionpool:291 | Resetting dropped connection: finance.yahoo.com
2026-08-17 13:38:02 | DEBUG    | urllib3.connectionpool:475 | https://finance.yahoo.com:443 "POST /xhr/ncp?queryRef=latestNews&serviceKey=ncp_fin HTTP/1.1" 403 3369
2026-08-17 13:38:05 | WARNING  | backpack_quant_trading.core.binance_monitor:143 | 币安行情 curl 兜底失败: Command '['curl', '-fsSL', '--max-time', '15', '-A', 'Mozilla/5.0', '-x', 'http://127.0.0.1:7891', 'https://fapi.binance.com/fapi/v1/klines?symbol=BTCUSDT&interval=1m&limit=2']' returned non-zero exit status 7.
2026-08-17 13:38:05 | DEBUG    | asyncio:631 | Using proactor: IocpProactor
2026-08-17 13:38:07 | WARNING  | backpack_quant_trading.core.binance_monitor:147 | 币安行情 aiohttp 兜底失败: Cannot connect to host 127.0.0.1:7891 ssl:False [远程计算机拒绝网络连接。]
2026-08-17 13:38:07 | DEBUG    | urllib3.connectionpool:1022 | Starting new HTTPS connection (1): fapi.binance.com:443
2026-08-17 13:38:09 | ERROR    | backpack_quant_trading.core.binance_monitor:344 | 获取币安K线失败 futures BTCUSDT 1m: HTTPSConnectionPool(host='fapi.binance.com', port=443): Max retries exceeded with url: /fapi/v1/klines?symbol=BTCUSDT&interval=1m&limit=2 (Caused by ProxyError('Cannot connect to proxy.', NewConnectionError('<urllib3.connection.HTTPSConnection object at 0x000001435A4D7250>: Failed to establish a new connection: [WinError 10061] 由于目标计算机积极拒绝，无法连接。')))
2026-08-17 13:38:13 | WARNING  | backpack_quant_trading.core.binance_monitor:143 | 币安行情 curl 兜底失败: Command '['curl', '-fsSL', '--max-time', '10', '-A', 'Mozilla/5.0', '-x', 'http://127.0.0.1:7891', 'https://fapi.binance.com/fapi/v1/depth?symbol=BTCUSDT&limit=50']' returned non-zero exit status 7.
2026-08-17 13:38:13 | DEBUG    | urllib3.connectionpool:1022 | Starting new HTTPS connection (1): feeds.finance.yahoo.com:443
2026-08-17 13:38:13 | DEBUG    | asyncio:631 | Using proactor: IocpProactor
2026-08-17 13:38:15 | DEBUG    | urllib3.connectionpool:475 | https://feeds.finance.yahoo.com:443 "GET /rss/2.0/headline?s=NVIDIA&region=US&lang=en-US HTTP/1.1" 200 394
2026-08-17 13:38:15 | WARNING  | backpack_quant_trading.core.binance_monitor:147 | 币安行情 aiohttp 兜底失败: Cannot connect to host 127.0.0.1:7891 ssl:False [远程计算机拒绝网络连接。]
2026-08-17 13:38:15 | DEBUG    | urllib3.connectionpool:1022 | Starting new HTTPS connection (1): fapi.binance.com:443
2026-08-17 13:38:16 | DEBUG    | urllib3.connectionpool:475 | https://feeds.finance.yahoo.com:443 "GET /rss/2.0/headline?s=NVDA&region=US&lang=en-US HTTP/1.1" 200 4690
2026-08-17 13:38:17 | ERROR    | backpack_quant_trading.core.binance_monitor:364 | 获取币安深度失败 futures BTCUSDT: HTTPSConnectionPool(host='fapi.binance.com', port=443): Max retries exceeded with url: /fapi/v1/depth?symbol=BTCUSDT&limit=50 (Caused by ProxyError('Cannot connect to proxy.', NewConnectionError('<urllib3.connection.HTTPSConnection object at 0x000001435A4D6210>: Failed to establish a new connection: [WinError 10061] 由于目标计算机积极拒绝，无法连接。')))
2026-08-17 13:38:19 | DEBUG    | urllib3.connectionpool:475 | https://feeds.finance.yahoo.com:443 "GET /rss/2.0/headline?s=MICRON&region=US&lang=en-US HTTP/1.1" 200 394
2026-08-17 13:38:20 | DEBUG    | urllib3.connectionpool:475 | https://feeds.finance.yahoo.com:443 "GET /rss/2.0/headline?s=MU&region=US&lang=en-US HTTP/1.1" 200 2856
2026-08-17 13:38:20 | DEBUG    | backpack_quant_trading.core.stock_news_feeds:795 | [雅虎财经] 直连 Search 获取 30 条
2026-08-17 13:38:20 | INFO     | stock_news_alert:555 | 轮询完成 @ 2026-08-17 05:37:03 | 拉取 218 条 (金十数据=18, 同花顺=20, 东方财富=80, 新浪财经=30, 富途牛牛=40, 雅虎财经=30) | 已推送过 0 | 非最新 0 | 未命中关键词 205 | 非重要快讯 13 | 内容相似去重 0 | 新命中 0 | 待推送 0 | 雅虎搜索词: NVIDIA, NVDA, MICRON, MU, SanDisk, SNDK, INTEL, INTC
2026-08-17 13:38:50 | DEBUG    | urllib3.connectionpool:1022 | Starting new HTTPS connection (1): flash-api.jin10.com:443
2026-08-17 13:38:52 | DEBUG    | urllib3.connectionpool:475 | https://flash-api.jin10.com:443 "GET /get_flash_list?channel=-8200&vip=1 HTTP/1.1" 200 None
2026-08-17 13:38:52 | DEBUG    | urllib3.connectionpool:1022 | Starting new HTTPS connection (1): news.10jqka.com.cn:443
2026-08-17 13:38:53 | DEBUG    | urllib3.connectionpool:475 | https://news.10jqka.com.cn:443 "GET /tapp/news/push/stock?page=1&tag=&track=website HTTP/1.1" 200 None
2026-08-17 13:38:53 | DEBUG    | urllib3.connectionpool:1022 | Starting new HTTPS connection (1): np-weblist.eastmoney.com:443
2026-08-17 13:38:54 | DEBUG    | urllib3.connectionpool:475 | https://np-weblist.eastmoney.com:443 "GET /comm/web/getFastNewsList?client=web&biz=web_724&fastColumn=102&sortEnd=&pageSize=80&req_trace=1710315450384 HTTP/1.1" 200 None
2026-08-17 13:38:54 | DEBUG    | urllib3.connectionpool:1022 | Starting new HTTPS connection (1): zhibo.sina.com.cn:443
2026-08-17 13:38:55 | DEBUG    | urllib3.connectionpool:475 | https://zhibo.sina.com.cn:443 "GET /api/zhibo/feed?page=1&page_size=30&zhibo_id=152&tag_id=0&dire=f&dpc=1&pagesize=30&type=1 HTTP/1.1" 200 None
2026-08-17 13:38:55 | DEBUG    | urllib3.connectionpool:1022 | Starting new HTTPS connection (1): news.futunn.com:443
2026-08-17 13:38:57 | DEBUG    | urllib3.connectionpool:475 | https://news.futunn.com:443 "GET /news-site-api/main/get-flash-list?pageSize=40 HTTP/1.1" 200 62788
2026-08-17 13:38:57 | DEBUG    | urllib3.connectionpool:1022 | Starting new HTTPS connection (1): finance.yahoo.com:443
2026-08-17 13:38:59 | DEBUG    | urllib3.connectionpool:475 | https://finance.yahoo.com:443 "GET / HTTP/1.1" 403 3369
2026-08-17 13:39:01 | DEBUG    | urllib3.connectionpool:1022 | Starting new HTTPS connection (1): query1.finance.yahoo.com:443
2026-08-17 13:39:03 | DEBUG    | urllib3.connectionpool:475 | https://query1.finance.yahoo.com:443 "GET /v1/finance/search?q=NVIDIA&quotesCount=0&newsCount=50&enableFuzzyQuery=false HTTP/1.1" 403 3369
2026-08-17 13:39:04 | DEBUG    | urllib3.connectionpool:1022 | Starting new HTTPS connection (1): query2.finance.yahoo.com:443
2026-08-17 13:39:05 | WARNING  | backpack_quant_trading.core.binance_monitor:143 | 币安行情 curl 兜底失败: Command '['curl', '-fsSL', '--max-time', '15', '-A', 'Mozilla/5.0', '-x', 'http://127.0.0.1:7891', 'https://fapi.binance.com/fapi/v1/klines?symbol=BTCUSDT&interval=1m&limit=2']' returned non-zero exit status 7.
2026-08-17 13:39:05 | DEBUG    | asyncio:631 | Using proactor: IocpProactor
2026-08-17 13:39:06 | DEBUG    | urllib3.connectionpool:475 | https://query2.finance.yahoo.com:443 "GET /v1/finance/search?q=NVIDIA&quotesCount=0&newsCount=50&enableFuzzyQuery=false HTTP/1.1" 403 3369
2026-08-17 13:39:07 | WARNING  | backpack_quant_trading.core.binance_monitor:147 | 币安行情 aiohttp 兜底失败: Cannot connect to host 127.0.0.1:7891 ssl:False [远程计算机拒绝网络连接。]
2026-08-17 13:39:07 | DEBUG    | urllib3.connectionpool:1022 | Starting new HTTPS connection (1): fapi.binance.com:443
2026-08-17 13:39:09 | ERROR    | backpack_quant_trading.core.binance_monitor:344 | 获取币安K线失败 futures BTCUSDT 1m: HTTPSConnectionPool(host='fapi.binance.com', port=443): Max retries exceeded with url: /fapi/v1/klines?symbol=BTCUSDT&interval=1m&limit=2 (Caused by ProxyError('Cannot connect to proxy.', NewConnectionError('<urllib3.connection.HTTPSConnection object at 0x000001435A702C10>: Failed to establish a new connection: [WinError 10061] 由于目标计算机积极拒绝，无法连接。')))
2026-08-17 13:39:10 | DEBUG    | urllib3.connectionpool:291 | Resetting dropped connection: query1.finance.yahoo.com
2026-08-17 13:39:12 | DEBUG    | urllib3.connectionpool:475 | https://query1.finance.yahoo.com:443 "GET /v1/finance/search?q=NVDA&quotesCount=0&newsCount=50&enableFuzzyQuery=false HTTP/1.1" 403 3369
2026-08-17 13:39:12 | DEBUG    | urllib3.connectionpool:291 | Resetting dropped connection: query2.finance.yahoo.com
2026-08-17 13:39:14 | WARNING  | backpack_quant_trading.core.binance_monitor:143 | 币安行情 curl 兜底失败: Command '['curl', '-fsSL', '--max-time', '10', '-A', 'Mozilla/5.0', '-x', 'http://127.0.0.1:7891', 'https://fapi.binance.com/fapi/v1/depth?symbol=BTCUSDT&limit=50']' returned non-zero exit status 7.
2026-08-17 13:39:14 | DEBUG    | asyncio:631 | Using proactor: IocpProactor
2026-08-17 13:39:16 | WARNING  | backpack_quant_trading.core.binance_monitor:147 | 币安行情 aiohttp 兜底失败: Cannot connect to host 127.0.0.1:7891 ssl:False [远程计算机拒绝网络连接。]
2026-08-17 13:39:16 | DEBUG    | urllib3.connectionpool:1022 | Starting new HTTPS connection (1): fapi.binance.com:443
2026-08-17 13:39:16 | DEBUG    | urllib3.connectionpool:475 | https://query2.finance.yahoo.com:443 "GET /v1/finance/search?q=NVDA&quotesCount=0&newsCount=50&enableFuzzyQuery=false HTTP/1.1" 403 3369
2026-08-17 13:39:17 | DEBUG    | urllib3.connectionpool:291 | Resetting dropped connection: query1.finance.yahoo.com
2026-08-17 13:39:18 | ERROR    | backpack_quant_trading.core.binance_monitor:364 | 获取币安深度失败 futures BTCUSDT: HTTPSConnectionPool(host='fapi.binance.com', port=443): Max retries exceeded with url: /fapi/v1/depth?symbol=BTCUSDT&limit=50 (Caused by ProxyError('Cannot connect to proxy.', NewConnectionError('<urllib3.connection.HTTPSConnection object at 0x000001435A701810>: Failed to establish a new connection: [WinError 10061] 由于目标计算机积极拒绝，无法连接。')))
2026-08-17 13:39:21 | DEBUG    | urllib3.connectionpool:475 | https://query1.finance.yahoo.com:443 "GET /v1/finance/search?q=MICRON&quotesCount=0&newsCount=50&enableFuzzyQuery=false HTTP/1.1" 403 3369
2026-08-17 13:39:22 | DEBUG    | urllib3.connectionpool:291 | Resetting dropped connection: query2.finance.yahoo.com
2026-08-17 13:39:27 | DEBUG    | urllib3.connectionpool:291 | Resetting dropped connection: query1.finance.yahoo.com
2026-08-17 13:39:32 | DEBUG    | urllib3.connectionpool:475 | https://query1.finance.yahoo.com:443 "GET /v1/finance/search?q=MU&quotesCount=0&newsCount=50&enableFuzzyQuery=false HTTP/1.1" 403 3369
2026-08-17 13:39:33 | DEBUG    | urllib3.connectionpool:1022 | Starting new HTTPS connection (2): query2.finance.yahoo.com:443
2026-08-17 13:39:35 | DEBUG    | urllib3.connectionpool:475 | https://query2.finance.yahoo.com:443 "GET /v1/finance/search?q=MU&quotesCount=0&newsCount=50&enableFuzzyQuery=false HTTP/1.1" 403 3369
2026-08-17 13:39:35 | DEBUG    | urllib3.connectionpool:291 | Resetting dropped connection: query1.finance.yahoo.com
2026-08-17 13:39:38 | DEBUG    | urllib3.connectionpool:475 | https://query1.finance.yahoo.com:443 "GET /v1/finance/search?q=SanDisk&quotesCount=0&newsCount=50&enableFuzzyQuery=false HTTP/1.1" 403 3369
2026-08-17 13:39:38 | DEBUG    | urllib3.connectionpool:291 | Resetting dropped connection: query2.finance.yahoo.com
2026-08-17 13:39:41 | DEBUG    | urllib3.connectionpool:475 | https://query2.finance.yahoo.com:443 "GET /v1/finance/search?q=SanDisk&quotesCount=0&newsCount=50&enableFuzzyQuery=false HTTP/1.1" 403 3369
2026-08-17 13:39:50 | DEBUG    | urllib3.connectionpool:291 | Resetting dropped connection: query1.finance.yahoo.com
2026-08-17 13:39:53 | DEBUG    | urllib3.connectionpool:475 | https://query1.finance.yahoo.com:443 "GET /v1/finance/search?q=SNDK&quotesCount=0&newsCount=50&enableFuzzyQuery=false HTTP/1.1" 403 3369
2026-08-17 13:39:53 | DEBUG    | urllib3.connectionpool:291 | Resetting dropped connection: query2.finance.yahoo.com
2026-08-17 13:39:55 | DEBUG    | urllib3.connectionpool:475 | https://query2.finance.yahoo.com:443 "GET /v1/finance/search?q=SNDK&quotesCount=0&newsCount=50&enableFuzzyQuery=false HTTP/1.1" 403 3369
2026-08-17 13:39:58 | DEBUG    | urllib3.connectionpool:291 | Resetting dropped connection: query1.finance.yahoo.com
2026-08-17 13:40:03 | DEBUG    | urllib3.connectionpool:291 | Resetting dropped connection: query2.finance.yahoo.com
2026-08-17 13:40:04 | WARNING  | backpack_quant_trading.core.binance_monitor:143 | 币安行情 curl 兜底失败: Command '['curl', '-fsSL', '--max-time', '15', '-A', 'Mozilla/5.0', '-x', 'http://127.0.0.1:7891', 'https://fapi.binance.com/fapi/v1/klines?symbol=BTCUSDT&interval=1m&limit=2']' returned non-zero exit status 7.
2026-08-17 13:40:04 | DEBUG    | asyncio:631 | Using proactor: IocpProactor
2026-08-17 13:40:05 | DEBUG    | urllib3.connectionpool:475 | https://query2.finance.yahoo.com:443 "GET /v1/finance/search?q=INTEL&quotesCount=0&newsCount=50&enableFuzzyQuery=false HTTP/1.1" 403 3369
2026-08-17 13:40:06 | WARNING  | backpack_quant_trading.core.binance_monitor:147 | 币安行情 aiohttp 兜底失败: Cannot connect to host 127.0.0.1:7891 ssl:False [远程计算机拒绝网络连接。]
2026-08-17 13:40:06 | DEBUG    | urllib3.connectionpool:1022 | Starting new HTTPS connection (1): fapi.binance.com:443
2026-08-17 13:40:08 | ERROR    | backpack_quant_trading.core.binance_monitor:344 | 获取币安K线失败 futures BTCUSDT 1m: HTTPSConnectionPool(host='fapi.binance.com', port=443): Max retries exceeded with url: /fapi/v1/klines?symbol=BTCUSDT&interval=1m&limit=2 (Caused by ProxyError('Cannot connect to proxy.', NewConnectionError('<urllib3.connection.HTTPSConnection object at 0x000001435A7007D0>: Failed to establish a new connection: [WinError 10061] 由于目标计算机积极拒绝，无法连接。')))
2026-08-17 13:40:10 | DEBUG    | urllib3.connectionpool:1022 | Starting new HTTPS connection (2): query1.finance.yahoo.com:443
2026-08-17 13:40:12 | DEBUG    | urllib3.connectionpool:475 | https://query1.finance.yahoo.com:443 "GET /v1/finance/search?q=INTC&quotesCount=0&newsCount=50&enableFuzzyQuery=false HTTP/1.1" 403 3369
2026-08-17 13:40:12 | DEBUG    | urllib3.connectionpool:291 | Resetting dropped connection: query2.finance.yahoo.com
2026-08-17 13:40:13 | WARNING  | backpack_quant_trading.core.binance_monitor:143 | 币安行情 curl 兜底失败: Command '['curl', '-fsSL', '--max-time', '10', '-A', 'Mozilla/5.0', '-x', 'http://127.0.0.1:7891', 'https://fapi.binance.com/fapi/v1/depth?symbol=BTCUSDT&limit=50']' returned non-zero exit status 7.
2026-08-17 13:40:13 | DEBUG    | asyncio:631 | Using proactor: IocpProactor
2026-08-17 13:40:15 | WARNING  | backpack_quant_trading.core.binance_monitor:147 | 币安行情 aiohttp 兜底失败: Cannot connect to host 127.0.0.1:7891 ssl:False [远程计算机拒绝网络连接。]
2026-08-17 13:40:15 | DEBUG    | urllib3.connectionpool:1022 | Starting new HTTPS connection (1): fapi.binance.com:443
2026-08-17 13:40:16 | DEBUG    | urllib3.connectionpool:475 | https://query2.finance.yahoo.com:443 "GET /v1/finance/search?q=INTC&quotesCount=0&newsCount=50&enableFuzzyQuery=false HTTP/1.1" 403 3369
2026-08-17 13:40:16 | DEBUG    | urllib3.connectionpool:291 | Resetting dropped connection: finance.yahoo.com
2026-08-17 13:40:17 | ERROR    | backpack_quant_trading.core.binance_monitor:364 | 获取币安深度失败 futures BTCUSDT: HTTPSConnectionPool(host='fapi.binance.com', port=443): Max retries exceeded with url: /fapi/v1/depth?symbol=BTCUSDT&limit=50 (Caused by ProxyError('Cannot connect to proxy.', NewConnectionError('<urllib3.connection.HTTPSConnection object at 0x000001435A701950>: Failed to establish a new connection: [WinError 10061] 由于目标计算机积极拒绝，无法连接。')))
2026-08-17 13:40:19 | DEBUG    | urllib3.connectionpool:1022 | Starting new HTTPS connection (1): feeds.finance.yahoo.com:443
2026-08-17 13:40:22 | DEBUG    | urllib3.connectionpool:475 | https://feeds.finance.yahoo.com:443 "GET /rss/2.0/headline?s=NVIDIA&region=US&lang=en-US HTTP/1.1" 200 393
2026-08-17 13:40:23 | DEBUG    | urllib3.connectionpool:475 | https://feeds.finance.yahoo.com:443 "GET /rss/2.0/headline?s=NVDA&region=US&lang=en-US HTTP/1.1" 200 3661
2026-08-17 13:40:24 | DEBUG    | urllib3.connectionpool:475 | https://feeds.finance.yahoo.com:443 "GET /rss/2.0/headline?s=MICRON&region=US&lang=en-US HTTP/1.1" 200 394
2026-08-17 13:40:24 | DEBUG    | urllib3.connectionpool:475 | https://feeds.finance.yahoo.com:443 "GET /rss/2.0/headline?s=MU&region=US&lang=en-US HTTP/1.1" 200 2856
2026-08-17 13:40:24 | DEBUG    | backpack_quant_trading.core.stock_news_feeds:795 | [雅虎财经] 直连 Search 获取 25 条
2026-08-17 13:40:24 | INFO     | stock_news_alert:555 | 轮询完成 @ 2026-08-17 05:38:50 | 拉取 213 条 (金十数据=18, 同花顺=20, 东方财富=80, 新浪财经=30, 富途牛牛=40, 雅虎财经=25) | 已推送过 0 | 非最新 0 | 未命中关键词 201 | 非重要快讯 12 | 内容相似去重 0 | 新命中 0 | 待推送 0 | 雅虎搜索词: NVIDIA, NVDA, MICRON, MU, SanDisk, SNDK, INTEL, INTC
2026-08-17 13:40:54 | DEBUG    | urllib3.connectionpool:1022 | Starting new HTTPS connection (1): flash-api.jin10.com:443
2026-08-17 13:40:55 | DEBUG    | urllib3.connectionpool:475 | https://flash-api.jin10.com:443 "GET /get_flash_list?channel=-8200&vip=1 HTTP/1.1" 200 None
2026-08-17 13:40:55 | DEBUG    | urllib3.connectionpool:1022 | Starting new HTTPS connection (1): news.10jqka.com.cn:443
2026-08-17 13:40:56 | DEBUG    | urllib3.connectionpool:475 | https://news.10jqka.com.cn:443 "GET /tapp/news/push/stock?page=1&tag=&track=website HTTP/1.1" 200 None
2026-08-17 13:40:56 | DEBUG    | urllib3.connectionpool:1022 | Starting new HTTPS connection (1): np-weblist.eastmoney.com:443
2026-08-17 13:40:57 | DEBUG    | urllib3.connectionpool:475 | https://np-weblist.eastmoney.com:443 "GET /comm/web/getFastNewsList?client=web&biz=web_724&fastColumn=102&sortEnd=&pageSize=80&req_trace=1710315450384 HTTP/1.1" 200 None
2026-08-17 13:40:57 | DEBUG    | urllib3.connectionpool:1022 | Starting new HTTPS connection (1): zhibo.sina.com.cn:443
2026-08-17 13:40:57 | DEBUG    | urllib3.connectionpool:475 | https://zhibo.sina.com.cn:443 "GET /api/zhibo/feed?page=1&page_size=30&zhibo_id=152&tag_id=0&dire=f&dpc=1&pagesize=30&type=1 HTTP/1.1" 200 None
2026-08-17 13:40:58 | DEBUG    | urllib3.connectionpool:1022 | Starting new HTTPS connection (1): news.futunn.com:443
2026-08-17 13:40:59 | DEBUG    | urllib3.connectionpool:475 | https://news.futunn.com:443 "GET /news-site-api/main/get-flash-list?pageSize=40 HTTP/1.1" 200 63684
2026-08-17 13:40:59 | DEBUG    | urllib3.connectionpool:1022 | Starting new HTTPS connection (1): finance.yahoo.com:443
2026-08-17 13:41:04 | DEBUG    | urllib3.connectionpool:1022 | Starting new HTTPS connection (1): query1.finance.yahoo.com:443
2026-08-17 13:41:05 | WARNING  | backpack_quant_trading.core.binance_monitor:143 | 币安行情 curl 兜底失败: Command '['curl', '-fsSL', '--max-time', '15', '-A', 'Mozilla/5.0', '-x', 'http://127.0.0.1:7891', 'https://fapi.binance.com/fapi/v1/klines?symbol=BTCUSDT&interval=1m&limit=2']' returned non-zero exit status 7.
2026-08-17 13:41:05 | DEBUG    | asyncio:631 | Using proactor: IocpProactor
2026-08-17 13:41:07 | DEBUG    | urllib3.connectionpool:475 | https://query1.finance.yahoo.com:443 "GET /v1/finance/search?q=NVIDIA&quotesCount=0&newsCount=50&enableFuzzyQuery=false HTTP/1.1" 403 3369
2026-08-17 13:41:07 | DEBUG    | urllib3.connectionpool:1022 | Starting new HTTPS connection (1): query2.finance.yahoo.com:443
2026-08-17 13:41:08 | WARNING  | backpack_quant_trading.core.binance_monitor:147 | 币安行情 aiohttp 兜底失败: Cannot connect to host 127.0.0.1:7891 ssl:False [远程计算机拒绝网络连接。]
2026-08-17 13:41:08 | DEBUG    | urllib3.connectionpool:1022 | Starting new HTTPS connection (1): fapi.binance.com:443
2026-08-17 13:41:09 | DEBUG    | urllib3.connectionpool:475 | https://query2.finance.yahoo.com:443 "GET /v1/finance/search?q=NVIDIA&quotesCount=0&newsCount=50&enableFuzzyQuery=false HTTP/1.1" 403 3369
2026-08-17 13:41:09 | DEBUG    | urllib3.connectionpool:291 | Resetting dropped connection: query1.finance.yahoo.com
2026-08-17 13:41:10 | ERROR    | backpack_quant_trading.core.binance_monitor:344 | 获取币安K线失败 futures BTCUSDT 1m: HTTPSConnectionPool(host='fapi.binance.com', port=443): Max retries exceeded with url: /fapi/v1/klines?symbol=BTCUSDT&interval=1m&limit=2 (Caused by ProxyError('Cannot connect to proxy.', NewConnectionError('<urllib3.connection.HTTPSConnection object at 0x000001435A702350>: Failed to establish a new connection: [WinError 10061] 由于目标计算机积极拒绝，无法连接。')))
2026-08-17 13:41:14 | WARNING  | backpack_quant_trading.core.binance_monitor:143 | 币安行情 curl 兜底失败: Command '['curl', '-fsSL', '--max-time', '10', '-A', 'Mozilla/5.0', '-x', 'http://127.0.0.1:7891', 'https://fapi.binance.com/fapi/v1/depth?symbol=BTCUSDT&limit=50']' returned non-zero exit status 7.
2026-08-17 13:41:14 | DEBUG    | asyncio:631 | Using proactor: IocpProactor
2026-08-17 13:41:15 | DEBUG    | urllib3.connectionpool:475 | https://query1.finance.yahoo.com:443 "GET /v1/finance/search?q=NVDA&quotesCount=0&newsCount=50&enableFuzzyQuery=false HTTP/1.1" 403 3369
2026-08-17 13:41:15 | DEBUG    | urllib3.connectionpool:291 | Resetting dropped connection: query2.finance.yahoo.com
2026-08-17 13:41:16 | WARNING  | backpack_quant_trading.core.binance_monitor:147 | 币安行情 aiohttp 兜底失败: Cannot connect to host 127.0.0.1:7891 ssl:False [远程计算机拒绝网络连接。]
2026-08-17 13:41:16 | DEBUG    | urllib3.connectionpool:1022 | Starting new HTTPS connection (1): fapi.binance.com:443
2026-08-17 13:41:18 | ERROR    | backpack_quant_trading.core.binance_monitor:364 | 获取币安深度失败 futures BTCUSDT: HTTPSConnectionPool(host='fapi.binance.com', port=443): Max retries exceeded with url: /fapi/v1/depth?symbol=BTCUSDT&limit=50 (Caused by ProxyError('Cannot connect to proxy.', NewConnectionError('<urllib3.connection.HTTPSConnection object at 0x000001435A701BD0>: Failed to establish a new connection: [WinError 10061] 由于目标计算机积极拒绝，无法连接。')))
2026-08-17 13:41:21 | DEBUG    | urllib3.connectionpool:475 | https://query2.finance.yahoo.com:443 "GET /v1/finance/search?q=NVDA&quotesCount=0&newsCount=50&enableFuzzyQuery=false HTTP/1.1" 403 3369
2026-08-17 13:41:25 | DEBUG    | urllib3.connectionpool:291 | Resetting dropped connection: query1.finance.yahoo.com
2026-08-17 13:41:29 | DEBUG    | urllib3.connectionpool:1022 | Starting new HTTPS connection (1): api.hyperliquid.xyz:443
2026-08-17 13:41:30 | DEBUG    | urllib3.connectionpool:291 | Resetting dropped connection: query2.finance.yahoo.com
2026-08-17 13:41:31 | ERROR    | backpack_quant_trading.core.hyperliquid_klines:225 | HL metaAndAssetCtxs 失败: HTTPSConnectionPool(host='api.hyperliquid.xyz', port=443): Max retries exceeded with url: /info (Caused by ProxyError('Cannot connect to proxy.', NewConnectionError('<urllib3.connection.HTTPSConnection object at 0x000001435A701950>: Failed to establish a new connection: [WinError 10061] 由于目标计算机积极拒绝，无法连接。')))
2026-08-17 13:41:31 | INFO     | kline_scheduler:424 | [上涨扫描] 定时完成: 2026-08-17 05:41:31 UTC · 通过 0 个 · 耗时 2.0s
2026-08-17 13:41:31 | INFO     | kline_scheduler:434 | [上涨扫描] 下次扫描约 1.0h 后
2026-08-17 13:41:32 | DEBUG    | urllib3.connectionpool:475 | https://query2.finance.yahoo.com:443 "GET /v1/finance/search?q=MICRON&quotesCount=0&newsCount=50&enableFuzzyQuery=false HTTP/1.1" 403 3369
2026-08-17 13:41:32 | DEBUG    | urllib3.connectionpool:1022 | Starting new HTTPS connection (2): query1.finance.yahoo.com:443
2026-08-17 13:41:36 | DEBUG    | urllib3.connectionpool:475 | https://query1.finance.yahoo.com:443 "GET /v1/finance/search?q=MU&quotesCount=0&newsCount=50&enableFuzzyQuery=false HTTP/1.1" 403 3369
2026-08-17 13:41:37 | DEBUG    | urllib3.connectionpool:291 | Resetting dropped connection: query2.finance.yahoo.com
2026-08-17 13:41:38 | DEBUG    | urllib3.connectionpool:475 | https://query2.finance.yahoo.com:443 "GET /v1/finance/search?q=MU&quotesCount=0&newsCount=50&enableFuzzyQuery=false HTTP/1.1" 403 3369
2026-08-17 13:41:38 | DEBUG    | urllib3.connectionpool:291 | Resetting dropped connection: query1.finance.yahoo.com
2026-08-17 13:41:40 | DEBUG    | urllib3.connectionpool:475 | https://query1.finance.yahoo.com:443 "GET /v1/finance/search?q=SanDisk&quotesCount=0&newsCount=50&enableFuzzyQuery=false HTTP/1.1" 403 3369
2026-08-17 13:41:40 | DEBUG    | urllib3.connectionpool:291 | Resetting dropped connection: query2.finance.yahoo.com
2026-08-17 13:41:42 | DEBUG    | urllib3.connectionpool:475 | https://query2.finance.yahoo.com:443 "GET /v1/finance/search?q=SanDisk&quotesCount=0&newsCount=50&enableFuzzyQuery=false HTTP/1.1" 403 3369
2026-08-17 13:41:42 | DEBUG    | urllib3.connectionpool:291 | Resetting dropped connection: query1.finance.yahoo.com
2026-08-17 13:41:44 | DEBUG    | urllib3.connectionpool:475 | https://query1.finance.yahoo.com:443 "GET /v1/finance/search?q=SNDK&quotesCount=0&newsCount=50&enableFuzzyQuery=false HTTP/1.1" 403 3369
2026-08-17 13:41:44 | DEBUG    | urllib3.connectionpool:291 | Resetting dropped connection: query2.finance.yahoo.com
2026-08-17 13:41:46 | DEBUG    | urllib3.connectionpool:475 | https://query2.finance.yahoo.com:443 "GET /v1/finance/search?q=SNDK&quotesCount=0&newsCount=50&enableFuzzyQuery=false HTTP/1.1" 403 3369
2026-08-17 13:41:46 | DEBUG    | urllib3.connectionpool:291 | Resetting dropped connection: query1.finance.yahoo.com
2026-08-17 13:41:48 | DEBUG    | urllib3.connectionpool:475 | https://query1.finance.yahoo.com:443 "GET /v1/finance/search?q=INTEL&quotesCount=0&newsCount=50&enableFuzzyQuery=false HTTP/1.1" 403 3369
2026-08-17 13:41:52 | DEBUG    | urllib3.connectionpool:291 | Resetting dropped connection: query2.finance.yahoo.com
2026-08-17 13:41:54 | DEBUG    | urllib3.connectionpool:475 | https://query2.finance.yahoo.com:443 "GET /v1/finance/search?q=INTEL&quotesCount=0&newsCount=50&enableFuzzyQuery=false HTTP/1.1" 403 3369
2026-08-17 13:41:54 | DEBUG    | urllib3.connectionpool:291 | Resetting dropped connection: query1.finance.yahoo.com
2026-08-17 13:41:56 | DEBUG    | urllib3.connectionpool:475 | https://query1.finance.yahoo.com:443 "GET /v1/finance/search?q=INTC&quotesCount=0&newsCount=50&enableFuzzyQuery=false HTTP/1.1" 403 3369
2026-08-17 13:41:56 | DEBUG    | urllib3.connectionpool:291 | Resetting dropped connection: query2.finance.yahoo.com
2026-08-17 13:41:58 | DEBUG    | urllib3.connectionpool:475 | https://query2.finance.yahoo.com:443 "GET /v1/finance/search?q=INTC&quotesCount=0&newsCount=50&enableFuzzyQuery=false HTTP/1.1" 403 3369
2026-08-17 13:41:58 | DEBUG    | urllib3.connectionpool:1022 | Starting new HTTPS connection (2): finance.yahoo.com:443
2026-08-17 13:42:03 | DEBUG    | urllib3.connectionpool:475 | https://finance.yahoo.com:443 "POST /xhr/ncp?queryRef=latestNews&serviceKey=ncp_fin HTTP/1.1" 403 3369
2026-08-17 13:42:04 | WARNING  | backpack_quant_trading.core.binance_monitor:143 | 币安行情 curl 兜底失败: Command '['curl', '-fsSL', '--max-time', '15', '-A', 'Mozilla/5.0', '-x', 'http://127.0.0.1:7891', 'https://fapi.binance.com/fapi/v1/klines?symbol=BTCUSDT&interval=1m&limit=2']' returned non-zero exit status 7.
2026-08-17 13:42:04 | DEBUG    | asyncio:631 | Using proactor: IocpProactor
2026-08-17 13:42:05 | DEBUG    | urllib3.connectionpool:1022 | Starting new HTTPS connection (1): feeds.finance.yahoo.com:443
2026-08-17 13:42:06 | WARNING  | backpack_quant_trading.core.binance_monitor:147 | 币安行情 aiohttp 兜底失败: Cannot connect to host 127.0.0.1:7891 ssl:False [远程计算机拒绝网络连接。]
2026-08-17 13:42:06 | DEBUG    | urllib3.connectionpool:1022 | Starting new HTTPS connection (1): fapi.binance.com:443
2026-08-17 13:42:08 | ERROR    | backpack_quant_trading.core.binance_monitor:344 | 获取币安K线失败 futures BTCUSDT 1m: HTTPSConnectionPool(host='fapi.binance.com', port=443): Max retries exceeded with url: /fapi/v1/klines?symbol=BTCUSDT&interval=1m&limit=2 (Caused by ProxyError('Cannot connect to proxy.', NewConnectionError('<urllib3.connection.HTTPSConnection object at 0x000001435A7034D0>: Failed to establish a new connection: [WinError 10061] 由于目标计算机积极拒绝，无法连接。')))
2026-08-17 13:42:09 | DEBUG    | urllib3.connectionpool:475 | https://feeds.finance.yahoo.com:443 "GET /rss/2.0/headline?s=NVIDIA&region=US&lang=en-US HTTP/1.1" 200 394
2026-08-17 13:42:09 | DEBUG    | urllib3.connectionpool:475 | https://feeds.finance.yahoo.com:443 "GET /rss/2.0/headline?s=NVDA&region=US&lang=en-US HTTP/1.1" 200 3661
2026-08-17 13:42:10 | DEBUG    | urllib3.connectionpool:475 | https://feeds.finance.yahoo.com:443 "GET /rss/2.0/headline?s=MICRON&region=US&lang=en-US HTTP/1.1" 200 394
2026-08-17 13:42:12 | WARNING  | backpack_quant_trading.core.binance_monitor:143 | 币安行情 curl 兜底失败: Command '['curl', '-fsSL', '--max-time', '10', '-A', 'Mozilla/5.0', '-x', 'http://127.0.0.1:7891', 'https://fapi.binance.com/fapi/v1/depth?symbol=BTCUSDT&limit=50']' returned non-zero exit status 7.
2026-08-17 13:42:12 | DEBUG    | asyncio:631 | Using proactor: IocpProactor
2026-08-17 13:42:12 | DEBUG    | urllib3.connectionpool:475 | https://feeds.finance.yahoo.com:443 "GET /rss/2.0/headline?s=MU&region=US&lang=en-US HTTP/1.1" 200 2856
2026-08-17 13:42:12 | DEBUG    | backpack_quant_trading.core.stock_news_feeds:795 | [雅虎财经] 直连 Search 获取 25 条
2026-08-17 13:42:12 | INFO     | stock_news_alert:555 | 轮询完成 @ 2026-08-17 05:40:54 | 拉取 212 条 (金十数据=17, 同花顺=20, 东方财富=80, 新浪财经=30, 富途牛牛=40, 雅虎财经=25) | 已推送过 0 | 非最新 0 | 未命中关键词 200 | 非重要快讯 12 | 内容相似去重 0 | 新命中 0 | 待推送 0 | 雅虎搜索词: NVIDIA, NVDA, MICRON, MU, SanDisk, SNDK, INTEL, INTC
2026-08-17 13:42:14 | WARNING  | backpack_quant_trading.core.binance_monitor:147 | 币安行情 aiohttp 兜底失败: Cannot connect to host 127.0.0.1:7891 ssl:False [远程计算机拒绝网络连接。]
2026-08-17 13:42:14 | DEBUG    | urllib3.connectionpool:1022 | Starting new HTTPS connection (1): fapi.binance.com:443
2026-08-17 13:42:16 | ERROR    | backpack_quant_trading.core.binance_monitor:364 | 获取币安深度失败 futures BTCUSDT: HTTPSConnectionPool(host='fapi.binance.com', port=443): Max retries exceeded with url: /fapi/v1/depth?symbol=BTCUSDT&limit=50 (Caused by ProxyError('Cannot connect to proxy.', NewConnectionError('<urllib3.connection.HTTPSConnection object at 0x000001435A703610>: Failed to establish a new connection: [WinError 10061] 由于目标计算机积极拒绝，无法连接。')))
2026-08-17 13:42:42 | DEBUG    | urllib3.connectionpool:1022 | Starting new HTTPS connection (1): flash-api.jin10.com:443
2026-08-17 13:42:43 | DEBUG    | urllib3.connectionpool:475 | https://flash-api.jin10.com:443 "GET /get_flash_list?channel=-8200&vip=1 HTTP/1.1" 200 None
2026-08-17 13:42:43 | DEBUG    | urllib3.connectionpool:1022 | Starting new HTTPS connection (1): news.10jqka.com.cn:443
2026-08-17 13:42:44 | DEBUG    | urllib3.connectionpool:475 | https://news.10jqka.com.cn:443 "GET /tapp/news/push/stock?page=1&tag=&track=website HTTP/1.1" 200 None
2026-08-17 13:42:44 | DEBUG    | urllib3.connectionpool:1022 | Starting new HTTPS connection (1): np-weblist.eastmoney.com:443
2026-08-17 13:42:45 | DEBUG    | urllib3.connectionpool:475 | https://np-weblist.eastmoney.com:443 "GET /comm/web/getFastNewsList?client=web&biz=web_724&fastColumn=102&sortEnd=&pageSize=80&req_trace=1710315450384 HTTP/1.1" 200 None
2026-08-17 13:42:45 | DEBUG    | urllib3.connectionpool:1022 | Starting new HTTPS connection (1): zhibo.sina.com.cn:443
2026-08-17 13:42:46 | DEBUG    | urllib3.connectionpool:475 | https://zhibo.sina.com.cn:443 "GET /api/zhibo/feed?page=1&page_size=30&zhibo_id=152&tag_id=0&dire=f&dpc=1&pagesize=30&type=1 HTTP/1.1" 200 None
2026-08-17 13:42:46 | DEBUG    | urllib3.connectionpool:1022 | Starting new HTTPS connection (1): news.futunn.com:443
2026-08-17 13:42:47 | DEBUG    | urllib3.connectionpool:475 | https://news.futunn.com:443 "GET /news-site-api/main/get-flash-list?pageSize=40 HTTP/1.1" 200 63680
2026-08-17 13:42:47 | DEBUG    | urllib3.connectionpool:1022 | Starting new HTTPS connection (1): finance.yahoo.com:443
2026-08-17 13:42:49 | DEBUG    | urllib3.connectionpool:475 | https://finance.yahoo.com:443 "GET / HTTP/1.1" 403 3369
2026-08-17 13:42:49 | DEBUG    | urllib3.connectionpool:1022 | Starting new HTTPS connection (1): query1.finance.yahoo.com:443
2026-08-17 13:42:51 | DEBUG    | urllib3.connectionpool:475 | https://query1.finance.yahoo.com:443 "GET /v1/finance/search?q=NVIDIA&quotesCount=0&newsCount=50&enableFuzzyQuery=false HTTP/1.1" 403 3369
2026-08-17 13:42:51 | DEBUG    | urllib3.connectionpool:1022 | Starting new HTTPS connection (1): query2.finance.yahoo.com:443
2026-08-17 13:42:55 | DEBUG    | urllib3.connectionpool:475 | https://query2.finance.yahoo.com:443 "GET /v1/finance/search?q=NVIDIA&quotesCount=0&newsCount=50&enableFuzzyQuery=false HTTP/1.1" 403 3369
2026-08-17 13:42:55 | DEBUG    | urllib3.connectionpool:291 | Resetting dropped connection: query1.finance.yahoo.com
2026-08-17 13:42:58 | DEBUG    | urllib3.connectionpool:475 | https://query1.finance.yahoo.com:443 "GET /v1/finance/search?q=NVDA&quotesCount=0&newsCount=50&enableFuzzyQuery=false HTTP/1.1" 403 3369
2026-08-17 13:42:58 | DEBUG    | urllib3.connectionpool:291 | Resetting dropped connection: query2.finance.yahoo.com
2026-08-17 13:43:01 | DEBUG    | urllib3.connectionpool:475 | https://query2.finance.yahoo.com:443 "GET /v1/finance/search?q=NVDA&quotesCount=0&newsCount=50&enableFuzzyQuery=false HTTP/1.1" 403 3369
2026-08-17 13:43:01 | DEBUG    | urllib3.connectionpool:291 | Resetting dropped connection: query1.finance.yahoo.com
2026-08-17 13:43:03 | DEBUG    | urllib3.connectionpool:475 | https://query1.finance.yahoo.com:443 "GET /v1/finance/search?q=MICRON&quotesCount=0&newsCount=50&enableFuzzyQuery=false HTTP/1.1" 403 3369
2026-08-17 13:43:03 | DEBUG    | urllib3.connectionpool:291 | Resetting dropped connection: query2.finance.yahoo.com
2026-08-17 13:43:04 | WARNING  | backpack_quant_trading.core.binance_monitor:143 | 币安行情 curl 兜底失败: Command '['curl', '-fsSL', '--max-time', '15', '-A', 'Mozilla/5.0', '-x', 'http://127.0.0.1:7891', 'https://fapi.binance.com/fapi/v1/klines?symbol=BTCUSDT&interval=1m&limit=2']' returned non-zero exit status 7.
2026-08-17 13:43:04 | DEBUG    | asyncio:631 | Using proactor: IocpProactor
2026-08-17 13:43:06 | WARNING  | backpack_quant_trading.core.binance_monitor:147 | 币安行情 aiohttp 兜底失败: Cannot connect to host 127.0.0.1:7891 ssl:False [远程计算机拒绝网络连接。]
2026-08-17 13:43:06 | DEBUG    | urllib3.connectionpool:1022 | Starting new HTTPS connection (1): fapi.binance.com:443
2026-08-17 13:43:06 | DEBUG    | urllib3.connectionpool:475 | https://query2.finance.yahoo.com:443 "GET /v1/finance/search?q=MICRON&quotesCount=0&newsCount=50&enableFuzzyQuery=false HTTP/1.1" 403 3369
2026-08-17 13:43:07 | DEBUG    | urllib3.connectionpool:291 | Resetting dropped connection: query1.finance.yahoo.com
2026-08-17 13:43:08 | ERROR    | backpack_quant_trading.core.binance_monitor:344 | 获取币安K线失败 futures BTCUSDT 1m: HTTPSConnectionPool(host='fapi.binance.com', port=443): Max retries exceeded with url: /fapi/v1/klines?symbol=BTCUSDT&interval=1m&limit=2 (Caused by ProxyError('Cannot connect to proxy.', NewConnectionError('<urllib3.connection.HTTPSConnection object at 0x000001435A4D6990>: Failed to establish a new connection: [WinError 10061] 由于目标计算机积极拒绝，无法连接。')))
2026-08-17 13:43:10 | DEBUG    | urllib3.connectionpool:475 | https://query1.finance.yahoo.com:443 "GET /v1/finance/search?q=MU&quotesCount=0&newsCount=50&enableFuzzyQuery=false HTTP/1.1" 403 3369
2026-08-17 13:43:10 | DEBUG    | urllib3.connectionpool:291 | Resetting dropped connection: query2.finance.yahoo.com
2026-08-17 13:43:13 | WARNING  | backpack_quant_trading.core.binance_monitor:143 | 币安行情 curl 兜底失败: Command '['curl', '-fsSL', '--max-time', '10', '-A', 'Mozilla/5.0', '-x', 'http://127.0.0.1:7891', 'https://fapi.binance.com/fapi/v1/depth?symbol=BTCUSDT&limit=50']' returned non-zero exit status 7.
2026-08-17 13:43:13 | DEBUG    | asyncio:631 | Using proactor: IocpProactor
2026-08-17 13:43:15 | DEBUG    | urllib3.connectionpool:475 | https://query2.finance.yahoo.com:443 "GET /v1/finance/search?q=MU&quotesCount=0&newsCount=50&enableFuzzyQuery=false HTTP/1.1" 403 3369
2026-08-17 13:43:15 | DEBUG    | urllib3.connectionpool:291 | Resetting dropped connection: query1.finance.yahoo.com
2026-08-17 13:43:15 | WARNING  | backpack_quant_trading.core.binance_monitor:147 | 币安行情 aiohttp 兜底失败: Cannot connect to host 127.0.0.1:7891 ssl:False [远程计算机拒绝网络连接。]
2026-08-17 13:43:15 | DEBUG    | urllib3.connectionpool:1022 | Starting new HTTPS connection (1): fapi.binance.com:443
2026-08-17 13:43:17 | ERROR    | backpack_quant_trading.core.binance_monitor:364 | 获取币安深度失败 futures BTCUSDT: HTTPSConnectionPool(host='fapi.binance.com', port=443): Max retries exceeded with url: /fapi/v1/depth?symbol=BTCUSDT&limit=50 (Caused by ProxyError('Cannot connect to proxy.', NewConnectionError('<urllib3.connection.HTTPSConnection object at 0x000001435A4D6350>: Failed to establish a new connection: [WinError 10061] 由于目标计算机积极拒绝，无法连接。')))
2026-08-17 13:43:21 | DEBUG    | urllib3.connectionpool:291 | Resetting dropped connection: query2.finance.yahoo.com
2026-08-17 13:43:24 | DEBUG    | urllib3.connectionpool:475 | https://query2.finance.yahoo.com:443 "GET /v1/finance/search?q=SanDisk&quotesCount=0&newsCount=50&enableFuzzyQuery=false HTTP/1.1" 403 3369
2026-08-17 13:43:24 | DEBUG    | urllib3.connectionpool:1022 | Starting new HTTPS connection (2): query1.finance.yahoo.com:443
2026-08-17 13:43:27 | DEBUG    | urllib3.connectionpool:475 | https://query1.finance.yahoo.com:443 "GET /v1/finance/search?q=SNDK&quotesCount=0&newsCount=50&enableFuzzyQuery=false HTTP/1.1" 403 3369
2026-08-17 13:43:27 | DEBUG    | urllib3.connectionpool:291 | Resetting dropped connection: query2.finance.yahoo.com
2026-08-17 13:43:29 | DEBUG    | urllib3.connectionpool:475 | https://query2.finance.yahoo.com:443 "GET /v1/finance/search?q=SNDK&quotesCount=0&newsCount=50&enableFuzzyQuery=false HTTP/1.1" 403 3369
2026-08-17 13:43:30 | DEBUG    | urllib3.connectionpool:291 | Resetting dropped connection: query1.finance.yahoo.com
2026-08-17 13:43:31 | DEBUG    | urllib3.connectionpool:475 | https://query1.finance.yahoo.com:443 "GET /v1/finance/search?q=INTEL&quotesCount=0&newsCount=50&enableFuzzyQuery=false HTTP/1.1" 403 3369
2026-08-17 13:43:36 | DEBUG    | urllib3.connectionpool:291 | Resetting dropped connection: query2.finance.yahoo.com
2026-08-17 13:43:39 | DEBUG    | urllib3.connectionpool:475 | https://query2.finance.yahoo.com:443 "GET /v1/finance/search?q=INTEL&quotesCount=0&newsCount=50&enableFuzzyQuery=false HTTP/1.1" 403 3369
2026-08-17 13:43:39 | DEBUG    | urllib3.connectionpool:291 | Resetting dropped connection: query1.finance.yahoo.com
2026-08-17 13:43:41 | DEBUG    | urllib3.connectionpool:475 | https://query1.finance.yahoo.com:443 "GET /v1/finance/search?q=INTC&quotesCount=0&newsCount=50&enableFuzzyQuery=false HTTP/1.1" 403 3369
2026-08-17 13:43:41 | DEBUG    | urllib3.connectionpool:291 | Resetting dropped connection: query2.finance.yahoo.com
2026-08-17 13:43:43 | DEBUG    | urllib3.connectionpool:475 | https://query2.finance.yahoo.com:443 "GET /v1/finance/search?q=INTC&quotesCount=0&newsCount=50&enableFuzzyQuery=false HTTP/1.1" 403 3369
2026-08-17 13:43:47 | DEBUG    | urllib3.connectionpool:291 | Resetting dropped connection: finance.yahoo.com
2026-08-17 13:43:49 | DEBUG    | urllib3.connectionpool:475 | https://finance.yahoo.com:443 "POST /xhr/ncp?queryRef=latestNews&serviceKey=ncp_fin HTTP/1.1" 403 3369
2026-08-17 13:43:49 | DEBUG    | urllib3.connectionpool:1022 | Starting new HTTPS connection (1): feeds.finance.yahoo.com:443
2026-08-17 13:43:52 | DEBUG    | urllib3.connectionpool:475 | https://feeds.finance.yahoo.com:443 "GET /rss/2.0/headline?s=NVIDIA&region=US&lang=en-US HTTP/1.1" 200 394
2026-08-17 13:43:56 | DEBUG    | urllib3.connectionpool:475 | https://feeds.finance.yahoo.com:443 "GET /rss/2.0/headline?s=NVDA&region=US&lang=en-US HTTP/1.1" 200 3657
2026-08-17 13:43:56 | DEBUG    | urllib3.connectionpool:475 | https://feeds.finance.yahoo.com:443 "GET /rss/2.0/headline?s=MICRON&region=US&lang=en-US HTTP/1.1" 200 394
2026-08-17 13:43:57 | DEBUG    | urllib3.connectionpool:475 | https://feeds.finance.yahoo.com:443 "GET /rss/2.0/headline?s=MU&region=US&lang=en-US HTTP/1.1" 200 5076
2026-08-17 13:43:57 | DEBUG    | backpack_quant_trading.core.stock_news_feeds:795 | [雅虎财经] 直连 Search 获取 35 条
2026-08-17 13:43:57 | INFO     | stock_news_alert:555 | 轮询完成 @ 2026-08-17 05:42:42 | 拉取 223 条 (金十数据=18, 同花顺=20, 东方财富=80, 新浪财经=30, 富途牛牛=40, 雅虎财经=35) | 已推送过 0 | 非最新 0 | 未命中关键词 205 | 非重要快讯 18 | 内容相似去重 0 | 新命中 0 | 待推送 0 | 雅虎搜索词: NVIDIA, NVDA, MICRON, MU, SanDisk, SNDK, INTEL, INTC
2026-08-17 13:44:04 | WARNING  | backpack_quant_trading.core.binance_monitor:143 | 币安行情 curl 兜底失败: Command '['curl', '-fsSL', '--max-time', '15', '-A', 'Mozilla/5.0', '-x', 'http://127.0.0.1:7891', 'https://fapi.binance.com/fapi/v1/klines?symbol=BTCUSDT&interval=1m&limit=2']' returned non-zero exit status 7.
2026-08-17 13:44:04 | DEBUG    | asyncio:631 | Using proactor: IocpProactor
2026-08-17 13:44:06 | WARNING  | backpack_quant_trading.core.binance_monitor:147 | 币安行情 aiohttp 兜底失败: Cannot connect to host 127.0.0.1:7891 ssl:False [远程计算机拒绝网络连接。]
2026-08-17 13:44:06 | DEBUG    | urllib3.connectionpool:1022 | Starting new HTTPS connection (1): fapi.binance.com:443
2026-08-17 13:44:09 | ERROR    | backpack_quant_trading.core.binance_monitor:344 | 获取币安K线失败 futures BTCUSDT 1m: HTTPSConnectionPool(host='fapi.binance.com', port=443): Max retries exceeded with url: /fapi/v1/klines?symbol=BTCUSDT&interval=1m&limit=2 (Caused by ProxyError('Cannot connect to proxy.', NewConnectionError('<urllib3.connection.HTTPSConnection object at 0x000001435A700190>: Failed to establish a new connection: [WinError 10061] 由于目标计算机积极拒绝，无法连接。')))
2026-08-17 13:44:14 | WARNING  | backpack_quant_trading.core.binance_monitor:143 | 币安行情 curl 兜底失败: Command '['curl', '-fsSL', '--max-time', '10', '-A', 'Mozilla/5.0', '-x', 'http://127.0.0.1:7891', 'https://fapi.binance.com/fapi/v1/depth?symbol=BTCUSDT&limit=50']' returned non-zero exit status 7.
2026-08-17 13:44:14 | DEBUG    | asyncio:631 | Using proactor: IocpProactor
2026-08-17 13:44:16 | WARNING  | backpack_quant_trading.core.binance_monitor:147 | 币安行情 aiohttp 兜底失败: Cannot connect to host 127.0.0.1:7891 ssl:False [远程计算机拒绝网络连接。]
2026-08-17 13:44:16 | DEBUG    | urllib3.connectionpool:1022 | Starting new HTTPS connection (1): fapi.binance.com:443
2026-08-17 13:44:19 | ERROR    | backpack_quant_trading.core.binance_monitor:364 | 获取币安深度失败 futures BTCUSDT: HTTPSConnectionPool(host='fapi.binance.com', port=443): Max retries exceeded with url: /fapi/v1/depth?symbol=BTCUSDT&limit=50 (Caused by ProxyError('Cannot connect to proxy.', NewConnectionError('<urllib3.connection.HTTPSConnection object at 0x000001435A702350>: Failed to establish a new connection: [WinError 10061] 由于目标计算机积极拒绝，无法连接。')))
2026-08-17 13:44:27 | DEBUG    | urllib3.connectionpool:1022 | Starting new HTTPS connection (1): flash-api.jin10.com:443
2026-08-17 13:44:28 | DEBUG    | urllib3.connectionpool:475 | https://flash-api.jin10.com:443 "GET /get_flash_list?channel=-8200&vip=1 HTTP/1.1" 200 None
2026-08-17 13:44:28 | DEBUG    | urllib3.connectionpool:1022 | Starting new HTTPS connection (1): news.10jqka.com.cn:443
2026-08-17 13:44:29 | DEBUG    | urllib3.connectionpool:475 | https://news.10jqka.com.cn:443 "GET /tapp/news/push/stock?page=1&tag=&track=website HTTP/1.1" 200 None
2026-08-17 13:44:29 | DEBUG    | urllib3.connectionpool:1022 | Starting new HTTPS connection (1): np-weblist.eastmoney.com:443
2026-08-17 13:44:30 | DEBUG    | urllib3.connectionpool:475 | https://np-weblist.eastmoney.com:443 "GET /comm/web/getFastNewsList?client=web&biz=web_724&fastColumn=102&sortEnd=&pageSize=80&req_trace=1710315450384 HTTP/1.1" 200 None
2026-08-17 13:44:30 | DEBUG    | urllib3.connectionpool:1022 | Starting new HTTPS connection (1): zhibo.sina.com.cn:443
2026-08-17 13:44:31 | DEBUG    | urllib3.connectionpool:475 | https://zhibo.sina.com.cn:443 "GET /api/zhibo/feed?page=1&page_size=30&zhibo_id=152&tag_id=0&dire=f&dpc=1&pagesize=30&type=1 HTTP/1.1" 200 None
2026-08-17 13:44:31 | DEBUG    | urllib3.connectionpool:1022 | Starting new HTTPS connection (1): news.futunn.com:443
2026-08-17 13:44:33 | DEBUG    | urllib3.connectionpool:475 | https://news.futunn.com:443 "GET /news-site-api/main/get-flash-list?pageSize=40 HTTP/1.1" 200 63647
2026-08-17 13:44:33 | DEBUG    | urllib3.connectionpool:1022 | Starting new HTTPS connection (1): finance.yahoo.com:443
2026-08-17 13:44:35 | DEBUG    | urllib3.connectionpool:475 | https://finance.yahoo.com:443 "GET / HTTP/1.1" 403 3369
2026-08-17 13:44:35 | DEBUG    | urllib3.connectionpool:1022 | Starting new HTTPS connection (1): query1.finance.yahoo.com:443
2026-08-17 13:44:37 | DEBUG    | urllib3.connectionpool:475 | https://query1.finance.yahoo.com:443 "GET /v1/finance/search?q=NVIDIA&quotesCount=0&newsCount=50&enableFuzzyQuery=false HTTP/1.1" 403 3369
2026-08-17 13:44:42 | DEBUG    | urllib3.connectionpool:1022 | Starting new HTTPS connection (1): query2.finance.yahoo.com:443
2026-08-17 13:44:44 | DEBUG    | urllib3.connectionpool:475 | https://query2.finance.yahoo.com:443 "GET /v1/finance/search?q=NVIDIA&quotesCount=0&newsCount=50&enableFuzzyQuery=false HTTP/1.1" 403 3369
2026-08-17 13:44:48 | DEBUG    | urllib3.connectionpool:291 | Resetting dropped connection: query1.finance.yahoo.com
2026-08-17 13:44:50 | DEBUG    | urllib3.connectionpool:475 | https://query1.finance.yahoo.com:443 "GET /v1/finance/search?q=NVDA&quotesCount=0&newsCount=50&enableFuzzyQuery=false HTTP/1.1" 403 3369
2026-08-17 13:44:50 | DEBUG    | urllib3.connectionpool:291 | Resetting dropped connection: query2.finance.yahoo.com
2026-08-17 13:44:56 | DEBUG    | urllib3.connectionpool:475 | https://query2.finance.yahoo.com:443 "GET /v1/finance/search?q=NVDA&quotesCount=0&newsCount=50&enableFuzzyQuery=false HTTP/1.1" 403 3369
2026-08-17 13:44:56 | DEBUG    | urllib3.connectionpool:291 | Resetting dropped connection: query1.finance.yahoo.com
2026-08-17 13:44:59 | DEBUG    | urllib3.connectionpool:475 | https://query1.finance.yahoo.com:443 "GET /v1/finance/search?q=MICRON&quotesCount=0&newsCount=50&enableFuzzyQuery=false HTTP/1.1" 403 3369
2026-08-17 13:44:59 | DEBUG    | urllib3.connectionpool:291 | Resetting dropped connection: query2.finance.yahoo.com
2026-08-17 13:45:03 | DEBUG    | urllib3.connectionpool:475 | https://query2.finance.yahoo.com:443 "GET /v1/finance/search?q=MICRON&quotesCount=0&newsCount=50&enableFuzzyQuery=false HTTP/1.1" 403 3369
2026-08-17 13:45:09 | DEBUG    | urllib3.connectionpool:291 | Resetting dropped connection: query1.finance.yahoo.com
2026-08-17 13:45:11 | WARNING  | backpack_quant_trading.core.binance_monitor:143 | 币安行情 curl 兜底失败: Command '['curl', '-fsSL', '--max-time', '15', '-A', 'Mozilla/5.0', '-x', 'http://127.0.0.1:7891', 'https://fapi.binance.com/fapi/v1/klines?symbol=BTCUSDT&interval=1m&limit=2']' returned non-zero exit status 7.
2026-08-17 13:45:11 | DEBUG    | asyncio:631 | Using proactor: IocpProactor
2026-08-17 13:45:12 | DEBUG    | urllib3.connectionpool:475 | https://query1.finance.yahoo.com:443 "GET /v1/finance/search?q=MU&quotesCount=0&newsCount=50&enableFuzzyQuery=false HTTP/1.1" 403 3369
2026-08-17 13:45:14 | WARNING  | backpack_quant_trading.core.binance_monitor:147 | 币安行情 aiohttp 兜底失败: Cannot connect to host 127.0.0.1:7891 ssl:False [远程计算机拒绝网络连接。]
2026-08-17 13:45:14 | DEBUG    | urllib3.connectionpool:1022 | Starting new HTTPS connection (1): fapi.binance.com:443
2026-08-17 13:45:16 | DEBUG    | urllib3.connectionpool:291 | Resetting dropped connection: query2.finance.yahoo.com
2026-08-17 13:45:17 | ERROR    | backpack_quant_trading.core.binance_monitor:344 | 获取币安K线失败 futures BTCUSDT 1m: HTTPSConnectionPool(host='fapi.binance.com', port=443): Max retries exceeded with url: /fapi/v1/klines?symbol=BTCUSDT&interval=1m&limit=2 (Caused by ProxyError('Cannot connect to proxy.', NewConnectionError('<urllib3.connection.HTTPSConnection object at 0x000001435A4D79D0>: Failed to establish a new connection: [WinError 10061] 由于目标计算机积极拒绝，无法连接。')))
2026-08-17 13:45:20 | DEBUG    | urllib3.connectionpool:475 | https://query2.finance.yahoo.com:443 "GET /v1/finance/search?q=MU&quotesCount=0&newsCount=50&enableFuzzyQuery=false HTTP/1.1" 403 3369
2026-08-17 13:45:20 | DEBUG    | urllib3.connectionpool:291 | Resetting dropped connection: query1.finance.yahoo.com
2026-08-17 13:45:21 | WARNING  | backpack_quant_trading.core.binance_monitor:143 | 币安行情 curl 兜底失败: Command '['curl', '-fsSL', '--max-time', '10', '-A', 'Mozilla/5.0', '-x', 'http://127.0.0.1:7891', 'https://fapi.binance.com/fapi/v1/depth?symbol=BTCUSDT&limit=50']' returned non-zero exit status 7.
2026-08-17 13:45:21 | DEBUG    | asyncio:631 | Using proactor: IocpProactor
2026-08-17 13:45:23 | DEBUG    | urllib3.connectionpool:475 | https://query1.finance.yahoo.com:443 "GET /v1/finance/search?q=SanDisk&quotesCount=0&newsCount=50&enableFuzzyQuery=false HTTP/1.1" 403 3369
2026-08-17 13:45:23 | WARNING  | backpack_quant_trading.core.binance_monitor:147 | 币安行情 aiohttp 兜底失败: Cannot connect to host 127.0.0.1:7891 ssl:False [远程计算机拒绝网络连接。]
2026-08-17 13:45:23 | DEBUG    | urllib3.connectionpool:1022 | Starting new HTTPS connection (1): fapi.binance.com:443
2026-08-17 13:45:25 | DEBUG    | urllib3.connectionpool:291 | Resetting dropped connection: query2.finance.yahoo.com
2026-08-17 13:45:25 | ERROR    | backpack_quant_trading.core.binance_monitor:364 | 获取币安深度失败 futures BTCUSDT: HTTPSConnectionPool(host='fapi.binance.com', port=443): Max retries exceeded with url: /fapi/v1/depth?symbol=BTCUSDT&limit=50 (Caused by ProxyError('Cannot connect to proxy.', NewConnectionError('<urllib3.connection.HTTPSConnection object at 0x000001435A4D5BD0>: Failed to establish a new connection: [WinError 10061] 由于目标计算机积极拒绝，无法连接。')))
2026-08-17 13:45:28 | DEBUG    | urllib3.connectionpool:475 | https://query2.finance.yahoo.com:443 "GET /v1/finance/search?q=SanDisk&quotesCount=0&newsCount=50&enableFuzzyQuery=false HTTP/1.1" 403 3369
2026-08-17 13:45:28 | DEBUG    | urllib3.connectionpool:291 | Resetting dropped connection: query1.finance.yahoo.com
2026-08-17 13:45:37 | DEBUG    | urllib3.connectionpool:475 | https://query1.finance.yahoo.com:443 "GET /v1/finance/search?q=SNDK&quotesCount=0&newsCount=50&enableFuzzyQuery=false HTTP/1.1" 403 3369
2026-08-17 13:45:37 | DEBUG    | urllib3.connectionpool:291 | Resetting dropped connection: query2.finance.yahoo.com
2026-08-17 13:45:39 | DEBUG    | urllib3.connectionpool:475 | https://query2.finance.yahoo.com:443 "GET /v1/finance/search?q=SNDK&quotesCount=0&newsCount=50&enableFuzzyQuery=false HTTP/1.1" 403 3369
2026-08-17 13:45:39 | DEBUG    | urllib3.connectionpool:291 | Resetting dropped connection: query1.finance.yahoo.com
2026-08-17 13:45:44 | DEBUG    | urllib3.connectionpool:475 | https://query1.finance.yahoo.com:443 "GET /v1/finance/search?q=INTEL&quotesCount=0&newsCount=50&enableFuzzyQuery=false HTTP/1.1" 403 3369
2026-08-17 13:45:44 | DEBUG    | urllib3.connectionpool:291 | Resetting dropped connection: query2.finance.yahoo.com
2026-08-17 13:45:47 | DEBUG    | urllib3.connectionpool:475 | https://query2.finance.yahoo.com:443 "GET /v1/finance/search?q=INTEL&quotesCount=0&newsCount=50&enableFuzzyQuery=false HTTP/1.1" 403 3369
2026-08-17 13:45:47 | DEBUG    | urllib3.connectionpool:291 | Resetting dropped connection: query1.finance.yahoo.com
2026-08-17 13:45:48 | DEBUG    | urllib3.connectionpool:475 | https://query1.finance.yahoo.com:443 "GET /v1/finance/search?q=INTC&quotesCount=0&newsCount=50&enableFuzzyQuery=false HTTP/1.1" 403 3369
2026-08-17 13:45:52 | DEBUG    | urllib3.connectionpool:291 | Resetting dropped connection: query2.finance.yahoo.com
2026-08-17 13:45:57 | DEBUG    | urllib3.connectionpool:475 | https://query2.finance.yahoo.com:443 "GET /v1/finance/search?q=INTC&quotesCount=0&newsCount=50&enableFuzzyQuery=false HTTP/1.1" 403 3369
2026-08-17 13:45:57 | DEBUG    | urllib3.connectionpool:291 | Resetting dropped connection: finance.yahoo.com
2026-08-17 13:46:02 | DEBUG    | urllib3.connectionpool:1022 | Starting new HTTPS connection (1): feeds.finance.yahoo.com:443
2026-08-17 13:46:04 | DEBUG    | urllib3.connectionpool:475 | https://feeds.finance.yahoo.com:443 "GET /rss/2.0/headline?s=NVIDIA&region=US&lang=en-US HTTP/1.1" 200 394
2026-08-17 13:46:05 | WARNING  | backpack_quant_trading.core.binance_monitor:143 | 币安行情 curl 兜底失败: Command '['curl', '-fsSL', '--max-time', '15', '-A', 'Mozilla/5.0', '-x', 'http://127.0.0.1:7891', 'https://fapi.binance.com/fapi/v1/klines?symbol=BTCUSDT&interval=1m&limit=2']' returned non-zero exit status 7.
2026-08-17 13:46:05 | DEBUG    | asyncio:631 | Using proactor: IocpProactor
2026-08-17 13:46:07 | WARNING  | backpack_quant_trading.core.binance_monitor:147 | 币安行情 aiohttp 兜底失败: Cannot connect to host 127.0.0.1:7891 ssl:False [远程计算机拒绝网络连接。]
2026-08-17 13:46:07 | DEBUG    | urllib3.connectionpool:1022 | Starting new HTTPS connection (1): fapi.binance.com:443
2026-08-17 13:46:08 | DEBUG    | urllib3.connectionpool:475 | https://feeds.finance.yahoo.com:443 "GET /rss/2.0/headline?s=NVDA&region=US&lang=en-US HTTP/1.1" 200 4690
2026-08-17 13:46:09 | DEBUG    | urllib3.connectionpool:475 | https://feeds.finance.yahoo.com:443 "GET /rss/2.0/headline?s=MICRON&region=US&lang=en-US HTTP/1.1" 200 394
2026-08-17 13:46:09 | DEBUG    | urllib3.connectionpool:475 | https://feeds.finance.yahoo.com:443 "GET /rss/2.0/headline?s=MU&region=US&lang=en-US HTTP/1.1" 200 2857
2026-08-17 13:46:09 | ERROR    | backpack_quant_trading.core.binance_monitor:344 | 获取币安K线失败 futures BTCUSDT 1m: HTTPSConnectionPool(host='fapi.binance.com', port=443): Max retries exceeded with url: /fapi/v1/klines?symbol=BTCUSDT&interval=1m&limit=2 (Caused by ProxyError('Cannot connect to proxy.', NewConnectionError('<urllib3.connection.HTTPSConnection object at 0x000001435A701A90>: Failed to establish a new connection: [WinError 10061] 由于目标计算机积极拒绝，无法连接。')))
2026-08-17 13:46:10 | DEBUG    | backpack_quant_trading.core.stock_news_feeds:795 | [雅虎财经] 直连 Search 获取 30 条
2026-08-17 13:46:10 | INFO     | stock_news_alert:555 | 轮询完成 @ 2026-08-17 05:44:27 | 拉取 216 条 (金十数据=16, 同花顺=20, 东方财富=80, 新浪财经=30, 富途牛牛=40, 雅虎财经=30) | 已推送过 0 | 非最新 0 | 未命中关键词 204 | 非重要快讯 12 | 内容相似去重 0 | 新命中 0 | 待推送 0 | 雅虎搜索词: NVIDIA, NVDA, MICRON, MU, SanDisk, SNDK, INTEL, INTC
2026-08-17 13:46:15 | WARNING  | backpack_quant_trading.core.binance_monitor:143 | 币安行情 curl 兜底失败: Command '['curl', '-fsSL', '--max-time', '10', '-A', 'Mozilla/5.0', '-x', 'http://127.0.0.1:7891', 'https://fapi.binance.com/fapi/v1/depth?symbol=BTCUSDT&limit=50']' returned non-zero exit status 7.
2026-08-17 13:46:15 | DEBUG    | asyncio:631 | Using proactor: IocpProactor
2026-08-17 13:46:17 | WARNING  | backpack_quant_trading.core.binance_monitor:147 | 币安行情 aiohttp 兜底失败: Cannot connect to host 127.0.0.1:7891 ssl:False [远程计算机拒绝网络连接。]
2026-08-17 13:46:17 | DEBUG    | urllib3.connectionpool:1022 | Starting new HTTPS connection (1): fapi.binance.com:443
2026-08-17 13:46:19 | ERROR    | backpack_quant_trading.core.binance_monitor:364 | 获取币安深度失败 futures BTCUSDT: HTTPSConnectionPool(host='fapi.binance.com', port=443): Max retries exceeded with url: /fapi/v1/depth?symbol=BTCUSDT&limit=50 (Caused by ProxyError('Cannot connect to proxy.', NewConnectionError('<urllib3.connection.HTTPSConnection object at 0x000001435885AC10>: Failed to establish a new connection: [WinError 10061] 由于目标计算机积极拒绝，无法连接。')))
2026-08-17 13:46:40 | DEBUG    | urllib3.connectionpool:1022 | Starting new HTTPS connection (1): flash-api.jin10.com:443
2026-08-17 13:46:41 | DEBUG    | urllib3.connectionpool:475 | https://flash-api.jin10.com:443 "GET /get_flash_list?channel=-8200&vip=1 HTTP/1.1" 200 None
2026-08-17 13:46:41 | DEBUG    | urllib3.connectionpool:1022 | Starting new HTTPS connection (1): news.10jqka.com.cn:443
2026-08-17 13:46:43 | DEBUG    | urllib3.connectionpool:1022 | Starting new HTTPS connection (1): fapi.binance.com:443
2026-08-17 13:46:43 | DEBUG    | urllib3.connectionpool:475 | https://news.10jqka.com.cn:443 "GET /tapp/news/push/stock?page=1&tag=&track=website HTTP/1.1" 200 None
2026-08-17 13:46:43 | DEBUG    | urllib3.connectionpool:1022 | Starting new HTTPS connection (1): np-weblist.eastmoney.com:443
2026-08-17 13:46:44 | DEBUG    | urllib3.connectionpool:475 | https://np-weblist.eastmoney.com:443 "GET /comm/web/getFastNewsList?client=web&biz=web_724&fastColumn=102&sortEnd=&pageSize=80&req_trace=1710315450384 HTTP/1.1" 200 None
2026-08-17 13:46:44 | DEBUG    | urllib3.connectionpool:1022 | Starting new HTTPS connection (1): zhibo.sina.com.cn:443
2026-08-17 13:46:45 | ERROR    | backpack_quant_trading.core.binance_monitor:751 | 获取币安交易对失败: HTTPSConnectionPool(host='fapi.binance.com', port=443): Max retries exceeded with url: /fapi/v1/exchangeInfo (Caused by ProxyError('Cannot connect to proxy.', NewConnectionError('<urllib3.connection.HTTPSConnection object at 0x0000014358858E10>: Failed to establish a new connection: [WinError 10061] 由于目标计算机积极拒绝，无法连接。')))
2026-08-17 13:46:45 | DEBUG    | urllib3.connectionpool:475 | https://zhibo.sina.com.cn:443 "GET /api/zhibo/feed?page=1&page_size=30&zhibo_id=152&tag_id=0&dire=f&dpc=1&pagesize=30&type=1 HTTP/1.1" 200 None
2026-08-17 13:46:45 | DEBUG    | urllib3.connectionpool:1022 | Starting new HTTPS connection (1): news.futunn.com:443
2026-08-17 13:46:47 | DEBUG    | urllib3.connectionpool:475 | https://news.futunn.com:443 "GET /news-site-api/main/get-flash-list?pageSize=40 HTTP/1.1" 200 63904
2026-08-17 13:46:47 | DEBUG    | urllib3.connectionpool:1022 | Starting new HTTPS connection (1): finance.yahoo.com:443
2026-08-17 13:46:52 | WARNING  | backpack_quant_trading.core.binance_monitor:143 | 币安行情 curl 兜底失败: Command '['curl', '-fsSL', '--max-time', '20', '-A', 'Mozilla/5.0', '-x', 'http://127.0.0.1:7891', 'https://api.binance.com/api/v3/exchangeInfo']' returned non-zero exit status 7.
2026-08-17 13:46:52 | DEBUG    | asyncio:631 | Using proactor: IocpProactor
2026-08-17 13:46:52 | DEBUG    | urllib3.connectionpool:475 | https://finance.yahoo.com:443 "GET / HTTP/1.1" 403 3369
2026-08-17 13:46:52 | DEBUG    | urllib3.connectionpool:1022 | Starting new HTTPS connection (1): query1.finance.yahoo.com:443
2026-08-17 13:46:54 | WARNING  | backpack_quant_trading.core.binance_monitor:147 | 币安行情 aiohttp 兜底失败: Cannot connect to host 127.0.0.1:7891 ssl:False [远程计算机拒绝网络连接。]
2026-08-17 13:46:54 | DEBUG    | urllib3.connectionpool:1022 | Starting new HTTPS connection (1): api.binance.com:443
2026-08-17 13:46:55 | DEBUG    | urllib3.connectionpool:475 | https://query1.finance.yahoo.com:443 "GET /v1/finance/search?q=NVIDIA&quotesCount=0&newsCount=50&enableFuzzyQuery=false HTTP/1.1" 403 3369
2026-08-17 13:46:55 | DEBUG    | urllib3.connectionpool:1022 | Starting new HTTPS connection (1): query2.finance.yahoo.com:443
2026-08-17 13:46:56 | ERROR    | backpack_quant_trading.core.binance_monitor:798 | 获取币安现货交易对失败: HTTPSConnectionPool(host='api.binance.com', port=443): Max retries exceeded with url: /api/v3/exchangeInfo (Caused by ProxyError('Cannot connect to proxy.', NewConnectionError('<urllib3.connection.HTTPSConnection object at 0x000001435885AC10>: Failed to establish a new connection: [WinError 10061] 由于目标计算机积极拒绝，无法连接。')))
2026-08-17 13:46:59 | DEBUG    | urllib3.connectionpool:475 | https://query2.finance.yahoo.com:443 "GET /v1/finance/search?q=NVIDIA&quotesCount=0&newsCount=50&enableFuzzyQuery=false HTTP/1.1" 403 3369
2026-08-17 13:47:01 | DEBUG    | urllib3.connectionpool:291 | Resetting dropped connection: query1.finance.yahoo.com
2026-08-17 13:47:05 | WARNING  | backpack_quant_trading.core.binance_monitor:143 | 币安行情 curl 兜底失败: Command '['curl', '-fsSL', '--max-time', '20', '-A', 'Mozilla/5.0', '-x', 'http://127.0.0.1:7891', 'https://api.binance.com/api/v3/exchangeInfo']' returned non-zero exit status 7.
2026-08-17 13:47:05 | DEBUG    | asyncio:631 | Using proactor: IocpProactor
2026-08-17 13:47:05 | WARNING  | backpack_quant_trading.core.binance_monitor:143 | 币安行情 curl 兜底失败: Command '['curl', '-fsSL', '--max-time', '15', '-A', 'Mozilla/5.0', '-x', 'http://127.0.0.1:7891', 'https://fapi.binance.com/fapi/v1/klines?symbol=BTCUSDT&interval=1m&limit=2']' returned non-zero exit status 7.
2026-08-17 13:47:05 | DEBUG    | asyncio:631 | Using proactor: IocpProactor
2026-08-17 13:47:05 | DEBUG    | urllib3.connectionpool:475 | https://query1.finance.yahoo.com:443 "GET /v1/finance/search?q=NVDA&quotesCount=0&newsCount=50&enableFuzzyQuery=false HTTP/1.1" 403 3369
2026-08-17 13:47:06 | DEBUG    | urllib3.connectionpool:1022 | Starting new HTTPS connection (1): fapi.binance.com:443
2026-08-17 13:47:08 | WARNING  | backpack_quant_trading.core.binance_monitor:147 | 币安行情 aiohttp 兜底失败: Cannot connect to host 127.0.0.1:7891 ssl:False [远程计算机拒绝网络连接。]
2026-08-17 13:47:08 | WARNING  | backpack_quant_trading.core.binance_monitor:147 | 币安行情 aiohttp 兜底失败: Cannot connect to host 127.0.0.1:7891 ssl:False [远程计算机拒绝网络连接。]
2026-08-17 13:47:08 | DEBUG    | urllib3.connectionpool:1022 | Starting new HTTPS connection (1): fapi.binance.com:443
2026-08-17 13:47:08 | DEBUG    | urllib3.connectionpool:1022 | Starting new HTTPS connection (1): api.binance.com:443
2026-08-17 13:47:08 | ERROR    | backpack_quant_trading.core.binance_monitor:751 | 获取币安交易对失败: HTTPSConnectionPool(host='fapi.binance.com', port=443): Max retries exceeded with url: /fapi/v1/exchangeInfo (Caused by ProxyError('Cannot connect to proxy.', NewConnectionError('<urllib3.connection.HTTPSConnection object at 0x000001435A700690>: Failed to establish a new connection: [WinError 10061] 由于目标计算机积极拒绝，无法连接。')))
2026-08-17 13:47:10 | ERROR    | backpack_quant_trading.core.binance_monitor:344 | 获取币安K线失败 futures BTCUSDT 1m: HTTPSConnectionPool(host='fapi.binance.com', port=443): Max retries exceeded with url: /fapi/v1/klines?symbol=BTCUSDT&interval=1m&limit=2 (Caused by ProxyError('Cannot connect to proxy.', NewConnectionError('<urllib3.connection.HTTPSConnection object at 0x000001435A702850>: Failed to establish a new connection: [WinError 10061] 由于目标计算机积极拒绝，无法连接。')))
2026-08-17 13:47:10 | ERROR    | backpack_quant_trading.core.binance_monitor:847 | 获取币安全量现货交易对失败: HTTPSConnectionPool(host='api.binance.com', port=443): Max retries exceeded with url: /api/v3/exchangeInfo (Caused by ProxyError('Cannot connect to proxy.', NewConnectionError('<urllib3.connection.HTTPSConnection object at 0x000001435A702350>: Failed to establish a new connection: [WinError 10061] 由于目标计算机积极拒绝，无法连接。')))
2026-08-17 13:47:11 | DEBUG    | urllib3.connectionpool:291 | Resetting dropped connection: query2.finance.yahoo.com
2026-08-17 13:47:13 | WARNING  | backpack_quant_trading.core.binance_monitor:143 | 币安行情 curl 兜底失败: Command '['curl', '-fsSL', '--max-time', '20', '-A', 'Mozilla/5.0', '-x', 'http://127.0.0.1:7891', 'https://api.binance.com/api/v3/exchangeInfo']' returned non-zero exit status 7.
2026-08-17 13:47:13 | DEBUG    | asyncio:631 | Using proactor: IocpProactor
2026-08-17 13:47:13 | DEBUG    | urllib3.connectionpool:475 | https://query2.finance.yahoo.com:443 "GET /v1/finance/search?q=NVDA&quotesCount=0&newsCount=50&enableFuzzyQuery=false HTTP/1.1" 403 3369
2026-08-17 13:47:15 | WARNING  | backpack_quant_trading.core.binance_monitor:143 | 币安行情 curl 兜底失败: Command '['curl', '-fsSL', '--max-time', '10', '-A', 'Mozilla/5.0', '-x', 'http://127.0.0.1:7891', 'https://fapi.binance.com/fapi/v1/depth?symbol=BTCUSDT&limit=50']' returned non-zero exit status 7.
2026-08-17 13:47:15 | DEBUG    | asyncio:631 | Using proactor: IocpProactor
2026-08-17 13:47:15 | WARNING  | backpack_quant_trading.core.binance_monitor:143 | 币安行情 curl 兜底失败: Command '['curl', '-fsSL', '--max-time', '20', '-A', 'Mozilla/5.0', '-x', 'http://127.0.0.1:7891', 'https://api.binance.com/api/v3/exchangeInfo']' returned non-zero exit status 7.
2026-08-17 13:47:15 | DEBUG    | asyncio:631 | Using proactor: IocpProactor
2026-08-17 13:47:15 | WARNING  | backpack_quant_trading.core.binance_monitor:147 | 币安行情 aiohttp 兜底失败: Cannot connect to host 127.0.0.1:7891 ssl:False [远程计算机拒绝网络连接。]
2026-08-17 13:47:15 | DEBUG    | urllib3.connectionpool:1022 | Starting new HTTPS connection (1): api.binance.com:443
2026-08-17 13:47:17 | WARNING  | backpack_quant_trading.core.binance_monitor:147 | 币安行情 aiohttp 兜底失败: Cannot connect to host 127.0.0.1:7891 ssl:False [远程计算机拒绝网络连接。]
2026-08-17 13:47:17 | DEBUG    | urllib3.connectionpool:1022 | Starting new HTTPS connection (1): fapi.binance.com:443
2026-08-17 13:47:17 | WARNING  | backpack_quant_trading.core.binance_monitor:147 | 币安行情 aiohttp 兜底失败: Cannot connect to host 127.0.0.1:7891 ssl:False [远程计算机拒绝网络连接。]
2026-08-17 13:47:17 | DEBUG    | urllib3.connectionpool:1022 | Starting new HTTPS connection (1): api.binance.com:443
2026-08-17 13:47:17 | DEBUG    | urllib3.connectionpool:291 | Resetting dropped connection: query1.finance.yahoo.com
2026-08-17 13:47:17 | ERROR    | backpack_quant_trading.core.binance_monitor:798 | 获取币安现货交易对失败: HTTPSConnectionPool(host='api.binance.com', port=443): Max retries exceeded with url: /api/v3/exchangeInfo (Caused by ProxyError('Cannot connect to proxy.', NewConnectionError('<urllib3.connection.HTTPSConnection object at 0x000001435A700E10>: Failed to establish a new connection: [WinError 10061] 由于目标计算机积极拒绝，无法连接。')))
2026-08-17 13:47:19 | ERROR    | backpack_quant_trading.core.binance_monitor:364 | 获取币安深度失败 futures BTCUSDT: HTTPSConnectionPool(host='fapi.binance.com', port=443): Max retries exceeded with url: /fapi/v1/depth?symbol=BTCUSDT&limit=50 (Caused by ProxyError('Cannot connect to proxy.', NewConnectionError('<urllib3.connection.HTTPSConnection object at 0x000001435A701950>: Failed to establish a new connection: [WinError 10061] 由于目标计算机积极拒绝，无法连接。')))
2026-08-17 13:47:19 | ERROR    | backpack_quant_trading.core.binance_monitor:798 | 获取币安现货交易对失败: HTTPSConnectionPool(host='api.binance.com', port=443): Max retries exceeded with url: /api/v3/exchangeInfo (Caused by ProxyError('Cannot connect to proxy.', NewConnectionError('<urllib3.connection.HTTPSConnection object at 0x000001435A701090>: Failed to establish a new connection: [WinError 10061] 由于目标计算机积极拒绝，无法连接。')))
2026-08-17 13:47:23 | DEBUG    | urllib3.connectionpool:291 | Resetting dropped connection: query2.finance.yahoo.com
2026-08-17 13:47:23 | WARNING  | backpack_quant_trading.core.binance_monitor:143 | 币安行情 curl 兜底失败: Command '['curl', '-fsSL', '--max-time', '20', '-A', 'Mozilla/5.0', '-x', 'http://127.0.0.1:7891', 'https://api.binance.com/api/v3/exchangeInfo']' returned non-zero exit status 7.
2026-08-17 13:47:23 | DEBUG    | asyncio:631 | Using proactor: IocpProactor
2026-08-17 13:47:24 | DEBUG    | urllib3.connectionpool:475 | https://query2.finance.yahoo.com:443 "GET /v1/finance/search?q=MICRON&quotesCount=0&newsCount=50&enableFuzzyQuery=false HTTP/1.1" 403 3369
2026-08-17 13:47:25 | DEBUG    | urllib3.connectionpool:1022 | Starting new HTTPS connection (2): query1.finance.yahoo.com:443
2026-08-17 13:47:25 | WARNING  | backpack_quant_trading.core.binance_monitor:147 | 币安行情 aiohttp 兜底失败: Cannot connect to host 127.0.0.1:7891 ssl:False [远程计算机拒绝网络连接。]
2026-08-17 13:47:25 | DEBUG    | urllib3.connectionpool:1022 | Starting new HTTPS connection (1): api.binance.com:443
2026-08-17 13:47:28 | ERROR    | backpack_quant_trading.core.binance_monitor:847 | 获取币安全量现货交易对失败: HTTPSConnectionPool(host='api.binance.com', port=443): Max retries exceeded with url: /api/v3/exchangeInfo (Caused by ProxyError('Cannot connect to proxy.', NewConnectionError('<urllib3.connection.HTTPSConnection object at 0x000001435A703D90>: Failed to establish a new connection: [WinError 10061] 由于目标计算机积极拒绝，无法连接。')))
2026-08-17 13:47:28 | DEBUG    | urllib3.connectionpool:475 | https://query1.finance.yahoo.com:443 "GET /v1/finance/search?q=MU&quotesCount=0&newsCount=50&enableFuzzyQuery=false HTTP/1.1" 403 3369
2026-08-17 13:47:28 | DEBUG    | urllib3.connectionpool:291 | Resetting dropped connection: query2.finance.yahoo.com
2026-08-17 13:47:31 | DEBUG    | urllib3.connectionpool:475 | https://query2.finance.yahoo.com:443 "GET /v1/finance/search?q=MU&quotesCount=0&newsCount=50&enableFuzzyQuery=false HTTP/1.1" 403 3369
2026-08-17 13:47:31 | DEBUG    | urllib3.connectionpool:291 | Resetting dropped connection: query1.finance.yahoo.com
2026-08-17 13:47:33 | WARNING  | backpack_quant_trading.core.binance_monitor:143 | 币安行情 curl 兜底失败: Command '['curl', '-fsSL', '--max-time', '20', '-A', 'Mozilla/5.0', '-x', 'http://127.0.0.1:7891', 'https://api.binance.com/api/v3/exchangeInfo']' returned non-zero exit status 7.
2026-08-17 13:47:33 | DEBUG    | asyncio:631 | Using proactor: IocpProactor
2026-08-17 13:47:33 | DEBUG    | urllib3.connectionpool:475 | https://query1.finance.yahoo.com:443 "GET /v1/finance/search?q=SanDisk&quotesCount=0&newsCount=50&enableFuzzyQuery=false HTTP/1.1" 403 3369
2026-08-17 13:47:35 | WARNING  | backpack_quant_trading.core.binance_monitor:147 | 币安行情 aiohttp 兜底失败: Cannot connect to host 127.0.0.1:7891 ssl:False [远程计算机拒绝网络连接。]
2026-08-17 13:47:35 | DEBUG    | urllib3.connectionpool:1022 | Starting new HTTPS connection (1): api.binance.com:443
2026-08-17 13:47:37 | ERROR    | backpack_quant_trading.core.binance_monitor:798 | 获取币安现货交易对失败: HTTPSConnectionPool(host='api.binance.com', port=443): Max retries exceeded with url: /api/v3/exchangeInfo (Caused by ProxyError('Cannot connect to proxy.', NewConnectionError('<urllib3.connection.HTTPSConnection object at 0x000001435A4D6E90>: Failed to establish a new connection: [WinError 10061] 由于目标计算机积极拒绝，无法连接。')))
2026-08-17 13:47:37 | DEBUG    | urllib3.connectionpool:291 | Resetting dropped connection: query2.finance.yahoo.com
2026-08-17 13:47:43 | DEBUG    | urllib3.connectionpool:475 | https://query2.finance.yahoo.com:443 "GET /v1/finance/search?q=SanDisk&quotesCount=0&newsCount=50&enableFuzzyQuery=false HTTP/1.1" 403 3369
2026-08-17 13:47:43 | DEBUG    | urllib3.connectionpool:291 | Resetting dropped connection: query1.finance.yahoo.com
2026-08-17 13:47:46 | DEBUG    | urllib3.connectionpool:475 | https://query1.finance.yahoo.com:443 "GET /v1/finance/search?q=SNDK&quotesCount=0&newsCount=50&enableFuzzyQuery=false HTTP/1.1" 403 3369
2026-08-17 13:47:52 | DEBUG    | urllib3.connectionpool:1022 | Starting new HTTPS connection (1): fapi.binance.com:443
2026-08-17 13:47:54 | ERROR    | backpack_quant_trading.core.binance_monitor:751 | 获取币安交易对失败: HTTPSConnectionPool(host='fapi.binance.com', port=443): Max retries exceeded with url: /fapi/v1/exchangeInfo (Caused by ProxyError('Cannot connect to proxy.', NewConnectionError('<urllib3.connection.HTTPSConnection object at 0x000001435A4D7390>: Failed to establish a new connection: [WinError 10061] 由于目标计算机积极拒绝，无法连接。')))
2026-08-17 13:47:58 | WARNING  | backpack_quant_trading.core.binance_monitor:143 | 币安行情 curl 兜底失败: Command '['curl', '-fsSL', '--max-time', '20', '-A', 'Mozilla/5.0', '-x', 'http://127.0.0.1:7891', 'https://api.binance.com/api/v3/exchangeInfo']' returned non-zero exit status 7.
2026-08-17 13:47:58 | DEBUG    | asyncio:631 | Using proactor: IocpProactor
2026-08-17 13:48:00 | DEBUG    | urllib3.connectionpool:291 | Resetting dropped connection: query2.finance.yahoo.com
2026-08-17 13:48:01 | WARNING  | backpack_quant_trading.core.binance_monitor:147 | 币安行情 aiohttp 兜底失败: Cannot connect to host 127.0.0.1:7891 ssl:False [远程计算机拒绝网络连接。]
2026-08-17 13:48:01 | DEBUG    | urllib3.connectionpool:1022 | Starting new HTTPS connection (1): api.binance.com:443
2026-08-17 13:48:02 | DEBUG    | urllib3.connectionpool:475 | https://query2.finance.yahoo.com:443 "GET /v1/finance/search?q=SNDK&quotesCount=0&newsCount=50&enableFuzzyQuery=false HTTP/1.1" 403 3369
2026-08-17 13:48:02 | DEBUG    | urllib3.connectionpool:291 | Resetting dropped connection: query1.finance.yahoo.com
2026-08-17 13:48:03 | ERROR    | backpack_quant_trading.core.binance_monitor:798 | 获取币安现货交易对失败: HTTPSConnectionPool(host='api.binance.com', port=443): Max retries exceeded with url: /api/v3/exchangeInfo (Caused by ProxyError('Cannot connect to proxy.', NewConnectionError('<urllib3.connection.HTTPSConnection object at 0x0000014358D84050>: Failed to establish a new connection: [WinError 10061] 由于目标计算机积极拒绝，无法连接。')))
2026-08-17 13:48:05 | DEBUG    | urllib3.connectionpool:475 | https://query1.finance.yahoo.com:443 "GET /v1/finance/search?q=INTEL&quotesCount=0&newsCount=50&enableFuzzyQuery=false HTTP/1.1" 403 3369
2026-08-17 13:48:05 | DEBUG    | urllib3.connectionpool:291 | Resetting dropped connection: query2.finance.yahoo.com
2026-08-17 13:48:07 | WARNING  | backpack_quant_trading.core.binance_monitor:143 | 币安行情 curl 兜底失败: Command '['curl', '-fsSL', '--max-time', '15', '-A', 'Mozilla/5.0', '-x', 'http://127.0.0.1:7891', 'https://fapi.binance.com/fapi/v1/klines?symbol=BTCUSDT&interval=1m&limit=2']' returned non-zero exit status 7.
2026-08-17 13:48:07 | DEBUG    | asyncio:631 | Using proactor: IocpProactor
2026-08-17 13:48:07 | DEBUG    | urllib3.connectionpool:475 | https://query2.finance.yahoo.com:443 "GET /v1/finance/search?q=INTEL&quotesCount=0&newsCount=50&enableFuzzyQuery=false HTTP/1.1" 403 3369
2026-08-17 13:48:07 | DEBUG    | urllib3.connectionpool:291 | Resetting dropped connection: query1.finance.yahoo.com
2026-08-17 13:48:10 | WARNING  | backpack_quant_trading.core.binance_monitor:147 | 币安行情 aiohttp 兜底失败: Cannot connect to host 127.0.0.1:7891 ssl:False [远程计算机拒绝网络连接。]
2026-08-17 13:48:10 | DEBUG    | urllib3.connectionpool:1022 | Starting new HTTPS connection (1): fapi.binance.com:443
2026-08-17 13:48:10 | WARNING  | backpack_quant_trading.core.binance_monitor:143 | 币安行情 curl 兜底失败: Command '['curl', '-fsSL', '--max-time', '20', '-A', 'Mozilla/5.0', '-x', 'http://127.0.0.1:7891', 'https://api.binance.com/api/v3/exchangeInfo']' returned non-zero exit status 7.
2026-08-17 13:48:10 | DEBUG    | asyncio:631 | Using proactor: IocpProactor
2026-08-17 13:48:12 | ERROR    | backpack_quant_trading.core.binance_monitor:344 | 获取币安K线失败 futures BTCUSDT 1m: HTTPSConnectionPool(host='fapi.binance.com', port=443): Max retries exceeded with url: /fapi/v1/klines?symbol=BTCUSDT&interval=1m&limit=2 (Caused by ProxyError('Cannot connect to proxy.', NewConnectionError('<urllib3.connection.HTTPSConnection object at 0x0000014358859F90>: Failed to establish a new connection: [WinError 10061] 由于目标计算机积极拒绝，无法连接。')))
2026-08-17 13:48:12 | WARNING  | backpack_quant_trading.core.binance_monitor:147 | 币安行情 aiohttp 兜底失败: Cannot connect to host 127.0.0.1:7891 ssl:False [远程计算机拒绝网络连接。]
2026-08-17 13:48:12 | DEBUG    | urllib3.connectionpool:1022 | Starting new HTTPS connection (1): api.binance.com:443
2026-08-17 13:48:13 | DEBUG    | urllib3.connectionpool:291 | Resetting dropped connection: query2.finance.yahoo.com
2026-08-17 13:48:14 | ERROR    | backpack_quant_trading.core.binance_monitor:847 | 获取币安全量现货交易对失败: HTTPSConnectionPool(host='api.binance.com', port=443): Max retries exceeded with url: /api/v3/exchangeInfo (Caused by ProxyError('Cannot connect to proxy.', NewConnectionError('<urllib3.connection.HTTPSConnection object at 0x000001435A4D5810>: Failed to establish a new connection: [WinError 10061] 由于目标计算机积极拒绝，无法连接。')))
2026-08-17 13:48:16 | DEBUG    | urllib3.connectionpool:475 | https://query2.finance.yahoo.com:443 "GET /v1/finance/search?q=INTC&quotesCount=0&newsCount=50&enableFuzzyQuery=false HTTP/1.1" 403 3369
2026-08-17 13:48:16 | DEBUG    | urllib3.connectionpool:291 | Resetting dropped connection: finance.yahoo.com
2026-08-17 13:48:18 | WARNING  | backpack_quant_trading.core.binance_monitor:143 | 币安行情 curl 兜底失败: Command '['curl', '-fsSL', '--max-time', '10', '-A', 'Mozilla/5.0', '-x', 'http://127.0.0.1:7891', 'https://fapi.binance.com/fapi/v1/depth?symbol=BTCUSDT&limit=50']' returned non-zero exit status 7.
2026-08-17 13:48:18 | DEBUG    | asyncio:631 | Using proactor: IocpProactor
2026-08-17 13:48:20 | WARNING  | backpack_quant_trading.core.binance_monitor:147 | 币安行情 aiohttp 兜底失败: Cannot connect to host 127.0.0.1:7891 ssl:False [远程计算机拒绝网络连接。]
2026-08-17 13:48:20 | DEBUG    | urllib3.connectionpool:1022 | Starting new HTTPS connection (1): fapi.binance.com:443
2026-08-17 13:48:20 | DEBUG    | urllib3.connectionpool:475 | https://finance.yahoo.com:443 "POST /xhr/ncp?queryRef=latestNews&serviceKey=ncp_fin HTTP/1.1" 403 3369
2026-08-17 13:48:20 | DEBUG    | urllib3.connectionpool:1022 | Starting new HTTPS connection (1): feeds.finance.yahoo.com:443
2026-08-17 13:48:22 | ERROR    | backpack_quant_trading.core.binance_monitor:364 | 获取币安深度失败 futures BTCUSDT: HTTPSConnectionPool(host='fapi.binance.com', port=443): Max retries exceeded with url: /fapi/v1/depth?symbol=BTCUSDT&limit=50 (Caused by ProxyError('Cannot connect to proxy.', NewConnectionError('<urllib3.connection.HTTPSConnection object at 0x000001435A4D60D0>: Failed to establish a new connection: [WinError 10061] 由于目标计算机积极拒绝，无法连接。')))
2026-08-17 13:48:22 | WARNING  | backpack_quant_trading.core.binance_monitor:143 | 币安行情 curl 兜底失败: Command '['curl', '-fsSL', '--max-time', '20', '-A', 'Mozilla/5.0', '-x', 'http://127.0.0.1:7891', 'https://api.binance.com/api/v3/exchangeInfo']' returned non-zero exit status 7.
2026-08-17 13:48:22 | DEBUG    | asyncio:631 | Using proactor: IocpProactor
2026-08-17 13:48:25 | WARNING  | backpack_quant_trading.core.binance_monitor:147 | 币安行情 aiohttp 兜底失败: Cannot connect to host 127.0.0.1:7891 ssl:False [远程计算机拒绝网络连接。]
2026-08-17 13:48:25 | DEBUG    | urllib3.connectionpool:1022 | Starting new HTTPS connection (1): api.binance.com:443
2026-08-17 13:48:26 | DEBUG    | urllib3.connectionpool:475 | https://feeds.finance.yahoo.com:443 "GET /rss/2.0/headline?s=NVIDIA&region=US&lang=en-US HTTP/1.1" 200 394
2026-08-17 13:48:27 | ERROR    | backpack_quant_trading.core.binance_monitor:798 | 获取币安现货交易对失败: HTTPSConnectionPool(host='api.binance.com', port=443): Max retries exceeded with url: /api/v3/exchangeInfo (Caused by ProxyError('Cannot connect to proxy.', NewConnectionError('<urllib3.connection.HTTPSConnection object at 0x000001435A4D7D90>: Failed to establish a new connection: [WinError 10061] 由于目标计算机积极拒绝，无法连接。')))
2026-08-17 13:48:27 | DEBUG    | urllib3.connectionpool:475 | https://feeds.finance.yahoo.com:443 "GET /rss/2.0/headline?s=NVDA&region=US&lang=en-US HTTP/1.1" 200 3657
2026-08-17 13:48:35 | DEBUG    | urllib3.connectionpool:475 | https://feeds.finance.yahoo.com:443 "GET /rss/2.0/headline?s=MICRON&region=US&lang=en-US HTTP/1.1" 200 394
2026-08-17 13:48:36 | DEBUG    | urllib3.connectionpool:475 | https://feeds.finance.yahoo.com:443 "GET /rss/2.0/headline?s=MU&region=US&lang=en-US HTTP/1.1" 200 2856
2026-08-17 13:48:36 | DEBUG    | backpack_quant_trading.core.stock_news_feeds:795 | [雅虎财经] 直连 Search 获取 25 条
2026-08-17 13:48:36 | INFO     | stock_news_alert:555 | 轮询完成 @ 2026-08-17 05:46:40 | 拉取 212 条 (金十数据=17, 同花顺=20, 东方财富=80, 新浪财经=30, 富途牛牛=40, 雅虎财经=25) | 已推送过 0 | 非最新 0 | 未命中关键词 201 | 非重要快讯 11 | 内容相似去重 0 | 新命中 0 | 待推送 0 | 雅虎搜索词: NVIDIA, NVDA, MICRON, MU, SanDisk, SNDK, INTEL, INTC
2026-08-17 13:49:04 | WARNING  | backpack_quant_trading.core.binance_monitor:143 | 币安行情 curl 兜底失败: Command '['curl', '-fsSL', '--max-time', '15', '-A', 'Mozilla/5.0', '-x', 'http://127.0.0.1:7891', 'https://fapi.binance.com/fapi/v1/klines?symbol=BTCUSDT&interval=1m&limit=2']' returned non-zero exit status 7.
2026-08-17 13:49:04 | DEBUG    | asyncio:631 | Using proactor: IocpProactor
2026-08-17 13:49:06 | DEBUG    | urllib3.connectionpool:1022 | Starting new HTTPS connection (1): flash-api.jin10.com:443
2026-08-17 13:49:07 | WARNING  | backpack_quant_trading.core.binance_monitor:147 | 币安行情 aiohttp 兜底失败: Cannot connect to host 127.0.0.1:7891 ssl:False [远程计算机拒绝网络连接。]
2026-08-17 13:49:07 | DEBUG    | urllib3.connectionpool:1022 | Starting new HTTPS connection (1): fapi.binance.com:443
2026-08-17 13:49:08 | DEBUG    | urllib3.connectionpool:475 | https://flash-api.jin10.com:443 "GET /get_flash_list?channel=-8200&vip=1 HTTP/1.1" 200 None
2026-08-17 13:49:08 | DEBUG    | urllib3.connectionpool:1022 | Starting new HTTPS connection (1): news.10jqka.com.cn:443
2026-08-17 13:49:09 | ERROR    | backpack_quant_trading.core.binance_monitor:344 | 获取币安K线失败 futures BTCUSDT 1m: HTTPSConnectionPool(host='fapi.binance.com', port=443): Max retries exceeded with url: /fapi/v1/klines?symbol=BTCUSDT&interval=1m&limit=2 (Caused by ProxyError('Cannot connect to proxy.', NewConnectionError('<urllib3.connection.HTTPSConnection object at 0x000001435A4D5F90>: Failed to establish a new connection: [WinError 10061] 由于目标计算机积极拒绝，无法连接。')))
2026-08-17 13:49:10 | DEBUG    | urllib3.connectionpool:475 | https://news.10jqka.com.cn:443 "GET /tapp/news/push/stock?page=1&tag=&track=website HTTP/1.1" 200 None
2026-08-17 13:49:10 | DEBUG    | urllib3.connectionpool:1022 | Starting new HTTPS connection (1): np-weblist.eastmoney.com:443
2026-08-17 13:49:11 | DEBUG    | urllib3.connectionpool:475 | https://np-weblist.eastmoney.com:443 "GET /comm/web/getFastNewsList?client=web&biz=web_724&fastColumn=102&sortEnd=&pageSize=80&req_trace=1710315450384 HTTP/1.1" 200 None
2026-08-17 13:49:11 | DEBUG    | urllib3.connectionpool:1022 | Starting new HTTPS connection (1): zhibo.sina.com.cn:443
2026-08-17 13:49:12 | DEBUG    | urllib3.connectionpool:475 | https://zhibo.sina.com.cn:443 "GET /api/zhibo/feed?page=1&page_size=30&zhibo_id=152&tag_id=0&dire=f&dpc=1&pagesize=30&type=1 HTTP/1.1" 200 None
2026-08-17 13:49:12 | DEBUG    | urllib3.connectionpool:1022 | Starting new HTTPS connection (1): news.futunn.com:443
2026-08-17 13:49:13 | DEBUG    | urllib3.connectionpool:475 | https://news.futunn.com:443 "GET /news-site-api/main/get-flash-list?pageSize=40 HTTP/1.1" 200 64414
2026-08-17 13:49:13 | DEBUG    | urllib3.connectionpool:1022 | Starting new HTTPS connection (1): finance.yahoo.com:443
2026-08-17 13:49:15 | DEBUG    | urllib3.connectionpool:475 | https://finance.yahoo.com:443 "GET / HTTP/1.1" 403 3369
2026-08-17 13:49:15 | WARNING  | backpack_quant_trading.core.binance_monitor:143 | 币安行情 curl 兜底失败: Command '['curl', '-fsSL', '--max-time', '10', '-A', 'Mozilla/5.0', '-x', 'http://127.0.0.1:7891', 'https://fapi.binance.com/fapi/v1/depth?symbol=BTCUSDT&limit=50']' returned non-zero exit status 7.
2026-08-17 13:49:15 | DEBUG    | asyncio:631 | Using proactor: IocpProactor
2026-08-17 13:49:17 | WARNING  | backpack_quant_trading.core.binance_monitor:147 | 币安行情 aiohttp 兜底失败: Cannot connect to host 127.0.0.1:7891 ssl:False [远程计算机拒绝网络连接。]
2026-08-17 13:49:17 | DEBUG    | urllib3.connectionpool:1022 | Starting new HTTPS connection (1): fapi.binance.com:443
2026-08-17 13:49:19 | DEBUG    | urllib3.connectionpool:1022 | Starting new HTTPS connection (1): query1.finance.yahoo.com:443
2026-08-17 13:49:20 | ERROR    | backpack_quant_trading.core.binance_monitor:364 | 获取币安深度失败 futures BTCUSDT: HTTPSConnectionPool(host='fapi.binance.com', port=443): Max retries exceeded with url: /fapi/v1/depth?symbol=BTCUSDT&limit=50 (Caused by ProxyError('Cannot connect to proxy.', NewConnectionError('<urllib3.connection.HTTPSConnection object at 0x000001435A4D5810>: Failed to establish a new connection: [WinError 10061] 由于目标计算机积极拒绝，无法连接。')))
2026-08-17 13:49:21 | DEBUG    | urllib3.connectionpool:475 | https://query1.finance.yahoo.com:443 "GET /v1/finance/search?q=NVIDIA&quotesCount=0&newsCount=50&enableFuzzyQuery=false HTTP/1.1" 403 3369
2026-08-17 13:49:24 | DEBUG    | urllib3.connectionpool:1022 | Starting new HTTPS connection (1): query2.finance.yahoo.com:443
2026-08-17 13:49:25 | DEBUG    | urllib3.connectionpool:475 | https://query2.finance.yahoo.com:443 "GET /v1/finance/search?q=NVIDIA&quotesCount=0&newsCount=50&enableFuzzyQuery=false HTTP/1.1" 403 3369
2026-08-17 13:49:26 | DEBUG    | urllib3.connectionpool:291 | Resetting dropped connection: query1.finance.yahoo.com
2026-08-17 13:49:28 | DEBUG    | urllib3.connectionpool:475 | https://query1.finance.yahoo.com:443 "GET /v1/finance/search?q=NVDA&quotesCount=0&newsCount=50&enableFuzzyQuery=false HTTP/1.1" 403 3369
2026-08-17 13:49:28 | DEBUG    | urllib3.connectionpool:291 | Resetting dropped connection: query2.finance.yahoo.com
2026-08-17 13:49:30 | DEBUG    | urllib3.connectionpool:475 | https://query2.finance.yahoo.com:443 "GET /v1/finance/search?q=NVDA&quotesCount=0&newsCount=50&enableFuzzyQuery=false HTTP/1.1" 403 3369
2026-08-17 13:49:38 | DEBUG    | urllib3.connectionpool:291 | Resetting dropped connection: query1.finance.yahoo.com
2026-08-17 13:49:40 | DEBUG    | urllib3.connectionpool:475 | https://query1.finance.yahoo.com:443 "GET /v1/finance/search?q=MICRON&quotesCount=0&newsCount=50&enableFuzzyQuery=false HTTP/1.1" 403 3369
2026-08-17 13:49:40 | DEBUG    | urllib3.connectionpool:291 | Resetting dropped connection: query2.finance.yahoo.com
2026-08-17 13:49:42 | DEBUG    | urllib3.connectionpool:475 | https://query2.finance.yahoo.com:443 "GET /v1/finance/search?q=MICRON&quotesCount=0&newsCount=50&enableFuzzyQuery=false HTTP/1.1" 403 3369
2026-08-17 13:49:42 | DEBUG    | urllib3.connectionpool:291 | Resetting dropped connection: query1.finance.yahoo.com
2026-08-17 13:49:44 | DEBUG    | urllib3.connectionpool:475 | https://query1.finance.yahoo.com:443 "GET /v1/finance/search?q=MU&quotesCount=0&newsCount=50&enableFuzzyQuery=false HTTP/1.1" 403 3369
2026-08-17 13:49:44 | DEBUG    | urllib3.connectionpool:291 | Resetting dropped connection: query2.finance.yahoo.com
2026-08-17 13:49:46 | DEBUG    | urllib3.connectionpool:475 | https://query2.finance.yahoo.com:443 "GET /v1/finance/search?q=MU&quotesCount=0&newsCount=50&enableFuzzyQuery=false HTTP/1.1" 403 3369
2026-08-17 13:49:46 | DEBUG    | urllib3.connectionpool:291 | Resetting dropped connection: query1.finance.yahoo.com
2026-08-17 13:49:51 | DEBUG    | urllib3.connectionpool:475 | https://query1.finance.yahoo.com:443 "GET /v1/finance/search?q=SanDisk&quotesCount=0&newsCount=50&enableFuzzyQuery=false HTTP/1.1" 403 3369
2026-08-17 13:49:51 | DEBUG    | urllib3.connectionpool:291 | Resetting dropped connection: query2.finance.yahoo.com
2026-08-17 13:49:53 | DEBUG    | urllib3.connectionpool:475 | https://query2.finance.yahoo.com:443 "GET /v1/finance/search?q=SanDisk&quotesCount=0&newsCount=50&enableFuzzyQuery=false HTTP/1.1" 403 3369
2026-08-17 13:49:53 | DEBUG    | urllib3.connectionpool:291 | Resetting dropped connection: query1.finance.yahoo.com
2026-08-17 13:49:55 | DEBUG    | urllib3.connectionpool:475 | https://query1.finance.yahoo.com:443 "GET /v1/finance/search?q=SNDK&quotesCount=0&newsCount=50&enableFuzzyQuery=false HTTP/1.1" 403 3369
2026-08-17 13:49:55 | DEBUG    | urllib3.connectionpool:291 | Resetting dropped connection: query2.finance.yahoo.com
2026-08-17 13:49:57 | DEBUG    | urllib3.connectionpool:475 | https://query2.finance.yahoo.com:443 "GET /v1/finance/search?q=SNDK&quotesCount=0&newsCount=50&enableFuzzyQuery=false HTTP/1.1" 403 3369
2026-08-17 13:49:58 | DEBUG    | urllib3.connectionpool:291 | Resetting dropped connection: query1.finance.yahoo.com
2026-08-17 13:50:01 | DEBUG    | urllib3.connectionpool:475 | https://query1.finance.yahoo.com:443 "GET /v1/finance/search?q=INTEL&quotesCount=0&newsCount=50&enableFuzzyQuery=false HTTP/1.1" 403 3369
2026-08-17 13:50:01 | DEBUG    | urllib3.connectionpool:291 | Resetting dropped connection: query2.finance.yahoo.com
2026-08-17 13:50:02 | DEBUG    | urllib3.connectionpool:475 | https://query2.finance.yahoo.com:443 "GET /v1/finance/search?q=INTEL&quotesCount=0&newsCount=50&enableFuzzyQuery=false HTTP/1.1" 403 3369
2026-08-17 13:50:02 | DEBUG    | urllib3.connectionpool:291 | Resetting dropped connection: query1.finance.yahoo.com
2026-08-17 13:50:04 | DEBUG    | urllib3.connectionpool:475 | https://query1.finance.yahoo.com:443 "GET /v1/finance/search?q=INTC&quotesCount=0&newsCount=50&enableFuzzyQuery=false HTTP/1.1" 403 3369
2026-08-17 13:50:04 | DEBUG    | urllib3.connectionpool:291 | Resetting dropped connection: query2.finance.yahoo.com
2026-08-17 13:50:05 | WARNING  | backpack_quant_trading.core.binance_monitor:143 | 币安行情 curl 兜底失败: Command '['curl', '-fsSL', '--max-time', '15', '-A', 'Mozilla/5.0', '-x', 'http://127.0.0.1:7891', 'https://fapi.binance.com/fapi/v1/klines?symbol=BTCUSDT&interval=1m&limit=2']' returned non-zero exit status 7.
2026-08-17 13:50:05 | DEBUG    | asyncio:631 | Using proactor: IocpProactor
2026-08-17 13:50:06 | DEBUG    | urllib3.connectionpool:475 | https://query2.finance.yahoo.com:443 "GET /v1/finance/search?q=INTC&quotesCount=0&newsCount=50&enableFuzzyQuery=false HTTP/1.1" 403 3369
2026-08-17 13:50:08 | WARNING  | backpack_quant_trading.core.binance_monitor:147 | 币安行情 aiohttp 兜底失败: Cannot connect to host 127.0.0.1:7891 ssl:False [远程计算机拒绝网络连接。]
2026-08-17 13:50:08 | DEBUG    | urllib3.connectionpool:1022 | Starting new HTTPS connection (1): fapi.binance.com:443
2026-08-17 13:50:10 | ERROR    | backpack_quant_trading.core.binance_monitor:344 | 获取币安K线失败 futures BTCUSDT 1m: HTTPSConnectionPool(host='fapi.binance.com', port=443): Max retries exceeded with url: /fapi/v1/klines?symbol=BTCUSDT&interval=1m&limit=2 (Caused by ProxyError('Cannot connect to proxy.', NewConnectionError('<urllib3.connection.HTTPSConnection object at 0x000001435A703890>: Failed to establish a new connection: [WinError 10061] 由于目标计算机积极拒绝，无法连接。')))
2026-08-17 13:50:14 | WARNING  | backpack_quant_trading.core.binance_monitor:143 | 币安行情 curl 兜底失败: Command '['curl', '-fsSL', '--max-time', '10', '-A', 'Mozilla/5.0', '-x', 'http://127.0.0.1:7891', 'https://fapi.binance.com/fapi/v1/depth?symbol=BTCUSDT&limit=50']' returned non-zero exit status 7.
2026-08-17 13:50:14 | DEBUG    | asyncio:631 | Using proactor: IocpProactor
2026-08-17 13:50:16 | WARNING  | backpack_quant_trading.core.binance_monitor:147 | 币安行情 aiohttp 兜底失败: Cannot connect to host 127.0.0.1:7891 ssl:False [远程计算机拒绝网络连接。]
2026-08-17 13:50:16 | DEBUG    | urllib3.connectionpool:1022 | Starting new HTTPS connection (1): fapi.binance.com:443
2026-08-17 13:50:16 | DEBUG    | urllib3.connectionpool:291 | Resetting dropped connection: finance.yahoo.com
2026-08-17 13:50:18 | DEBUG    | urllib3.connectionpool:475 | https://finance.yahoo.com:443 "POST /xhr/ncp?queryRef=latestNews&serviceKey=ncp_fin HTTP/1.1" 403 3369
2026-08-17 13:50:18 | ERROR    | backpack_quant_trading.core.binance_monitor:364 | 获取币安深度失败 futures BTCUSDT: HTTPSConnectionPool(host='fapi.binance.com', port=443): Max retries exceeded with url: /fapi/v1/depth?symbol=BTCUSDT&limit=50 (Caused by ProxyError('Cannot connect to proxy.', NewConnectionError('<urllib3.connection.HTTPSConnection object at 0x000001435A703D90>: Failed to establish a new connection: [WinError 10061] 由于目标计算机积极拒绝，无法连接。')))
2026-08-17 13:50:19 | DEBUG    | urllib3.connectionpool:1022 | Starting new HTTPS connection (1): feeds.finance.yahoo.com:443
2026-08-17 13:50:20 | DEBUG    | urllib3.connectionpool:475 | https://feeds.finance.yahoo.com:443 "GET /rss/2.0/headline?s=NVIDIA&region=US&lang=en-US HTTP/1.1" 200 393
2026-08-17 13:50:21 | DEBUG    | urllib3.connectionpool:475 | https://feeds.finance.yahoo.com:443 "GET /rss/2.0/headline?s=NVDA&region=US&lang=en-US HTTP/1.1" 200 3657
2026-08-17 13:50:21 | DEBUG    | urllib3.connectionpool:475 | https://feeds.finance.yahoo.com:443 "GET /rss/2.0/headline?s=MICRON&region=US&lang=en-US HTTP/1.1" 200 394
2026-08-17 13:50:23 | DEBUG    | urllib3.connectionpool:475 | https://feeds.finance.yahoo.com:443 "GET /rss/2.0/headline?s=MU&region=US&lang=en-US HTTP/1.1" 200 2855
2026-08-17 13:50:23 | DEBUG    | backpack_quant_trading.core.stock_news_feeds:795 | [雅虎财经] 直连 Search 获取 25 条
2026-08-17 13:50:23 | INFO     | stock_news_alert:555 | 轮询完成 @ 2026-08-17 05:49:06 | 拉取 212 条 (金十数据=17, 同花顺=20, 东方财富=80, 新浪财经=30, 富途牛牛=40, 雅虎财经=25) | 已推送过 0 | 非最新 0 | 未命中关键词 201 | 非重要快讯 11 | 内容相似去重 0 | 新命中 0 | 待推送 0 | 雅虎搜索词: NVIDIA, NVDA, MICRON, MU, SanDisk, SNDK, INTEL, INTC
2026-08-17 13:50:53 | DEBUG    | urllib3.connectionpool:1022 | Starting new HTTPS connection (1): flash-api.jin10.com:443
2026-08-17 13:50:54 | DEBUG    | urllib3.connectionpool:475 | https://flash-api.jin10.com:443 "GET /get_flash_list?channel=-8200&vip=1 HTTP/1.1" 200 None
2026-08-17 13:50:54 | DEBUG    | urllib3.connectionpool:1022 | Starting new HTTPS connection (1): news.10jqka.com.cn:443
2026-08-17 13:50:55 | DEBUG    | urllib3.connectionpool:475 | https://news.10jqka.com.cn:443 "GET /tapp/news/push/stock?page=1&tag=&track=website HTTP/1.1" 200 None
2026-08-17 13:50:55 | DEBUG    | urllib3.connectionpool:1022 | Starting new HTTPS connection (1): np-weblist.eastmoney.com:443
2026-08-17 13:50:56 | DEBUG    | urllib3.connectionpool:475 | https://np-weblist.eastmoney.com:443 "GET /comm/web/getFastNewsList?client=web&biz=web_724&fastColumn=102&sortEnd=&pageSize=80&req_trace=1710315450384 HTTP/1.1" 200 None
2026-08-17 13:50:56 | DEBUG    | urllib3.connectionpool:1022 | Starting new HTTPS connection (1): zhibo.sina.com.cn:443
2026-08-17 13:50:56 | DEBUG    | urllib3.connectionpool:475 | https://zhibo.sina.com.cn:443 "GET /api/zhibo/feed?page=1&page_size=30&zhibo_id=152&tag_id=0&dire=f&dpc=1&pagesize=30&type=1 HTTP/1.1" 200 None
2026-08-17 13:50:56 | DEBUG    | urllib3.connectionpool:1022 | Starting new HTTPS connection (1): news.futunn.com:443
2026-08-17 13:50:57 | DEBUG    | urllib3.connectionpool:475 | https://news.futunn.com:443 "GET /news-site-api/main/get-flash-list?pageSize=40 HTTP/1.1" 200 64415
2026-08-17 13:50:57 | DEBUG    | urllib3.connectionpool:1022 | Starting new HTTPS connection (1): finance.yahoo.com:443
2026-08-17 13:51:00 | DEBUG    | urllib3.connectionpool:475 | https://finance.yahoo.com:443 "GET / HTTP/1.1" 403 3369
2026-08-17 13:51:03 | DEBUG    | urllib3.connectionpool:1022 | Starting new HTTPS connection (1): query1.finance.yahoo.com:443
2026-08-17 13:51:04 | WARNING  | backpack_quant_trading.core.binance_monitor:143 | 币安行情 curl 兜底失败: Command '['curl', '-fsSL', '--max-time', '15', '-A', 'Mozilla/5.0', '-x', 'http://127.0.0.1:7891', 'https://fapi.binance.com/fapi/v1/klines?symbol=BTCUSDT&interval=1m&limit=2']' returned non-zero exit status 7.
2026-08-17 13:51:04 | DEBUG    | asyncio:631 | Using proactor: IocpProactor
2026-08-17 13:51:05 | DEBUG    | urllib3.connectionpool:475 | https://query1.finance.yahoo.com:443 "GET /v1/finance/search?q=NVIDIA&quotesCount=0&newsCount=50&enableFuzzyQuery=false HTTP/1.1" 403 3369
2026-08-17 13:51:06 | WARNING  | backpack_quant_trading.core.binance_monitor:147 | 币安行情 aiohttp 兜底失败: Cannot connect to host 127.0.0.1:7891 ssl:False [远程计算机拒绝网络连接。]
2026-08-17 13:51:06 | DEBUG    | urllib3.connectionpool:1022 | Starting new HTTPS connection (1): fapi.binance.com:443
2026-08-17 13:51:06 | DEBUG    | urllib3.connectionpool:1022 | Starting new HTTPS connection (1): query2.finance.yahoo.com:443
2026-08-17 13:51:08 | DEBUG    | urllib3.connectionpool:475 | https://query2.finance.yahoo.com:443 "GET /v1/finance/search?q=NVIDIA&quotesCount=0&newsCount=50&enableFuzzyQuery=false HTTP/1.1" 403 3369
2026-08-17 13:51:08 | DEBUG    | urllib3.connectionpool:291 | Resetting dropped connection: query1.finance.yahoo.com
2026-08-17 13:51:08 | ERROR    | backpack_quant_trading.core.binance_monitor:344 | 获取币安K线失败 futures BTCUSDT 1m: HTTPSConnectionPool(host='fapi.binance.com', port=443): Max retries exceeded with url: /fapi/v1/klines?symbol=BTCUSDT&interval=1m&limit=2 (Caused by ProxyError('Cannot connect to proxy.', NewConnectionError('<urllib3.connection.HTTPSConnection object at 0x000001435A4D6FD0>: Failed to establish a new connection: [WinError 10061] 由于目标计算机积极拒绝，无法连接。')))
2026-08-17 13:51:10 | DEBUG    | urllib3.connectionpool:475 | https://query1.finance.yahoo.com:443 "GET /v1/finance/search?q=NVDA&quotesCount=0&newsCount=50&enableFuzzyQuery=false HTTP/1.1" 403 3369
2026-08-17 13:51:10 | DEBUG    | urllib3.connectionpool:291 | Resetting dropped connection: query2.finance.yahoo.com
2026-08-17 13:51:12 | DEBUG    | urllib3.connectionpool:475 | https://query2.finance.yahoo.com:443 "GET /v1/finance/search?q=NVDA&quotesCount=0&newsCount=50&enableFuzzyQuery=false HTTP/1.1" 403 3369
2026-08-17 13:51:12 | DEBUG    | urllib3.connectionpool:291 | Resetting dropped connection: query1.finance.yahoo.com
2026-08-17 13:51:12 | WARNING  | backpack_quant_trading.core.binance_monitor:143 | 币安行情 curl 兜底失败: Command '['curl', '-fsSL', '--max-time', '10', '-A', 'Mozilla/5.0', '-x', 'http://127.0.0.1:7891', 'https://fapi.binance.com/fapi/v1/depth?symbol=BTCUSDT&limit=50']' returned non-zero exit status 7.
2026-08-17 13:51:12 | DEBUG    | asyncio:631 | Using proactor: IocpProactor
2026-08-17 13:51:14 | WARNING  | backpack_quant_trading.core.binance_monitor:147 | 币安行情 aiohttp 兜底失败: Cannot connect to host 127.0.0.1:7891 ssl:False [远程计算机拒绝网络连接。]
2026-08-17 13:51:14 | DEBUG    | urllib3.connectionpool:1022 | Starting new HTTPS connection (1): fapi.binance.com:443
2026-08-17 13:51:17 | ERROR    | backpack_quant_trading.core.binance_monitor:364 | 获取币安深度失败 futures BTCUSDT: HTTPSConnectionPool(host='fapi.binance.com', port=443): Max retries exceeded with url: /fapi/v1/depth?symbol=BTCUSDT&limit=50 (Caused by ProxyError('Cannot connect to proxy.', NewConnectionError('<urllib3.connection.HTTPSConnection object at 0x000001435A4D6990>: Failed to establish a new connection: [WinError 10061] 由于目标计算机积极拒绝，无法连接。')))
2026-08-17 13:51:17 | DEBUG    | urllib3.connectionpool:475 | https://query1.finance.yahoo.com:443 "GET /v1/finance/search?q=MICRON&quotesCount=0&newsCount=50&enableFuzzyQuery=false HTTP/1.1" 403 3369
2026-08-17 13:51:17 | DEBUG    | urllib3.connectionpool:291 | Resetting dropped connection: query2.finance.yahoo.com
2026-08-17 13:51:22 | DEBUG    | urllib3.connectionpool:475 | https://query2.finance.yahoo.com:443 "GET /v1/finance/search?q=MICRON&quotesCount=0&newsCount=50&enableFuzzyQuery=false HTTP/1.1" 403 3369
2026-08-17 13:51:23 | DEBUG    | urllib3.connectionpool:291 | Resetting dropped connection: query1.finance.yahoo.com
2026-08-17 13:51:28 | DEBUG    | urllib3.connectionpool:291 | Resetting dropped connection: query2.finance.yahoo.com
2026-08-17 13:51:29 | DEBUG    | urllib3.connectionpool:475 | https://query2.finance.yahoo.com:443 "GET /v1/finance/search?q=MU&quotesCount=0&newsCount=50&enableFuzzyQuery=false HTTP/1.1" 403 3369
2026-08-17 13:51:30 | DEBUG    | urllib3.connectionpool:1022 | Starting new HTTPS connection (2): query1.finance.yahoo.com:443
2026-08-17 13:51:32 | DEBUG    | urllib3.connectionpool:475 | https://query1.finance.yahoo.com:443 "GET /v1/finance/search?q=SanDisk&quotesCount=0&newsCount=50&enableFuzzyQuery=false HTTP/1.1" 403 3369
2026-08-17 13:51:39 | DEBUG    | urllib3.connectionpool:291 | Resetting dropped connection: query2.finance.yahoo.com
2026-08-17 13:51:40 | DEBUG    | urllib3.connectionpool:475 | https://query2.finance.yahoo.com:443 "GET /v1/finance/search?q=SanDisk&quotesCount=0&newsCount=50&enableFuzzyQuery=false HTTP/1.1" 403 3369
2026-08-17 13:51:40 | DEBUG    | urllib3.connectionpool:291 | Resetting dropped connection: query1.finance.yahoo.com
2026-08-17 13:51:43 | DEBUG    | urllib3.connectionpool:475 | https://query1.finance.yahoo.com:443 "GET /v1/finance/search?q=SNDK&quotesCount=0&newsCount=50&enableFuzzyQuery=false HTTP/1.1" 403 3369
2026-08-17 13:51:48 | DEBUG    | urllib3.connectionpool:291 | Resetting dropped connection: query2.finance.yahoo.com
2026-08-17 13:51:50 | DEBUG    | urllib3.connectionpool:475 | https://query2.finance.yahoo.com:443 "GET /v1/finance/search?q=SNDK&quotesCount=0&newsCount=50&enableFuzzyQuery=false HTTP/1.1" 403 3369
2026-08-17 13:51:50 | DEBUG    | urllib3.connectionpool:291 | Resetting dropped connection: query1.finance.yahoo.com
2026-08-17 13:51:53 | DEBUG    | urllib3.connectionpool:475 | https://query1.finance.yahoo.com:443 "GET /v1/finance/search?q=INTEL&quotesCount=0&newsCount=50&enableFuzzyQuery=false HTTP/1.1" 403 3369
2026-08-17 13:51:53 | DEBUG    | urllib3.connectionpool:291 | Resetting dropped connection: query2.finance.yahoo.com
2026-08-17 13:51:56 | DEBUG    | urllib3.connectionpool:475 | https://query2.finance.yahoo.com:443 "GET /v1/finance/search?q=INTEL&quotesCount=0&newsCount=50&enableFuzzyQuery=false HTTP/1.1" 403 3369
2026-08-17 13:51:56 | DEBUG    | urllib3.connectionpool:291 | Resetting dropped connection: query1.finance.yahoo.com
2026-08-17 13:51:58 | DEBUG    | urllib3.connectionpool:475 | https://query1.finance.yahoo.com:443 "GET /v1/finance/search?q=INTC&quotesCount=0&newsCount=50&enableFuzzyQuery=false HTTP/1.1" 403 3369
2026-08-17 13:51:58 | DEBUG    | urllib3.connectionpool:291 | Resetting dropped connection: query2.finance.yahoo.com
2026-08-17 13:52:04 | WARNING  | backpack_quant_trading.core.binance_monitor:143 | 币安行情 curl 兜底失败: Command '['curl', '-fsSL', '--max-time', '15', '-A', 'Mozilla/5.0', '-x', 'http://127.0.0.1:7891', 'https://fapi.binance.com/fapi/v1/klines?symbol=BTCUSDT&interval=1m&limit=2']' returned non-zero exit status 7.
2026-08-17 13:52:04 | DEBUG    | asyncio:631 | Using proactor: IocpProactor
2026-08-17 13:52:04 | DEBUG    | urllib3.connectionpool:291 | Resetting dropped connection: finance.yahoo.com
2026-08-17 13:52:06 | WARNING  | backpack_quant_trading.core.binance_monitor:147 | 币安行情 aiohttp 兜底失败: Cannot connect to host 127.0.0.1:7891 ssl:False [远程计算机拒绝网络连接。]
2026-08-17 13:52:06 | DEBUG    | urllib3.connectionpool:1022 | Starting new HTTPS connection (1): fapi.binance.com:443
2026-08-17 13:52:07 | DEBUG    | urllib3.connectionpool:475 | https://finance.yahoo.com:443 "POST /xhr/ncp?queryRef=latestNews&serviceKey=ncp_fin HTTP/1.1" 403 3369
2026-08-17 13:52:07 | DEBUG    | urllib3.connectionpool:1022 | Starting new HTTPS connection (1): feeds.finance.yahoo.com:443
2026-08-17 13:52:08 | ERROR    | backpack_quant_trading.core.binance_monitor:344 | 获取币安K线失败 futures BTCUSDT 1m: HTTPSConnectionPool(host='fapi.binance.com', port=443): Max retries exceeded with url: /fapi/v1/klines?symbol=BTCUSDT&interval=1m&limit=2 (Caused by ProxyError('Cannot connect to proxy.', NewConnectionError('<urllib3.connection.HTTPSConnection object at 0x0000014358858E10>: Failed to establish a new connection: [WinError 10061] 由于目标计算机积极拒绝，无法连接。')))
2026-08-17 13:52:09 | DEBUG    | urllib3.connectionpool:475 | https://feeds.finance.yahoo.com:443 "GET /rss/2.0/headline?s=NVIDIA&region=US&lang=en-US HTTP/1.1" 200 394
2026-08-17 13:52:10 | DEBUG    | urllib3.connectionpool:475 | https://feeds.finance.yahoo.com:443 "GET /rss/2.0/headline?s=NVDA&region=US&lang=en-US HTTP/1.1" 200 3658
2026-08-17 13:52:10 | DEBUG    | urllib3.connectionpool:475 | https://feeds.finance.yahoo.com:443 "GET /rss/2.0/headline?s=MICRON&region=US&lang=en-US HTTP/1.1" 200 394
2026-08-17 13:52:11 | DEBUG    | urllib3.connectionpool:475 | https://feeds.finance.yahoo.com:443 "GET /rss/2.0/headline?s=MU&region=US&lang=en-US HTTP/1.1" 200 2855
2026-08-17 13:52:11 | DEBUG    | backpack_quant_trading.core.stock_news_feeds:795 | [雅虎财经] 直连 Search 获取 25 条
2026-08-17 13:52:11 | INFO     | stock_news_alert:555 | 轮询完成 @ 2026-08-17 05:50:53 | 拉取 213 条 (金十数据=18, 同花顺=20, 东方财富=80, 新浪财经=30, 富途牛牛=40, 雅虎财经=25) | 已推送过 0 | 非最新 0 | 未命中关键词 202 | 非重要快讯 11 | 内容相似去重 0 | 新命中 0 | 待推送 0 | 雅虎搜索词: NVIDIA, NVDA, MICRON, MU, SanDisk, SNDK, INTEL, INTC
2026-08-17 13:52:12 | WARNING  | backpack_quant_trading.core.binance_monitor:143 | 币安行情 curl 兜底失败: Command '['curl', '-fsSL', '--max-time', '10', '-A', 'Mozilla/5.0', '-x', 'http://127.0.0.1:7891', 'https://fapi.binance.com/fapi/v1/depth?symbol=BTCUSDT&limit=50']' returned non-zero exit status 7.
2026-08-17 13:52:12 | DEBUG    | asyncio:631 | Using proactor: IocpProactor
2026-08-17 13:52:14 | WARNING  | backpack_quant_trading.core.binance_monitor:147 | 币安行情 aiohttp 兜底失败: Cannot connect to host 127.0.0.1:7891 ssl:False [远程计算机拒绝网络连接。]
2026-08-17 13:52:14 | DEBUG    | urllib3.connectionpool:1022 | Starting new HTTPS connection (1): fapi.binance.com:443
2026-08-17 13:52:16 | ERROR    | backpack_quant_trading.core.binance_monitor:364 | 获取币安深度失败 futures BTCUSDT: HTTPSConnectionPool(host='fapi.binance.com', port=443): Max retries exceeded with url: /fapi/v1/depth?symbol=BTCUSDT&limit=50 (Caused by ProxyError('Cannot connect to proxy.', NewConnectionError('<urllib3.connection.HTTPSConnection object at 0x000001435885AFD0>: Failed to establish a new connection: [WinError 10061] 由于目标计算机积极拒绝，无法连接。')))
2026-08-17 13:52:41 | DEBUG    | urllib3.connectionpool:1022 | Starting new HTTPS connection (1): flash-api.jin10.com:443
2026-08-17 13:52:41 | DEBUG    | urllib3.connectionpool:475 | https://flash-api.jin10.com:443 "GET /get_flash_list?channel=-8200&vip=1 HTTP/1.1" 200 None
2026-08-17 13:52:41 | DEBUG    | urllib3.connectionpool:1022 | Starting new HTTPS connection (1): news.10jqka.com.cn:443
2026-08-17 13:52:42 | DEBUG    | urllib3.connectionpool:475 | https://news.10jqka.com.cn:443 "GET /tapp/news/push/stock?page=1&tag=&track=website HTTP/1.1" 200 None
2026-08-17 13:52:42 | DEBUG    | urllib3.connectionpool:1022 | Starting new HTTPS connection (1): np-weblist.eastmoney.com:443
2026-08-17 13:52:43 | DEBUG    | urllib3.connectionpool:475 | https://np-weblist.eastmoney.com:443 "GET /comm/web/getFastNewsList?client=web&biz=web_724&fastColumn=102&sortEnd=&pageSize=80&req_trace=1710315450384 HTTP/1.1" 200 None
2026-08-17 13:52:43 | DEBUG    | urllib3.connectionpool:1022 | Starting new HTTPS connection (1): zhibo.sina.com.cn:443
2026-08-17 13:52:44 | DEBUG    | urllib3.connectionpool:475 | https://zhibo.sina.com.cn:443 "GET /api/zhibo/feed?page=1&page_size=30&zhibo_id=152&tag_id=0&dire=f&dpc=1&pagesize=30&type=1 HTTP/1.1" 200 None
2026-08-17 13:52:44 | DEBUG    | urllib3.connectionpool:1022 | Starting new HTTPS connection (1): news.futunn.com:443
2026-08-17 13:52:45 | DEBUG    | urllib3.connectionpool:475 | https://news.futunn.com:443 "GET /news-site-api/main/get-flash-list?pageSize=40 HTTP/1.1" 200 64926
2026-08-17 13:52:45 | DEBUG    | urllib3.connectionpool:1022 | Starting new HTTPS connection (1): finance.yahoo.com:443
2026-08-17 13:52:48 | DEBUG    | urllib3.connectionpool:475 | https://finance.yahoo.com:443 "GET / HTTP/1.1" 403 3369
2026-08-17 13:52:50 | DEBUG    | urllib3.connectionpool:1022 | Starting new HTTPS connection (1): query1.finance.yahoo.com:443
2026-08-17 13:52:52 | DEBUG    | urllib3.connectionpool:475 | https://query1.finance.yahoo.com:443 "GET /v1/finance/search?q=NVIDIA&quotesCount=0&newsCount=50&enableFuzzyQuery=false HTTP/1.1" 403 3369
2026-08-17 13:52:53 | DEBUG    | urllib3.connectionpool:1022 | Starting new HTTPS connection (1): query2.finance.yahoo.com:443
2026-08-17 13:52:55 | DEBUG    | urllib3.connectionpool:475 | https://query2.finance.yahoo.com:443 "GET /v1/finance/search?q=NVIDIA&quotesCount=0&newsCount=50&enableFuzzyQuery=false HTTP/1.1" 403 3369
2026-08-17 13:52:55 | DEBUG    | urllib3.connectionpool:291 | Resetting dropped connection: query1.finance.yahoo.com
2026-08-17 13:52:57 | DEBUG    | urllib3.connectionpool:475 | https://query1.finance.yahoo.com:443 "GET /v1/finance/search?q=NVDA&quotesCount=0&newsCount=50&enableFuzzyQuery=false HTTP/1.1" 403 3369
2026-08-17 13:52:57 | DEBUG    | urllib3.connectionpool:291 | Resetting dropped connection: query2.finance.yahoo.com
2026-08-17 13:52:59 | DEBUG    | urllib3.connectionpool:475 | https://query2.finance.yahoo.com:443 "GET /v1/finance/search?q=NVDA&quotesCount=0&newsCount=50&enableFuzzyQuery=false HTTP/1.1" 403 3369
2026-08-17 13:52:59 | DEBUG    | urllib3.connectionpool:291 | Resetting dropped connection: query1.finance.yahoo.com
2026-08-17 13:53:02 | DEBUG    | urllib3.connectionpool:475 | https://query1.finance.yahoo.com:443 "GET /v1/finance/search?q=MICRON&quotesCount=0&newsCount=50&enableFuzzyQuery=false HTTP/1.1" 403 3369
2026-08-17 13:53:02 | DEBUG    | urllib3.connectionpool:291 | Resetting dropped connection: query2.finance.yahoo.com
2026-08-17 13:53:05 | WARNING  | backpack_quant_trading.core.binance_monitor:143 | 币安行情 curl 兜底失败: Command '['curl', '-fsSL', '--max-time', '15', '-A', 'Mozilla/5.0', '-x', 'http://127.0.0.1:7891', 'https://fapi.binance.com/fapi/v1/klines?symbol=BTCUSDT&interval=1m&limit=2']' returned non-zero exit status 7.
2026-08-17 13:53:05 | DEBUG    | asyncio:631 | Using proactor: IocpProactor
2026-08-17 13:53:06 | DEBUG    | urllib3.connectionpool:475 | https://query2.finance.yahoo.com:443 "GET /v1/finance/search?q=MICRON&quotesCount=0&newsCount=50&enableFuzzyQuery=false HTTP/1.1" 403 3369
2026-08-17 13:53:06 | DEBUG    | urllib3.connectionpool:291 | Resetting dropped connection: query1.finance.yahoo.com
2026-08-17 13:53:07 | WARNING  | backpack_quant_trading.core.binance_monitor:147 | 币安行情 aiohttp 兜底失败: Cannot connect to host 127.0.0.1:7891 ssl:False [远程计算机拒绝网络连接。]
2026-08-17 13:53:07 | DEBUG    | urllib3.connectionpool:1022 | Starting new HTTPS connection (1): fapi.binance.com:443
2026-08-17 13:53:08 | DEBUG    | urllib3.connectionpool:475 | https://query1.finance.yahoo.com:443 "GET /v1/finance/search?q=MU&quotesCount=0&newsCount=50&enableFuzzyQuery=false HTTP/1.1" 403 3369
2026-08-17 13:53:08 | DEBUG    | urllib3.connectionpool:291 | Resetting dropped connection: query2.finance.yahoo.com
2026-08-17 13:53:09 | ERROR    | backpack_quant_trading.core.binance_monitor:344 | 获取币安K线失败 futures BTCUSDT 1m: HTTPSConnectionPool(host='fapi.binance.com', port=443): Max retries exceeded with url: /fapi/v1/klines?symbol=BTCUSDT&interval=1m&limit=2 (Caused by ProxyError('Cannot connect to proxy.', NewConnectionError('<urllib3.connection.HTTPSConnection object at 0x000001435A4D7C50>: Failed to establish a new connection: [WinError 10061] 由于目标计算机积极拒绝，无法连接。')))
2026-08-17 13:53:13 | DEBUG    | urllib3.connectionpool:475 | https://query2.finance.yahoo.com:443 "GET /v1/finance/search?q=MU&quotesCount=0&newsCount=50&enableFuzzyQuery=false HTTP/1.1" 403 3369
2026-08-17 13:53:13 | DEBUG    | urllib3.connectionpool:291 | Resetting dropped connection: query1.finance.yahoo.com
2026-08-17 13:53:14 | WARNING  | backpack_quant_trading.core.binance_monitor:143 | 币安行情 curl 兜底失败: Command '['curl', '-fsSL', '--max-time', '10', '-A', 'Mozilla/5.0', '-x', 'http://127.0.0.1:7891', 'https://fapi.binance.com/fapi/v1/depth?symbol=BTCUSDT&limit=50']' returned non-zero exit status 7.
2026-08-17 13:53:14 | DEBUG    | asyncio:631 | Using proactor: IocpProactor
2026-08-17 13:53:16 | WARNING  | backpack_quant_trading.core.binance_monitor:147 | 币安行情 aiohttp 兜底失败: Cannot connect to host 127.0.0.1:7891 ssl:False [远程计算机拒绝网络连接。]
2026-08-17 13:53:16 | DEBUG    | urllib3.connectionpool:1022 | Starting new HTTPS connection (1): fapi.binance.com:443
2026-08-17 13:53:18 | ERROR    | backpack_quant_trading.core.binance_monitor:364 | 获取币安深度失败 futures BTCUSDT: HTTPSConnectionPool(host='fapi.binance.com', port=443): Max retries exceeded with url: /fapi/v1/depth?symbol=BTCUSDT&limit=50 (Caused by ProxyError('Cannot connect to proxy.', NewConnectionError('<urllib3.connection.HTTPSConnection object at 0x000001435A4D6350>: Failed to establish a new connection: [WinError 10061] 由于目标计算机积极拒绝，无法连接。')))
2026-08-17 13:53:18 | DEBUG    | urllib3.connectionpool:291 | Resetting dropped connection: query2.finance.yahoo.com
2026-08-17 13:53:21 | DEBUG    | urllib3.connectionpool:475 | https://query2.finance.yahoo.com:443 "GET /v1/finance/search?q=SanDisk&quotesCount=0&newsCount=50&enableFuzzyQuery=false HTTP/1.1" 403 3369
2026-08-17 13:53:21 | DEBUG    | urllib3.connectionpool:1022 | Starting new HTTPS connection (2): query1.finance.yahoo.com:443
2026-08-17 13:53:22 | DEBUG    | urllib3.connectionpool:475 | https://query1.finance.yahoo.com:443 "GET /v1/finance/search?q=SNDK&quotesCount=0&newsCount=50&enableFuzzyQuery=false HTTP/1.1" 403 3369
2026-08-17 13:53:22 | DEBUG    | urllib3.connectionpool:291 | Resetting dropped connection: query2.finance.yahoo.com
2026-08-17 13:53:28 | DEBUG    | urllib3.connectionpool:291 | Resetting dropped connection: query1.finance.yahoo.com
2026-08-17 13:53:30 | DEBUG    | urllib3.connectionpool:475 | https://query1.finance.yahoo.com:443 "GET /v1/finance/search?q=INTEL&quotesCount=0&newsCount=50&enableFuzzyQuery=false HTTP/1.1" 403 3369
2026-08-17 13:53:30 | DEBUG    | urllib3.connectionpool:1022 | Starting new HTTPS connection (2): query2.finance.yahoo.com:443
2026-08-17 13:53:33 | DEBUG    | urllib3.connectionpool:475 | https://query2.finance.yahoo.com:443 "GET /v1/finance/search?q=INTEL&quotesCount=0&newsCount=50&enableFuzzyQuery=false HTTP/1.1" 403 3369
2026-08-17 13:53:35 | DEBUG    | urllib3.connectionpool:291 | Resetting dropped connection: query1.finance.yahoo.com
2026-08-17 13:53:37 | DEBUG    | urllib3.connectionpool:475 | https://query1.finance.yahoo.com:443 "GET /v1/finance/search?q=INTC&quotesCount=0&newsCount=50&enableFuzzyQuery=false HTTP/1.1" 403 3369
2026-08-17 13:53:37 | DEBUG    | urllib3.connectionpool:291 | Resetting dropped connection: query2.finance.yahoo.com
2026-08-17 13:53:39 | DEBUG    | urllib3.connectionpool:475 | https://query2.finance.yahoo.com:443 "GET /v1/finance/search?q=INTC&quotesCount=0&newsCount=50&enableFuzzyQuery=false HTTP/1.1" 403 3369
2026-08-17 13:53:39 | DEBUG    | urllib3.connectionpool:291 | Resetting dropped connection: finance.yahoo.com
2026-08-17 13:53:44 | DEBUG    | urllib3.connectionpool:475 | https://finance.yahoo.com:443 "POST /xhr/ncp?queryRef=latestNews&serviceKey=ncp_fin HTTP/1.1" 403 3369
2026-08-17 13:53:44 | DEBUG    | urllib3.connectionpool:1022 | Starting new HTTPS connection (1): feeds.finance.yahoo.com:443
2026-08-17 13:53:48 | DEBUG    | urllib3.connectionpool:475 | https://feeds.finance.yahoo.com:443 "GET /rss/2.0/headline?s=NVIDIA&region=US&lang=en-US HTTP/1.1" 200 394
2026-08-17 13:53:48 | DEBUG    | urllib3.connectionpool:475 | https://feeds.finance.yahoo.com:443 "GET /rss/2.0/headline?s=NVDA&region=US&lang=en-US HTTP/1.1" 200 4689
2026-08-17 13:53:49 | DEBUG    | urllib3.connectionpool:475 | https://feeds.finance.yahoo.com:443 "GET /rss/2.0/headline?s=MICRON&region=US&lang=en-US HTTP/1.1" 200 394
2026-08-17 13:53:51 | DEBUG    | urllib3.connectionpool:475 | https://feeds.finance.yahoo.com:443 "GET /rss/2.0/headline?s=MU&region=US&lang=en-US HTTP/1.1" 200 2856
2026-08-17 13:53:51 | DEBUG    | backpack_quant_trading.core.stock_news_feeds:795 | [雅虎财经] 直连 Search 获取 30 条
2026-08-17 13:53:51 | INFO     | stock_news_alert:555 | 轮询完成 @ 2026-08-17 05:52:41 | 拉取 217 条 (金十数据=17, 同花顺=20, 东方财富=80, 新浪财经=30, 富途牛牛=40, 雅虎财经=30) | 已推送过 0 | 非最新 0 | 未命中关键词 205 | 非重要快讯 12 | 内容相似去重 0 | 新命中 0 | 待推送 0 | 雅虎搜索词: NVIDIA, NVDA, MICRON, MU, SanDisk, SNDK, INTEL, INTC
2026-08-17 13:54:04 | WARNING  | backpack_quant_trading.core.binance_monitor:143 | 币安行情 curl 兜底失败: Command '['curl', '-fsSL', '--max-time', '15', '-A', 'Mozilla/5.0', '-x', 'http://127.0.0.1:7891', 'https://fapi.binance.com/fapi/v1/klines?symbol=BTCUSDT&interval=1m&limit=2']' returned non-zero exit status 7.
2026-08-17 13:54:04 | DEBUG    | asyncio:631 | Using proactor: IocpProactor
2026-08-17 13:54:06 | WARNING  | backpack_quant_trading.core.binance_monitor:147 | 币安行情 aiohttp 兜底失败: Cannot connect to host 127.0.0.1:7891 ssl:False [远程计算机拒绝网络连接。]
2026-08-17 13:54:06 | DEBUG    | urllib3.connectionpool:1022 | Starting new HTTPS connection (1): fapi.binance.com:443
2026-08-17 13:54:08 | ERROR    | backpack_quant_trading.core.binance_monitor:344 | 获取币安K线失败 futures BTCUSDT 1m: HTTPSConnectionPool(host='fapi.binance.com', port=443): Max retries exceeded with url: /fapi/v1/klines?symbol=BTCUSDT&interval=1m&limit=2 (Caused by ProxyError('Cannot connect to proxy.', NewConnectionError('<urllib3.connection.HTTPSConnection object at 0x000001435A4D6850>: Failed to establish a new connection: [WinError 10061] 由于目标计算机积极拒绝，无法连接。')))
2026-08-17 13:54:12 | WARNING  | backpack_quant_trading.core.binance_monitor:143 | 币安行情 curl 兜底失败: Command '['curl', '-fsSL', '--max-time', '10', '-A', 'Mozilla/5.0', '-x', 'http://127.0.0.1:7891', 'https://fapi.binance.com/fapi/v1/depth?symbol=BTCUSDT&limit=50']' returned non-zero exit status 7.
2026-08-17 13:54:12 | DEBUG    | asyncio:631 | Using proactor: IocpProactor
2026-08-17 13:54:14 | WARNING  | backpack_quant_trading.core.binance_monitor:147 | 币安行情 aiohttp 兜底失败: Cannot connect to host 127.0.0.1:7891 ssl:False [远程计算机拒绝网络连接。]
2026-08-17 13:54:14 | DEBUG    | urllib3.connectionpool:1022 | Starting new HTTPS connection (1): fapi.binance.com:443
2026-08-17 13:54:16 | ERROR    | backpack_quant_trading.core.binance_monitor:364 | 获取币安深度失败 futures BTCUSDT: HTTPSConnectionPool(host='fapi.binance.com', port=443): Max retries exceeded with url: /fapi/v1/depth?symbol=BTCUSDT&limit=50 (Caused by ProxyError('Cannot connect to proxy.', NewConnectionError('<urllib3.connection.HTTPSConnection object at 0x000001435A4D7C50>: Failed to establish a new connection: [WinError 10061] 由于目标计算机积极拒绝，无法连接。')))
2026-08-17 13:54:21 | DEBUG    | urllib3.connectionpool:1022 | Starting new HTTPS connection (1): flash-api.jin10.com:443
2026-08-17 13:54:22 | DEBUG    | urllib3.connectionpool:475 | https://flash-api.jin10.com:443 "GET /get_flash_list?channel=-8200&vip=1 HTTP/1.1" 200 None
2026-08-17 13:54:22 | DEBUG    | urllib3.connectionpool:1022 | Starting new HTTPS connection (1): news.10jqka.com.cn:443
2026-08-17 13:54:23 | DEBUG    | urllib3.connectionpool:475 | https://news.10jqka.com.cn:443 "GET /tapp/news/push/stock?page=1&tag=&track=website HTTP/1.1" 200 None
2026-08-17 13:54:23 | DEBUG    | urllib3.connectionpool:1022 | Starting new HTTPS connection (1): np-weblist.eastmoney.com:443
2026-08-17 13:54:23 | DEBUG    | urllib3.connectionpool:475 | https://np-weblist.eastmoney.com:443 "GET /comm/web/getFastNewsList?client=web&biz=web_724&fastColumn=102&sortEnd=&pageSize=80&req_trace=1710315450384 HTTP/1.1" 200 None
2026-08-17 13:54:23 | DEBUG    | urllib3.connectionpool:1022 | Starting new HTTPS connection (1): zhibo.sina.com.cn:443
2026-08-17 13:54:24 | DEBUG    | urllib3.connectionpool:475 | https://zhibo.sina.com.cn:443 "GET /api/zhibo/feed?page=1&page_size=30&zhibo_id=152&tag_id=0&dire=f&dpc=1&pagesize=30&type=1 HTTP/1.1" 200 None
2026-08-17 13:54:24 | DEBUG    | urllib3.connectionpool:1022 | Starting new HTTPS connection (1): news.futunn.com:443
2026-08-17 13:54:25 | DEBUG    | urllib3.connectionpool:475 | https://news.futunn.com:443 "GET /news-site-api/main/get-flash-list?pageSize=40 HTTP/1.1" 200 65182
2026-08-17 13:54:25 | DEBUG    | urllib3.connectionpool:1022 | Starting new HTTPS connection (1): finance.yahoo.com:443
2026-08-17 13:54:27 | DEBUG    | urllib3.connectionpool:475 | https://finance.yahoo.com:443 "GET / HTTP/1.1" 403 3369
2026-08-17 13:54:27 | DEBUG    | urllib3.connectionpool:1022 | Starting new HTTPS connection (1): query1.finance.yahoo.com:443
2026-08-17 13:54:29 | DEBUG    | urllib3.connectionpool:475 | https://query1.finance.yahoo.com:443 "GET /v1/finance/search?q=NVIDIA&quotesCount=0&newsCount=50&enableFuzzyQuery=false HTTP/1.1" 403 3369
2026-08-17 13:54:30 | DEBUG    | urllib3.connectionpool:1022 | Starting new HTTPS connection (1): query2.finance.yahoo.com:443
2026-08-17 13:54:33 | DEBUG    | urllib3.connectionpool:475 | https://query2.finance.yahoo.com:443 "GET /v1/finance/search?q=NVIDIA&quotesCount=0&newsCount=50&enableFuzzyQuery=false HTTP/1.1" 403 3369
2026-08-17 13:54:33 | DEBUG    | urllib3.connectionpool:291 | Resetting dropped connection: query1.finance.yahoo.com
2026-08-17 13:54:36 | DEBUG    | urllib3.connectionpool:475 | https://query1.finance.yahoo.com:443 "GET /v1/finance/search?q=NVDA&quotesCount=0&newsCount=50&enableFuzzyQuery=false HTTP/1.1" 403 3369
2026-08-17 13:54:36 | DEBUG    | urllib3.connectionpool:291 | Resetting dropped connection: query2.finance.yahoo.com
2026-08-17 13:54:38 | DEBUG    | urllib3.connectionpool:475 | https://query2.finance.yahoo.com:443 "GET /v1/finance/search?q=NVDA&quotesCount=0&newsCount=50&enableFuzzyQuery=false HTTP/1.1" 403 3369
2026-08-17 13:54:38 | DEBUG    | urllib3.connectionpool:291 | Resetting dropped connection: query1.finance.yahoo.com
2026-08-17 13:54:40 | DEBUG    | urllib3.connectionpool:475 | https://query1.finance.yahoo.com:443 "GET /v1/finance/search?q=MICRON&quotesCount=0&newsCount=50&enableFuzzyQuery=false HTTP/1.1" 403 3369
2026-08-17 13:54:40 | DEBUG    | urllib3.connectionpool:291 | Resetting dropped connection: query2.finance.yahoo.com
2026-08-17 13:54:43 | DEBUG    | urllib3.connectionpool:475 | https://query2.finance.yahoo.com:443 "GET /v1/finance/search?q=MICRON&quotesCount=0&newsCount=50&enableFuzzyQuery=false HTTP/1.1" 403 3369
2026-08-17 13:54:44 | DEBUG    | urllib3.connectionpool:291 | Resetting dropped connection: query1.finance.yahoo.com
2026-08-17 13:54:46 | DEBUG    | urllib3.connectionpool:475 | https://query1.finance.yahoo.com:443 "GET /v1/finance/search?q=MU&quotesCount=0&newsCount=50&enableFuzzyQuery=false HTTP/1.1" 403 3369
2026-08-17 13:54:46 | DEBUG    | urllib3.connectionpool:291 | Resetting dropped connection: query2.finance.yahoo.com
2026-08-17 13:54:49 | DEBUG    | urllib3.connectionpool:475 | https://query2.finance.yahoo.com:443 "GET /v1/finance/search?q=MU&quotesCount=0&newsCount=50&enableFuzzyQuery=false HTTP/1.1" 403 3369
2026-08-17 13:54:49 | DEBUG    | urllib3.connectionpool:291 | Resetting dropped connection: query1.finance.yahoo.com
2026-08-17 13:54:50 | DEBUG    | urllib3.connectionpool:475 | https://query1.finance.yahoo.com:443 "GET /v1/finance/search?q=SanDisk&quotesCount=0&newsCount=50&enableFuzzyQuery=false HTTP/1.1" 403 3369
2026-08-17 13:54:51 | DEBUG    | urllib3.connectionpool:291 | Resetting dropped connection: query2.finance.yahoo.com
2026-08-17 13:54:53 | DEBUG    | urllib3.connectionpool:475 | https://query2.finance.yahoo.com:443 "GET /v1/finance/search?q=SanDisk&quotesCount=0&newsCount=50&enableFuzzyQuery=false HTTP/1.1" 403 3369
2026-08-17 13:54:53 | DEBUG    | urllib3.connectionpool:291 | Resetting dropped connection: query1.finance.yahoo.com
2026-08-17 13:54:55 | DEBUG    | urllib3.connectionpool:475 | https://query1.finance.yahoo.com:443 "GET /v1/finance/search?q=SNDK&quotesCount=0&newsCount=50&enableFuzzyQuery=false HTTP/1.1" 403 3369
2026-08-17 13:54:56 | DEBUG    | urllib3.connectionpool:291 | Resetting dropped connection: query2.finance.yahoo.com
2026-08-17 13:54:58 | DEBUG    | urllib3.connectionpool:475 | https://query2.finance.yahoo.com:443 "GET /v1/finance/search?q=SNDK&quotesCount=0&newsCount=50&enableFuzzyQuery=false HTTP/1.1" 403 3369
2026-08-17 13:54:58 | DEBUG    | urllib3.connectionpool:291 | Resetting dropped connection: query1.finance.yahoo.com
2026-08-17 13:55:02 | DEBUG    | urllib3.connectionpool:475 | https://query1.finance.yahoo.com:443 "GET /v1/finance/search?q=INTEL&quotesCount=0&newsCount=50&enableFuzzyQuery=false HTTP/1.1" 403 3369
2026-08-17 13:55:02 | DEBUG    | urllib3.connectionpool:291 | Resetting dropped connection: query2.finance.yahoo.com
2026-08-17 13:55:04 | DEBUG    | urllib3.connectionpool:475 | https://query2.finance.yahoo.com:443 "GET /v1/finance/search?q=INTEL&quotesCount=0&newsCount=50&enableFuzzyQuery=false HTTP/1.1" 403 3369
2026-08-17 13:55:05 | DEBUG    | urllib3.connectionpool:291 | Resetting dropped connection: query1.finance.yahoo.com
2026-08-17 13:55:05 | WARNING  | backpack_quant_trading.core.binance_monitor:143 | 币安行情 curl 兜底失败: Command '['curl', '-fsSL', '--max-time', '15', '-A', 'Mozilla/5.0', '-x', 'http://127.0.0.1:7891', 'https://fapi.binance.com/fapi/v1/klines?symbol=BTCUSDT&interval=1m&limit=2']' returned non-zero exit status 7.
2026-08-17 13:55:06 | DEBUG    | asyncio:631 | Using proactor: IocpProactor
2026-08-17 13:55:07 | DEBUG    | urllib3.connectionpool:475 | https://query1.finance.yahoo.com:443 "GET /v1/finance/search?q=INTC&quotesCount=0&newsCount=50&enableFuzzyQuery=false HTTP/1.1" 403 3369
2026-08-17 13:55:08 | WARNING  | backpack_quant_trading.core.binance_monitor:147 | 币安行情 aiohttp 兜底失败: Cannot connect to host 127.0.0.1:7891 ssl:False [远程计算机拒绝网络连接。]
2026-08-17 13:55:08 | DEBUG    | urllib3.connectionpool:1022 | Starting new HTTPS connection (1): fapi.binance.com:443
2026-08-17 13:55:10 | ERROR    | backpack_quant_trading.core.binance_monitor:344 | 获取币安K线失败 futures BTCUSDT 1m: HTTPSConnectionPool(host='fapi.binance.com', port=443): Max retries exceeded with url: /fapi/v1/klines?symbol=BTCUSDT&interval=1m&limit=2 (Caused by ProxyError('Cannot connect to proxy.', NewConnectionError('<urllib3.connection.HTTPSConnection object at 0x000001435A700B90>: Failed to establish a new connection: [WinError 10061] 由于目标计算机积极拒绝，无法连接。')))
2026-08-17 13:55:13 | DEBUG    | urllib3.connectionpool:291 | Resetting dropped connection: query2.finance.yahoo.com
2026-08-17 13:55:14 | WARNING  | backpack_quant_trading.core.binance_monitor:143 | 币安行情 curl 兜底失败: Command '['curl', '-fsSL', '--max-time', '10', '-A', 'Mozilla/5.0', '-x', 'http://127.0.0.1:7891', 'https://fapi.binance.com/fapi/v1/depth?symbol=BTCUSDT&limit=50']' returned non-zero exit status 7.
2026-08-17 13:55:14 | DEBUG    | asyncio:631 | Using proactor: IocpProactor
2026-08-17 13:55:16 | DEBUG    | urllib3.connectionpool:475 | https://query2.finance.yahoo.com:443 "GET /v1/finance/search?q=INTC&quotesCount=0&newsCount=50&enableFuzzyQuery=false HTTP/1.1" 403 3369
2026-08-17 13:55:16 | DEBUG    | urllib3.connectionpool:291 | Resetting dropped connection: finance.yahoo.com
2026-08-17 13:55:16 | WARNING  | backpack_quant_trading.core.binance_monitor:147 | 币安行情 aiohttp 兜底失败: Cannot connect to host 127.0.0.1:7891 ssl:False [远程计算机拒绝网络连接。]
2026-08-17 13:55:16 | DEBUG    | urllib3.connectionpool:1022 | Starting new HTTPS connection (1): fapi.binance.com:443
2026-08-17 13:55:17 | DEBUG    | urllib3.connectionpool:475 | https://finance.yahoo.com:443 "POST /xhr/ncp?queryRef=latestNews&serviceKey=ncp_fin HTTP/1.1" 403 3369
2026-08-17 13:55:17 | DEBUG    | urllib3.connectionpool:1022 | Starting new HTTPS connection (1): feeds.finance.yahoo.com:443
2026-08-17 13:55:19 | ERROR    | backpack_quant_trading.core.binance_monitor:364 | 获取币安深度失败 futures BTCUSDT: HTTPSConnectionPool(host='fapi.binance.com', port=443): Max retries exceeded with url: /fapi/v1/depth?symbol=BTCUSDT&limit=50 (Caused by ProxyError('Cannot connect to proxy.', NewConnectionError('<urllib3.connection.HTTPSConnection object at 0x0000014358859590>: Failed to establish a new connection: [WinError 10061] 由于目标计算机积极拒绝，无法连接。')))
2026-08-17 13:55:25 | DEBUG    | urllib3.connectionpool:475 | https://feeds.finance.yahoo.com:443 "GET /rss/2.0/headline?s=NVIDIA&region=US&lang=en-US HTTP/1.1" 200 394
2026-08-17 13:55:25 | DEBUG    | urllib3.connectionpool:475 | https://feeds.finance.yahoo.com:443 "GET /rss/2.0/headline?s=NVDA&region=US&lang=en-US HTTP/1.1" 200 3658
2026-08-17 13:55:26 | DEBUG    | urllib3.connectionpool:475 | https://feeds.finance.yahoo.com:443 "GET /rss/2.0/headline?s=MICRON&region=US&lang=en-US HTTP/1.1" 200 394
2026-08-17 13:55:27 | DEBUG    | urllib3.connectionpool:475 | https://feeds.finance.yahoo.com:443 "GET /rss/2.0/headline?s=MU&region=US&lang=en-US HTTP/1.1" 200 2858
2026-08-17 13:55:28 | DEBUG    | backpack_quant_trading.core.stock_news_feeds:795 | [雅虎财经] 直连 Search 获取 25 条
2026-08-17 13:55:28 | INFO     | stock_news_alert:555 | 轮询完成 @ 2026-08-17 05:54:21 | 拉取 211 条 (金十数据=16, 同花顺=20, 东方财富=80, 新浪财经=30, 富途牛牛=40, 雅虎财经=25) | 已推送过 0 | 非最新 0 | 未命中关键词 200 | 非重要快讯 11 | 内容相似去重 0 | 新命中 0 | 待推送 0 | 雅虎搜索词: NVIDIA, NVDA, MICRON, MU, SanDisk, SNDK, INTEL, INTC
2026-08-17 13:55:58 | DEBUG    | urllib3.connectionpool:1022 | Starting new HTTPS connection (1): flash-api.jin10.com:443
2026-08-17 13:55:59 | DEBUG    | urllib3.connectionpool:475 | https://flash-api.jin10.com:443 "GET /get_flash_list?channel=-8200&vip=1 HTTP/1.1" 200 None
2026-08-17 13:55:59 | DEBUG    | urllib3.connectionpool:1022 | Starting new HTTPS connection (1): news.10jqka.com.cn:443
2026-08-17 13:56:00 | DEBUG    | urllib3.connectionpool:475 | https://news.10jqka.com.cn:443 "GET /tapp/news/push/stock?page=1&tag=&track=website HTTP/1.1" 200 None
2026-08-17 13:56:00 | DEBUG    | urllib3.connectionpool:1022 | Starting new HTTPS connection (1): np-weblist.eastmoney.com:443
2026-08-17 13:56:01 | DEBUG    | urllib3.connectionpool:475 | https://np-weblist.eastmoney.com:443 "GET /comm/web/getFastNewsList?client=web&biz=web_724&fastColumn=102&sortEnd=&pageSize=80&req_trace=1710315450384 HTTP/1.1" 200 None
2026-08-17 13:56:01 | DEBUG    | urllib3.connectionpool:1022 | Starting new HTTPS connection (1): zhibo.sina.com.cn:443
2026-08-17 13:56:02 | DEBUG    | urllib3.connectionpool:475 | https://zhibo.sina.com.cn:443 "GET /api/zhibo/feed?page=1&page_size=30&zhibo_id=152&tag_id=0&dire=f&dpc=1&pagesize=30&type=1 HTTP/1.1" 200 None
2026-08-17 13:56:02 | DEBUG    | urllib3.connectionpool:1022 | Starting new HTTPS connection (1): news.futunn.com:443
2026-08-17 13:56:03 | DEBUG    | urllib3.connectionpool:475 | https://news.futunn.com:443 "GET /news-site-api/main/get-flash-list?pageSize=40 HTTP/1.1" 200 66203
2026-08-17 13:56:03 | DEBUG    | urllib3.connectionpool:1022 | Starting new HTTPS connection (1): finance.yahoo.com:443
2026-08-17 13:56:05 | WARNING  | backpack_quant_trading.core.binance_monitor:143 | 币安行情 curl 兜底失败: Command '['curl', '-fsSL', '--max-time', '15', '-A', 'Mozilla/5.0', '-x', 'http://127.0.0.1:7891', 'https://fapi.binance.com/fapi/v1/klines?symbol=BTCUSDT&interval=1m&limit=2']' returned non-zero exit status 7.
2026-08-17 13:56:05 | DEBUG    | asyncio:631 | Using proactor: IocpProactor
2026-08-17 13:56:05 | DEBUG    | urllib3.connectionpool:475 | https://finance.yahoo.com:443 "GET / HTTP/1.1" 403 3369
2026-08-17 13:56:05 | DEBUG    | urllib3.connectionpool:1022 | Starting new HTTPS connection (1): query1.finance.yahoo.com:443
2026-08-17 13:56:07 | WARNING  | backpack_quant_trading.core.binance_monitor:147 | 币安行情 aiohttp 兜底失败: Cannot connect to host 127.0.0.1:7891 ssl:False [远程计算机拒绝网络连接。]
2026-08-17 13:56:07 | DEBUG    | urllib3.connectionpool:1022 | Starting new HTTPS connection (1): fapi.binance.com:443
2026-08-17 13:56:07 | DEBUG    | urllib3.connectionpool:475 | https://query1.finance.yahoo.com:443 "GET /v1/finance/search?q=NVIDIA&quotesCount=0&newsCount=50&enableFuzzyQuery=false HTTP/1.1" 403 3369
2026-08-17 13:56:07 | DEBUG    | urllib3.connectionpool:1022 | Starting new HTTPS connection (1): query2.finance.yahoo.com:443
2026-08-17 13:56:09 | ERROR    | backpack_quant_trading.core.binance_monitor:344 | 获取币安K线失败 futures BTCUSDT 1m: HTTPSConnectionPool(host='fapi.binance.com', port=443): Max retries exceeded with url: /fapi/v1/klines?symbol=BTCUSDT&interval=1m&limit=2 (Caused by ProxyError('Cannot connect to proxy.', NewConnectionError('<urllib3.connection.HTTPSConnection object at 0x000001435A4D6990>: Failed to establish a new connection: [WinError 10061] 由于目标计算机积极拒绝，无法连接。')))
2026-08-17 13:56:12 | DEBUG    | urllib3.connectionpool:475 | https://query2.finance.yahoo.com:443 "GET /v1/finance/search?q=NVIDIA&quotesCount=0&newsCount=50&enableFuzzyQuery=false HTTP/1.1" 403 3369
2026-08-17 13:56:13 | WARNING  | backpack_quant_trading.core.binance_monitor:143 | 币安行情 curl 兜底失败: Command '['curl', '-fsSL', '--max-time', '10', '-A', 'Mozilla/5.0', '-x', 'http://127.0.0.1:7891', 'https://fapi.binance.com/fapi/v1/depth?symbol=BTCUSDT&limit=50']' returned non-zero exit status 7.
2026-08-17 13:56:13 | DEBUG    | asyncio:631 | Using proactor: IocpProactor
2026-08-17 13:56:15 | WARNING  | backpack_quant_trading.core.binance_monitor:147 | 币安行情 aiohttp 兜底失败: Cannot connect to host 127.0.0.1:7891 ssl:False [远程计算机拒绝网络连接。]
2026-08-17 13:56:15 | DEBUG    | urllib3.connectionpool:1022 | Starting new HTTPS connection (1): fapi.binance.com:443
2026-08-17 13:56:17 | ERROR    | backpack_quant_trading.core.binance_monitor:364 | 获取币安深度失败 futures BTCUSDT: HTTPSConnectionPool(host='fapi.binance.com', port=443): Max retries exceeded with url: /fapi/v1/depth?symbol=BTCUSDT&limit=50 (Caused by ProxyError('Cannot connect to proxy.', NewConnectionError('<urllib3.connection.HTTPSConnection object at 0x000001435A700B90>: Failed to establish a new connection: [WinError 10061] 由于目标计算机积极拒绝，无法连接。')))
2026-08-17 13:56:19 | DEBUG    | urllib3.connectionpool:291 | Resetting dropped connection: query1.finance.yahoo.com
2026-08-17 13:56:20 | DEBUG    | urllib3.connectionpool:475 | https://query1.finance.yahoo.com:443 "GET /v1/finance/search?q=NVDA&quotesCount=0&newsCount=50&enableFuzzyQuery=false HTTP/1.1" 403 3369
2026-08-17 13:56:24 | DEBUG    | urllib3.connectionpool:291 | Resetting dropped connection: query2.finance.yahoo.com
2026-08-17 13:56:26 | DEBUG    | urllib3.connectionpool:475 | https://query2.finance.yahoo.com:443 "GET /v1/finance/search?q=NVDA&quotesCount=0&newsCount=50&enableFuzzyQuery=false HTTP/1.1" 403 3369
2026-08-17 13:56:29 | DEBUG    | urllib3.connectionpool:291 | Resetting dropped connection: query1.finance.yahoo.com
2026-08-17 13:56:34 | DEBUG    | urllib3.connectionpool:291 | Resetting dropped connection: query2.finance.yahoo.com
2026-08-17 13:56:36 | DEBUG    | urllib3.connectionpool:475 | https://query2.finance.yahoo.com:443 "GET /v1/finance/search?q=MICRON&quotesCount=0&newsCount=50&enableFuzzyQuery=false HTTP/1.1" 403 3369
2026-08-17 13:56:36 | DEBUG    | urllib3.connectionpool:1022 | Starting new HTTPS connection (2): query1.finance.yahoo.com:443
2026-08-17 13:56:38 | DEBUG    | urllib3.connectionpool:475 | https://query1.finance.yahoo.com:443 "GET /v1/finance/search?q=MU&quotesCount=0&newsCount=50&enableFuzzyQuery=false HTTP/1.1" 403 3369
2026-08-17 13:56:38 | DEBUG    | urllib3.connectionpool:291 | Resetting dropped connection: query2.finance.yahoo.com
2026-08-17 13:56:40 | DEBUG    | urllib3.connectionpool:475 | https://query2.finance.yahoo.com:443 "GET /v1/finance/search?q=MU&quotesCount=0&newsCount=50&enableFuzzyQuery=false HTTP/1.1" 403 3369
2026-08-17 13:56:40 | DEBUG    | urllib3.connectionpool:291 | Resetting dropped connection: query1.finance.yahoo.com
2026-08-17 13:56:41 | DEBUG    | urllib3.connectionpool:475 | https://query1.finance.yahoo.com:443 "GET /v1/finance/search?q=SanDisk&quotesCount=0&newsCount=50&enableFuzzyQuery=false HTTP/1.1" 403 3369
2026-08-17 13:56:42 | DEBUG    | urllib3.connectionpool:291 | Resetting dropped connection: query2.finance.yahoo.com
2026-08-17 13:56:44 | DEBUG    | urllib3.connectionpool:475 | https://query2.finance.yahoo.com:443 "GET /v1/finance/search?q=SanDisk&quotesCount=0&newsCount=50&enableFuzzyQuery=false HTTP/1.1" 403 3369
2026-08-17 13:56:44 | DEBUG    | urllib3.connectionpool:291 | Resetting dropped connection: query1.finance.yahoo.com
2026-08-17 13:56:49 | DEBUG    | urllib3.connectionpool:475 | https://query1.finance.yahoo.com:443 "GET /v1/finance/search?q=SNDK&quotesCount=0&newsCount=50&enableFuzzyQuery=false HTTP/1.1" 403 3369
2026-08-17 13:56:55 | DEBUG    | urllib3.connectionpool:291 | Resetting dropped connection: query2.finance.yahoo.com
2026-08-17 13:56:57 | DEBUG    | urllib3.connectionpool:475 | https://query2.finance.yahoo.com:443 "GET /v1/finance/search?q=SNDK&quotesCount=0&newsCount=50&enableFuzzyQuery=false HTTP/1.1" 403 3369
2026-08-17 13:56:57 | DEBUG    | urllib3.connectionpool:291 | Resetting dropped connection: query1.finance.yahoo.com
2026-08-17 13:57:00 | DEBUG    | urllib3.connectionpool:475 | https://query1.finance.yahoo.com:443 "GET /v1/finance/search?q=INTEL&quotesCount=0&newsCount=50&enableFuzzyQuery=false HTTP/1.1" 403 3369
2026-08-17 13:57:04 | WARNING  | backpack_quant_trading.core.binance_monitor:143 | 币安行情 curl 兜底失败: Command '['curl', '-fsSL', '--max-time', '15', '-A', 'Mozilla/5.0', '-x', 'http://127.0.0.1:7891', 'https://fapi.binance.com/fapi/v1/klines?symbol=BTCUSDT&interval=1m&limit=2']' returned non-zero exit status 7.
2026-08-17 13:57:04 | DEBUG    | asyncio:631 | Using proactor: IocpProactor
2026-08-17 13:57:05 | DEBUG    | urllib3.connectionpool:291 | Resetting dropped connection: query2.finance.yahoo.com
2026-08-17 13:57:06 | WARNING  | backpack_quant_trading.core.binance_monitor:147 | 币安行情 aiohttp 兜底失败: Cannot connect to host 127.0.0.1:7891 ssl:False [远程计算机拒绝网络连接。]
2026-08-17 13:57:06 | DEBUG    | urllib3.connectionpool:1022 | Starting new HTTPS connection (1): fapi.binance.com:443
2026-08-17 13:57:08 | ERROR    | backpack_quant_trading.core.binance_monitor:344 | 获取币安K线失败 futures BTCUSDT 1m: HTTPSConnectionPool(host='fapi.binance.com', port=443): Max retries exceeded with url: /fapi/v1/klines?symbol=BTCUSDT&interval=1m&limit=2 (Caused by ProxyError('Cannot connect to proxy.', NewConnectionError('<urllib3.connection.HTTPSConnection object at 0x000001435A4D56D0>: Failed to establish a new connection: [WinError 10061] 由于目标计算机积极拒绝，无法连接。')))
2026-08-17 13:57:08 | DEBUG    | urllib3.connectionpool:475 | https://query2.finance.yahoo.com:443 "GET /v1/finance/search?q=INTEL&quotesCount=0&newsCount=50&enableFuzzyQuery=false HTTP/1.1" 403 3369
2026-08-17 13:57:08 | DEBUG    | urllib3.connectionpool:291 | Resetting dropped connection: query1.finance.yahoo.com
2026-08-17 13:57:13 | WARNING  | backpack_quant_trading.core.binance_monitor:143 | 币安行情 curl 兜底失败: Command '['curl', '-fsSL', '--max-time', '10', '-A', 'Mozilla/5.0', '-x', 'http://127.0.0.1:7891', 'https://fapi.binance.com/fapi/v1/depth?symbol=BTCUSDT&limit=50']' returned non-zero exit status 7.
2026-08-17 13:57:13 | DEBUG    | asyncio:631 | Using proactor: IocpProactor
2026-08-17 13:57:13 | DEBUG    | urllib3.connectionpool:475 | https://query1.finance.yahoo.com:443 "GET /v1/finance/search?q=INTC&quotesCount=0&newsCount=50&enableFuzzyQuery=false HTTP/1.1" 403 3369
2026-08-17 13:57:13 | DEBUG    | urllib3.connectionpool:291 | Resetting dropped connection: query2.finance.yahoo.com
2026-08-17 13:57:15 | WARNING  | backpack_quant_trading.core.binance_monitor:147 | 币安行情 aiohttp 兜底失败: Cannot connect to host 127.0.0.1:7891 ssl:False [远程计算机拒绝网络连接。]
2026-08-17 13:57:15 | DEBUG    | urllib3.connectionpool:1022 | Starting new HTTPS connection (1): fapi.binance.com:443
2026-08-17 13:57:15 | DEBUG    | urllib3.connectionpool:475 | https://query2.finance.yahoo.com:443 "GET /v1/finance/search?q=INTC&quotesCount=0&newsCount=50&enableFuzzyQuery=false HTTP/1.1" 403 3369
2026-08-17 13:57:15 | DEBUG    | urllib3.connectionpool:291 | Resetting dropped connection: finance.yahoo.com
2026-08-17 13:57:17 | ERROR    | backpack_quant_trading.core.binance_monitor:364 | 获取币安深度失败 futures BTCUSDT: HTTPSConnectionPool(host='fapi.binance.com', port=443): Max retries exceeded with url: /fapi/v1/depth?symbol=BTCUSDT&limit=50 (Caused by ProxyError('Cannot connect to proxy.', NewConnectionError('<urllib3.connection.HTTPSConnection object at 0x0000014358859F90>: Failed to establish a new connection: [WinError 10061] 由于目标计算机积极拒绝，无法连接。')))
2026-08-17 13:57:17 | DEBUG    | urllib3.connectionpool:1022 | Starting new HTTPS connection (1): feeds.finance.yahoo.com:443
2026-08-17 13:57:19 | DEBUG    | urllib3.connectionpool:475 | https://feeds.finance.yahoo.com:443 "GET /rss/2.0/headline?s=NVIDIA&region=US&lang=en-US HTTP/1.1" 200 394
2026-08-17 13:57:21 | DEBUG    | urllib3.connectionpool:475 | https://feeds.finance.yahoo.com:443 "GET /rss/2.0/headline?s=NVDA&region=US&lang=en-US HTTP/1.1" 200 4690
2026-08-17 13:57:21 | DEBUG    | urllib3.connectionpool:475 | https://feeds.finance.yahoo.com:443 "GET /rss/2.0/headline?s=MICRON&region=US&lang=en-US HTTP/1.1" 200 394
2026-08-17 13:57:22 | DEBUG    | urllib3.connectionpool:475 | https://feeds.finance.yahoo.com:443 "GET /rss/2.0/headline?s=MU&region=US&lang=en-US HTTP/1.1" 200 2856
2026-08-17 13:57:22 | DEBUG    | backpack_quant_trading.core.stock_news_feeds:795 | [雅虎财经] 直连 Search 获取 30 条
2026-08-17 13:57:22 | INFO     | stock_news_alert:555 | 轮询完成 @ 2026-08-17 05:55:58 | 拉取 216 条 (金十数据=16, 同花顺=20, 东方财富=80, 新浪财经=30, 富途牛牛=40, 雅虎财经=30) | 已推送过 0 | 非最新 0 | 未命中关键词 203 | 非重要快讯 13 | 内容相似去重 0 | 新命中 0 | 待推送 0 | 雅虎搜索词: NVIDIA, NVDA, MICRON, MU, SanDisk, SNDK, INTEL, INTC
2026-08-17 13:57:52 | DEBUG    | urllib3.connectionpool:1022 | Starting new HTTPS connection (1): flash-api.jin10.com:443
2026-08-17 13:57:53 | DEBUG    | urllib3.connectionpool:475 | https://flash-api.jin10.com:443 "GET /get_flash_list?channel=-8200&vip=1 HTTP/1.1" 200 None
2026-08-17 13:57:53 | DEBUG    | urllib3.connectionpool:1022 | Starting new HTTPS connection (1): news.10jqka.com.cn:443
2026-08-17 13:57:53 | DEBUG    | urllib3.connectionpool:475 | https://news.10jqka.com.cn:443 "GET /tapp/news/push/stock?page=1&tag=&track=website HTTP/1.1" 200 None
2026-08-17 13:57:53 | DEBUG    | urllib3.connectionpool:1022 | Starting new HTTPS connection (1): np-weblist.eastmoney.com:443
2026-08-17 13:57:54 | DEBUG    | urllib3.connectionpool:475 | https://np-weblist.eastmoney.com:443 "GET /comm/web/getFastNewsList?client=web&biz=web_724&fastColumn=102&sortEnd=&pageSize=80&req_trace=1710315450384 HTTP/1.1" 200 None
2026-08-17 13:57:54 | DEBUG    | urllib3.connectionpool:1022 | Starting new HTTPS connection (1): zhibo.sina.com.cn:443
2026-08-17 13:57:55 | DEBUG    | urllib3.connectionpool:475 | https://zhibo.sina.com.cn:443 "GET /api/zhibo/feed?page=1&page_size=30&zhibo_id=152&tag_id=0&dire=f&dpc=1&pagesize=30&type=1 HTTP/1.1" 200 None
2026-08-17 13:57:55 | DEBUG    | urllib3.connectionpool:1022 | Starting new HTTPS connection (1): news.futunn.com:443
2026-08-17 13:57:56 | DEBUG    | urllib3.connectionpool:475 | https://news.futunn.com:443 "GET /news-site-api/main/get-flash-list?pageSize=40 HTTP/1.1" 200 65795
2026-08-17 13:57:56 | DEBUG    | urllib3.connectionpool:1022 | Starting new HTTPS connection (1): finance.yahoo.com:443
2026-08-17 13:57:58 | DEBUG    | urllib3.connectionpool:475 | https://finance.yahoo.com:443 "GET / HTTP/1.1" 403 3369
2026-08-17 13:57:58 | DEBUG    | urllib3.connectionpool:1022 | Starting new HTTPS connection (1): query1.finance.yahoo.com:443
2026-08-17 13:58:00 | DEBUG    | urllib3.connectionpool:475 | https://query1.finance.yahoo.com:443 "GET /v1/finance/search?q=NVIDIA&quotesCount=0&newsCount=50&enableFuzzyQuery=false HTTP/1.1" 403 3369
2026-08-17 13:58:00 | DEBUG    | urllib3.connectionpool:1022 | Starting new HTTPS connection (1): query2.finance.yahoo.com:443
2026-08-17 13:58:03 | DEBUG    | urllib3.connectionpool:475 | https://query2.finance.yahoo.com:443 "GET /v1/finance/search?q=NVIDIA&quotesCount=0&newsCount=50&enableFuzzyQuery=false HTTP/1.1" 403 3369
2026-08-17 13:58:03 | DEBUG    | urllib3.connectionpool:291 | Resetting dropped connection: query1.finance.yahoo.com
2026-08-17 13:58:04 | WARNING  | backpack_quant_trading.core.binance_monitor:143 | 币安行情 curl 兜底失败: Command '['curl', '-fsSL', '--max-time', '15', '-A', 'Mozilla/5.0', '-x', 'http://127.0.0.1:7891', 'https://fapi.binance.com/fapi/v1/klines?symbol=BTCUSDT&interval=1m&limit=2']' returned non-zero exit status 7.
2026-08-17 13:58:04 | DEBUG    | asyncio:631 | Using proactor: IocpProactor
2026-08-17 13:58:06 | WARNING  | backpack_quant_trading.core.binance_monitor:147 | 币安行情 aiohttp 兜底失败: Cannot connect to host 127.0.0.1:7891 ssl:False [远程计算机拒绝网络连接。]
2026-08-17 13:58:06 | DEBUG    | urllib3.connectionpool:1022 | Starting new HTTPS connection (1): fapi.binance.com:443
2026-08-17 13:58:06 | DEBUG    | urllib3.connectionpool:475 | https://query1.finance.yahoo.com:443 "GET /v1/finance/search?q=NVDA&quotesCount=0&newsCount=50&enableFuzzyQuery=false HTTP/1.1" 403 3369
2026-08-17 13:58:06 | DEBUG    | urllib3.connectionpool:291 | Resetting dropped connection: query2.finance.yahoo.com
2026-08-17 13:58:08 | DEBUG    | urllib3.connectionpool:475 | https://query2.finance.yahoo.com:443 "GET /v1/finance/search?q=NVDA&quotesCount=0&newsCount=50&enableFuzzyQuery=false HTTP/1.1" 403 3369
2026-08-17 13:58:08 | DEBUG    | urllib3.connectionpool:291 | Resetting dropped connection: query1.finance.yahoo.com
2026-08-17 13:58:08 | ERROR    | backpack_quant_trading.core.binance_monitor:344 | 获取币安K线失败 futures BTCUSDT 1m: HTTPSConnectionPool(host='fapi.binance.com', port=443): Max retries exceeded with url: /fapi/v1/klines?symbol=BTCUSDT&interval=1m&limit=2 (Caused by ProxyError('Cannot connect to proxy.', NewConnectionError('<urllib3.connection.HTTPSConnection object at 0x0000014358858E10>: Failed to establish a new connection: [WinError 10061] 由于目标计算机积极拒绝，无法连接。')))
2026-08-17 13:58:10 | DEBUG    | urllib3.connectionpool:475 | https://query1.finance.yahoo.com:443 "GET /v1/finance/search?q=MICRON&quotesCount=0&newsCount=50&enableFuzzyQuery=false HTTP/1.1" 403 3369
2026-08-17 13:58:10 | DEBUG    | urllib3.connectionpool:291 | Resetting dropped connection: query2.finance.yahoo.com
2026-08-17 13:58:12 | WARNING  | backpack_quant_trading.core.binance_monitor:143 | 币安行情 curl 兜底失败: Command '['curl', '-fsSL', '--max-time', '10', '-A', 'Mozilla/5.0', '-x', 'http://127.0.0.1:7891', 'https://fapi.binance.com/fapi/v1/depth?symbol=BTCUSDT&limit=50']' returned non-zero exit status 7.
2026-08-17 13:58:12 | DEBUG    | asyncio:631 | Using proactor: IocpProactor
2026-08-17 13:58:12 | DEBUG    | urllib3.connectionpool:475 | https://query2.finance.yahoo.com:443 "GET /v1/finance/search?q=MICRON&quotesCount=0&newsCount=50&enableFuzzyQuery=false HTTP/1.1" 403 3369
2026-08-17 13:58:12 | DEBUG    | urllib3.connectionpool:291 | Resetting dropped connection: query1.finance.yahoo.com
2026-08-17 13:58:14 | WARNING  | backpack_quant_trading.core.binance_monitor:147 | 币安行情 aiohttp 兜底失败: Cannot connect to host 127.0.0.1:7891 ssl:False [远程计算机拒绝网络连接。]
2026-08-17 13:58:14 | DEBUG    | urllib3.connectionpool:1022 | Starting new HTTPS connection (1): fapi.binance.com:443
2026-08-17 13:58:15 | DEBUG    | urllib3.connectionpool:475 | https://query1.finance.yahoo.com:443 "GET /v1/finance/search?q=MU&quotesCount=0&newsCount=50&enableFuzzyQuery=false HTTP/1.1" 403 3369
2026-08-17 13:58:15 | DEBUG    | urllib3.connectionpool:291 | Resetting dropped connection: query2.finance.yahoo.com
2026-08-17 13:58:16 | DEBUG    | urllib3.connectionpool:475 | https://query2.finance.yahoo.com:443 "GET /v1/finance/search?q=MU&quotesCount=0&newsCount=50&enableFuzzyQuery=false HTTP/1.1" 403 3369
2026-08-17 13:58:16 | ERROR    | backpack_quant_trading.core.binance_monitor:364 | 获取币安深度失败 futures BTCUSDT: HTTPSConnectionPool(host='fapi.binance.com', port=443): Max retries exceeded with url: /fapi/v1/depth?symbol=BTCUSDT&limit=50 (Caused by ProxyError('Cannot connect to proxy.', NewConnectionError('<urllib3.connection.HTTPSConnection object at 0x000001435A4D6D50>: Failed to establish a new connection: [WinError 10061] 由于目标计算机积极拒绝，无法连接。')))
2026-08-17 13:58:17 | DEBUG    | urllib3.connectionpool:291 | Resetting dropped connection: query1.finance.yahoo.com
2026-08-17 13:58:21 | DEBUG    | urllib3.connectionpool:475 | https://query1.finance.yahoo.com:443 "GET /v1/finance/search?q=SanDisk&quotesCount=0&newsCount=50&enableFuzzyQuery=false HTTP/1.1" 403 3369
2026-08-17 13:58:21 | DEBUG    | urllib3.connectionpool:291 | Resetting dropped connection: query2.finance.yahoo.com
2026-08-17 13:58:25 | DEBUG    | urllib3.connectionpool:475 | https://query2.finance.yahoo.com:443 "GET /v1/finance/search?q=SanDisk&quotesCount=0&newsCount=50&enableFuzzyQuery=false HTTP/1.1" 403 3369
2026-08-17 13:58:25 | DEBUG    | urllib3.connectionpool:291 | Resetting dropped connection: query1.finance.yahoo.com
2026-08-17 13:58:31 | DEBUG    | urllib3.connectionpool:475 | https://query1.finance.yahoo.com:443 "GET /v1/finance/search?q=SNDK&quotesCount=0&newsCount=50&enableFuzzyQuery=false HTTP/1.1" 403 3369
2026-08-17 13:58:31 | DEBUG    | urllib3.connectionpool:291 | Resetting dropped connection: query2.finance.yahoo.com
2026-08-17 13:58:33 | DEBUG    | urllib3.connectionpool:475 | https://query2.finance.yahoo.com:443 "GET /v1/finance/search?q=SNDK&quotesCount=0&newsCount=50&enableFuzzyQuery=false HTTP/1.1" 403 3369
2026-08-17 13:58:33 | DEBUG    | urllib3.connectionpool:291 | Resetting dropped connection: query1.finance.yahoo.com
2026-08-17 13:58:35 | DEBUG    | urllib3.connectionpool:475 | https://query1.finance.yahoo.com:443 "GET /v1/finance/search?q=INTEL&quotesCount=0&newsCount=50&enableFuzzyQuery=false HTTP/1.1" 403 3369
2026-08-17 13:58:35 | DEBUG    | urllib3.connectionpool:291 | Resetting dropped connection: query2.finance.yahoo.com
2026-08-17 13:58:37 | DEBUG    | urllib3.connectionpool:475 | https://query2.finance.yahoo.com:443 "GET /v1/finance/search?q=INTEL&quotesCount=0&newsCount=50&enableFuzzyQuery=false HTTP/1.1" 403 3369
2026-08-17 13:58:41 | DEBUG    | urllib3.connectionpool:291 | Resetting dropped connection: query1.finance.yahoo.com
2026-08-17 13:58:43 | DEBUG    | urllib3.connectionpool:475 | https://query1.finance.yahoo.com:443 "GET /v1/finance/search?q=INTC&quotesCount=0&newsCount=50&enableFuzzyQuery=false HTTP/1.1" 403 3369
2026-08-17 13:58:43 | DEBUG    | urllib3.connectionpool:291 | Resetting dropped connection: query2.finance.yahoo.com
2026-08-17 13:58:48 | DEBUG    | urllib3.connectionpool:475 | https://query2.finance.yahoo.com:443 "GET /v1/finance/search?q=INTC&quotesCount=0&newsCount=50&enableFuzzyQuery=false HTTP/1.1" 403 3369
2026-08-17 13:58:48 | DEBUG    | urllib3.connectionpool:291 | Resetting dropped connection: finance.yahoo.com
2026-08-17 13:58:50 | DEBUG    | urllib3.connectionpool:475 | https://finance.yahoo.com:443 "POST /xhr/ncp?queryRef=latestNews&serviceKey=ncp_fin HTTP/1.1" 403 3369
2026-08-17 13:58:50 | DEBUG    | urllib3.connectionpool:1022 | Starting new HTTPS connection (1): feeds.finance.yahoo.com:443
2026-08-17 13:58:56 | DEBUG    | urllib3.connectionpool:475 | https://feeds.finance.yahoo.com:443 "GET /rss/2.0/headline?s=NVIDIA&region=US&lang=en-US HTTP/1.1" 200 394
2026-08-17 13:58:57 | DEBUG    | urllib3.connectionpool:475 | https://feeds.finance.yahoo.com:443 "GET /rss/2.0/headline?s=NVDA&region=US&lang=en-US HTTP/1.1" 200 3658
2026-08-17 13:58:58 | DEBUG    | urllib3.connectionpool:475 | https://feeds.finance.yahoo.com:443 "GET /rss/2.0/headline?s=MICRON&region=US&lang=en-US HTTP/1.1" 200 394
2026-08-17 13:58:59 | DEBUG    | urllib3.connectionpool:475 | https://feeds.finance.yahoo.com:443 "GET /rss/2.0/headline?s=MU&region=US&lang=en-US HTTP/1.1" 200 2856
2026-08-17 13:59:00 | DEBUG    | backpack_quant_trading.core.stock_news_feeds:795 | [雅虎财经] 直连 Search 获取 25 条
2026-08-17 13:59:00 | INFO     | stock_news_alert:555 | 轮询完成 @ 2026-08-17 05:57:52 | 拉取 212 条 (金十数据=17, 同花顺=20, 东方财富=80, 新浪财经=30, 富途牛牛=40, 雅虎财经=25) | 已推送过 0 | 非最新 0 | 未命中关键词 200 | 非重要快讯 12 | 内容相似去重 0 | 新命中 0 | 待推送 0 | 雅虎搜索词: NVIDIA, NVDA, MICRON, MU, SanDisk, SNDK, INTEL, INTC
2026-08-17 13:59:04 | WARNING  | backpack_quant_trading.core.binance_monitor:143 | 币安行情 curl 兜底失败: Command '['curl', '-fsSL', '--max-time', '15', '-A', 'Mozilla/5.0', '-x', 'http://127.0.0.1:7891', 'https://fapi.binance.com/fapi/v1/klines?symbol=BTCUSDT&interval=1m&limit=2']' returned non-zero exit status 7.
2026-08-17 13:59:04 | DEBUG    | asyncio:631 | Using proactor: IocpProactor
2026-08-17 13:59:06 | WARNING  | backpack_quant_trading.core.binance_monitor:147 | 币安行情 aiohttp 兜底失败: Cannot connect to host 127.0.0.1:7891 ssl:False [远程计算机拒绝网络连接。]
2026-08-17 13:59:06 | DEBUG    | urllib3.connectionpool:1022 | Starting new HTTPS connection (1): fapi.binance.com:443
2026-08-17 13:59:08 | ERROR    | backpack_quant_trading.core.binance_monitor:344 | 获取币安K线失败 futures BTCUSDT 1m: HTTPSConnectionPool(host='fapi.binance.com', port=443): Max retries exceeded with url: /fapi/v1/klines?symbol=BTCUSDT&interval=1m&limit=2 (Caused by ProxyError('Cannot connect to proxy.', NewConnectionError('<urllib3.connection.HTTPSConnection object at 0x0000014358859590>: Failed to establish a new connection: [WinError 10061] 由于目标计算机积极拒绝，无法连接。')))
2026-08-17 13:59:13 | WARNING  | backpack_quant_trading.core.binance_monitor:143 | 币安行情 curl 兜底失败: Command '['curl', '-fsSL', '--max-time', '10', '-A', 'Mozilla/5.0', '-x', 'http://127.0.0.1:7891', 'https://fapi.binance.com/fapi/v1/depth?symbol=BTCUSDT&limit=50']' returned non-zero exit status 7.
2026-08-17 13:59:13 | DEBUG    | asyncio:631 | Using proactor: IocpProactor
2026-08-17 13:59:15 | WARNING  | backpack_quant_trading.core.binance_monitor:147 | 币安行情 aiohttp 兜底失败: Cannot connect to host 127.0.0.1:7891 ssl:False [远程计算机拒绝网络连接。]
2026-08-17 13:59:15 | DEBUG    | urllib3.connectionpool:1022 | Starting new HTTPS connection (1): fapi.binance.com:443
2026-08-17 13:59:17 | ERROR    | backpack_quant_trading.core.binance_monitor:364 | 获取币安深度失败 futures BTCUSDT: HTTPSConnectionPool(host='fapi.binance.com', port=443): Max retries exceeded with url: /fapi/v1/depth?symbol=BTCUSDT&limit=50 (Caused by ProxyError('Cannot connect to proxy.', NewConnectionError('<urllib3.connection.HTTPSConnection object at 0x000001435A700E10>: Failed to establish a new connection: [WinError 10061] 由于目标计算机积极拒绝，无法连接。')))
2026-08-17 13:59:30 | DEBUG    | urllib3.connectionpool:1022 | Starting new HTTPS connection (1): flash-api.jin10.com:443
2026-08-17 13:59:31 | DEBUG    | urllib3.connectionpool:475 | https://flash-api.jin10.com:443 "GET /get_flash_list?channel=-8200&vip=1 HTTP/1.1" 200 None
2026-08-17 13:59:31 | DEBUG    | urllib3.connectionpool:1022 | Starting new HTTPS connection (1): news.10jqka.com.cn:443
2026-08-17 13:59:31 | DEBUG    | urllib3.connectionpool:475 | https://news.10jqka.com.cn:443 "GET /tapp/news/push/stock?page=1&tag=&track=website HTTP/1.1" 200 None
2026-08-17 13:59:31 | DEBUG    | urllib3.connectionpool:1022 | Starting new HTTPS connection (1): np-weblist.eastmoney.com:443
2026-08-17 13:59:32 | DEBUG    | urllib3.connectionpool:475 | https://np-weblist.eastmoney.com:443 "GET /comm/web/getFastNewsList?client=web&biz=web_724&fastColumn=102&sortEnd=&pageSize=80&req_trace=1710315450384 HTTP/1.1" 200 None
2026-08-17 13:59:32 | DEBUG    | urllib3.connectionpool:1022 | Starting new HTTPS connection (1): zhibo.sina.com.cn:443
2026-08-17 13:59:33 | DEBUG    | urllib3.connectionpool:475 | https://zhibo.sina.com.cn:443 "GET /api/zhibo/feed?page=1&page_size=30&zhibo_id=152&tag_id=0&dire=f&dpc=1&pagesize=30&type=1 HTTP/1.1" 200 None
2026-08-17 13:59:33 | DEBUG    | urllib3.connectionpool:1022 | Starting new HTTPS connection (1): news.futunn.com:443
2026-08-17 13:59:34 | DEBUG    | urllib3.connectionpool:475 | https://news.futunn.com:443 "GET /news-site-api/main/get-flash-list?pageSize=40 HTTP/1.1" 200 65795
2026-08-17 13:59:34 | DEBUG    | urllib3.connectionpool:1022 | Starting new HTTPS connection (1): finance.yahoo.com:443
2026-08-17 13:59:38 | DEBUG    | urllib3.connectionpool:475 | https://finance.yahoo.com:443 "GET / HTTP/1.1" 403 3369
2026-08-17 13:59:39 | DEBUG    | urllib3.connectionpool:1022 | Starting new HTTPS connection (1): query1.finance.yahoo.com:443
2026-08-17 13:59:44 | DEBUG    | urllib3.connectionpool:1022 | Starting new HTTPS connection (1): query2.finance.yahoo.com:443
2026-08-17 13:59:47 | DEBUG    | urllib3.connectionpool:475 | https://query2.finance.yahoo.com:443 "GET /v1/finance/search?q=NVIDIA&quotesCount=0&newsCount=50&enableFuzzyQuery=false HTTP/1.1" 403 3369
2026-08-17 13:59:49 | DEBUG    | urllib3.connectionpool:1022 | Starting new HTTPS connection (2): query1.finance.yahoo.com:443
2026-08-17 13:59:56 | DEBUG    | urllib3.connectionpool:475 | https://query1.finance.yahoo.com:443 "GET /v1/finance/search?q=NVDA&quotesCount=0&newsCount=50&enableFuzzyQuery=false HTTP/1.1" 403 3369
2026-08-17 13:59:56 | DEBUG    | urllib3.connectionpool:291 | Resetting dropped connection: query2.finance.yahoo.com
2026-08-17 13:59:59 | DEBUG    | urllib3.connectionpool:475 | https://query2.finance.yahoo.com:443 "GET /v1/finance/search?q=NVDA&quotesCount=0&newsCount=50&enableFuzzyQuery=false HTTP/1.1" 403 3369
2026-08-17 13:59:59 | DEBUG    | urllib3.connectionpool:291 | Resetting dropped connection: query1.finance.yahoo.com
2026-08-17 14:00:01 | DEBUG    | urllib3.connectionpool:475 | https://query1.finance.yahoo.com:443 "GET /v1/finance/search?q=MICRON&quotesCount=0&newsCount=50&enableFuzzyQuery=false HTTP/1.1" 403 3369
2026-08-17 14:00:02 | DEBUG    | urllib3.connectionpool:291 | Resetting dropped connection: query2.finance.yahoo.com
2026-08-17 14:00:04 | DEBUG    | urllib3.connectionpool:475 | https://query2.finance.yahoo.com:443 "GET /v1/finance/search?q=MICRON&quotesCount=0&newsCount=50&enableFuzzyQuery=false HTTP/1.1" 403 3369
2026-08-17 14:00:04 | DEBUG    | urllib3.connectionpool:291 | Resetting dropped connection: query1.finance.yahoo.com
2026-08-17 14:00:05 | DEBUG    | urllib3.connectionpool:475 | https://query1.finance.yahoo.com:443 "GET /v1/finance/search?q=MU&quotesCount=0&newsCount=50&enableFuzzyQuery=false HTTP/1.1" 403 3369
2026-08-17 14:00:06 | WARNING  | backpack_quant_trading.core.binance_monitor:143 | 币安行情 curl 兜底失败: Command '['curl', '-fsSL', '--max-time', '15', '-A', 'Mozilla/5.0', '-x', 'http://127.0.0.1:7891', 'https://fapi.binance.com/fapi/v1/klines?symbol=BTCUSDT&interval=1m&limit=2']' returned non-zero exit status 7.
2026-08-17 14:00:06 | DEBUG    | asyncio:631 | Using proactor: IocpProactor
2026-08-17 14:00:08 | WARNING  | backpack_quant_trading.core.binance_monitor:147 | 币安行情 aiohttp 兜底失败: Cannot connect to host 127.0.0.1:7891 ssl:False [远程计算机拒绝网络连接。]
2026-08-17 14:00:08 | DEBUG    | urllib3.connectionpool:1022 | Starting new HTTPS connection (1): fapi.binance.com:443
2026-08-17 14:00:09 | DEBUG    | urllib3.connectionpool:291 | Resetting dropped connection: query2.finance.yahoo.com
2026-08-17 14:00:10 | ERROR    | backpack_quant_trading.core.binance_monitor:344 | 获取币安K线失败 futures BTCUSDT 1m: HTTPSConnectionPool(host='fapi.binance.com', port=443): Max retries exceeded with url: /fapi/v1/klines?symbol=BTCUSDT&interval=1m&limit=2 (Caused by ProxyError('Cannot connect to proxy.', NewConnectionError('<urllib3.connection.HTTPSConnection object at 0x0000014358859F90>: Failed to establish a new connection: [WinError 10061] 由于目标计算机积极拒绝，无法连接。')))
2026-08-17 14:00:11 | DEBUG    | urllib3.connectionpool:475 | https://query2.finance.yahoo.com:443 "GET /v1/finance/search?q=MU&quotesCount=0&newsCount=50&enableFuzzyQuery=false HTTP/1.1" 403 3369
2026-08-17 14:00:11 | DEBUG    | urllib3.connectionpool:291 | Resetting dropped connection: query1.finance.yahoo.com
2026-08-17 14:00:13 | DEBUG    | urllib3.connectionpool:475 | https://query1.finance.yahoo.com:443 "GET /v1/finance/search?q=SanDisk&quotesCount=0&newsCount=50&enableFuzzyQuery=false HTTP/1.1" 403 3369
2026-08-17 14:00:13 | DEBUG    | urllib3.connectionpool:291 | Resetting dropped connection: query2.finance.yahoo.com
2026-08-17 14:00:15 | WARNING  | backpack_quant_trading.core.binance_monitor:143 | 币安行情 curl 兜底失败: Command '['curl', '-fsSL', '--max-time', '10', '-A', 'Mozilla/5.0', '-x', 'http://127.0.0.1:7891', 'https://fapi.binance.com/fapi/v1/depth?symbol=BTCUSDT&limit=50']' returned non-zero exit status 7.
2026-08-17 14:00:15 | DEBUG    | asyncio:631 | Using proactor: IocpProactor
2026-08-17 14:00:16 | DEBUG    | urllib3.connectionpool:475 | https://query2.finance.yahoo.com:443 "GET /v1/finance/search?q=SanDisk&quotesCount=0&newsCount=50&enableFuzzyQuery=false HTTP/1.1" 403 3369
2026-08-17 14:00:16 | DEBUG    | urllib3.connectionpool:291 | Resetting dropped connection: query1.finance.yahoo.com
2026-08-17 14:00:17 | WARNING  | backpack_quant_trading.core.binance_monitor:147 | 币安行情 aiohttp 兜底失败: Cannot connect to host 127.0.0.1:7891 ssl:False [远程计算机拒绝网络连接。]
2026-08-17 14:00:17 | DEBUG    | urllib3.connectionpool:1022 | Starting new HTTPS connection (1): fapi.binance.com:443
2026-08-17 14:00:18 | DEBUG    | urllib3.connectionpool:475 | https://query1.finance.yahoo.com:443 "GET /v1/finance/search?q=SNDK&quotesCount=0&newsCount=50&enableFuzzyQuery=false HTTP/1.1" 403 3369
2026-08-17 14:00:18 | DEBUG    | urllib3.connectionpool:291 | Resetting dropped connection: query2.finance.yahoo.com
2026-08-17 14:00:19 | ERROR    | backpack_quant_trading.core.binance_monitor:364 | 获取币安深度失败 futures BTCUSDT: HTTPSConnectionPool(host='fapi.binance.com', port=443): Max retries exceeded with url: /fapi/v1/depth?symbol=BTCUSDT&limit=50 (Caused by ProxyError('Cannot connect to proxy.', NewConnectionError('<urllib3.connection.HTTPSConnection object at 0x000001435A700190>: Failed to establish a new connection: [WinError 10061] 由于目标计算机积极拒绝，无法连接。')))
2026-08-17 14:00:20 | DEBUG    | urllib3.connectionpool:475 | https://query2.finance.yahoo.com:443 "GET /v1/finance/search?q=SNDK&quotesCount=0&newsCount=50&enableFuzzyQuery=false HTTP/1.1" 403 3369
2026-08-17 14:00:20 | DEBUG    | urllib3.connectionpool:291 | Resetting dropped connection: query1.finance.yahoo.com
2026-08-17 14:00:21 | DEBUG    | urllib3.connectionpool:475 | https://query1.finance.yahoo.com:443 "GET /v1/finance/search?q=INTEL&quotesCount=0&newsCount=50&enableFuzzyQuery=false HTTP/1.1" 403 3369
2026-08-17 14:00:22 | DEBUG    | urllib3.connectionpool:291 | Resetting dropped connection: query2.finance.yahoo.com
2026-08-17 14:00:26 | DEBUG    | urllib3.connectionpool:475 | https://query2.finance.yahoo.com:443 "GET /v1/finance/search?q=INTEL&quotesCount=0&newsCount=50&enableFuzzyQuery=false HTTP/1.1" 403 3369
2026-08-17 14:00:26 | DEBUG    | urllib3.connectionpool:291 | Resetting dropped connection: query1.finance.yahoo.com
2026-08-17 14:00:28 | DEBUG    | urllib3.connectionpool:475 | https://query1.finance.yahoo.com:443 "GET /v1/finance/search?q=INTC&quotesCount=0&newsCount=50&enableFuzzyQuery=false HTTP/1.1" 403 3369
2026-08-17 14:00:28 | DEBUG    | urllib3.connectionpool:291 | Resetting dropped connection: query2.finance.yahoo.com
2026-08-17 14:00:32 | DEBUG    | urllib3.connectionpool:475 | https://query2.finance.yahoo.com:443 "GET /v1/finance/search?q=INTC&quotesCount=0&newsCount=50&enableFuzzyQuery=false HTTP/1.1" 403 3369
2026-08-17 14:00:32 | DEBUG    | urllib3.connectionpool:291 | Resetting dropped connection: finance.yahoo.com
2026-08-17 14:00:34 | DEBUG    | urllib3.connectionpool:475 | https://finance.yahoo.com:443 "POST /xhr/ncp?queryRef=latestNews&serviceKey=ncp_fin HTTP/1.1" 403 3369
2026-08-17 14:00:34 | DEBUG    | urllib3.connectionpool:1022 | Starting new HTTPS connection (1): feeds.finance.yahoo.com:443
2026-08-17 14:00:36 | DEBUG    | urllib3.connectionpool:475 | https://feeds.finance.yahoo.com:443 "GET /rss/2.0/headline?s=NVIDIA&region=US&lang=en-US HTTP/1.1" 200 394
2026-08-17 14:00:38 | DEBUG    | urllib3.connectionpool:475 | https://feeds.finance.yahoo.com:443 "GET /rss/2.0/headline?s=NVDA&region=US&lang=en-US HTTP/1.1" 200 4690
2026-08-17 14:00:41 | DEBUG    | urllib3.connectionpool:475 | https://feeds.finance.yahoo.com:443 "GET /rss/2.0/headline?s=MICRON&region=US&lang=en-US HTTP/1.1" 200 394
2026-08-17 14:00:45 | DEBUG    | urllib3.connectionpool:475 | https://feeds.finance.yahoo.com:443 "GET /rss/2.0/headline?s=MU&region=US&lang=en-US HTTP/1.1" 200 5077
2026-08-17 14:00:50 | DEBUG    | backpack_quant_trading.core.stock_news_feeds:795 | [雅虎财经] 直连 Search 获取 40 条
2026-08-17 14:00:50 | INFO     | stock_news_alert:555 | 轮询完成 @ 2026-08-17 05:59:30 | 拉取 227 条 (金十数据=17, 同花顺=20, 东方财富=80, 新浪财经=30, 富途牛牛=40, 雅虎财经=40) | 已推送过 0 | 非最新 0 | 未命中关键词 208 | 非重要快讯 19 | 内容相似去重 0 | 新命中 0 | 待推送 0 | 雅虎搜索词: NVIDIA, NVDA, MICRON, MU, SanDisk, SNDK, INTEL, INTC
2026-08-17 14:01:04 | WARNING  | backpack_quant_trading.core.binance_monitor:143 | 币安行情 curl 兜底失败: Command '['curl', '-fsSL', '--max-time', '15', '-A', 'Mozilla/5.0', '-x', 'http://127.0.0.1:7891', 'https://fapi.binance.com/fapi/v1/klines?symbol=BTCUSDT&interval=1m&limit=2']' returned non-zero exit status 7.
2026-08-17 14:01:04 | DEBUG    | asyncio:631 | Using proactor: IocpProactor
2026-08-17 14:01:06 | WARNING  | backpack_quant_trading.core.binance_monitor:147 | 币安行情 aiohttp 兜底失败: Cannot connect to host 127.0.0.1:7891 ssl:False [远程计算机拒绝网络连接。]
2026-08-17 14:01:06 | DEBUG    | urllib3.connectionpool:1022 | Starting new HTTPS connection (1): fapi.binance.com:443
2026-08-17 14:01:08 | ERROR    | backpack_quant_trading.core.binance_monitor:344 | 获取币安K线失败 futures BTCUSDT 1m: HTTPSConnectionPool(host='fapi.binance.com', port=443): Max retries exceeded with url: /fapi/v1/klines?symbol=BTCUSDT&interval=1m&limit=2 (Caused by ProxyError('Cannot connect to proxy.', NewConnectionError('<urllib3.connection.HTTPSConnection object at 0x000001435A700410>: Failed to establish a new connection: [WinError 10061] 由于目标计算机积极拒绝，无法连接。')))
2026-08-17 14:01:12 | WARNING  | backpack_quant_trading.core.binance_monitor:143 | 币安行情 curl 兜底失败: Command '['curl', '-fsSL', '--max-time', '10', '-A', 'Mozilla/5.0', '-x', 'http://127.0.0.1:7891', 'https://fapi.binance.com/fapi/v1/depth?symbol=BTCUSDT&limit=50']' returned non-zero exit status 7.
2026-08-17 14:01:12 | DEBUG    | asyncio:631 | Using proactor: IocpProactor
2026-08-17 14:01:14 | WARNING  | backpack_quant_trading.core.binance_monitor:147 | 币安行情 aiohttp 兜底失败: Cannot connect to host 127.0.0.1:7891 ssl:False [远程计算机拒绝网络连接。]
2026-08-17 14:01:14 | DEBUG    | urllib3.connectionpool:1022 | Starting new HTTPS connection (1): fapi.binance.com:443
2026-08-17 14:01:16 | ERROR    | backpack_quant_trading.core.binance_monitor:364 | 获取币安深度失败 futures BTCUSDT: HTTPSConnectionPool(host='fapi.binance.com', port=443): Max retries exceeded with url: /fapi/v1/depth?symbol=BTCUSDT&limit=50 (Caused by ProxyError('Cannot connect to proxy.', NewConnectionError('<urllib3.connection.HTTPSConnection object at 0x000001435A702210>: Failed to establish a new connection: [WinError 10061] 由于目标计算机积极拒绝，无法连接。')))
2026-08-17 14:01:20 | DEBUG    | urllib3.connectionpool:1022 | Starting new HTTPS connection (1): flash-api.jin10.com:443
2026-08-17 14:01:21 | DEBUG    | urllib3.connectionpool:475 | https://flash-api.jin10.com:443 "GET /get_flash_list?channel=-8200&vip=1 HTTP/1.1" 200 None
2026-08-17 14:01:21 | DEBUG    | urllib3.connectionpool:1022 | Starting new HTTPS connection (1): news.10jqka.com.cn:443
2026-08-17 14:01:22 | DEBUG    | urllib3.connectionpool:475 | https://news.10jqka.com.cn:443 "GET /tapp/news/push/stock?page=1&tag=&track=website HTTP/1.1" 200 None
2026-08-17 14:01:22 | DEBUG    | urllib3.connectionpool:1022 | Starting new HTTPS connection (1): np-weblist.eastmoney.com:443
2026-08-17 14:01:23 | DEBUG    | urllib3.connectionpool:475 | https://np-weblist.eastmoney.com:443 "GET /comm/web/getFastNewsList?client=web&biz=web_724&fastColumn=102&sortEnd=&pageSize=80&req_trace=1710315450384 HTTP/1.1" 200 None
2026-08-17 14:01:23 | DEBUG    | urllib3.connectionpool:1022 | Starting new HTTPS connection (1): zhibo.sina.com.cn:443
2026-08-17 14:01:23 | DEBUG    | urllib3.connectionpool:475 | https://zhibo.sina.com.cn:443 "GET /api/zhibo/feed?page=1&page_size=30&zhibo_id=152&tag_id=0&dire=f&dpc=1&pagesize=30&type=1 HTTP/1.1" 200 None
2026-08-17 14:01:23 | DEBUG    | urllib3.connectionpool:1022 | Starting new HTTPS connection (1): news.futunn.com:443
2026-08-17 14:01:24 | DEBUG    | urllib3.connectionpool:475 | https://news.futunn.com:443 "GET /news-site-api/main/get-flash-list?pageSize=40 HTTP/1.1" 200 65370
2026-08-17 14:01:24 | DEBUG    | urllib3.connectionpool:1022 | Starting new HTTPS connection (1): finance.yahoo.com:443
2026-08-17 14:01:35 | DEBUG    | urllib3.connectionpool:475 | https://finance.yahoo.com:443 "GET / HTTP/1.1" 403 3369
2026-08-17 14:01:45 | DEBUG    | urllib3.connectionpool:1022 | Starting new HTTPS connection (1): query1.finance.yahoo.com:443
2026-08-17 14:01:47 | DEBUG    | urllib3.connectionpool:475 | https://query1.finance.yahoo.com:443 "GET /v1/finance/search?q=NVIDIA&quotesCount=0&newsCount=50&enableFuzzyQuery=false HTTP/1.1" 403 3369
2026-08-17 14:01:47 | DEBUG    | urllib3.connectionpool:1022 | Starting new HTTPS connection (1): query2.finance.yahoo.com:443
2026-08-17 14:01:53 | DEBUG    | urllib3.connectionpool:475 | https://query2.finance.yahoo.com:443 "GET /v1/finance/search?q=NVIDIA&quotesCount=0&newsCount=50&enableFuzzyQuery=false HTTP/1.1" 403 3369
2026-08-17 14:01:53 | DEBUG    | urllib3.connectionpool:291 | Resetting dropped connection: query1.finance.yahoo.com
2026-08-17 14:01:59 | DEBUG    | urllib3.connectionpool:475 | https://query1.finance.yahoo.com:443 "GET /v1/finance/search?q=NVDA&quotesCount=0&newsCount=50&enableFuzzyQuery=false HTTP/1.1" 403 3369
2026-08-17 14:02:03 | DEBUG    | urllib3.connectionpool:291 | Resetting dropped connection: query2.finance.yahoo.com
2026-08-17 14:02:04 | WARNING  | backpack_quant_trading.core.binance_monitor:143 | 币安行情 curl 兜底失败: Command '['curl', '-fsSL', '--max-time', '15', '-A', 'Mozilla/5.0', '-x', 'http://127.0.0.1:7891', 'https://fapi.binance.com/fapi/v1/klines?symbol=BTCUSDT&interval=1m&limit=2']' returned non-zero exit status 7.
2026-08-17 14:02:04 | DEBUG    | asyncio:631 | Using proactor: IocpProactor
2026-08-17 14:02:06 | WARNING  | backpack_quant_trading.core.binance_monitor:147 | 币安行情 aiohttp 兜底失败: Cannot connect to host 127.0.0.1:7891 ssl:False [远程计算机拒绝网络连接。]
2026-08-17 14:02:06 | DEBUG    | urllib3.connectionpool:1022 | Starting new HTTPS connection (1): fapi.binance.com:443
2026-08-17 14:02:08 | ERROR    | backpack_quant_trading.core.binance_monitor:344 | 获取币安K线失败 futures BTCUSDT 1m: HTTPSConnectionPool(host='fapi.binance.com', port=443): Max retries exceeded with url: /fapi/v1/klines?symbol=BTCUSDT&interval=1m&limit=2 (Caused by ProxyError('Cannot connect to proxy.', NewConnectionError('<urllib3.connection.HTTPSConnection object at 0x000001435A4D6FD0>: Failed to establish a new connection: [WinError 10061] 由于目标计算机积极拒绝，无法连接。')))
2026-08-17 14:02:08 | DEBUG    | urllib3.connectionpool:475 | https://query2.finance.yahoo.com:443 "GET /v1/finance/search?q=NVDA&quotesCount=0&newsCount=50&enableFuzzyQuery=false HTTP/1.1" 403 3369
2026-08-17 14:02:08 | DEBUG    | urllib3.connectionpool:291 | Resetting dropped connection: query1.finance.yahoo.com
2026-08-17 14:02:10 | DEBUG    | urllib3.connectionpool:475 | https://query1.finance.yahoo.com:443 "GET /v1/finance/search?q=MICRON&quotesCount=0&newsCount=50&enableFuzzyQuery=false HTTP/1.1" 403 3369
2026-08-17 14:02:10 | DEBUG    | urllib3.connectionpool:291 | Resetting dropped connection: query2.finance.yahoo.com
2026-08-17 14:02:12 | WARNING  | backpack_quant_trading.core.binance_monitor:143 | 币安行情 curl 兜底失败: Command '['curl', '-fsSL', '--max-time', '10', '-A', 'Mozilla/5.0', '-x', 'http://127.0.0.1:7891', 'https://fapi.binance.com/fapi/v1/depth?symbol=BTCUSDT&limit=50']' returned non-zero exit status 7.
2026-08-17 14:02:12 | DEBUG    | asyncio:631 | Using proactor: IocpProactor
2026-08-17 14:02:13 | DEBUG    | urllib3.connectionpool:475 | https://query2.finance.yahoo.com:443 "GET /v1/finance/search?q=MICRON&quotesCount=0&newsCount=50&enableFuzzyQuery=false HTTP/1.1" 403 3369
2026-08-17 14:02:13 | DEBUG    | urllib3.connectionpool:291 | Resetting dropped connection: query1.finance.yahoo.com
2026-08-17 14:02:14 | WARNING  | backpack_quant_trading.core.binance_monitor:147 | 币安行情 aiohttp 兜底失败: Cannot connect to host 127.0.0.1:7891 ssl:False [远程计算机拒绝网络连接。]
2026-08-17 14:02:14 | DEBUG    | urllib3.connectionpool:1022 | Starting new HTTPS connection (1): fapi.binance.com:443
2026-08-17 14:02:15 | DEBUG    | urllib3.connectionpool:475 | https://query1.finance.yahoo.com:443 "GET /v1/finance/search?q=MU&quotesCount=0&newsCount=50&enableFuzzyQuery=false HTTP/1.1" 403 3369
2026-08-17 14:02:15 | DEBUG    | urllib3.connectionpool:291 | Resetting dropped connection: query2.finance.yahoo.com
2026-08-17 14:02:16 | ERROR    | backpack_quant_trading.core.binance_monitor:364 | 获取币安深度失败 futures BTCUSDT: HTTPSConnectionPool(host='fapi.binance.com', port=443): Max retries exceeded with url: /fapi/v1/depth?symbol=BTCUSDT&limit=50 (Caused by ProxyError('Cannot connect to proxy.', NewConnectionError('<urllib3.connection.HTTPSConnection object at 0x000001435A701D10>: Failed to establish a new connection: [WinError 10061] 由于目标计算机积极拒绝，无法连接。')))
2026-08-17 14:02:20 | DEBUG    | urllib3.connectionpool:291 | Resetting dropped connection: query1.finance.yahoo.com
2026-08-17 14:02:22 | DEBUG    | urllib3.connectionpool:475 | https://query1.finance.yahoo.com:443 "GET /v1/finance/search?q=SanDisk&quotesCount=0&newsCount=50&enableFuzzyQuery=false HTTP/1.1" 403 3369
2026-08-17 14:02:23 | DEBUG    | urllib3.connectionpool:1022 | Starting new HTTPS connection (2): query2.finance.yahoo.com:443
2026-08-17 14:02:28 | DEBUG    | urllib3.connectionpool:291 | Resetting dropped connection: query1.finance.yahoo.com
2026-08-17 14:02:33 | DEBUG    | urllib3.connectionpool:1022 | Starting new HTTPS connection (3): query2.finance.yahoo.com:443
2026-08-17 14:02:38 | DEBUG    | urllib3.connectionpool:475 | https://query2.finance.yahoo.com:443 "GET /v1/finance/search?q=SNDK&quotesCount=0&newsCount=50&enableFuzzyQuery=false HTTP/1.1" 403 3369
2026-08-17 14:02:39 | DEBUG    | urllib3.connectionpool:1022 | Starting new HTTPS connection (2): query1.finance.yahoo.com:443
2026-08-17 14:02:44 | DEBUG    | urllib3.connectionpool:475 | https://query1.finance.yahoo.com:443 "GET /v1/finance/search?q=INTEL&quotesCount=0&newsCount=50&enableFuzzyQuery=false HTTP/1.1" 403 3369
2026-08-17 14:02:44 | DEBUG    | urllib3.connectionpool:291 | Resetting dropped connection: query2.finance.yahoo.com
2026-08-17 14:02:49 | DEBUG    | urllib3.connectionpool:475 | https://query2.finance.yahoo.com:443 "GET /v1/finance/search?q=INTEL&quotesCount=0&newsCount=50&enableFuzzyQuery=false HTTP/1.1" 403 3369
2026-08-17 14:02:49 | DEBUG    | urllib3.connectionpool:291 | Resetting dropped connection: query1.finance.yahoo.com
2026-08-17 14:02:51 | WARNING  | backpack_quant_trading.core.binance_monitor:143 | 币安行情 curl 兜底失败: Command '['curl', '-fsSL', '--max-time', '15', '-A', 'Mozilla/5.0', '-x', 'http://127.0.0.1:7891', 'https://fapi.binance.com/fapi/v1/klines?symbol=0GUSDT&interval=1h&limit=500']' returned non-zero exit status 7.
2026-08-17 14:02:51 | DEBUG    | asyncio:631 | Using proactor: IocpProactor
2026-08-17 14:02:52 | DEBUG    | urllib3.connectionpool:475 | https://query1.finance.yahoo.com:443 "GET /v1/finance/search?q=INTC&quotesCount=0&newsCount=50&enableFuzzyQuery=false HTTP/1.1" 403 3369
2026-08-17 14:02:52 | DEBUG    | urllib3.connectionpool:291 | Resetting dropped connection: query2.finance.yahoo.com
2026-08-17 14:02:53 | WARNING  | backpack_quant_trading.core.binance_monitor:147 | 币安行情 aiohttp 兜底失败: Cannot connect to host 127.0.0.1:7891 ssl:False [远程计算机拒绝网络连接。]
2026-08-17 14:02:53 | DEBUG    | urllib3.connectionpool:1022 | Starting new HTTPS connection (1): fapi.binance.com:443
2026-08-17 14:02:55 | ERROR    | backpack_quant_trading.core.binance_monitor:344 | 获取币安K线失败 futures 0GUSDT 1h: HTTPSConnectionPool(host='fapi.binance.com', port=443): Max retries exceeded with url: /fapi/v1/klines?symbol=0GUSDT&interval=1h&limit=500 (Caused by ProxyError('Cannot connect to proxy.', NewConnectionError('<urllib3.connection.HTTPSConnection object at 0x000001435A4D7750>: Failed to establish a new connection: [WinError 10061] 由于目标计算机积极拒绝，无法连接。')))
2026-08-17 14:02:56 | DEBUG    | urllib3.connectionpool:475 | https://query2.finance.yahoo.com:443 "GET /v1/finance/search?q=INTC&quotesCount=0&newsCount=50&enableFuzzyQuery=false HTTP/1.1" 403 3369
2026-08-17 14:02:56 | DEBUG    | urllib3.connectionpool:291 | Resetting dropped connection: finance.yahoo.com
2026-08-17 14:02:59 | DEBUG    | urllib3.connectionpool:475 | https://finance.yahoo.com:443 "POST /xhr/ncp?queryRef=latestNews&serviceKey=ncp_fin HTTP/1.1" 403 3369
2026-08-17 14:03:00 | WARNING  | backpack_quant_trading.core.binance_monitor:143 | 币安行情 curl 兜底失败: Command '['curl', '-fsSL', '--max-time', '15', '-A', 'Mozilla/5.0', '-x', 'http://127.0.0.1:7891', 'https://fapi.binance.com/fapi/v1/klines?symbol=ETHUSDT&interval=1h&limit=500']' returned non-zero exit status 7.
2026-08-17 14:03:00 | DEBUG    | asyncio:631 | Using proactor: IocpProactor
2026-08-17 14:03:02 | WARNING  | backpack_quant_trading.core.binance_monitor:147 | 币安行情 aiohttp 兜底失败: Cannot connect to host 127.0.0.1:7891 ssl:False [远程计算机拒绝网络连接。]
2026-08-17 14:03:02 | DEBUG    | urllib3.connectionpool:1022 | Starting new HTTPS connection (1): fapi.binance.com:443
2026-08-17 14:03:03 | DEBUG    | urllib3.connectionpool:1022 | Starting new HTTPS connection (1): feeds.finance.yahoo.com:443
2026-08-17 14:03:04 | ERROR    | backpack_quant_trading.core.binance_monitor:344 | 获取币安K线失败 futures ETHUSDT 1h: HTTPSConnectionPool(host='fapi.binance.com', port=443): Max retries exceeded with url: /fapi/v1/klines?symbol=ETHUSDT&interval=1h&limit=500 (Caused by ProxyError('Cannot connect to proxy.', NewConnectionError('<urllib3.connection.HTTPSConnection object at 0x000001435A4D79D0>: Failed to establish a new connection: [WinError 10061] 由于目标计算机积极拒绝，无法连接。')))
2026-08-17 14:03:04 | WARNING  | backpack_quant_trading.core.binance_monitor:143 | 币安行情 curl 兜底失败: Command '['curl', '-fsSL', '--max-time', '15', '-A', 'Mozilla/5.0', '-x', 'http://127.0.0.1:7891', 'https://fapi.binance.com/fapi/v1/klines?symbol=BTCUSDT&interval=1m&limit=2']' returned non-zero exit status 7.
2026-08-17 14:03:04 | DEBUG    | asyncio:631 | Using proactor: IocpProactor
2026-08-17 14:03:05 | DEBUG    | urllib3.connectionpool:475 | https://feeds.finance.yahoo.com:443 "GET /rss/2.0/headline?s=NVIDIA&region=US&lang=en-US HTTP/1.1" 200 394
2026-08-17 14:03:06 | DEBUG    | urllib3.connectionpool:475 | https://feeds.finance.yahoo.com:443 "GET /rss/2.0/headline?s=NVDA&region=US&lang=en-US HTTP/1.1" 200 3761
2026-08-17 14:03:06 | WARNING  | backpack_quant_trading.core.binance_monitor:147 | 币安行情 aiohttp 兜底失败: Cannot connect to host 127.0.0.1:7891 ssl:False [远程计算机拒绝网络连接。]
2026-08-17 14:03:06 | DEBUG    | urllib3.connectionpool:1022 | Starting new HTTPS connection (1): fapi.binance.com:443
2026-08-17 14:03:08 | ERROR    | backpack_quant_trading.core.binance_monitor:344 | 获取币安K线失败 futures BTCUSDT 1m: HTTPSConnectionPool(host='fapi.binance.com', port=443): Max retries exceeded with url: /fapi/v1/klines?symbol=BTCUSDT&interval=1m&limit=2 (Caused by ProxyError('Cannot connect to proxy.', NewConnectionError('<urllib3.connection.HTTPSConnection object at 0x000001435A4D6D50>: Failed to establish a new connection: [WinError 10061] 由于目标计算机积极拒绝，无法连接。')))
2026-08-17 14:03:08 | WARNING  | backpack_quant_trading.core.binance_monitor:143 | 币安行情 curl 兜底失败: Command '['curl', '-fsSL', '--max-time', '15', '-A', 'Mozilla/5.0', '-x', 'http://127.0.0.1:7891', 'https://fapi.binance.com/fapi/v1/klines?symbol=1000000BOBUSDT&interval=2h&limit=500']' returned non-zero exit status 7.
2026-08-17 14:03:08 | DEBUG    | asyncio:631 | Using proactor: IocpProactor
2026-08-17 14:03:10 | WARNING  | backpack_quant_trading.core.binance_monitor:147 | 币安行情 aiohttp 兜底失败: Cannot connect to host 127.0.0.1:7891 ssl:False [远程计算机拒绝网络连接。]
2026-08-17 14:03:10 | DEBUG    | urllib3.connectionpool:1022 | Starting new HTTPS connection (1): fapi.binance.com:443
2026-08-17 14:03:12 | WARNING  | backpack_quant_trading.core.binance_monitor:143 | 币安行情 curl 兜底失败: Command '['curl', '-fsSL', '--max-time', '10', '-A', 'Mozilla/5.0', '-x', 'http://127.0.0.1:7891', 'https://fapi.binance.com/fapi/v1/depth?symbol=BTCUSDT&limit=50']' returned non-zero exit status 7.
2026-08-17 14:03:12 | DEBUG    | asyncio:631 | Using proactor: IocpProactor
2026-08-17 14:03:12 | ERROR    | backpack_quant_trading.core.binance_monitor:344 | 获取币安K线失败 futures 1000000BOBUSDT 2h: HTTPSConnectionPool(host='fapi.binance.com', port=443): Max retries exceeded with url: /fapi/v1/klines?symbol=1000000BOBUSDT&interval=2h&limit=500 (Caused by ProxyError('Cannot connect to proxy.', NewConnectionError('<urllib3.connection.HTTPSConnection object at 0x0000014358859F90>: Failed to establish a new connection: [WinError 10061] 由于目标计算机积极拒绝，无法连接。')))
2026-08-17 14:03:14 | WARNING  | backpack_quant_trading.core.binance_monitor:147 | 币安行情 aiohttp 兜底失败: Cannot connect to host 127.0.0.1:7891 ssl:False [远程计算机拒绝网络连接。]
2026-08-17 14:03:14 | DEBUG    | urllib3.connectionpool:1022 | Starting new HTTPS connection (1): fapi.binance.com:443
2026-08-17 14:03:16 | DEBUG    | urllib3.connectionpool:475 | https://feeds.finance.yahoo.com:443 "GET /rss/2.0/headline?s=MICRON&region=US&lang=en-US HTTP/1.1" 200 394
2026-08-17 14:03:16 | ERROR    | backpack_quant_trading.core.binance_monitor:364 | 获取币安深度失败 futures BTCUSDT: HTTPSConnectionPool(host='fapi.binance.com', port=443): Max retries exceeded with url: /fapi/v1/depth?symbol=BTCUSDT&limit=50 (Caused by ProxyError('Cannot connect to proxy.', NewConnectionError('<urllib3.connection.HTTPSConnection object at 0x000001435885BED0>: Failed to establish a new connection: [WinError 10061] 由于目标计算机积极拒绝，无法连接。')))
2026-08-17 14:03:17 | WARNING  | backpack_quant_trading.core.binance_monitor:143 | 币安行情 curl 兜底失败: Command '['curl', '-fsSL', '--max-time', '15', '-A', 'Mozilla/5.0', '-x', 'http://127.0.0.1:7891', 'https://fapi.binance.com/fapi/v1/klines?symbol=ETHUSDT&interval=2h&limit=500']' returned non-zero exit status 7.
2026-08-17 14:03:17 | DEBUG    | asyncio:631 | Using proactor: IocpProactor
2026-08-17 14:03:19 | WARNING  | backpack_quant_trading.core.binance_monitor:147 | 币安行情 aiohttp 兜底失败: Cannot connect to host 127.0.0.1:7891 ssl:False [远程计算机拒绝网络连接。]
2026-08-17 14:03:19 | DEBUG    | urllib3.connectionpool:1022 | Starting new HTTPS connection (1): fapi.binance.com:443
2026-08-17 14:03:21 | ERROR    | backpack_quant_trading.core.binance_monitor:344 | 获取币安K线失败 futures ETHUSDT 2h: HTTPSConnectionPool(host='fapi.binance.com', port=443): Max retries exceeded with url: /fapi/v1/klines?symbol=ETHUSDT&interval=2h&limit=500 (Caused by ProxyError('Cannot connect to proxy.', NewConnectionError('<urllib3.connection.HTTPSConnection object at 0x000001435A701590>: Failed to establish a new connection: [WinError 10061] 由于目标计算机积极拒绝，无法连接。')))
2026-08-17 14:03:24 | DEBUG    | urllib3.connectionpool:475 | https://feeds.finance.yahoo.com:443 "GET /rss/2.0/headline?s=MU&region=US&lang=en-US HTTP/1.1" 200 2855
2026-08-17 14:03:26 | WARNING  | backpack_quant_trading.core.binance_monitor:143 | 币安行情 curl 兜底失败: Command '['curl', '-fsSL', '--max-time', '15', '-A', 'Mozilla/5.0', '-x', 'http://127.0.0.1:7891', 'https://fapi.binance.com/fapi/v1/klines?symbol=1000000BOBUSDT&interval=4h&limit=500']' returned non-zero exit status 7.
2026-08-17 14:03:26 | DEBUG    | asyncio:631 | Using proactor: IocpProactor
2026-08-17 14:03:28 | WARNING  | backpack_quant_trading.core.binance_monitor:147 | 币安行情 aiohttp 兜底失败: Cannot connect to host 127.0.0.1:7891 ssl:False [远程计算机拒绝网络连接。]
2026-08-17 14:03:28 | DEBUG    | urllib3.connectionpool:1022 | Starting new HTTPS connection (1): fapi.binance.com:443
2026-08-17 14:03:30 | ERROR    | backpack_quant_trading.core.binance_monitor:344 | 获取币安K线失败 futures 1000000BOBUSDT 4h: HTTPSConnectionPool(host='fapi.binance.com', port=443): Max retries exceeded with url: /fapi/v1/klines?symbol=1000000BOBUSDT&interval=4h&limit=500 (Caused by ProxyError('Cannot connect to proxy.', NewConnectionError('<urllib3.connection.HTTPSConnection object at 0x000001435A700CD0>: Failed to establish a new connection: [WinError 10061] 由于目标计算机积极拒绝，无法连接。')))
2026-08-17 14:03:30 | DEBUG    | backpack_quant_trading.core.stock_news_feeds:795 | [雅虎财经] 直连 Search 获取 25 条
2026-08-17 14:03:30 | INFO     | stock_news_alert:555 | 轮询完成 @ 2026-08-17 06:01:20 | 拉取 211 条 (金十数据=16, 同花顺=20, 东方财富=80, 新浪财经=30, 富途牛牛=40, 雅虎财经=25) | 已推送过 0 | 非最新 0 | 未命中关键词 198 | 非重要快讯 13 | 内容相似去重 0 | 新命中 0 | 待推送 0 | 雅虎搜索词: NVIDIA, NVDA, MICRON, MU, SanDisk, SNDK, INTEL, INTC
2026-08-17 14:03:35 | WARNING  | backpack_quant_trading.core.binance_monitor:143 | 币安行情 curl 兜底失败: Command '['curl', '-fsSL', '--max-time', '15', '-A', 'Mozilla/5.0', '-x', 'http://127.0.0.1:7891', 'https://fapi.binance.com/fapi/v1/klines?symbol=ETHUSDT&interval=4h&limit=500']' returned non-zero exit status 7.
2026-08-17 14:03:35 | DEBUG    | asyncio:631 | Using proactor: IocpProactor
2026-08-17 14:03:37 | WARNING  | backpack_quant_trading.core.binance_monitor:147 | 币安行情 aiohttp 兜底失败: Cannot connect to host 127.0.0.1:7891 ssl:False [远程计算机拒绝网络连接。]
2026-08-17 14:03:37 | DEBUG    | urllib3.connectionpool:1022 | Starting new HTTPS connection (1): fapi.binance.com:443
2026-08-17 14:03:39 | ERROR    | backpack_quant_trading.core.binance_monitor:344 | 获取币安K线失败 futures ETHUSDT 4h: HTTPSConnectionPool(host='fapi.binance.com', port=443): Max retries exceeded with url: /fapi/v1/klines?symbol=ETHUSDT&interval=4h&limit=500 (Caused by ProxyError('Cannot connect to proxy.', NewConnectionError('<urllib3.connection.HTTPSConnection object at 0x000001435A702C10>: Failed to establish a new connection: [WinError 10061] 由于目标计算机积极拒绝，无法连接。')))
2026-08-17 14:04:00 | DEBUG    | urllib3.connectionpool:1022 | Starting new HTTPS connection (1): flash-api.jin10.com:443
2026-08-17 14:04:01 | DEBUG    | urllib3.connectionpool:475 | https://flash-api.jin10.com:443 "GET /get_flash_list?channel=-8200&vip=1 HTTP/1.1" 200 None
2026-08-17 14:04:01 | DEBUG    | urllib3.connectionpool:1022 | Starting new HTTPS connection (1): news.10jqka.com.cn:443
2026-08-17 14:04:03 | DEBUG    | urllib3.connectionpool:475 | https://news.10jqka.com.cn:443 "GET /tapp/news/push/stock?page=1&tag=&track=website HTTP/1.1" 200 None
2026-08-17 14:04:03 | DEBUG    | urllib3.connectionpool:1022 | Starting new HTTPS connection (1): np-weblist.eastmoney.com:443
2026-08-17 14:04:04 | DEBUG    | urllib3.connectionpool:475 | https://np-weblist.eastmoney.com:443 "GET /comm/web/getFastNewsList?client=web&biz=web_724&fastColumn=102&sortEnd=&pageSize=80&req_trace=1710315450384 HTTP/1.1" 200 None
2026-08-17 14:04:04 | DEBUG    | urllib3.connectionpool:1022 | Starting new HTTPS connection (1): zhibo.sina.com.cn:443
2026-08-17 14:04:05 | DEBUG    | urllib3.connectionpool:475 | https://zhibo.sina.com.cn:443 "GET /api/zhibo/feed?page=1&page_size=30&zhibo_id=152&tag_id=0&dire=f&dpc=1&pagesize=30&type=1 HTTP/1.1" 200 None
2026-08-17 14:04:05 | DEBUG    | urllib3.connectionpool:1022 | Starting new HTTPS connection (1): news.futunn.com:443
2026-08-17 14:04:05 | WARNING  | backpack_quant_trading.core.binance_monitor:143 | 币安行情 curl 兜底失败: Command '['curl', '-fsSL', '--max-time', '15', '-A', 'Mozilla/5.0', '-x', 'http://127.0.0.1:7891', 'https://fapi.binance.com/fapi/v1/klines?symbol=BTCUSDT&interval=1m&limit=2']' returned non-zero exit status 7.
2026-08-17 14:04:05 | DEBUG    | asyncio:631 | Using proactor: IocpProactor
2026-08-17 14:04:06 | DEBUG    | urllib3.connectionpool:475 | https://news.futunn.com:443 "GET /news-site-api/main/get-flash-list?pageSize=40 HTTP/1.1" 200 65151
2026-08-17 14:04:06 | DEBUG    | urllib3.connectionpool:1022 | Starting new HTTPS connection (1): finance.yahoo.com:443
2026-08-17 14:04:08 | DEBUG    | urllib3.connectionpool:475 | https://finance.yahoo.com:443 "GET / HTTP/1.1" 403 3369
2026-08-17 14:04:08 | DEBUG    | urllib3.connectionpool:1022 | Starting new HTTPS connection (1): query1.finance.yahoo.com:443
2026-08-17 14:04:08 | WARNING  | backpack_quant_trading.core.binance_monitor:147 | 币安行情 aiohttp 兜底失败: Cannot connect to host 127.0.0.1:7891 ssl:False [远程计算机拒绝网络连接。]
2026-08-17 14:04:08 | DEBUG    | urllib3.connectionpool:1022 | Starting new HTTPS connection (1): fapi.binance.com:443
2026-08-17 14:04:09 | DEBUG    | urllib3.connectionpool:475 | https://query1.finance.yahoo.com:443 "GET /v1/finance/search?q=NVIDIA&quotesCount=0&newsCount=50&enableFuzzyQuery=false HTTP/1.1" 403 3369
2026-08-17 14:04:09 | DEBUG    | urllib3.connectionpool:1022 | Starting new HTTPS connection (1): query2.finance.yahoo.com:443
2026-08-17 14:04:10 | ERROR    | backpack_quant_trading.core.binance_monitor:344 | 获取币安K线失败 futures BTCUSDT 1m: HTTPSConnectionPool(host='fapi.binance.com', port=443): Max retries exceeded with url: /fapi/v1/klines?symbol=BTCUSDT&interval=1m&limit=2 (Caused by ProxyError('Cannot connect to proxy.', NewConnectionError('<urllib3.connection.HTTPSConnection object at 0x000001435A703D90>: Failed to establish a new connection: [WinError 10061] 由于目标计算机积极拒绝，无法连接。')))
2026-08-17 14:04:11 | DEBUG    | urllib3.connectionpool:475 | https://query2.finance.yahoo.com:443 "GET /v1/finance/search?q=NVIDIA&quotesCount=0&newsCount=50&enableFuzzyQuery=false HTTP/1.1" 403 3369
2026-08-17 14:04:11 | DEBUG    | urllib3.connectionpool:291 | Resetting dropped connection: query1.finance.yahoo.com
2026-08-17 14:04:14 | DEBUG    | urllib3.connectionpool:475 | https://query1.finance.yahoo.com:443 "GET /v1/finance/search?q=NVDA&quotesCount=0&newsCount=50&enableFuzzyQuery=false HTTP/1.1" 403 3369
2026-08-17 14:04:14 | DEBUG    | urllib3.connectionpool:291 | Resetting dropped connection: query2.finance.yahoo.com
2026-08-17 14:04:14 | WARNING  | backpack_quant_trading.core.binance_monitor:143 | 币安行情 curl 兜底失败: Command '['curl', '-fsSL', '--max-time', '10', '-A', 'Mozilla/5.0', '-x', 'http://127.0.0.1:7891', 'https://fapi.binance.com/fapi/v1/depth?symbol=BTCUSDT&limit=50']' returned non-zero exit status 7.
2026-08-17 14:04:14 | DEBUG    | asyncio:631 | Using proactor: IocpProactor
2026-08-17 14:04:16 | DEBUG    | urllib3.connectionpool:475 | https://query2.finance.yahoo.com:443 "GET /v1/finance/search?q=NVDA&quotesCount=0&newsCount=50&enableFuzzyQuery=false HTTP/1.1" 403 3369
2026-08-17 14:04:16 | DEBUG    | urllib3.connectionpool:291 | Resetting dropped connection: query1.finance.yahoo.com
2026-08-17 14:04:17 | WARNING  | backpack_quant_trading.core.binance_monitor:147 | 币安行情 aiohttp 兜底失败: Cannot connect to host 127.0.0.1:7891 ssl:False [远程计算机拒绝网络连接。]
2026-08-17 14:04:17 | DEBUG    | urllib3.connectionpool:1022 | Starting new HTTPS connection (1): fapi.binance.com:443
2026-08-17 14:04:17 | DEBUG    | urllib3.connectionpool:475 | https://query1.finance.yahoo.com:443 "GET /v1/finance/search?q=MICRON&quotesCount=0&newsCount=50&enableFuzzyQuery=false HTTP/1.1" 403 3369
2026-08-17 14:04:17 | DEBUG    | urllib3.connectionpool:291 | Resetting dropped connection: query2.finance.yahoo.com
2026-08-17 14:04:19 | ERROR    | backpack_quant_trading.core.binance_monitor:364 | 获取币安深度失败 futures BTCUSDT: HTTPSConnectionPool(host='fapi.binance.com', port=443): Max retries exceeded with url: /fapi/v1/depth?symbol=BTCUSDT&limit=50 (Caused by ProxyError('Cannot connect to proxy.', NewConnectionError('<urllib3.connection.HTTPSConnection object at 0x000001435A701BD0>: Failed to establish a new connection: [WinError 10061] 由于目标计算机积极拒绝，无法连接。')))
2026-08-17 14:04:19 | DEBUG    | urllib3.connectionpool:475 | https://query2.finance.yahoo.com:443 "GET /v1/finance/search?q=MICRON&quotesCount=0&newsCount=50&enableFuzzyQuery=false HTTP/1.1" 403 3369
2026-08-17 14:04:19 | DEBUG    | urllib3.connectionpool:291 | Resetting dropped connection: query1.finance.yahoo.com
2026-08-17 14:04:25 | DEBUG    | urllib3.connectionpool:475 | https://query1.finance.yahoo.com:443 "GET /v1/finance/search?q=MU&quotesCount=0&newsCount=50&enableFuzzyQuery=false HTTP/1.1" 403 3369
2026-08-17 14:04:26 | DEBUG    | urllib3.connectionpool:291 | Resetting dropped connection: query2.finance.yahoo.com
2026-08-17 14:04:32 | DEBUG    | urllib3.connectionpool:475 | https://query2.finance.yahoo.com:443 "GET /v1/finance/search?q=MU&quotesCount=0&newsCount=50&enableFuzzyQuery=false HTTP/1.1" 403 3369
2026-08-17 14:04:32 | DEBUG    | urllib3.connectionpool:291 | Resetting dropped connection: query1.finance.yahoo.com
2026-08-17 14:04:35 | DEBUG    | urllib3.connectionpool:475 | https://query1.finance.yahoo.com:443 "GET /v1/finance/search?q=SanDisk&quotesCount=0&newsCount=50&enableFuzzyQuery=false HTTP/1.1" 403 3369
2026-08-17 14:04:35 | DEBUG    | urllib3.connectionpool:291 | Resetting dropped connection: query2.finance.yahoo.com
